method,model,evaluation_scheme,split,nominal_coverage,row_position,Actual,Predicted,Lower,Upper,Residual,AbsoluteError,SquaredError,IntervalWidth,HalfWidth,UncertaintyScore,Covered,MissDirection,StandardizedError,WinklerScore,policy,evaluation_fold,training_rows,training_publications,calibration_rows,calibration_publications,evaluation_rows,evaluation_publications,semantic_row_id,modeling_row_id,publication_country,publication_source,publication_year,publication_reference_id,publication_group
elastic_net_split_conformal,Elastic Net,shared_publication_held_out,test,0.9,0,156.0,141.21874893704336,94.49784428772739,187.93965358635933,14.781251062956642,14.781251062956642,218.48538298615685,93.44180929863194,46.72090464931597,46.72090464931597,True,covered,0.31637339160925365,93.44180929863194,shared_semantic_recoding_50_percent,shared_publication_test,1451,115,311,25,311,25,116,116,,shared_semantic_dataset,,Ref-9-Research,Ref-9-Research
elastic_net_split_conformal,Elastic Net,shared_publication_held_out,test,0.9,1,156.0,141.92187824693747,95.2009735976215,188.64278289625344,14.078121753062533,14.078121753062533,198.19351209405247,93.44180929863194,46.72090464931597,46.72090464931597,True,covered,0.3013238262129551,93.44180929863194,shared_semantic_recoding_50_percent,shared_publication_test,1451,115,311,25,311,25,117,117,,shared_semantic_dataset,,Ref-9-Research,Ref-9-Research
elastic_net_split_conformal,Elastic Net,shared_publication_held_out,test,0.9,2,160.0,140.91853005432003,94.19762540500406,187.639434703636,19.08146994567997,19.08146994567997,364.10249528788796,93.44180929863194,46.72090464931597,46.72090464931597,True,covered,0.40841396563067917,93.44180929863194,shared_semantic_recoding_50_percent,shared_publication_test,1451,115,311,25,311,25,118,118,,shared_semantic_dataset,,Ref-9-Research,Ref-9-Research
elastic_net_split_conformal,Elastic Net,shared_publication_held_out,test,0.9,3,187.0,146.4895343755065,99.76862972619054,193.21043902482248,40.51046562449349,40.51046562449349,1641.0978251132688,93.44180929863194,46.72090464931597,46.72090464931597,True,covered,0.8670736563977598,93.44180929863194,shared_semantic_recoding_50_percent,shared_publication_test,1451,115,311,25,311,25,119,119,,shared_semantic_dataset,,Ref-9-Research,Ref-9-Research
elastic_net_split_conformal,Elastic Net,shared_publication_held_out,test,0.9,4,145.1,135.0633647395852,88.34246009026924,181.78426938890118,10.036635260414783,10.036635260414783,100.73404735060133,93.44180929863194,46.72090464931597,46.72090464931597,True,covered,0.21482108139277495,93.44180929863194,shared_semantic_recoding_50_percent,shared_publication_test,1451,115,311,25,311,25,389,389,,shared_semantic_dataset,,Ref-32-Research,Ref-32-Research
elastic_net_split_conformal,Elastic Net,shared_publication_held_out,test,0.9,5,149.6,144.47496257721102,97.75405792789505,191.19586722652699,5.125037422788978,5.125037422788978,26.26600858498749,93.44180929863194,46.72090464931597,46.72090464931597,True,covered,0.10969473860271266,93.44180929863194,shared_semantic_recoding_50_percent,shared_publication_test,1451,115,311,25,311,25,390,390,,shared_semantic_dataset,,Ref-32-Research,Ref-32-Research
elastic_net_split_conformal,Elastic Net,shared_publication_held_out,test,0.9,6,143.5,144.34108712708627,97.6201824777703,191.06199177640224,-0.8410871270862685,0.8410871270862685,0.7074275553502328,93.44180929863194,46.72090464931597,46.72090464931597,True,covered,0.018002372458312037,93.44180929863194,shared_semantic_recoding_50_percent,shared_publication_test,1451,115,311,25,311,25,391,391,,shared_semantic_dataset,,Ref-32-Research,Ref-32-Research
elastic_net_split_conformal,Elastic Net,shared_publication_held_out,test,0.9,7,162.6,144.34108712708627,97.6201824777703,191.06199177640224,18.258912872913726,18.258912872913726,333.38789930065457,93.44180929863194,46.72090464931597,46.72090464931597,True,covered,0.3908082048060482,93.44180929863194,shared_semantic_recoding_50_percent,shared_publication_test,1451,115,311,25,311,25,392,392,,shared_semantic_dataset,,Ref-32-Research,Ref-32-Research
elastic_net_split_conformal,Elastic Net,shared_publication_held_out,test,0.9,8,150.56,158.81346064302642,112.09255599371045,205.5343652923424,-8.253460643026415,8.253460643026415,68.119612585986,93.44180929863194,46.72090464931597,46.72090464931597,True,covered,0.17665455549237213,93.44180929863194,shared_semantic_recoding_50_percent,shared_publication_test,1451,115,311,25,311,25,393,393,,shared_semantic_dataset,,Ref-33-Research,Ref-33-Research
elastic_net_split_conformal,Elastic Net,shared_publication_held_out,test,0.9,9,121.32,140.5130748383249,93.79217018900894,187.23397948764088,-19.193074838324918,19.193074838324918,368.3741217495411,93.44180929863194,46.72090464931597,46.72090464931597,True,covered,0.41080272272951207,93.44180929863194,shared_semantic_recoding_50_percent,shared_publication_test,1451,115,311,25,311,25,394,394,,shared_semantic_dataset,,Ref-33-Research,Ref-33-Research
elastic_net_split_conformal,Elastic Net,shared_publication_held_out,test,0.9,10,175.0,179.71046037587658,132.9895557265606,226.43136502519255,-4.710460375876579,4.710460375876579,22.188436952703324,93.44180929863194,46.72090464931597,46.72090464931597,True,covered,0.10082125787659688,93.44180929863194,shared_semantic_recoding_50_percent,shared_publication_test,1451,115,311,25,311,25,403,403,,shared_semantic_dataset,,Ref-35-Research,Ref-35-Research
elastic_net_split_conformal,Elastic Net,shared_publication_held_out,test,0.9,11,154.0,166.0782584092388,119.35735375992283,212.79916305855477,-12.0782584092388,12.0782584092388,145.88432620034777,93.44180929863194,46.72090464931597,46.72090464931597,True,covered,0.25851936087062977,93.44180929863194,shared_semantic_recoding_50_percent,shared_publication_test,1451,115,311,25,311,25,462,462,,shared_semantic_dataset,,Ref-44-Research,Ref-44-Research
elastic_net_split_conformal,Elastic Net,shared_publication_held_out,test,0.9,12,144.0,161.28329095350352,114.56238630418756,208.0041956028195,-17.283290953503524,17.283290953503524,298.71214618345675,93.44180929863194,46.72090464931597,46.72090464931597,True,covered,0.36992629066647503,93.44180929863194,shared_semantic_recoding_50_percent,shared_publication_test,1451,115,311,25,311,25,463,463,,shared_semantic_dataset,,Ref-44-Research,Ref-44-Research
elastic_net_split_conformal,Elastic Net,shared_publication_held_out,test,0.9,13,141.0,159.5966395573843,112.87573490806832,206.31754420670026,-18.596639557384293,18.596639557384293,345.8350028272703,93.44180929863194,46.72090464931597,46.72090464931597,True,covered,0.39803680380269696,93.44180929863194,shared_semantic_recoding_50_percent,shared_publication_test,1451,115,311,25,311,25,464,464,,shared_semantic_dataset,,Ref-44-Research,Ref-44-Research
elastic_net_split_conformal,Elastic Net,shared_publication_held_out,test,0.9,14,132.0,157.90998816126506,111.1890835119491,204.63089281058103,-25.909988161265062,25.909988161265062,671.3274865168956,93.44180929863194,46.72090464931597,46.72090464931597,True,covered,0.5545694878073044,93.44180929863194,shared_semantic_recoding_50_percent,shared_publication_test,1451,115,311,25,311,25,465,465,,shared_semantic_dataset,,Ref-44-Research,Ref-44-Research
elastic_net_split_conformal,Elastic Net,shared_publication_held_out,test,0.9,15,102.0,154.60268273817945,107.88177808886348,201.32358738749542,-52.60268273817945,52.60268273817945,2767.0422312535625,93.44180929863194,46.72090464931597,46.72090464931597,False,below_interval_overprediction,1.125891785122992,211.07737107590162,shared_semantic_recoding_50_percent,shared_publication_test,1451,115,311,25,311,25,490,490,,shared_semantic_dataset,,Ref-48-Research,Ref-48-Research
elastic_net_split_conformal,Elastic Net,shared_publication_held_out,test,0.9,16,100.0,145.103834830711,98.38293018139504,191.82473948002698,-45.10383483071101,45.10383483071101,2034.3559164360595,93.44180929863194,46.72090464931597,46.72090464931597,True,covered,0.9653887305748341,93.44180929863194,shared_semantic_recoding_50_percent,shared_publication_test,1451,115,311,25,311,25,491,491,,shared_semantic_dataset,,Ref-48-Research,Ref-48-Research
elastic_net_split_conformal,Elastic Net,shared_publication_held_out,test,0.9,17,166.0,162.22504682412517,115.5041421748092,208.94595147344114,3.7749531758748276,3.7749531758748276,14.250271480047447,93.44180929863194,46.72090464931597,46.72090464931597,True,covered,0.08079794696205858,93.44180929863194,shared_semantic_recoding_50_percent,shared_publication_test,1451,115,311,25,311,25,492,492,,shared_semantic_dataset,,Ref-48-Research,Ref-48-Research
elastic_net_split_conformal,Elastic Net,shared_publication_held_out,test,0.9,18,158.0,168.50197719243977,121.7810725431238,215.22288184175574,-10.501977192439767,10.501977192439767,110.29152495052506,93.44180929863194,46.72090464931597,46.72090464931597,True,covered,0.2247811182438978,93.44180929863194,shared_semantic_recoding_50_percent,shared_publication_test,1451,115,311,25,311,25,493,493,,shared_semantic_dataset,,Ref-48-Research,Ref-48-Research
elastic_net_split_conformal,Elastic Net,shared_publication_held_out,test,0.9,19,116.0,170.64115199462032,123.92024734530435,217.36205664393628,-54.641151994620316,54.641151994620316,2985.6554912991996,93.44180929863194,46.72090464931597,46.72090464931597,False,below_interval_overprediction,1.1695225596497585,251.8467562047189,shared_semantic_recoding_50_percent,shared_publication_test,1451,115,311,25,311,25,494,494,,shared_semantic_dataset,,Ref-48-Research,Ref-48-Research
elastic_net_split_conformal,Elastic Net,shared_publication_held_out,test,0.9,20,118.0,161.1423040871519,114.42139943783593,207.86320873646787,-43.1423040871519,43.1423040871519,1861.2584019482836,93.44180929863194,46.72090464931597,46.72090464931597,True,covered,0.9234047245226776,93.44180929863194,shared_semantic_recoding_50_percent,shared_publication_test,1451,115,311,25,311,25,495,495,,shared_semantic_dataset,,Ref-48-Research,Ref-48-Research
elastic_net_split_conformal,Elastic Net,shared_publication_held_out,test,0.9,21,170.0,178.26351608056606,131.5426114312501,224.98442072988203,-8.263516080566063,8.263516080566063,68.28569801377391,93.44180929863194,46.72090464931597,46.72090464931597,True,covered,0.17686977901201764,93.44180929863194,shared_semantic_recoding_50_percent,shared_publication_test,1451,115,311,25,311,25,496,496,,shared_semantic_dataset,,Ref-48-Research,Ref-48-Research
elastic_net_split_conformal,Elastic Net,shared_publication_held_out,test,0.9,22,170.0,184.54044644888066,137.8195417995647,231.26135109819663,-14.540446448880658,14.540446448880658,211.42458293276616,93.44180929863194,46.72090464931597,46.72090464931597,True,covered,0.31121928306012675,93.44180929863194,shared_semantic_recoding_50_percent,shared_publication_test,1451,115,311,25,311,25,497,497,,shared_semantic_dataset,,Ref-48-Research,Ref-48-Research
elastic_net_split_conformal,Elastic Net,shared_publication_held_out,test,0.9,23,130.0,185.56802686042545,138.84712221110948,232.28893150974142,-55.56802686042545,55.56802686042545,3087.805609160964,93.44180929863194,46.72090464931597,46.72090464931597,False,below_interval_overprediction,1.189361106714765,270.3842535208215,shared_semantic_recoding_50_percent,shared_publication_test,1451,115,311,25,311,25,498,498,,shared_semantic_dataset,,Ref-48-Research,Ref-48-Research
elastic_net_split_conformal,Elastic Net,shared_publication_held_out,test,0.9,24,144.0,176.06917895295703,129.34827430364106,222.790083602273,-32.06917895295703,32.06917895295703,1028.4322387167822,93.44180929863194,46.72090464931597,46.72090464931597,True,covered,0.6863989298509131,93.44180929863194,shared_semantic_recoding_50_percent,shared_publication_test,1451,115,311,25,311,25,499,499,,shared_semantic_dataset,,Ref-48-Research,Ref-48-Research
elastic_net_split_conformal,Elastic Net,shared_publication_held_out,test,0.9,25,184.0,193.1903909463712,146.46948629705523,239.91129559568716,-9.190390946371195,9.190390946371195,84.46328574714164,93.44180929863194,46.72090464931597,46.72090464931597,True,covered,0.19670832607702407,93.44180929863194,shared_semantic_recoding_50_percent,shared_publication_test,1451,115,311,25,311,25,500,500,,shared_semantic_dataset,,Ref-48-Research,Ref-48-Research
elastic_net_split_conformal,Elastic Net,shared_publication_held_out,test,0.9,26,182.0,199.4673213146858,152.74641666536982,246.18822596400176,-17.46732131468579,17.46732131468579,305.10731391047653,93.44180929863194,46.72090464931597,46.72090464931597,True,covered,0.37386522041459497,93.44180929863194,shared_semantic_recoding_50_percent,shared_publication_test,1451,115,311,25,311,25,501,501,,shared_semantic_dataset,,Ref-48-Research,Ref-48-Research
elastic_net_split_conformal,Elastic Net,shared_publication_held_out,test,0.9,27,185.0,159.93271125771497,113.211806608399,206.65361590703094,25.06728874228503,25.06728874228503,628.3689648890897,93.44180929863194,46.72090464931597,46.72090464931597,True,covered,0.5365326063448139,93.44180929863194,shared_semantic_recoding_50_percent,shared_publication_test,1451,115,311,25,311,25,502,502,,shared_semantic_dataset,,Ref-48-Research,Ref-48-Research
elastic_net_split_conformal,Elastic Net,shared_publication_held_out,test,0.9,28,188.0,158.14627114663028,111.42536649731431,204.86717579594625,29.853728853369716,29.853728853369716,891.2451264505195,93.44180929863194,46.72090464931597,46.72090464931597,True,covered,0.6389801113109824,93.44180929863194,shared_semantic_recoding_50_percent,shared_publication_test,1451,115,311,25,311,25,503,503,,shared_semantic_dataset,,Ref-48-Research,Ref-48-Research
elastic_net_split_conformal,Elastic Net,shared_publication_held_out,test,0.9,29,192.0,156.35983103554557,109.6389263862296,203.08073568486154,35.64016896445443,35.64016896445443,1270.221643814861,93.44180929863194,46.72090464931597,46.72090464931597,True,covered,0.7628313114218825,93.44180929863194,shared_semantic_recoding_50_percent,shared_publication_test,1451,115,311,25,311,25,504,504,,shared_semantic_dataset,,Ref-48-Research,Ref-48-Research
elastic_net_split_conformal,Elastic Net,shared_publication_held_out,test,0.9,30,196.0,154.57339092446088,107.85248627514491,201.29429557377685,41.42660907553912,41.42660907553912,1716.16393949754,93.44180929863194,46.72090464931597,46.72090464931597,True,covered,0.8866825115327821,93.44180929863194,shared_semantic_recoding_50_percent,shared_publication_test,1451,115,311,25,311,25,505,505,,shared_semantic_dataset,,Ref-48-Research,Ref-48-Research
elastic_net_split_conformal,Elastic Net,shared_publication_held_out,test,0.9,31,198.0,152.78695081337617,106.0660461640602,199.50785546269213,45.213049186623834,45.213049186623834,2044.2198167520662,93.44180929863194,46.72090464931597,46.72090464931597,True,covered,0.9677263213542204,93.44180929863194,shared_semantic_recoding_50_percent,shared_publication_test,1451,115,311,25,311,25,506,506,,shared_semantic_dataset,,Ref-48-Research,Ref-48-Research
elastic_net_split_conformal,Elastic Net,shared_publication_held_out,test,0.9,32,205.0,151.00051070229145,104.27960605297548,197.72141535160742,53.99948929770855,53.99948929770855,2915.9448444133404,93.44180929863194,46.72090464931597,46.72090464931597,False,above_interval_underprediction,1.1557886068993133,239.01350226648358,shared_semantic_recoding_50_percent,shared_publication_test,1451,115,311,25,311,25,507,507,,shared_semantic_dataset,,Ref-48-Research,Ref-48-Research
elastic_net_split_conformal,Elastic Net,shared_publication_held_out,test,0.9,33,201.0,149.21407059120676,102.4931659418908,195.93497524052273,51.78592940879324,51.78592940879324,2681.7824847325164,93.44180929863194,46.72090464931597,46.72090464931597,False,above_interval_underprediction,1.1084102458523655,194.7423044881773,shared_semantic_recoding_50_percent,shared_publication_test,1451,115,311,25,311,25,508,508,,shared_semantic_dataset,,Ref-48-Research,Ref-48-Research
elastic_net_split_conformal,Elastic Net,shared_publication_held_out,test,0.9,34,196.0,147.42763048012205,100.70672583080608,194.14853512943802,48.57236951987795,48.57236951987795,2359.2750807755688,93.44180929863194,46.72090464931597,46.72090464931597,False,above_interval_underprediction,1.0396281896606874,130.4711067098716,shared_semantic_recoding_50_percent,shared_publication_test,1451,115,311,25,311,25,509,509,,shared_semantic_dataset,,Ref-48-Research,Ref-48-Research
elastic_net_split_conformal,Elastic Net,shared_publication_held_out,test,0.9,35,191.0,145.64119036903736,98.92028571972139,192.36209501835333,45.35880963096264,45.35880963096264,2057.421611137909,93.44180929863194,46.72090464931597,46.72090464931597,True,covered,0.9708461334690087,93.44180929863194,shared_semantic_recoding_50_percent,shared_publication_test,1451,115,311,25,311,25,510,510,,shared_semantic_dataset,,Ref-48-Research,Ref-48-Research
elastic_net_split_conformal,Elastic Net,shared_publication_held_out,test,0.9,36,189.0,125.68359233505726,78.96268768574129,172.40449698437322,63.316407664942744,63.316407664942744,4008.96747959322,93.44180929863194,46.72090464931597,46.72090464931597,False,above_interval_underprediction,1.355205087319938,425.3518696111675,shared_semantic_recoding_50_percent,shared_publication_test,1451,115,311,25,311,25,511,511,,shared_semantic_dataset,,Ref-48-Research,Ref-48-Research
elastic_net_split_conformal,Elastic Net,shared_publication_held_out,test,0.9,37,182.0,159.93271125771497,113.211806608399,206.65361590703094,22.06728874228503,22.06728874228503,486.9652324353796,93.44180929863194,46.72090464931597,46.72090464931597,True,covered,0.47232152091062113,93.44180929863194,shared_semantic_recoding_50_percent,shared_publication_test,1451,115,311,25,311,25,512,512,,shared_semantic_dataset,,Ref-48-Research,Ref-48-Research
elastic_net_split_conformal,Elastic Net,shared_publication_held_out,test,0.9,38,185.0,158.14627114663028,111.42536649731431,204.86717579594625,26.853728853369716,26.853728853369716,721.1227533303012,93.44180929863194,46.72090464931597,46.72090464931597,True,covered,0.5747690258767898,93.44180929863194,shared_semantic_recoding_50_percent,shared_publication_test,1451,115,311,25,311,25,513,513,,shared_semantic_dataset,,Ref-48-Research,Ref-48-Research
elastic_net_split_conformal,Elastic Net,shared_publication_held_out,test,0.9,39,185.5,156.35983103554557,109.6389263862296,203.08073568486154,29.140168964454432,29.140168964454432,849.1494472769533,93.44180929863194,46.72090464931597,46.72090464931597,True,covered,0.6237072929811317,93.44180929863194,shared_semantic_recoding_50_percent,shared_publication_test,1451,115,311,25,311,25,514,514,,shared_semantic_dataset,,Ref-48-Research,Ref-48-Research
elastic_net_split_conformal,Elastic Net,shared_publication_held_out,test,0.9,40,186.0,154.57339092446088,107.85248627514491,201.29429557377685,31.42660907553912,31.42660907553912,987.6317579867577,93.44180929863194,46.72090464931597,46.72090464931597,True,covered,0.6726455600854729,93.44180929863194,shared_semantic_recoding_50_percent,shared_publication_test,1451,115,311,25,311,25,515,515,,shared_semantic_dataset,,Ref-48-Research,Ref-48-Research
elastic_net_split_conformal,Elastic Net,shared_publication_held_out,test,0.9,41,172.0,152.78695081337617,106.0660461640602,199.50785546269213,19.213049186623834,19.213049186623834,369.14125904762676,93.44180929863194,46.72090464931597,46.72090464931597,True,covered,0.41123024759121674,93.44180929863194,shared_semantic_recoding_50_percent,shared_publication_test,1451,115,311,25,311,25,516,516,,shared_semantic_dataset,,Ref-48-Research,Ref-48-Research
elastic_net_split_conformal,Elastic Net,shared_publication_held_out,test,0.9,42,170.5,151.00051070229145,104.27960605297548,197.72141535160742,19.49948929770855,19.49948929770855,380.2300828714503,93.44180929863194,46.72090464931597,46.72090464931597,True,covered,0.41736112440609685,93.44180929863194,shared_semantic_recoding_50_percent,shared_publication_test,1451,115,311,25,311,25,517,517,,shared_semantic_dataset,,Ref-48-Research,Ref-48-Research
elastic_net_split_conformal,Elastic Net,shared_publication_held_out,test,0.9,43,162.0,149.21407059120676,102.4931659418908,195.93497524052273,12.785929408793237,12.785929408793237,163.47999084664377,93.44180929863194,46.72090464931597,46.72090464931597,True,covered,0.27366613520786,93.44180929863194,shared_semantic_recoding_50_percent,shared_publication_test,1451,115,311,25,311,25,518,518,,shared_semantic_dataset,,Ref-48-Research,Ref-48-Research
elastic_net_split_conformal,Elastic Net,shared_publication_held_out,test,0.9,44,159.0,147.42763048012205,100.70672583080608,194.14853512943802,11.572369519877952,11.572369519877952,133.91973630460026,93.44180929863194,46.72090464931597,46.72090464931597,True,covered,0.2476914693056437,93.44180929863194,shared_semantic_recoding_50_percent,shared_publication_test,1451,115,311,25,311,25,519,519,,shared_semantic_dataset,,Ref-48-Research,Ref-48-Research
elastic_net_split_conformal,Elastic Net,shared_publication_held_out,test,0.9,45,169.0,145.64119036903736,98.92028571972139,192.36209501835333,23.35880963096264,23.35880963096264,545.6339873755529,93.44180929863194,46.72090464931597,46.72090464931597,True,covered,0.49996484028492866,93.44180929863194,shared_semantic_recoding_50_percent,shared_publication_test,1451,115,311,25,311,25,520,520,,shared_semantic_dataset,,Ref-48-Research,Ref-48-Research
elastic_net_split_conformal,Elastic Net,shared_publication_held_out,test,0.9,46,157.0,125.68359233505726,78.96268768574129,172.40449698437322,31.316407664942744,31.316407664942744,980.7173890368847,93.44180929863194,46.72090464931597,46.72090464931597,True,covered,0.6702868426885489,93.44180929863194,shared_semantic_recoding_50_percent,shared_publication_test,1451,115,311,25,311,25,521,521,,shared_semantic_dataset,,Ref-48-Research,Ref-48-Research
elastic_net_split_conformal,Elastic Net,shared_publication_held_out,test,0.9,47,199.0,175.97118051415586,129.2502758648399,222.69208516347183,23.02881948584414,23.02881948584414,530.3265269115947,93.44180929863194,46.72090464931597,46.72090464931597,True,covered,0.49290183181804675,93.44180929863194,shared_semantic_recoding_50_percent,shared_publication_test,1451,115,311,25,311,25,522,522,,shared_semantic_dataset,,Ref-48-Research,Ref-48-Research
elastic_net_split_conformal,Elastic Net,shared_publication_held_out,test,0.9,48,202.0,174.18474040307117,127.4638357537552,220.90564505238714,27.815259596928826,27.815259596928826,773.6886664445411,93.44180929863194,46.72090464931597,46.72090464931597,True,covered,0.5953493367842153,93.44180929863194,shared_semantic_recoding_50_percent,shared_publication_test,1451,115,311,25,311,25,523,523,,shared_semantic_dataset,,Ref-48-Research,Ref-48-Research
elastic_net_split_conformal,Elastic Net,shared_publication_held_out,test,0.9,49,203.0,172.39830029198646,125.67739564267049,219.11920494130243,30.60169970801354,30.60169970801354,936.464025019436,93.44180929863194,46.72090464931597,46.72090464931597,True,covered,0.6549894514609227,93.44180929863194,shared_semantic_recoding_50_percent,shared_publication_test,1451,115,311,25,311,25,524,524,,shared_semantic_dataset,,Ref-48-Research,Ref-48-Research
elastic_net_split_conformal,Elastic Net,shared_publication_held_out,test,0.9,50,209.0,170.61186018090177,123.8909555315858,217.33276483021774,38.38813981909823,38.38813981909823,1473.649278770635,93.44180929863194,46.72090464931597,46.72090464931597,True,covered,0.821648041861284,93.44180929863194,shared_semantic_recoding_50_percent,shared_publication_test,1451,115,311,25,311,25,525,525,,shared_semantic_dataset,,Ref-48-Research,Ref-48-Research
elastic_net_split_conformal,Elastic Net,shared_publication_held_out,test,0.9,51,212.0,168.82542006981706,122.10451542050109,215.54632471913303,43.174579930182944,43.174579930182944,1864.044352147756,93.44180929863194,46.72090464931597,46.72090464931597,True,covered,0.9240955468274532,93.44180929863194,shared_semantic_recoding_50_percent,shared_publication_test,1451,115,311,25,311,25,526,526,,shared_semantic_dataset,,Ref-48-Research,Ref-48-Research
elastic_net_split_conformal,Elastic Net,shared_publication_held_out,test,0.9,52,218.0,167.03897995873234,120.31807530941637,213.7598846080483,50.96102004126766,50.96102004126766,2597.025563646484,93.44180929863194,46.72090464931597,46.72090464931597,False,above_interval_underprediction,1.0907541372278151,178.24411713766574,shared_semantic_recoding_50_percent,shared_publication_test,1451,115,311,25,311,25,527,527,,shared_semantic_dataset,,Ref-48-Research,Ref-48-Research
elastic_net_split_conformal,Elastic Net,shared_publication_held_out,test,0.9,53,216.0,165.25253984764765,118.53163519833168,211.97344449696362,50.747460152352346,50.747460152352346,2575.304711914589,93.44180929863194,46.72090464931597,46.72090464931597,False,above_interval_underprediction,1.0861831664703292,173.97291935935948,shared_semantic_recoding_50_percent,shared_publication_test,1451,115,311,25,311,25,528,528,,shared_semantic_dataset,,Ref-48-Research,Ref-48-Research
elastic_net_split_conformal,Elastic Net,shared_publication_held_out,test,0.9,54,212.0,163.46609973656294,116.74519508724697,210.1870043858789,48.53390026343706,48.53390026343706,2355.539474781256,93.44180929863194,46.72090464931597,46.72090464931597,False,above_interval_underprediction,1.038804805423382,129.7017215810538,shared_semantic_recoding_50_percent,shared_publication_test,1451,115,311,25,311,25,529,529,,shared_semantic_dataset,,Ref-48-Research,Ref-48-Research
elastic_net_split_conformal,Elastic Net,shared_publication_held_out,test,0.9,55,210.0,161.67965962547825,114.95875497616228,208.40056427479422,48.32034037452175,48.32034037452175,2334.8552939096367,93.44180929863194,46.72090464931597,46.72090464931597,False,above_interval_underprediction,1.0342338346658961,125.43052380274753,shared_semantic_recoding_50_percent,shared_publication_test,1451,115,311,25,311,25,530,530,,shared_semantic_dataset,,Ref-48-Research,Ref-48-Research
elastic_net_split_conformal,Elastic Net,shared_publication_held_out,test,0.9,56,208.0,141.72206159149815,95.00115694218218,188.44296624081412,66.27793840850185,66.27793840850185,4392.765119681165,93.44180929863194,46.72090464931597,46.72090464931597,False,above_interval_underprediction,1.4185927885168255,484.5824844823497,shared_semantic_recoding_50_percent,shared_publication_test,1451,115,311,25,311,25,531,531,,shared_semantic_dataset,,Ref-48-Research,Ref-48-Research
elastic_net_split_conformal,Elastic Net,shared_publication_held_out,test,0.9,57,194.0,175.97118051415586,129.2502758648399,222.69208516347183,18.02881948584414,18.02881948584414,325.0383320531533,93.44180929863194,46.72090464931597,46.72090464931597,True,covered,0.3858833560943922,93.44180929863194,shared_semantic_recoding_50_percent,shared_publication_test,1451,115,311,25,311,25,532,532,,shared_semantic_dataset,,Ref-48-Research,Ref-48-Research
elastic_net_split_conformal,Elastic Net,shared_publication_held_out,test,0.9,58,197.0,174.18474040307117,127.4638357537552,220.90564505238714,22.815259596928826,22.815259596928826,520.5360704752529,93.44180929863194,46.72090464931597,46.72090464931597,True,covered,0.4883308610605608,93.44180929863194,shared_semantic_recoding_50_percent,shared_publication_test,1451,115,311,25,311,25,533,533,,shared_semantic_dataset,,Ref-48-Research,Ref-48-Research
elastic_net_split_conformal,Elastic Net,shared_publication_held_out,test,0.9,59,198.0,172.39830029198646,125.67739564267049,219.11920494130243,25.60169970801354,25.60169970801354,655.4470279393006,93.44180929863194,46.72090464931597,46.72090464931597,True,covered,0.5479709757372682,93.44180929863194,shared_semantic_recoding_50_percent,shared_publication_test,1451,115,311,25,311,25,534,534,,shared_semantic_dataset,,Ref-48-Research,Ref-48-Research
elastic_net_split_conformal,Elastic Net,shared_publication_held_out,test,0.9,60,200.0,170.61186018090177,123.8909555315858,217.33276483021774,29.388139819098228,29.388139819098228,863.6627620268669,93.44180929863194,46.72090464931597,46.72090464931597,True,covered,0.6290147855587058,93.44180929863194,shared_semantic_recoding_50_percent,shared_publication_test,1451,115,311,25,311,25,535,535,,shared_semantic_dataset,,Ref-48-Research,Ref-48-Research
elastic_net_split_conformal,Elastic Net,shared_publication_held_out,test,0.9,61,182.0,168.82542006981706,122.10451542050109,215.54632471913303,13.174579930182944,13.174579930182944,173.56955633677921,93.44180929863194,46.72090464931597,46.72090464931597,True,covered,0.28198469248552593,93.44180929863194,shared_semantic_recoding_50_percent,shared_publication_test,1451,115,311,25,311,25,536,536,,shared_semantic_dataset,,Ref-48-Research,Ref-48-Research
elastic_net_split_conformal,Elastic Net,shared_publication_held_out,test,0.9,62,181.0,167.03897995873234,120.31807530941637,213.7598846080483,13.961020041267659,13.961020041267659,194.91008059267722,93.44180929863194,46.72090464931597,46.72090464931597,True,covered,0.2988174168727715,93.44180929863194,shared_semantic_recoding_50_percent,shared_publication_test,1451,115,311,25,311,25,537,537,,shared_semantic_dataset,,Ref-48-Research,Ref-48-Research
elastic_net_split_conformal,Elastic Net,shared_publication_held_out,test,0.9,63,178.0,165.25253984764765,118.53163519833168,211.97344449696362,12.747460152352346,12.747460152352346,162.4977403358109,93.44180929863194,46.72090464931597,46.72090464931597,True,covered,0.27284275097055466,93.44180929863194,shared_semantic_recoding_50_percent,shared_publication_test,1451,115,311,25,311,25,538,538,,shared_semantic_dataset,,Ref-48-Research,Ref-48-Research
elastic_net_split_conformal,Elastic Net,shared_publication_held_out,test,0.9,64,176.0,163.46609973656294,116.74519508724697,210.1870043858789,12.533900263437062,12.533900263437062,157.09865581378764,93.44180929863194,46.72090464931597,46.72090464931597,True,covered,0.2682717802130693,93.44180929863194,shared_semantic_recoding_50_percent,shared_publication_test,1451,115,311,25,311,25,539,539,,shared_semantic_dataset,,Ref-48-Research,Ref-48-Research
elastic_net_split_conformal,Elastic Net,shared_publication_held_out,test,0.9,65,175.0,161.67965962547825,114.95875497616228,208.40056427479422,13.320340374521749,13.320340374521749,177.4314676931142,93.44180929863194,46.72090464931597,46.72090464931597,True,covered,0.2851045046003143,93.44180929863194,shared_semantic_recoding_50_percent,shared_publication_test,1451,115,311,25,311,25,540,540,,shared_semantic_dataset,,Ref-48-Research,Ref-48-Research
elastic_net_split_conformal,Elastic Net,shared_publication_held_out,test,0.9,66,171.0,141.72206159149815,95.00115694218218,188.44296624081412,29.277938408501853,29.277938408501853,857.1976774520281,93.44180929863194,46.72090464931597,46.72090464931597,True,covered,0.6266560681617818,93.44180929863194,shared_semantic_recoding_50_percent,shared_publication_test,1451,115,311,25,311,25,541,541,,shared_semantic_dataset,,Ref-48-Research,Ref-48-Research
elastic_net_split_conformal,Elastic Net,shared_publication_held_out,test,0.9,67,210.0,190.898055379961,144.17715073064502,237.61896002927696,19.101944620039006,19.101944620039006,364.88428826703716,93.44180929863194,46.72090464931597,46.72090464931597,True,covered,0.4088521993188476,93.44180929863194,shared_semantic_recoding_50_percent,shared_publication_test,1451,115,311,25,311,25,542,542,,shared_semantic_dataset,,Ref-48-Research,Ref-48-Research
elastic_net_split_conformal,Elastic Net,shared_publication_held_out,test,0.9,68,212.0,189.11161526887628,142.3907106195603,235.83251991819225,22.888384731123722,22.888384731123722,523.8781555999375,93.44180929863194,46.72090464931597,46.72090464931597,True,covered,0.4898960091402859,93.44180929863194,shared_semantic_recoding_50_percent,shared_publication_test,1451,115,311,25,311,25,543,543,,shared_semantic_dataset,,Ref-48-Research,Ref-48-Research
elastic_net_split_conformal,Elastic Net,shared_publication_held_out,test,0.9,69,217.0,187.3251751577916,140.60427050847562,234.04607980710756,29.67482484220841,29.67482484220841,880.5952294157494,93.44180929863194,46.72090464931597,46.72090464931597,True,covered,0.6351509043959163,93.44180929863194,shared_semantic_recoding_50_percent,shared_publication_test,1451,115,311,25,311,25,544,544,,shared_semantic_dataset,,Ref-48-Research,Ref-48-Research
elastic_net_split_conformal,Elastic Net,shared_publication_held_out,test,0.9,70,225.0,185.53873504670688,138.8178303973909,232.25963969602284,39.461264953293124,39.461264953293124,1557.1914317140001,93.44180929863194,46.72090464931597,46.72090464931597,True,covered,0.8446168850857401,93.44180929863194,shared_semantic_recoding_50_percent,shared_publication_test,1451,115,311,25,311,25,545,545,,shared_semantic_dataset,,Ref-48-Research,Ref-48-Research
elastic_net_split_conformal,Elastic Net,shared_publication_held_out,test,0.9,71,227.0,183.7522949356222,137.03139028630622,230.47319958493816,43.24770506437781,43.24770506437781,1870.3639933354102,93.44180929863194,46.72090464931597,46.72090464931597,True,covered,0.9256606949071777,93.44180929863194,shared_semantic_recoding_50_percent,shared_publication_test,1451,115,311,25,311,25,546,546,,shared_semantic_dataset,,Ref-48-Research,Ref-48-Research
elastic_net_split_conformal,Elastic Net,shared_publication_held_out,test,0.9,72,234.0,181.96585482453747,135.2449501752215,228.68675947385344,52.03414517546253,52.03414517546253,2707.5522641411103,93.44180929863194,46.72090464931597,46.72090464931597,False,above_interval_underprediction,1.1137229804522706,199.7066198215631,shared_semantic_recoding_50_percent,shared_publication_test,1451,115,311,25,311,25,547,547,,shared_semantic_dataset,,Ref-48-Research,Ref-48-Research
elastic_net_split_conformal,Elastic Net,shared_publication_held_out,test,0.9,73,232.0,180.1794147134528,133.45851006413682,226.90031936276876,51.820585286547214,51.820585286547214,2685.3730594403137,93.44180929863194,46.72090464931597,46.72090464931597,False,above_interval_underprediction,1.1091520096947847,195.43542204325684,shared_semantic_recoding_50_percent,shared_publication_test,1451,115,311,25,311,25,548,548,,shared_semantic_dataset,,Ref-48-Research,Ref-48-Research
elastic_net_split_conformal,Elastic Net,shared_publication_held_out,test,0.9,74,227.0,178.39297460236807,131.6720699530521,225.11387925168404,48.60702539763193,48.60702539763193,2362.6429180060354,93.44180929863194,46.72090464931597,46.72090464931597,False,above_interval_underprediction,1.0403699535031066,131.16422426495114,shared_semantic_recoding_50_percent,shared_publication_test,1451,115,311,25,311,25,549,549,,shared_semantic_dataset,,Ref-48-Research,Ref-48-Research
elastic_net_split_conformal,Elastic Net,shared_publication_held_out,test,0.9,75,221.0,176.60653449128336,129.8856298419674,223.32743914059932,44.393465508716645,44.393465508716645,1970.7797798736144,93.44180929863194,46.72090464931597,46.72090464931597,True,covered,0.9501842021666975,93.44180929863194,shared_semantic_recoding_50_percent,shared_publication_test,1451,115,311,25,311,25,550,550,,shared_semantic_dataset,,Ref-48-Research,Ref-48-Research
elastic_net_split_conformal,Elastic Net,shared_publication_held_out,test,0.9,76,219.0,156.64893645730328,109.92803180798731,203.36984110661925,62.35106354269672,62.35106354269672,3887.655124905404,93.44180929863194,46.72090464931597,46.72090464931597,False,above_interval_underprediction,1.3345431560176262,406.04498716624704,shared_semantic_recoding_50_percent,shared_publication_test,1451,115,311,25,311,25,551,551,,shared_semantic_dataset,,Ref-48-Research,Ref-48-Research
elastic_net_split_conformal,Elastic Net,shared_publication_held_out,test,0.9,77,209.0,190.898055379961,144.17715073064502,237.61896002927696,18.101944620039006,18.101944620039006,327.68039902695915,93.44180929863194,46.72090464931597,46.72090464931597,True,covered,0.3874485041741167,93.44180929863194,shared_semantic_recoding_50_percent,shared_publication_test,1451,115,311,25,311,25,552,552,,shared_semantic_dataset,,Ref-48-Research,Ref-48-Research
elastic_net_split_conformal,Elastic Net,shared_publication_held_out,test,0.9,78,210.0,189.11161526887628,142.3907106195603,235.83251991819225,20.888384731123722,20.888384731123722,436.32461667544266,93.44180929863194,46.72090464931597,46.72090464931597,True,covered,0.44708861885082407,93.44180929863194,shared_semantic_recoding_50_percent,shared_publication_test,1451,115,311,25,311,25,553,553,,shared_semantic_dataset,,Ref-48-Research,Ref-48-Research
elastic_net_split_conformal,Elastic Net,shared_publication_held_out,test,0.9,79,213.0,187.3251751577916,140.60427050847562,234.04607980710756,25.67482484220841,25.67482484220841,659.1966306780821,93.44180929863194,46.72090464931597,46.72090464931597,True,covered,0.5495361238169927,93.44180929863194,shared_semantic_recoding_50_percent,shared_publication_test,1451,115,311,25,311,25,554,554,,shared_semantic_dataset,,Ref-48-Research,Ref-48-Research
elastic_net_split_conformal,Elastic Net,shared_publication_held_out,test,0.9,80,215.0,185.53873504670688,138.8178303973909,232.25963969602284,29.461264953293124,29.461264953293124,867.9661326481378,93.44180929863194,46.72090464931597,46.72090464931597,True,covered,0.630579933638431,93.44180929863194,shared_semantic_recoding_50_percent,shared_publication_test,1451,115,311,25,311,25,555,555,,shared_semantic_dataset,,Ref-48-Research,Ref-48-Research
elastic_net_split_conformal,Elastic Net,shared_publication_held_out,test,0.9,81,198.0,183.7522949356222,137.03139028630622,230.47319958493816,14.247705064377811,14.247705064377811,202.99709960149713,93.44180929863194,46.72090464931597,46.72090464931597,True,covered,0.30495353570998135,93.44180929863194,shared_semantic_recoding_50_percent,shared_publication_test,1451,115,311,25,311,25,556,556,,shared_semantic_dataset,,Ref-48-Research,Ref-48-Research
elastic_net_split_conformal,Elastic Net,shared_publication_held_out,test,0.9,82,192.0,181.96585482453747,135.2449501752215,228.68675947385344,10.034145175462527,10.034145175462527,100.6840694022579,93.44180929863194,46.72090464931597,46.72090464931597,True,covered,0.21476778437357236,93.44180929863194,shared_semantic_recoding_50_percent,shared_publication_test,1451,115,311,25,311,25,557,557,,shared_semantic_dataset,,Ref-48-Research,Ref-48-Research
elastic_net_split_conformal,Elastic Net,shared_publication_held_out,test,0.9,83,186.5,180.1794147134528,133.45851006413682,226.90031936276876,6.320585286547214,6.320585286547214,39.94979836451713,93.44180929863194,46.72090464931597,46.72090464931597,True,covered,0.13528388060952823,93.44180929863194,shared_semantic_recoding_50_percent,shared_publication_test,1451,115,311,25,311,25,558,558,,shared_semantic_dataset,,Ref-48-Research,Ref-48-Research
elastic_net_split_conformal,Elastic Net,shared_publication_held_out,test,0.9,84,185.0,178.39297460236807,131.6720699530521,225.11387925168404,6.607025397631929,6.607025397631929,43.652784604953354,93.44180929863194,46.72090464931597,46.72090464931597,True,covered,0.14141475742440834,93.44180929863194,shared_semantic_recoding_50_percent,shared_publication_test,1451,115,311,25,311,25,559,559,,shared_semantic_dataset,,Ref-48-Research,Ref-48-Research
elastic_net_split_conformal,Elastic Net,shared_publication_held_out,test,0.9,85,183.0,176.60653449128336,129.8856298419674,223.32743914059932,6.393465508716645,6.393465508716645,40.876401211149386,93.44180929863194,46.72090464931597,46.72090464931597,True,covered,0.13684378666692298,93.44180929863194,shared_semantic_recoding_50_percent,shared_publication_test,1451,115,311,25,311,25,560,560,,shared_semantic_dataset,,Ref-48-Research,Ref-48-Research
elastic_net_split_conformal,Elastic Net,shared_publication_held_out,test,0.9,86,178.0,156.64893645730328,109.92803180798731,203.36984110661925,21.35106354269672,21.35106354269672,455.86791440427305,93.44180929863194,46.72090464931597,46.72090464931597,True,covered,0.45699165508365897,93.44180929863194,shared_semantic_recoding_50_percent,shared_publication_test,1451,115,311,25,311,25,561,561,,shared_semantic_dataset,,Ref-48-Research,Ref-48-Research
elastic_net_split_conformal,Elastic Net,shared_publication_held_out,test,0.9,87,90.0,142.22194635895522,95.50104170963925,188.9428510082712,-52.22194635895522,52.22194635895522,2727.1316815175965,93.44180929863194,46.72090464931597,46.72090464931597,False,below_interval_overprediction,1.1177426197315679,203.462643491417,shared_semantic_recoding_50_percent,shared_publication_test,1451,115,311,25,311,25,633,633,,shared_semantic_dataset,,Ref-55-Research,Ref-55-Research
elastic_net_split_conformal,Elastic Net,shared_publication_held_out,test,0.9,88,106.0,145.74399100794844,99.02308635863247,192.4648956572644,-39.74399100794844,39.74399100794844,1579.5848212398862,93.44180929863194,46.72090464931597,46.72090464931597,True,covered,0.8506682673690549,93.44180929863194,shared_semantic_recoding_50_percent,shared_publication_test,1451,115,311,25,311,25,634,634,,shared_semantic_dataset,,Ref-55-Research,Ref-55-Research
elastic_net_split_conformal,Elastic Net,shared_publication_held_out,test,0.9,89,112.0,147.50501333244503,100.78410868312906,194.225917981761,-35.50501333244503,35.50501333244503,1260.6059717370995,93.44180929863194,46.72090464931597,46.72090464931597,True,covered,0.75993848147726,93.44180929863194,shared_semantic_recoding_50_percent,shared_publication_test,1451,115,311,25,311,25,635,635,,shared_semantic_dataset,,Ref-55-Research,Ref-55-Research
elastic_net_split_conformal,Elastic Net,shared_publication_held_out,test,0.9,90,115.0,149.26603565694163,102.54513100762566,195.9869403062576,-34.266035656941625,34.266035656941625,1174.1611996427948,93.44180929863194,46.72090464931597,46.72090464931597,True,covered,0.7334197810196577,93.44180929863194,shared_semantic_recoding_50_percent,shared_publication_test,1451,115,311,25,311,25,636,636,,shared_semantic_dataset,,Ref-55-Research,Ref-55-Research
elastic_net_split_conformal,Elastic Net,shared_publication_held_out,test,0.9,91,101.0,151.02705798143825,104.30615333212228,197.74796263075422,-50.02705798143825,50.02705798143825,2502.7065302781843,93.44180929863194,46.72090464931597,46.72090464931597,False,below_interval_overprediction,1.0707638980224816,159.5648759410775,shared_semantic_recoding_50_percent,shared_publication_test,1451,115,311,25,311,25,637,637,,shared_semantic_dataset,,Ref-55-Research,Ref-55-Research
elastic_net_split_conformal,Elastic Net,shared_publication_held_out,test,0.9,92,115.0,125.25163015602455,78.53072550670858,171.9725348053405,-10.251630156024547,10.251630156024547,105.09592085591187,93.44180929863192,46.72090464931596,46.72090464931597,True,covered,0.2194227665960796,93.44180929863192,shared_semantic_recoding_50_percent,shared_publication_test,1451,115,311,25,311,25,643,643,,shared_semantic_dataset,,Ref-57-Research,Ref-57-Research
elastic_net_split_conformal,Elastic Net,shared_publication_held_out,test,0.9,93,120.0,125.2005359123838,78.47963126306783,171.92144056169977,-5.200535912383799,5.200535912383799,27.045573775993592,93.44180929863194,46.72090464931597,46.72090464931597,True,covered,0.11131068525788786,93.44180929863194,shared_semantic_recoding_50_percent,shared_publication_test,1451,115,311,25,311,25,644,644,,shared_semantic_dataset,,Ref-57-Research,Ref-57-Research
elastic_net_split_conformal,Elastic Net,shared_publication_held_out,test,0.9,94,127.0,125.14944166874304,78.42853701942707,171.870346318059,1.8505583312569627,1.8505583312569627,3.4245661373845544,93.44180929863194,46.72090464931597,46.72090464931597,True,covered,0.03960878636976599,93.44180929863194,shared_semantic_recoding_50_percent,shared_publication_test,1451,115,311,25,311,25,645,645,,shared_semantic_dataset,,Ref-57-Research,Ref-57-Research
elastic_net_split_conformal,Elastic Net,shared_publication_held_out,test,0.9,95,133.0,125.09834742510228,78.3774427757863,171.81925207441824,7.901652574897724,7.901652574897724,62.43611341438784,93.44180929863194,46.72090464931597,46.72090464931597,True,covered,0.16912456285268893,93.44180929863194,shared_semantic_recoding_50_percent,shared_publication_test,1451,115,311,25,311,25,646,646,,shared_semantic_dataset,,Ref-57-Research,Ref-57-Research
elastic_net_split_conformal,Elastic Net,shared_publication_held_out,test,0.9,96,135.0,125.04725318146151,78.32634853214554,171.76815783077748,9.952746818538486,9.952746818538486,99.05716923392797,93.44180929863194,46.72090464931597,46.72090464931597,True,covered,0.21302555875668822,93.44180929863194,shared_semantic_recoding_50_percent,shared_publication_test,1451,115,311,25,311,25,647,647,,shared_semantic_dataset,,Ref-57-Research,Ref-57-Research
elastic_net_split_conformal,Elastic Net,shared_publication_held_out,test,0.9,97,130.0,124.99615893782075,78.27525428850478,171.71706358713672,5.003841062179248,5.003841062179248,25.038425375551146,93.44180929863194,46.72090464931597,46.72090464931597,True,covered,0.10710068864757114,93.44180929863194,shared_semantic_recoding_50_percent,shared_publication_test,1451,115,311,25,311,25,648,648,,shared_semantic_dataset,,Ref-57-Research,Ref-57-Research
elastic_net_split_conformal,Elastic Net,shared_publication_held_out,test,0.9,98,141.0,174.5623725143017,127.84146786498573,221.28327716361767,-33.5623725143017,33.5623725143017,1126.4328487887542,93.44180929863194,46.72090464931597,46.72090464931597,True,covered,0.7183587896300094,93.44180929863194,shared_semantic_recoding_50_percent,shared_publication_test,1451,115,311,25,311,25,758,758,,shared_semantic_dataset,,Ref-64-Research,Ref-64-Research
elastic_net_split_conformal,Elastic Net,shared_publication_held_out,test,0.9,99,148.0,165.36995134738444,118.64904669806847,212.0908559967004,-17.369951347384443,17.369951347384443,301.71520981050264,93.44180929863194,46.72090464931597,46.72090464931597,True,covered,0.37178114331822454,93.44180929863194,shared_semantic_recoding_50_percent,shared_publication_test,1451,115,311,25,311,25,759,759,,shared_semantic_dataset,,Ref-64-Research,Ref-64-Research
elastic_net_split_conformal,Elastic Net,shared_publication_held_out,test,0.9,100,151.0,163.4243285398786,116.70342389056262,210.14523318919456,-12.424328539878587,12.424328539878587,154.3639396668416,93.44180929863194,46.72090464931597,46.72090464931597,True,covered,0.265926540445541,93.44180929863194,shared_semantic_recoding_50_percent,shared_publication_test,1451,115,311,25,311,25,760,760,,shared_semantic_dataset,,Ref-64-Research,Ref-64-Research
elastic_net_split_conformal,Elastic Net,shared_publication_held_out,test,0.9,101,146.0,161.4787057323727,114.75780108305673,208.19961038168867,-15.478705732372703,15.478705732372703,239.59033114938757,93.44180929863194,46.72090464931597,46.72090464931597,True,covered,0.33130149873070414,93.44180929863194,shared_semantic_recoding_50_percent,shared_publication_test,1451,115,311,25,311,25,761,761,,shared_semantic_dataset,,Ref-64-Research,Ref-64-Research
elastic_net_split_conformal,Elastic Net,shared_publication_held_out,test,0.9,102,145.0,160.41041050638225,113.68950585706628,207.13131515569822,-15.410410506382249,15.410410506382249,237.4807519752164,93.44180929863194,46.72090464931597,46.72090464931597,True,covered,0.3298397285337639,93.44180929863194,shared_semantic_recoding_50_percent,shared_publication_test,1451,115,311,25,311,25,762,762,,shared_semantic_dataset,,Ref-64-Research,Ref-64-Research
elastic_net_split_conformal,Elastic Net,shared_publication_held_out,test,0.9,103,145.0,157.3964924728859,110.67558782356994,204.11739712220188,-12.39649247288591,12.39649247288591,153.67302563031703,93.44180929863194,46.72090464931597,46.72090464931597,True,covered,0.26533074575360144,93.44180929863194,shared_semantic_recoding_50_percent,shared_publication_test,1451,115,311,25,311,25,763,763,,shared_semantic_dataset,,Ref-64-Research,Ref-64-Research
elastic_net_split_conformal,Elastic Net,shared_publication_held_out,test,0.9,104,139.0,154.38257443938957,107.6616697900736,201.10347908870554,-15.382574439389572,15.382574439389572,236.6235963833614,93.44180929863194,46.72090464931597,46.72090464931597,True,covered,0.3292439338418244,93.44180929863194,shared_semantic_recoding_50_percent,shared_publication_test,1451,115,311,25,311,25,764,764,,shared_semantic_dataset,,Ref-64-Research,Ref-64-Research
elastic_net_split_conformal,Elastic Net,shared_publication_held_out,test,0.9,105,139.0,133.19749848299784,86.47659383368187,179.9184031323138,5.802501517002156,5.802501517002156,33.66902385481232,93.44180929863194,46.72090464931597,46.72090464931597,True,covered,0.12419497354675278,93.44180929863194,shared_semantic_recoding_50_percent,shared_publication_test,1451,115,311,25,311,25,765,765,,shared_semantic_dataset,,Ref-64-Research,Ref-64-Research
elastic_net_split_conformal,Elastic Net,shared_publication_held_out,test,0.9,106,262.0,216.37242022749888,169.6515155781829,263.09332487681485,45.62757977250112,45.62757977250112,2081.8760358959535,93.44180929863194,46.72090464931597,46.72090464931597,True,covered,0.9765988076425045,93.44180929863194,shared_semantic_recoding_50_percent,shared_publication_test,1451,115,311,25,311,25,766,766,,shared_semantic_dataset,,Ref-65-Research,Ref-65-Research
elastic_net_split_conformal,Elastic Net,shared_publication_held_out,test,0.9,107,248.0,219.83462611109462,173.11372146177865,266.5555307604106,28.16537388890538,28.16537388890538,793.2882863018328,93.44180929863194,46.72090464931597,46.72090464931597,True,covered,0.6028430763554948,93.44180929863194,shared_semantic_recoding_50_percent,shared_publication_test,1451,115,311,25,311,25,767,767,,shared_semantic_dataset,,Ref-65-Research,Ref-65-Research
elastic_net_split_conformal,Elastic Net,shared_publication_held_out,test,0.9,108,229.0,213.70801723354492,166.98711258422895,260.4289218828609,15.291982766455078,15.291982766455078,233.8447369295591,93.44180929863194,46.72090464931597,46.72090464931597,True,covered,0.3273049372916833,93.44180929863194,shared_semantic_recoding_50_percent,shared_publication_test,1451,115,311,25,311,25,768,768,,shared_semantic_dataset,,Ref-65-Research,Ref-65-Research
elastic_net_split_conformal,Elastic Net,shared_publication_held_out,test,0.9,109,167.0,207.73168901424935,161.0107843649334,254.45259366356532,-40.731689014249355,40.731689014249355,1659.0704899535215,93.44180929863194,46.72090464931597,46.72090464931597,True,covered,0.8718086543909782,93.44180929863194,shared_semantic_recoding_50_percent,shared_publication_test,1451,115,311,25,311,25,769,769,,shared_semantic_dataset,,Ref-65-Research,Ref-65-Research
elastic_net_split_conformal,Elastic Net,shared_publication_held_out,test,0.9,110,254.0,212.82092122111547,166.1000165717995,259.54182587043147,41.17907877888453,41.17907877888453,1695.7165290775783,93.44180929863197,46.72090464931598,46.72090464931597,True,covered,0.8813844485241022,93.44180929863197,shared_semantic_recoding_50_percent,shared_publication_test,1451,115,311,25,311,25,770,770,,shared_semantic_dataset,,Ref-65-Research,Ref-65-Research
elastic_net_split_conformal,Elastic Net,shared_publication_held_out,test,0.9,111,244.0,209.2694222147321,162.54851756541612,255.99032686404806,34.73057778526791,34.73057778526791,1206.213033298545,93.44180929863194,46.72090464931597,46.72090464931597,True,covered,0.743362699116238,93.44180929863194,shared_semantic_recoding_50_percent,shared_publication_test,1451,115,311,25,311,25,771,771,,shared_semantic_dataset,,Ref-65-Research,Ref-65-Research
elastic_net_split_conformal,Elastic Net,shared_publication_held_out,test,0.9,112,202.0,205.71792320834868,158.9970185590327,252.43882785766465,-3.7179232083486795,3.7179232083486795,13.82295298317774,93.44180929863194,46.72090464931597,46.72090464931597,True,covered,0.079577294923015,93.44180929863194,shared_semantic_recoding_50_percent,shared_publication_test,1451,115,311,25,311,25,772,772,,shared_semantic_dataset,,Ref-65-Research,Ref-65-Research
elastic_net_split_conformal,Elastic Net,shared_publication_held_out,test,0.9,113,171.0,206.64057663126692,159.91967198195096,253.3614812805829,-35.640576631266924,35.640576631266924,1270.25070260921,93.44180929863194,46.72090464931597,46.72090464931597,True,covered,0.7628400369980578,93.44180929863194,shared_semantic_recoding_50_percent,shared_publication_test,1451,115,311,25,311,25,773,773,,shared_semantic_dataset,,Ref-65-Research,Ref-65-Research
elastic_net_split_conformal,Elastic Net,shared_publication_held_out,test,0.9,114,204.0,209.49904854473417,162.7781438954182,256.21995319405016,-5.4990485447341655,5.4990485447341655,30.239534897342942,93.44180929863197,46.72090464931598,46.72090464931597,True,covered,0.1176999586375662,93.44180929863197,shared_semantic_recoding_50_percent,shared_publication_test,1451,115,311,25,311,25,774,774,,shared_semantic_dataset,,Ref-65-Research,Ref-65-Research
elastic_net_split_conformal,Elastic Net,shared_publication_held_out,test,0.9,115,239.0,212.35752045820138,165.6366158088854,259.0784251075173,26.64247954179862,26.64247954179862,709.8217161351581,93.44180929863191,46.720904649315955,46.72090464931597,True,covered,0.5702475100123879,93.44180929863191,shared_semantic_recoding_50_percent,shared_publication_test,1451,115,311,25,311,25,775,775,,shared_semantic_dataset,,Ref-65-Research,Ref-65-Research
elastic_net_split_conformal,Elastic Net,shared_publication_held_out,test,0.9,116,249.0,213.36570342002616,166.6447987707102,260.0866080693421,35.634296579973835,35.634296579973835,1269.803092749535,93.44180929863191,46.720904649315955,46.72090464931597,True,covered,0.7627056206946875,93.44180929863191,shared_semantic_recoding_50_percent,shared_publication_test,1451,115,311,25,311,25,776,776,,shared_semantic_dataset,,Ref-65-Research,Ref-65-Research
elastic_net_split_conformal,Elastic Net,shared_publication_held_out,test,0.9,117,250.0,214.7712576896521,168.05035304033612,261.49216233896806,35.22874231034791,35.22874231034791,1241.064284768897,93.44180929863194,46.72090464931597,46.72090464931597,True,covered,0.7540252607429699,93.44180929863194,shared_semantic_recoding_50_percent,shared_publication_test,1451,115,311,25,311,25,777,777,,shared_semantic_dataset,,Ref-65-Research,Ref-65-Research
elastic_net_split_conformal,Elastic Net,shared_publication_held_out,test,0.9,118,259.0,216.37242022749888,169.6515155781829,263.09332487681485,42.62757977250112,42.62757977250112,1817.1105572609467,93.44180929863194,46.72090464931597,46.72090464931597,True,covered,0.9123877222083118,93.44180929863194,shared_semantic_recoding_50_percent,shared_publication_test,1451,115,311,25,311,25,778,778,,shared_semantic_dataset,,Ref-65-Research,Ref-65-Research
elastic_net_split_conformal,Elastic Net,shared_publication_held_out,test,0.9,119,248.0,217.9262193911303,171.20531474181433,264.6471240404463,30.073780608869697,30.073780608869697,904.432280110427,93.44180929863194,46.72090464931597,46.72090464931597,True,covered,0.6436900320017669,93.44180929863194,shared_semantic_recoding_50_percent,shared_publication_test,1451,115,311,25,311,25,779,779,,shared_semantic_dataset,,Ref-65-Research,Ref-65-Research
elastic_net_split_conformal,Elastic Net,shared_publication_held_out,test,0.9,120,246.0,219.52432828260424,172.80342363328828,266.2452329319202,26.475671717395755,26.475671717395755,700.9611928873095,93.44180929863194,46.72090464931597,46.72090464931597,True,covered,0.566677206191113,93.44180929863194,shared_semantic_recoding_50_percent,shared_publication_test,1451,115,311,25,311,25,780,780,,shared_semantic_dataset,,Ref-65-Research,Ref-65-Research
elastic_net_split_conformal,Elastic Net,shared_publication_held_out,test,0.9,121,262.0,216.37242022749888,169.6515155781829,263.09332487681485,45.62757977250112,45.62757977250112,2081.8760358959535,93.44180929863194,46.72090464931597,46.72090464931597,True,covered,0.9765988076425045,93.44180929863194,shared_semantic_recoding_50_percent,shared_publication_test,1451,115,311,25,311,25,781,781,,shared_semantic_dataset,,Ref-65-Research,Ref-65-Research
elastic_net_split_conformal,Elastic Net,shared_publication_held_out,test,0.9,122,262.0,220.82416443548033,174.10325978616436,267.5450690847963,41.17583556451967,41.17583556451967,1695.4494344363632,93.44180929863194,46.72090464931597,46.72090464931597,True,covered,0.881315031752548,93.44180929863194,shared_semantic_recoding_50_percent,shared_publication_test,1451,115,311,25,311,25,782,782,,shared_semantic_dataset,,Ref-65-Research,Ref-65-Research
elastic_net_split_conformal,Elastic Net,shared_publication_held_out,test,0.9,123,253.0,217.7623868198919,171.04148217057593,264.48329146920787,35.2376131801081,35.2376131801081,1241.689382630928,93.44180929863194,46.72090464931597,46.72090464931597,True,covered,0.7542151301349856,93.44180929863194,shared_semantic_recoding_50_percent,shared_publication_test,1451,115,311,25,311,25,783,783,,shared_semantic_dataset,,Ref-65-Research,Ref-65-Research
elastic_net_split_conformal,Elastic Net,shared_publication_held_out,test,0.9,124,234.0,214.69959132217923,167.97868667286326,261.4204959714952,19.30040867782077,19.30040867782077,372.5057751308993,93.44180929863194,46.72090464931597,46.72090464931597,True,covered,0.41310006350879475,93.44180929863194,shared_semantic_recoding_50_percent,shared_publication_test,1451,115,311,25,311,25,784,784,,shared_semantic_dataset,,Ref-65-Research,Ref-65-Research
elastic_net_split_conformal,Elastic Net,shared_publication_held_out,test,0.9,125,239.0,219.0484149322886,172.32751028297264,265.7693195816046,19.95158506771139,19.95158506771139,398.0657467141242,93.44180929863194,46.72090464931597,46.72090464931597,True,covered,0.42703764444346004,93.44180929863194,shared_semantic_recoding_50_percent,shared_publication_test,1451,115,311,25,311,25,785,785,,shared_semantic_dataset,,Ref-65-Research,Ref-65-Research
elastic_net_split_conformal,Elastic Net,shared_publication_held_out,test,0.9,126,240.0,215.98663731670018,169.2657326673842,262.70754196601615,24.013362683299817,24.013362683299817,576.6415873596962,93.44180929863194,46.72090464931597,46.72090464931597,True,covered,0.5139746942732067,93.44180929863194,shared_semantic_recoding_50_percent,shared_publication_test,1451,115,311,25,311,25,786,786,,shared_semantic_dataset,,Ref-65-Research,Ref-65-Research
elastic_net_split_conformal,Elastic Net,shared_publication_held_out,test,0.9,127,230.0,217.27266542909692,170.55176077978095,263.99357007841286,12.727334570903082,12.727334570903082,161.98504527970474,93.44180929863191,46.720904649315955,46.72090464931597,True,covered,0.2724119891606042,93.44180929863191,shared_semantic_recoding_50_percent,shared_publication_test,1451,115,311,25,311,25,787,787,,shared_semantic_dataset,,Ref-65-Research,Ref-65-Research
elastic_net_split_conformal,Elastic Net,shared_publication_held_out,test,0.9,128,189.0,211.14809231579582,164.42718766647985,257.8689969651118,-22.14809231579582,22.14809231579582,490.5379932290139,93.44180929863197,46.72090464931598,46.72090464931597,True,covered,0.4740510159646509,93.44180929863197,shared_semantic_recoding_50_percent,shared_publication_test,1451,115,311,25,311,25,788,788,,shared_semantic_dataset,,Ref-65-Research,Ref-65-Research
elastic_net_split_conformal,Elastic Net,shared_publication_held_out,test,0.9,129,270.0,216.37242022749888,169.6515155781829,263.09332487681485,53.62757977250112,53.62757977250112,2875.9173122559714,93.44180929863194,46.72090464931597,46.72090464931597,False,above_interval_underprediction,1.1478283688003519,231.57531176233502,shared_semantic_recoding_50_percent,shared_publication_test,1451,115,311,25,311,25,789,789,,shared_semantic_dataset,,Ref-65-Research,Ref-65-Research
elastic_net_split_conformal,Elastic Net,shared_publication_held_out,test,0.9,130,281.0,220.35089077233062,173.62998612301465,267.0717954216466,60.649109227669385,60.649109227669385,3678.3144501097718,93.44180929863194,46.72090464931597,46.72090464931597,False,above_interval_underprediction,1.298115044708522,372.0059008657003,shared_semantic_recoding_50_percent,shared_publication_test,1451,115,311,25,311,25,790,790,,shared_semantic_dataset,,Ref-65-Research,Ref-65-Research
elastic_net_split_conformal,Elastic Net,shared_publication_held_out,test,0.9,131,250.0,215.56321197097617,168.8423073216602,262.28411662029214,34.43678802902383,34.43678802902383,1185.892369755919,93.44180929863194,46.72090464931597,46.72090464931597,True,covered,0.7370745127369449,93.44180929863194,shared_semantic_recoding_50_percent,shared_publication_test,1451,115,311,25,311,25,791,791,,shared_semantic_dataset,,Ref-65-Research,Ref-65-Research
elastic_net_split_conformal,Elastic Net,shared_publication_held_out,test,0.9,132,224.0,210.82493230808558,164.1040276587696,257.54583695740155,13.175067691914421,13.175067691914421,173.5824086865272,93.44180929863194,46.72090464931597,46.72090464931597,True,covered,0.28199513238892976,93.44180929863194,shared_semantic_recoding_50_percent,shared_publication_test,1451,115,311,25,311,25,792,792,,shared_semantic_dataset,,Ref-65-Research,Ref-65-Research
elastic_net_split_conformal,Elastic Net,shared_publication_held_out,test,0.9,133,214.0,211.5244864978627,164.80358184854674,258.2453911471787,2.4755135021372894,2.4755135021372894,6.128167099264028,93.44180929863194,46.72090464931597,46.72090464931597,True,covered,0.05298513632641171,93.44180929863194,shared_semantic_recoding_50_percent,shared_publication_test,1451,115,311,25,311,25,793,793,,shared_semantic_dataset,,Ref-65-Research,Ref-65-Research
elastic_net_split_conformal,Elastic Net,shared_publication_held_out,test,0.9,134,268.0,218.46232378413663,171.74141913482066,265.1832284334526,49.53767621586337,49.53767621586337,2453.9813648677155,93.44180929863194,46.72090464931597,46.72090464931597,False,above_interval_underprediction,1.0602893199027268,149.77724062957998,shared_semantic_recoding_50_percent,shared_publication_test,1451,115,311,25,311,25,794,794,,shared_semantic_dataset,,Ref-65-Research,Ref-65-Research
elastic_net_split_conformal,Elastic Net,shared_publication_held_out,test,0.9,135,232.0,205.45960777081248,158.7387031214965,252.18051242012845,26.540392229187518,26.540392229187518,704.3924196791172,93.44180929863194,46.72090464931597,46.72090464931597,True,covered,0.5680624642951149,93.44180929863194,shared_semantic_recoding_50_percent,shared_publication_test,1451,115,311,25,311,25,795,795,,shared_semantic_dataset,,Ref-65-Research,Ref-65-Research
elastic_net_split_conformal,Elastic Net,shared_publication_held_out,test,0.9,136,155.0,146.688076909764,99.96717226044802,193.40898155907996,8.311923090236007,8.311923090236007,69.0880654579985,93.44180929863194,46.72090464931597,46.72090464931597,True,covered,0.17790586788986118,93.44180929863194,shared_semantic_recoding_50_percent,shared_publication_test,1451,115,311,25,311,25,829,829,,shared_semantic_dataset,,Ref-68-Research,Ref-68-Research
elastic_net_split_conformal,Elastic Net,shared_publication_held_out,test,0.9,137,146.0,142.30465360321332,95.58374895389736,189.0255582525293,3.6953463967866753,3.6953463967866753,13.655584992244265,93.44180929863194,46.72090464931597,46.72090464931597,True,covered,0.07909406773100182,93.44180929863194,shared_semantic_recoding_50_percent,shared_publication_test,1451,115,311,25,311,25,830,830,,shared_semantic_dataset,,Ref-68-Research,Ref-68-Research
elastic_net_split_conformal,Elastic Net,shared_publication_held_out,test,0.9,138,130.94,110.61592556646484,63.89502091714887,157.33683021578082,20.32407443353516,20.32407443353516,413.0680015798775,93.44180929863195,46.720904649315976,46.72090464931597,True,covered,0.43501029327420604,93.44180929863195,shared_semantic_recoding_50_percent,shared_publication_test,1451,115,311,25,311,25,910,910,,shared_semantic_dataset,,Ref-75-Research,Ref-75-Research
elastic_net_split_conformal,Elastic Net,shared_publication_held_out,test,0.9,139,128.35,112.30257696258407,65.5816723132681,159.02348161190002,16.047423037415925,16.047423037415925,257.51978614178734,93.44180929863192,46.72090464931596,46.72090464931597,True,covered,0.34347415055138225,93.44180929863192,shared_semantic_recoding_50_percent,shared_publication_test,1451,115,311,25,311,25,911,911,,shared_semantic_dataset,,Ref-75-Research,Ref-75-Research
elastic_net_split_conformal,Elastic Net,shared_publication_held_out,test,0.9,140,128.73,113.98922835870329,67.26832370938732,160.71013300801926,14.740771641296703,14.740771641296703,217.2903485808571,93.44180929863194,46.72090464931597,46.72090464931597,True,covered,0.31550698240840935,93.44180929863194,shared_semantic_recoding_50_percent,shared_publication_test,1451,115,311,25,311,25,912,912,,shared_semantic_dataset,,Ref-75-Research,Ref-75-Research
elastic_net_split_conformal,Elastic Net,shared_publication_held_out,test,0.9,141,130.18,115.67587975482252,68.95497510550655,162.3967844041385,14.50412024517749,14.50412024517749,210.3695040865675,93.44180929863194,46.72090464931597,46.72090464931597,True,covered,0.3104417680702987,93.44180929863194,shared_semantic_recoding_50_percent,shared_publication_test,1451,115,311,25,311,25,913,913,,shared_semantic_dataset,,Ref-75-Research,Ref-75-Research
elastic_net_split_conformal,Elastic Net,shared_publication_held_out,test,0.9,142,130.9,117.86842660626725,71.14752195695128,164.5893312555832,13.031573393732756,13.031573393732756,169.82190511624347,93.44180929863192,46.72090464931596,46.72090464931597,True,covered,0.2789238241756423,93.44180929863192,shared_semantic_recoding_50_percent,shared_publication_test,1451,115,311,25,311,25,914,914,,shared_semantic_dataset,,Ref-75-Research,Ref-75-Research
elastic_net_split_conformal,Elastic Net,shared_publication_held_out,test,0.9,143,122.0,124.83371020135944,78.11280555204347,171.55461485067542,-2.8337102013594375,2.8337102013594375,8.029913505288544,93.44180929863195,46.720904649315976,46.72090464931597,True,covered,0.06065186927841143,93.44180929863195,shared_semantic_recoding_50_percent,shared_publication_test,1451,115,311,25,311,25,980,980,,shared_semantic_dataset,,Ref-83-Research,Ref-83-Research
elastic_net_split_conformal,Elastic Net,shared_publication_held_out,test,0.9,144,128.0,124.83371020135944,78.11280555204347,171.55461485067542,3.1662897986405625,3.1662897986405625,10.025391088975294,93.44180929863195,46.720904649315976,46.72090464931597,True,covered,0.067770301589974,93.44180929863195,shared_semantic_recoding_50_percent,shared_publication_test,1451,115,311,25,311,25,981,981,,shared_semantic_dataset,,Ref-83-Research,Ref-83-Research
elastic_net_split_conformal,Elastic Net,shared_publication_held_out,test,0.9,145,188.0,142.4015189908702,95.68061434155422,189.12242364018616,45.59848100912981,45.59848100912981,2079.2214703399723,93.44180929863194,46.72090464931597,46.72090464931597,True,covered,0.9759759865822164,93.44180929863194,shared_semantic_recoding_50_percent,shared_publication_test,1451,115,311,25,311,25,1069,1069,,shared_semantic_dataset,,Ref-89-Research,Ref-89-Research
elastic_net_split_conformal,Elastic Net,shared_publication_held_out,test,0.9,146,185.0,140.905435177849,94.18453052853303,187.62633982716497,44.094564822151,44.094564822151,1944.3306468548765,93.44180929863194,46.72090464931597,46.72090464931597,True,covered,0.9437866229928957,93.44180929863194,shared_semantic_recoding_50_percent,shared_publication_test,1451,115,311,25,311,25,1070,1070,,shared_semantic_dataset,,Ref-89-Research,Ref-89-Research
elastic_net_split_conformal,Elastic Net,shared_publication_held_out,test,0.9,147,150.0,138.29933229471973,91.57842764540376,185.0202369440357,11.700667705280267,11.700667705280267,136.9056247493886,93.44180929863194,46.72090464931597,46.72090464931597,True,covered,0.250437524553617,93.44180929863194,shared_semantic_recoding_50_percent,shared_publication_test,1451,115,311,25,311,25,1111,1111,,shared_semantic_dataset,,Ref-95-Research,Ref-95-Research
elastic_net_split_conformal,Elastic Net,shared_publication_held_out,test,0.9,148,152.0,139.12136023247572,92.40045558315975,185.8422648817917,12.878639767524277,12.878639767524277,165.85936226165776,93.44180929863194,46.72090464931597,46.72090464931597,True,covered,0.2756504794628978,93.44180929863194,shared_semantic_recoding_50_percent,shared_publication_test,1451,115,311,25,311,25,1112,1112,,shared_semantic_dataset,,Ref-95-Research,Ref-95-Research
elastic_net_split_conformal,Elastic Net,shared_publication_held_out,test,0.9,149,142.0,139.94338817023169,93.22248352091572,186.66429281954765,2.0566118297683147,2.0566118297683147,4.2296522183429754,93.44180929863194,46.72090464931597,46.72090464931597,True,covered,0.04401909263540823,93.44180929863194,shared_semantic_recoding_50_percent,shared_publication_test,1451,115,311,25,311,25,1113,1113,,shared_semantic_dataset,,Ref-95-Research,Ref-95-Research
elastic_net_split_conformal,Elastic Net,shared_publication_held_out,test,0.9,150,136.0,140.76541610798768,94.0445114586717,187.48632075730364,-4.765416107987676,4.765416107987676,22.709190682268407,93.44180929863194,46.72090464931597,46.72090464931597,True,covered,0.10199751361315829,93.44180929863194,shared_semantic_recoding_50_percent,shared_publication_test,1451,115,311,25,311,25,1114,1114,,shared_semantic_dataset,,Ref-95-Research,Ref-95-Research
elastic_net_split_conformal,Elastic Net,shared_publication_held_out,test,0.9,151,119.6,120.62444025371799,73.90353560440202,167.34534490303395,-1.024440253717998,1.024440253717998,1.049477833437796,93.44180929863192,46.72090464931596,46.72090464931597,True,covered,0.02192680688457082,93.44180929863192,shared_semantic_recoding_50_percent,shared_publication_test,1451,115,311,25,311,25,1123,1123,,shared_semantic_dataset,,Ref-97-Research,Ref-97-Research
elastic_net_split_conformal,Elastic Net,shared_publication_held_out,test,0.9,152,138.0,169.07229188612246,122.35138723680649,215.79319653543843,-31.072291886122457,31.072291886122457,965.4873230563915,93.44180929863194,46.72090464931597,46.72090464931597,True,covered,0.6650618629786609,93.44180929863194,shared_semantic_recoding_50_percent,shared_publication_test,1451,115,311,25,311,25,1251,1251,,shared_semantic_dataset,,Ref-108-Research,Ref-108-Research
elastic_net_split_conformal,Elastic Net,shared_publication_held_out,test,0.9,153,122.0,160.35489685878875,113.63399220947278,207.07580150810472,-38.35489685878875,38.35489685878875,1471.098113048323,93.44180929863194,46.72090464931597,46.72090464931597,True,covered,0.8209365196731115,93.44180929863194,shared_semantic_recoding_50_percent,shared_publication_test,1451,115,311,25,311,25,1252,1252,,shared_semantic_dataset,,Ref-108-Research,Ref-108-Research
elastic_net_split_conformal,Elastic Net,shared_publication_held_out,test,0.9,154,105.0,162.10037046583037,115.3794658165144,208.82127511514634,-57.100370465830366,57.100370465830366,3260.452307335073,93.44180929863194,46.72090464931597,46.72090464931597,False,below_interval_overprediction,1.2221589221018296,301.0311256289199,shared_semantic_recoding_50_percent,shared_publication_test,1451,115,311,25,311,25,1253,1253,,shared_semantic_dataset,,Ref-108-Research,Ref-108-Research
elastic_net_split_conformal,Elastic Net,shared_publication_held_out,test,0.9,155,230.0,147.37409241930482,100.65318776998885,194.09499706862078,82.62590758069518,82.62590758069518,6827.040603533582,93.44180929863194,46.72090464931597,46.72090464931597,False,above_interval_underprediction,1.7684997369139104,811.5418679262164,shared_semantic_recoding_50_percent,shared_publication_test,1451,115,311,25,311,25,1254,1254,,shared_semantic_dataset,,Ref-109-Research,Ref-109-Research
elastic_net_split_conformal,Elastic Net,shared_publication_held_out,test,0.9,156,250.0,171.86061755598038,125.13971290666441,218.58152220529635,78.13938244401962,78.13938244401962,6105.763088732761,93.44180929863194,46.72090464931597,46.72090464931597,False,above_interval_underprediction,1.6724715206293344,721.811365192705,shared_semantic_recoding_50_percent,shared_publication_test,1451,115,311,25,311,25,1255,1255,,shared_semantic_dataset,,Ref-109-Research,Ref-109-Research
elastic_net_split_conformal,Elastic Net,shared_publication_held_out,test,0.9,157,192.0,128.78414225890876,82.06323760959279,175.50504690822473,63.21585774109124,63.21585774109124,3996.2446699418856,93.44180929863194,46.72090464931597,46.72090464931597,False,above_interval_underprediction,1.3530529474029944,423.34087113413744,shared_semantic_recoding_50_percent,shared_publication_test,1451,115,311,25,311,25,1274,1274,,shared_semantic_dataset,,Ref-111-Research,Ref-111-Research
elastic_net_split_conformal,Elastic Net,shared_publication_held_out,test,0.9,158,201.0,149.98311505154817,103.2622104022322,196.70401970086414,51.01688494845183,51.01688494845183,2602.722549843571,93.44180929863194,46.72090464931597,46.72090464931597,False,above_interval_underprediction,1.0919498526704738,179.3614152813492,shared_semantic_recoding_50_percent,shared_publication_test,1451,115,311,25,311,25,1275,1275,,shared_semantic_dataset,,Ref-111-Research,Ref-111-Research
elastic_net_split_conformal,Elastic Net,shared_publication_held_out,test,0.9,159,202.0,184.31822318205442,137.59731853273846,231.0391278313704,17.681776817945575,17.681776817945575,312.64523143963754,93.44180929863194,46.72090464931597,46.72090464931597,True,covered,0.3784553606284773,93.44180929863194,shared_semantic_recoding_50_percent,shared_publication_test,1451,115,311,25,311,25,1485,1485,,shared_semantic_dataset,,Ref-128-Research,Ref-128-Research
elastic_net_split_conformal,Elastic Net,shared_publication_held_out,test,0.9,160,204.5,184.00211420087408,137.2812095515581,230.72301885019004,20.497885799125925,20.497885799125925,420.16332223400826,93.44180929863194,46.72090464931597,46.72090464931597,True,covered,0.43873049875600023,93.44180929863194,shared_semantic_recoding_50_percent,shared_publication_test,1451,115,311,25,311,25,1486,1486,,shared_semantic_dataset,,Ref-128-Research,Ref-128-Research
elastic_net_split_conformal,Elastic Net,shared_publication_held_out,test,0.9,161,197.3,183.7311636455766,137.01025899626063,230.45206829489257,13.56883635442341,13.56883635442341,184.1133200131224,93.44180929863194,46.72090464931597,46.72090464931597,True,covered,0.2904232367988206,93.44180929863194,shared_semantic_recoding_50_percent,shared_publication_test,1451,115,311,25,311,25,1487,1487,,shared_semantic_dataset,,Ref-128-Research,Ref-128-Research
elastic_net_split_conformal,Elastic Net,shared_publication_held_out,test,0.9,162,121.5,119.92835637945775,73.20745173014178,166.6492610287737,1.5716436205422468,1.5716436205422468,2.470063669991142,93.44180929863192,46.72090464931596,46.72090464931597,True,covered,0.0336389809302474,93.44180929863192,shared_semantic_recoding_50_percent,shared_publication_test,1451,115,311,25,311,25,1507,1507,,shared_semantic_dataset,,Ref-133-Research,Ref-133-Research
elastic_net_split_conformal,Elastic Net,shared_publication_held_out,test,0.9,163,112.69,119.92835637945775,73.20745173014178,166.6492610287737,-7.2383563794577555,7.2383563794577555,52.39380307603678,93.44180929863192,46.72090464931596,46.72090464931597,True,covered,0.154927573294832,93.44180929863192,shared_semantic_recoding_50_percent,shared_publication_test,1451,115,311,25,311,25,1508,1508,,shared_semantic_dataset,,Ref-133-Research,Ref-133-Research
elastic_net_split_conformal,Elastic Net,shared_publication_held_out,test,0.9,164,172.0,143.83519903357143,97.11429438425546,190.5561036828874,28.164800966428572,28.164800966428572,793.2560134785358,93.44180929863194,46.72090464931597,46.72090464931597,True,covered,0.6028308136974597,93.44180929863194,shared_semantic_recoding_50_percent,shared_publication_test,1451,115,311,25,311,25,1736,1736,,shared_semantic_dataset,,Ref-144-Research,Ref-144-Research
elastic_net_split_conformal,Elastic Net,shared_publication_held_out,test,0.9,165,149.0,132.9676391086692,86.24673445935323,179.68854375798517,16.032360891330796,16.032360891330796,257.0365957498732,93.44180929863194,46.72090464931597,46.72090464931597,True,covered,0.3431517649683507,93.44180929863194,shared_semantic_recoding_50_percent,shared_publication_test,1451,115,311,25,311,25,1737,1737,,shared_semantic_dataset,,Ref-144-Research,Ref-144-Research
elastic_net_split_conformal,Elastic Net,shared_publication_held_out,test,0.9,166,154.0,130.88445220671994,84.16354755740397,177.6053568560359,23.115547793280058,23.115547793280058,534.3285497834146,93.44180929863194,46.72090464931597,46.72090464931597,True,covered,0.4947581380708237,93.44180929863194,shared_semantic_recoding_50_percent,shared_publication_test,1451,115,311,25,311,25,1738,1738,,shared_semantic_dataset,,Ref-144-Research,Ref-144-Research
elastic_net_split_conformal,Elastic Net,shared_publication_held_out,test,0.9,167,135.0,129.45669917430925,82.73579452499328,176.17760382362522,5.54330082569075,5.54330082569075,30.72818404410375,93.44180929863194,46.72090464931597,46.72090464931597,True,covered,0.11864712096861994,93.44180929863194,shared_semantic_recoding_50_percent,shared_publication_test,1451,115,311,25,311,25,1739,1739,,shared_semantic_dataset,,Ref-144-Research,Ref-144-Research
elastic_net_split_conformal,Elastic Net,shared_publication_held_out,test,0.9,168,142.0,143.83519903357143,97.11429438425546,190.5561036828874,-1.8351990335714277,1.8351990335714277,3.367955492821502,93.44180929863194,46.72090464931597,46.72090464931597,True,covered,0.03928004064446763,93.44180929863194,shared_semantic_recoding_50_percent,shared_publication_test,1451,115,311,25,311,25,1740,1740,,shared_semantic_dataset,,Ref-144-Research,Ref-144-Research
elastic_net_split_conformal,Elastic Net,shared_publication_held_out,test,0.9,169,141.0,131.88050144665135,85.15959679733538,178.60140609596732,9.119498553348649,9.119498553348649,83.1652538645281,93.44180929863194,46.72090464931597,46.72090464931597,True,covered,0.19519096690868903,93.44180929863194,shared_semantic_recoding_50_percent,shared_publication_test,1451,115,311,25,311,25,1741,1741,,shared_semantic_dataset,,Ref-144-Research,Ref-144-Research
elastic_net_split_conformal,Elastic Net,shared_publication_held_out,test,0.9,170,149.0,129.8227615978093,83.10185694849332,176.54366624712526,19.17723840219071,19.17723840219071,367.7664727344581,93.44180929863194,46.72090464931597,46.72090464931597,True,covered,0.41046376447831645,93.44180929863194,shared_semantic_recoding_50_percent,shared_publication_test,1451,115,311,25,311,25,1742,1742,,shared_semantic_dataset,,Ref-144-Research,Ref-144-Research
elastic_net_split_conformal,Elastic Net,shared_publication_held_out,test,0.9,171,179.0,144.1332101148977,97.41230546558174,190.85411476421368,34.86678988510229,34.86678988510229,1215.6930368918715,93.44180929863194,46.72090464931597,46.72090464931597,True,covered,0.7462781413761167,93.44180929863194,shared_semantic_recoding_50_percent,shared_publication_test,1451,115,311,25,311,25,1743,1743,,shared_semantic_dataset,,Ref-144-Research,Ref-144-Research
elastic_net_split_conformal,Elastic Net,shared_publication_held_out,test,0.9,172,90.0,127.24891476354234,80.52801011422638,173.96981941285833,-37.248914763542345,37.248914763542345,1387.4816510616429,93.44180929863195,46.720904649315976,46.72090464931597,True,covered,0.7972644160709267,93.44180929863195,shared_semantic_recoding_50_percent,shared_publication_test,1451,115,311,25,311,25,1744,1744,,shared_semantic_dataset,,Ref-144-Research,Ref-144-Research
elastic_net_split_conformal,Elastic Net,shared_publication_held_out,test,0.9,173,151.0,132.48389724068633,85.76299259137036,179.2048018900023,18.516102759313668,18.516102759313668,342.84606139346323,93.44180929863194,46.72090464931597,46.72090464931597,True,covered,0.39631301872886054,93.44180929863194,shared_semantic_recoding_50_percent,shared_publication_test,1451,115,311,25,311,25,1745,1745,,shared_semantic_dataset,,Ref-144-Research,Ref-144-Research
elastic_net_split_conformal,Elastic Net,shared_publication_held_out,test,0.9,174,125.0,132.6039844704101,85.88307982109413,179.32488911972607,-7.603984470410097,7.603984470410097,57.820579826237925,93.44180929863194,46.72090464931597,46.72090464931597,True,covered,0.16275336548992583,93.44180929863194,shared_semantic_recoding_50_percent,shared_publication_test,1451,115,311,25,311,25,1746,1746,,shared_semantic_dataset,,Ref-144-Research,Ref-144-Research
elastic_net_split_conformal,Elastic Net,shared_publication_held_out,test,0.9,175,116.0,133.77103730965564,87.05013266033967,180.4919419589716,-17.77103730965564,17.77103730965564,315.80976706117275,93.44180929863194,46.72090464931597,46.72090464931597,True,covered,0.38036586498150826,93.44180929863194,shared_semantic_recoding_50_percent,shared_publication_test,1451,115,311,25,311,25,1747,1747,,shared_semantic_dataset,,Ref-144-Research,Ref-144-Research
elastic_net_split_conformal,Elastic Net,shared_publication_held_out,test,0.9,176,108.0,130.8735045574314,84.15259990811543,177.59440920674737,-22.873504557431403,22.873504557431403,523.1972107388351,93.44180929863194,46.72090464931597,46.72090464931597,True,covered,0.48957751843887487,93.44180929863194,shared_semantic_recoding_50_percent,shared_publication_test,1451,115,311,25,311,25,1748,1748,,shared_semantic_dataset,,Ref-144-Research,Ref-144-Research
elastic_net_split_conformal,Elastic Net,shared_publication_held_out,test,0.9,177,128.0,129.71359975399807,82.9926951046821,176.43450440331404,-1.7135997539980679,1.7135997539980679,2.9364241169022387,93.44180929863194,46.72090464931597,46.72090464931597,True,covered,0.03667736673466053,93.44180929863194,shared_semantic_recoding_50_percent,shared_publication_test,1451,115,311,25,311,25,1749,1749,,shared_semantic_dataset,,Ref-144-Research,Ref-144-Research
elastic_net_split_conformal,Elastic Net,shared_publication_held_out,test,0.9,178,125.0,131.2007644932948,84.47985984397883,177.92166914261077,-6.200764493294798,6.200764493294798,38.4494803013055,93.44180929863194,46.72090464931597,46.72090464931597,True,covered,0.1327192728787537,93.44180929863194,shared_semantic_recoding_50_percent,shared_publication_test,1451,115,311,25,311,25,1750,1750,,shared_semantic_dataset,,Ref-144-Research,Ref-144-Research
elastic_net_split_conformal,Elastic Net,shared_publication_held_out,test,0.9,179,114.0,130.00446498746575,83.28356033814978,176.72536963678172,-16.004464987465752,16.004464987465752,256.14289953501714,93.44180929863194,46.72090464931597,46.72090464931597,True,covered,0.3425546895462366,93.44180929863194,shared_semantic_recoding_50_percent,shared_publication_test,1451,115,311,25,311,25,1751,1751,,shared_semantic_dataset,,Ref-144-Research,Ref-144-Research
elastic_net_split_conformal,Elastic Net,shared_publication_held_out,test,0.9,180,182.0,146.8445378040049,100.12363315468892,193.56544245332086,35.15546219599511,35.15546219599511,1235.9065222140416,93.44180929863194,46.72090464931597,46.72090464931597,True,covered,0.7524567955151916,93.44180929863194,shared_semantic_recoding_50_percent,shared_publication_test,1451,115,311,25,311,25,1752,1752,,shared_semantic_dataset,,Ref-144-Research,Ref-144-Research
elastic_net_split_conformal,Elastic Net,shared_publication_held_out,test,0.9,181,142.0,133.75273829236065,87.03183364304468,180.47364294167662,8.247261707639353,8.247261707639353,68.01732567429438,93.44180929863194,46.72090464931597,46.72090464931597,True,covered,0.17652187536912559,93.44180929863194,shared_semantic_recoding_50_percent,shared_publication_test,1451,115,311,25,311,25,1753,1753,,shared_semantic_dataset,,Ref-144-Research,Ref-144-Research
elastic_net_split_conformal,Elastic Net,shared_publication_held_out,test,0.9,182,150.0,133.75273829236065,87.03183364304468,180.47364294167662,16.247261707639353,16.247261707639353,263.97351299652405,93.44180929863194,46.72090464931597,46.72090464931597,True,covered,0.3477514365269729,93.44180929863194,shared_semantic_recoding_50_percent,shared_publication_test,1451,115,311,25,311,25,1754,1754,,shared_semantic_dataset,,Ref-144-Research,Ref-144-Research
elastic_net_split_conformal,Elastic Net,shared_publication_held_out,test,0.9,183,155.0,132.80735537511978,86.08645072580381,179.52826002443575,22.192644624880216,22.192644624880216,492.5134754462248,93.44180929863194,46.72090464931597,46.72090464931597,True,covered,0.4750046000062872,93.44180929863194,shared_semantic_recoding_50_percent,shared_publication_test,1451,115,311,25,311,25,1755,1755,,shared_semantic_dataset,,Ref-144-Research,Ref-144-Research
elastic_net_split_conformal,Elastic Net,shared_publication_held_out,test,0.9,184,132.0,131.5824903653251,84.86158571600913,178.30339501464107,0.4175096346749001,0.4175096346749001,0.17431429504636856,93.44180929863194,46.72090464931597,46.72090464931597,True,covered,0.008936248940569535,93.44180929863194,shared_semantic_recoding_50_percent,shared_publication_test,1451,115,311,25,311,25,1756,1756,,shared_semantic_dataset,,Ref-144-Research,Ref-144-Research
elastic_net_split_conformal,Elastic Net,shared_publication_held_out,test,0.9,185,143.0,132.42228326870725,85.70137861939128,179.14318791802322,10.577716731292753,10.577716731292753,111.88809124747064,93.44180929863194,46.72090464931597,46.72090464931597,True,covered,0.2264022242439096,93.44180929863194,shared_semantic_recoding_50_percent,shared_publication_test,1451,115,311,25,311,25,1757,1757,,shared_semantic_dataset,,Ref-144-Research,Ref-144-Research
elastic_net_split_conformal,Elastic Net,shared_publication_held_out,test,0.9,186,151.0,142.7228421019702,96.00193745265423,189.44374675128617,8.277157898029799,8.277157898029799,68.51134286891708,93.44180929863194,46.72090464931597,46.72090464931597,True,covered,0.1771617643142315,93.44180929863194,shared_semantic_recoding_50_percent,shared_publication_test,1451,115,311,25,311,25,1758,1758,,shared_semantic_dataset,,Ref-144-Research,Ref-144-Research
elastic_net_split_conformal,Elastic Net,shared_publication_held_out,test,0.9,187,111.0,132.06600444978415,85.34509980046818,178.78690909910011,-21.066004449784145,21.066004449784145,443.77654347832544,93.44180929863194,46.72090464931597,46.72090464931597,True,covered,0.45089033716072463,93.44180929863194,shared_semantic_recoding_50_percent,shared_publication_test,1451,115,311,25,311,25,1759,1759,,shared_semantic_dataset,,Ref-144-Research,Ref-144-Research
elastic_net_split_conformal,Elastic Net,shared_publication_held_out,test,0.9,188,166.0,147.40370683349755,100.68280218418158,194.12461148281352,18.59629316650245,18.59629316650245,345.82211953450565,93.44180929863194,46.72090464931597,46.72090464931597,True,covered,0.39802938975786106,93.44180929863194,shared_semantic_recoding_50_percent,shared_publication_test,1451,115,311,25,311,25,1760,1760,,shared_semantic_dataset,,Ref-144-Research,Ref-144-Research
elastic_net_split_conformal,Elastic Net,shared_publication_held_out,test,0.9,189,132.0,131.2007644932948,84.47985984397883,177.92166914261077,0.7992355067052017,0.7992355067052017,0.6387773951783206,93.44180929863194,46.72090464931597,46.72090464931597,True,covered,0.017106593134362674,93.44180929863194,shared_semantic_recoding_50_percent,shared_publication_test,1451,115,311,25,311,25,1761,1761,,shared_semantic_dataset,,Ref-144-Research,Ref-144-Research
elastic_net_split_conformal,Elastic Net,shared_publication_held_out,test,0.9,190,105.0,131.3643944612265,84.64348981191054,178.08529911054248,-26.36439446122651,26.36439446122651,695.0812953071511,93.44180929863194,46.72090464931597,46.72090464931597,True,covered,0.5642954617235243,93.44180929863194,shared_semantic_recoding_50_percent,shared_publication_test,1451,115,311,25,311,25,1762,1762,,shared_semantic_dataset,,Ref-144-Research,Ref-144-Research
elastic_net_split_conformal,Elastic Net,shared_publication_held_out,test,0.9,191,106.0,132.39326438564754,85.67235973633157,179.1141690349635,-26.39326438564754,26.39326438564754,696.6044049306909,93.44180929863194,46.72090464931597,46.72090464931597,True,covered,0.5649133847846836,93.44180929863194,shared_semantic_recoding_50_percent,shared_publication_test,1451,115,311,25,311,25,1763,1763,,shared_semantic_dataset,,Ref-144-Research,Ref-144-Research
elastic_net_split_conformal,Elastic Net,shared_publication_held_out,test,0.9,192,123.0,134.45100423448963,87.73009958517366,181.1719088838056,-11.45100423448963,11.45100423448963,131.12549797829945,93.44180929863194,46.72090464931597,46.72090464931597,True,covered,0.24509380373603878,93.44180929863194,shared_semantic_recoding_50_percent,shared_publication_test,1451,115,311,25,311,25,1764,1764,,shared_semantic_dataset,,Ref-144-Research,Ref-144-Research
elastic_net_split_conformal,Elastic Net,shared_publication_held_out,test,0.9,193,135.0,133.51253938158354,86.79163473226757,180.2334440308995,1.4874606184164634,1.4874606184164634,2.2125390913398877,93.44180929863194,46.72090464931597,46.72090464931597,True,covered,0.03183715361637889,93.44180929863194,shared_semantic_recoding_50_percent,shared_publication_test,1451,115,311,25,311,25,1765,1765,,shared_semantic_dataset,,Ref-144-Research,Ref-144-Research
elastic_net_split_conformal,Elastic Net,shared_publication_held_out,test,0.9,194,96.0,129.30665461238442,82.58574996306845,176.0275592617004,-33.30665461238442,33.30665461238442,1109.3332414686683,93.44180929863194,46.72090464931597,46.72090464931597,True,covered,0.7128854816143217,93.44180929863194,shared_semantic_recoding_50_percent,shared_publication_test,1451,115,311,25,311,25,1766,1766,,shared_semantic_dataset,,Ref-144-Research,Ref-144-Research
elastic_net_split_conformal,Elastic Net,shared_publication_held_out,test,0.9,195,134.0,143.83519903357143,97.11429438425546,190.5561036828874,-9.835199033571428,9.835199033571428,96.73114002996435,93.44180929863194,46.72090464931597,46.72090464931597,True,covered,0.2105096018023149,93.44180929863194,shared_semantic_recoding_50_percent,shared_publication_test,1451,115,311,25,311,25,1767,1767,,shared_semantic_dataset,,Ref-144-Research,Ref-144-Research
elastic_net_split_conformal,Elastic Net,shared_publication_held_out,test,0.9,196,153.0,133.73086306920595,87.00995841988998,180.45176771852192,19.269136930794048,19.269136930794048,371.299638057691,93.44180929863194,46.72090464931597,46.72090464931597,True,covered,0.41243073256879165,93.44180929863194,shared_semantic_recoding_50_percent,shared_publication_test,1451,115,311,25,311,25,1768,1768,,shared_semantic_dataset,,Ref-144-Research,Ref-144-Research
elastic_net_split_conformal,Elastic Net,shared_publication_held_out,test,0.9,197,145.0,131.61508326629087,84.8941786169749,178.33598791560684,13.384916733709133,13.384916733709133,179.15599596832678,93.44180929863194,46.72090464931597,46.72090464931597,True,covered,0.2864866773059177,93.44180929863194,shared_semantic_recoding_50_percent,shared_publication_test,1451,115,311,25,311,25,1769,1769,,shared_semantic_dataset,,Ref-144-Research,Ref-144-Research
elastic_net_split_conformal,Elastic Net,shared_publication_held_out,test,0.9,198,140.0,131.82960734043698,85.10870269112101,178.55051198975295,8.17039265956302,8.17039265956302,66.7553162114413,93.44180929863194,46.72090464931597,46.72090464931597,True,covered,0.1748765936980341,93.44180929863194,shared_semantic_recoding_50_percent,shared_publication_test,1451,115,311,25,311,25,1770,1770,,shared_semantic_dataset,,Ref-144-Research,Ref-144-Research
elastic_net_split_conformal,Elastic Net,shared_publication_held_out,test,0.9,199,181.0,147.18895497582764,100.46805032651167,193.9098596251436,33.81104502417236,33.81104502417236,1143.1867656266104,93.44180929863194,46.72090464931597,46.72090464931597,True,covered,0.723681300222156,93.44180929863194,shared_semantic_recoding_50_percent,shared_publication_test,1451,115,311,25,311,25,1771,1771,,shared_semantic_dataset,,Ref-144-Research,Ref-144-Research
elastic_net_split_conformal,Elastic Net,shared_publication_held_out,test,0.9,200,138.0,131.61508326629087,84.8941786169749,178.33598791560684,6.384916733709133,6.384916733709133,40.7671616963989,93.44180929863194,46.72090464931597,46.72090464931597,True,covered,0.1366608112928013,93.44180929863194,shared_semantic_recoding_50_percent,shared_publication_test,1451,115,311,25,311,25,1772,1772,,shared_semantic_dataset,,Ref-144-Research,Ref-144-Research
elastic_net_split_conformal,Elastic Net,shared_publication_held_out,test,0.9,201,146.0,144.1332101148977,97.41230546558174,190.85411476421368,1.8667898851022926,1.8667898851022926,3.484904475120231,93.44180929863194,46.72090464931597,46.72090464931597,True,covered,0.039956201599996716,93.44180929863194,shared_semantic_recoding_50_percent,shared_publication_test,1451,115,311,25,311,25,1773,1773,,shared_semantic_dataset,,Ref-144-Research,Ref-144-Research
elastic_net_split_conformal,Elastic Net,shared_publication_held_out,test,0.9,202,141.0,133.51253938158354,86.79163473226757,180.2334440308995,7.487460618416463,7.487460618416463,56.062066512337445,93.44180929863194,46.72090464931597,46.72090464931597,True,covered,0.16025932448476435,93.44180929863194,shared_semantic_recoding_50_percent,shared_publication_test,1451,115,311,25,311,25,1774,1774,,shared_semantic_dataset,,Ref-144-Research,Ref-144-Research
elastic_net_split_conformal,Elastic Net,shared_publication_held_out,test,0.9,203,156.0,142.7228421019702,96.00193745265423,189.44374675128617,13.277157898029799,13.277157898029799,176.28292184921506,93.44180929863194,46.72090464931597,46.72090464931597,True,covered,0.28418024003788606,93.44180929863194,shared_semantic_recoding_50_percent,shared_publication_test,1451,115,311,25,311,25,1775,1775,,shared_semantic_dataset,,Ref-144-Research,Ref-144-Research
elastic_net_split_conformal,Elastic Net,shared_publication_held_out,test,0.9,204,157.0,131.93831361720052,85.21740896788455,178.6592182665165,25.06168638279948,25.06168638279948,628.0881243497969,93.44180929863194,46.72090464931597,46.72090464931597,True,covered,0.536412695150294,93.44180929863194,shared_semantic_recoding_50_percent,shared_publication_test,1451,115,311,25,311,25,1776,1776,,shared_semantic_dataset,,Ref-144-Research,Ref-144-Research
elastic_net_split_conformal,Elastic Net,shared_publication_held_out,test,0.9,205,135.0,132.04413141458306,85.3232267652671,178.76503606389903,2.955868585416937,2.955868585416937,8.737159094254723,93.44180929863194,46.72090464931597,46.72090464931597,True,covered,0.06326651009015112,93.44180929863194,shared_semantic_recoding_50_percent,shared_publication_test,1451,115,311,25,311,25,1777,1777,,shared_semantic_dataset,,Ref-144-Research,Ref-144-Research
elastic_net_split_conformal,Elastic Net,shared_publication_held_out,test,0.9,206,200.0,148.30131190742887,101.5804072581129,195.02221655674484,51.69868809257113,51.69868809257113,2672.7543504929563,93.44180929863194,46.72090464931597,46.72090464931597,False,above_interval_underprediction,1.1065429593159224,192.9974781637352,shared_semantic_recoding_50_percent,shared_publication_test,1451,115,311,25,311,25,1778,1778,,shared_semantic_dataset,,Ref-144-Research,Ref-144-Research
elastic_net_split_conformal,Elastic Net,shared_publication_held_out,test,0.9,207,144.0,132.12761842176323,85.40671377244726,178.8485230710792,11.87238157823677,11.87238157823677,140.9534443392558,93.44180929863194,46.72090464931597,46.72090464931597,True,covered,0.25411283594249906,93.44180929863194,shared_semantic_recoding_50_percent,shared_publication_test,1451,115,311,25,311,25,1779,1779,,shared_semantic_dataset,,Ref-144-Research,Ref-144-Research
elastic_net_split_conformal,Elastic Net,shared_publication_held_out,test,0.9,208,166.0,147.40370683349755,100.68280218418158,194.12461148281352,18.59629316650245,18.59629316650245,345.82211953450565,93.44180929863194,46.72090464931597,46.72090464931597,True,covered,0.39802938975786106,93.44180929863194,shared_semantic_recoding_50_percent,shared_publication_test,1451,115,311,25,311,25,1780,1780,,shared_semantic_dataset,,Ref-144-Research,Ref-144-Research
elastic_net_split_conformal,Elastic Net,shared_publication_held_out,test,0.9,209,143.0,132.48389724068633,85.76299259137036,179.2048018900023,10.516102759313668,10.516102759313668,110.58841724444454,93.44180929863194,46.72090464931597,46.72090464931597,True,covered,0.22508345757101328,93.44180929863194,shared_semantic_recoding_50_percent,shared_publication_test,1451,115,311,25,311,25,1781,1781,,shared_semantic_dataset,,Ref-144-Research,Ref-144-Research
elastic_net_split_conformal,Elastic Net,shared_publication_held_out,test,0.9,210,93.0,128.2777846879634,81.55688003864742,174.99868933727936,-35.27778468796339,35.27778468796339,1244.5220924903042,93.44180929863194,46.72090464931597,46.72090464931597,True,covered,0.7550749488426245,93.44180929863194,shared_semantic_recoding_50_percent,shared_publication_test,1451,115,311,25,311,25,1782,1782,,shared_semantic_dataset,,Ref-144-Research,Ref-144-Research
elastic_net_split_conformal,Elastic Net,shared_publication_held_out,test,0.9,211,194.0,146.8445378040049,100.12363315468892,193.56544245332086,47.15546219599511,47.15546219599511,2223.637614917924,93.44180929863194,46.72090464931597,46.72090464931597,False,above_interval_underprediction,1.0093011372519627,102.13296023221483,shared_semantic_recoding_50_percent,shared_publication_test,1451,115,311,25,311,25,1783,1783,,shared_semantic_dataset,,Ref-144-Research,Ref-144-Research
elastic_net_split_conformal,Elastic Net,shared_publication_held_out,test,0.9,212,185.0,150.8171187876228,104.09621413830683,197.53802343693877,34.1828812123772,34.1828812123772,1168.46936797949,93.44180929863194,46.72090464931597,46.72090464931597,True,covered,0.7316399686382713,93.44180929863194,shared_semantic_recoding_50_percent,shared_publication_test,1451,115,311,25,311,25,1784,1784,,shared_semantic_dataset,,Ref-144-Research,Ref-144-Research
elastic_net_split_conformal,Elastic Net,shared_publication_held_out,test,0.9,213,174.0,147.40370683349755,100.68280218418158,194.12461148281352,26.59629316650245,26.59629316650245,707.3628101985448,93.44180929863194,46.72090464931597,46.72090464931597,True,covered,0.5692589509157083,93.44180929863194,shared_semantic_recoding_50_percent,shared_publication_test,1451,115,311,25,311,25,1785,1785,,shared_semantic_dataset,,Ref-144-Research,Ref-144-Research
elastic_net_split_conformal,Elastic Net,shared_publication_held_out,test,0.9,214,147.0,143.40257905532675,96.68167440601079,190.12348370464272,3.597420944673246,3.597420944673246,12.94143745317375,93.44180929863194,46.72090464931597,46.72090464931597,True,covered,0.07699810120705604,93.44180929863194,shared_semantic_recoding_50_percent,shared_publication_test,1451,115,311,25,311,25,1786,1786,,shared_semantic_dataset,,Ref-144-Research,Ref-144-Research
elastic_net_split_conformal,Elastic Net,shared_publication_held_out,test,0.9,215,114.0,133.42213431006857,86.7012296607526,180.14303895938454,-19.42213431006857,19.42213431006857,377.2193011583428,93.44180929863194,46.72090464931597,46.72090464931597,True,covered,0.4157054418327263,93.44180929863194,shared_semantic_recoding_50_percent,shared_publication_test,1451,115,311,25,311,25,1787,1787,,shared_semantic_dataset,,Ref-144-Research,Ref-144-Research
elastic_net_split_conformal,Elastic Net,shared_publication_held_out,test,0.9,216,196.0,149.27928772563553,102.55838307631956,196.0001923749515,46.72071227436447,46.72071227436447,2182.824955423951,93.44180929863194,46.72090464931597,46.72090464931597,True,covered,0.9999958824651847,93.44180929863194,shared_semantic_recoding_50_percent,shared_publication_test,1451,115,311,25,311,25,1788,1788,,shared_semantic_dataset,,Ref-144-Research,Ref-144-Research
elastic_net_split_conformal,Elastic Net,shared_publication_held_out,test,0.9,217,201.0,160.45123789077746,113.7303332414615,207.17214254009343,40.54876210922254,40.54876210922254,1644.2021085903214,93.44180929863194,46.72090464931597,46.72090464931597,True,covered,0.8678933426820151,93.44180929863194,shared_semantic_recoding_50_percent,shared_publication_test,1451,115,311,25,311,25,1789,1789,,shared_semantic_dataset,,Ref-144-Research,Ref-144-Research
elastic_net_split_conformal,Elastic Net,shared_publication_held_out,test,0.9,218,173.0,149.58367796587524,102.86277331655927,196.3045826151912,23.41632203412476,23.41632203412476,548.3241376058368,93.44180929863194,46.72090464931597,46.72090464931597,True,covered,0.5011958182292515,93.44180929863194,shared_semantic_recoding_50_percent,shared_publication_test,1451,115,311,25,311,25,1790,1790,,shared_semantic_dataset,,Ref-144-Research,Ref-144-Research
elastic_net_split_conformal,Elastic Net,shared_publication_held_out,test,0.9,219,178.0,147.50049106392595,100.77958641460998,194.22139571324192,30.49950893607405,30.49950893607405,930.2200453416609,93.44180929863194,46.72090464931597,46.72090464931597,True,covered,0.6528021913317251,93.44180929863194,shared_semantic_recoding_50_percent,shared_publication_test,1451,115,311,25,311,25,1791,1791,,shared_semantic_dataset,,Ref-144-Research,Ref-144-Research
elastic_net_split_conformal,Elastic Net,shared_publication_held_out,test,0.9,220,159.0,146.07273803151529,99.35183338219932,192.79364268083125,12.927261968484714,12.927261968484714,167.1141020018313,93.44180929863194,46.72090464931597,46.72090464931597,True,covered,0.27669117422952083,93.44180929863194,shared_semantic_recoding_50_percent,shared_publication_test,1451,115,311,25,311,25,1792,1792,,shared_semantic_dataset,,Ref-144-Research,Ref-144-Research
elastic_net_split_conformal,Elastic Net,shared_publication_held_out,test,0.9,221,171.0,160.45123789077746,113.7303332414615,207.17214254009343,10.548762109222537,10.548762109222537,111.2763820369691,93.44180929863194,46.72090464931597,46.72090464931597,True,covered,0.2257824883400878,93.44180929863194,shared_semantic_recoding_50_percent,shared_publication_test,1451,115,311,25,311,25,1793,1793,,shared_semantic_dataset,,Ref-144-Research,Ref-144-Research
elastic_net_split_conformal,Elastic Net,shared_publication_held_out,test,0.9,222,165.0,148.49654030385736,101.77563565454139,195.21744495317333,16.50345969614264,16.50345969614264,272.3641819422046,93.44180929863194,46.72090464931597,46.72090464931597,True,covered,0.3532350201695905,93.44180929863194,shared_semantic_recoding_50_percent,shared_publication_test,1451,115,311,25,311,25,1794,1794,,shared_semantic_dataset,,Ref-144-Research,Ref-144-Research
elastic_net_split_conformal,Elastic Net,shared_publication_held_out,test,0.9,223,173.0,146.4388004550153,99.71789580569933,193.15970510433127,26.561199544984703,26.561199544984703,705.4973212684956,93.44180929863194,46.72090464931597,46.72090464931597,True,covered,0.568507817739218,93.44180929863194,shared_semantic_recoding_50_percent,shared_publication_test,1451,115,311,25,311,25,1795,1795,,shared_semantic_dataset,,Ref-144-Research,Ref-144-Research
elastic_net_split_conformal,Elastic Net,shared_publication_held_out,test,0.9,224,208.0,160.74924897210371,114.02834432278775,207.47015362141968,47.250751027896285,47.250751027896285,2232.633472700242,93.44180929863194,46.72090464931597,46.72090464931597,False,above_interval_underprediction,1.0113406703606729,104.03873687023827,shared_semantic_recoding_50_percent,shared_publication_test,1451,115,311,25,311,25,1796,1796,,shared_semantic_dataset,,Ref-144-Research,Ref-144-Research
elastic_net_split_conformal,Elastic Net,shared_publication_held_out,test,0.9,225,104.0,143.86495362074837,97.1440489714324,190.58585827006434,-39.864953620748366,39.864953620748366,1589.2145271844183,93.44180929863194,46.72090464931597,46.72090464931597,True,covered,0.8532573142573348,93.44180929863194,shared_semantic_recoding_50_percent,shared_publication_test,1451,115,311,25,311,25,1797,1797,,shared_semantic_dataset,,Ref-144-Research,Ref-144-Research
elastic_net_split_conformal,Elastic Net,shared_publication_held_out,test,0.9,226,175.0,149.09993609789234,102.37903144857637,195.8208407472083,25.90006390210766,25.90006390210766,670.8133101332603,93.44180929863194,46.72090464931597,46.72090464931597,True,covered,0.554357071989762,93.44180929863194,shared_semantic_recoding_50_percent,shared_publication_test,1451,115,311,25,311,25,1798,1798,,shared_semantic_dataset,,Ref-144-Research,Ref-144-Research
elastic_net_split_conformal,Elastic Net,shared_publication_held_out,test,0.9,227,149.0,149.2200233276161,102.49911867830014,195.94092797693207,-0.22002332761610432,0.22002332761610432,0.04841026469526358,93.44180929863194,46.72090464931597,46.72090464931597,True,covered,0.00470931222902435,93.44180929863194,shared_semantic_recoding_50_percent,shared_publication_test,1451,115,311,25,311,25,1799,1799,,shared_semantic_dataset,,Ref-144-Research,Ref-144-Research
elastic_net_split_conformal,Elastic Net,shared_publication_held_out,test,0.9,228,140.0,150.38707616686165,103.66617151754568,197.10798081617762,-10.387076166861647,10.387076166861647,107.89135129618523,93.44180929863194,46.72090464931597,46.72090464931597,True,covered,0.22232181172060678,93.44180929863194,shared_semantic_recoding_50_percent,shared_publication_test,1451,115,311,25,311,25,1800,1800,,shared_semantic_dataset,,Ref-144-Research,Ref-144-Research
elastic_net_split_conformal,Elastic Net,shared_publication_held_out,test,0.9,229,132.0,147.4895434146374,100.76863876532144,194.21044806395338,-15.48954341463741,15.48954341463741,239.92595519393714,93.44180929863194,46.72090464931597,46.72090464931597,True,covered,0.3315334651779734,93.44180929863194,shared_semantic_recoding_50_percent,shared_publication_test,1451,115,311,25,311,25,1801,1801,,shared_semantic_dataset,,Ref-144-Research,Ref-144-Research
elastic_net_split_conformal,Elastic Net,shared_publication_held_out,test,0.9,230,152.0,146.32963861120408,99.6087339618881,193.05054326052004,5.670361388795925,5.670361388795925,32.15299827954765,93.44180929863194,46.72090464931597,46.72090464931597,True,covered,0.12136668652624095,93.44180929863194,shared_semantic_recoding_50_percent,shared_publication_test,1451,115,311,25,311,25,1802,1802,,shared_semantic_dataset,,Ref-144-Research,Ref-144-Research
elastic_net_split_conformal,Elastic Net,shared_publication_held_out,test,0.9,231,149.0,147.8168033505008,101.09589870118484,194.53770799981677,1.1831966494991946,1.1831966494991946,1.39995431138612,93.44180929863194,46.72090464931597,46.72090464931597,True,covered,0.02532478038214779,93.44180929863194,shared_semantic_recoding_50_percent,shared_publication_test,1451,115,311,25,311,25,1803,1803,,shared_semantic_dataset,,Ref-144-Research,Ref-144-Research
elastic_net_split_conformal,Elastic Net,shared_publication_held_out,test,0.9,232,138.0,146.62050384467176,99.89959919535579,193.34140849398773,-8.62050384467176,8.62050384467176,74.31308653600058,93.44180929863194,46.72090464931597,46.72090464931597,True,covered,0.18451063628533507,93.44180929863194,shared_semantic_recoding_50_percent,shared_publication_test,1451,115,311,25,311,25,1804,1804,,shared_semantic_dataset,,Ref-144-Research,Ref-144-Research
elastic_net_split_conformal,Elastic Net,shared_publication_held_out,test,0.9,233,211.0,163.4605766612109,116.73967201189492,210.18148131052686,47.539423338789106,47.539423338789106,2259.9967713846063,93.44180929863194,46.72090464931597,46.72090464931597,False,above_interval_underprediction,1.0175193244997478,109.81218308809468,shared_semantic_recoding_50_percent,shared_publication_test,1451,115,311,25,311,25,1805,1805,,shared_semantic_dataset,,Ref-144-Research,Ref-144-Research
elastic_net_split_conformal,Elastic Net,shared_publication_held_out,test,0.9,234,166.0,150.36877714956665,103.64787250025068,197.08968179888262,15.631222850433346,15.631222850433346,244.33512779990957,93.44180929863194,46.72090464931597,46.72090464931597,True,covered,0.33456592863002704,93.44180929863194,shared_semantic_recoding_50_percent,shared_publication_test,1451,115,311,25,311,25,1806,1806,,shared_semantic_dataset,,Ref-144-Research,Ref-144-Research
elastic_net_split_conformal,Elastic Net,shared_publication_held_out,test,0.9,235,174.0,150.36877714956665,103.64787250025068,197.08968179888262,23.631222850433346,23.631222850433346,558.4346934068432,93.44180929863194,46.72090464931597,46.72090464931597,True,covered,0.5057954897878744,93.44180929863194,shared_semantic_recoding_50_percent,shared_publication_test,1451,115,311,25,311,25,1807,1807,,shared_semantic_dataset,,Ref-144-Research,Ref-144-Research
elastic_net_split_conformal,Elastic Net,shared_publication_held_out,test,0.9,236,179.0,149.42339423232582,102.70248958300985,196.1442988816418,29.57660576767418,29.57660576767418,874.7756087364177,93.44180929863194,46.72090464931597,46.72090464931597,True,covered,0.6330486532671881,93.44180929863194,shared_semantic_recoding_50_percent,shared_publication_test,1451,115,311,25,311,25,1808,1808,,shared_semantic_dataset,,Ref-144-Research,Ref-144-Research
elastic_net_split_conformal,Elastic Net,shared_publication_held_out,test,0.9,237,156.0,148.1985292225311,101.47762457321514,194.91943387184708,7.801470777468893,7.801470777468893,60.86294629170109,93.44180929863194,46.72090464931597,46.72090464931597,True,covered,0.16698030220147103,93.44180929863194,shared_semantic_recoding_50_percent,shared_publication_test,1451,115,311,25,311,25,1809,1809,,shared_semantic_dataset,,Ref-144-Research,Ref-144-Research
elastic_net_split_conformal,Elastic Net,shared_publication_held_out,test,0.9,238,167.0,149.03832212591325,102.31741747659729,195.75922677522922,17.961677874086746,17.961677874086746,322.6218720524574,93.44180929863194,46.72090464931597,46.72090464931597,True,covered,0.3844462775048111,93.44180929863194,shared_semantic_recoding_50_percent,shared_publication_test,1451,115,311,25,311,25,1810,1810,,shared_semantic_dataset,,Ref-144-Research,Ref-144-Research
elastic_net_split_conformal,Elastic Net,shared_publication_held_out,test,0.9,239,180.0,159.33888095917624,112.61797630986027,206.0597856084922,20.661119040823763,20.661119040823763,426.88184001909025,93.44180929863194,46.72090464931597,46.72090464931597,True,covered,0.44222429329878693,93.44180929863194,shared_semantic_recoding_50_percent,shared_publication_test,1451,115,311,25,311,25,1811,1811,,shared_semantic_dataset,,Ref-144-Research,Ref-144-Research
elastic_net_split_conformal,Elastic Net,shared_publication_held_out,test,0.9,240,135.0,148.68204330699015,101.96113865767418,195.40294795630612,-13.682043306990153,13.682043306990153,187.19830905435404,93.44180929863194,46.72090464931597,46.72090464931597,True,covered,0.29284628389982315,93.44180929863194,shared_semantic_recoding_50_percent,shared_publication_test,1451,115,311,25,311,25,1812,1812,,shared_semantic_dataset,,Ref-144-Research,Ref-144-Research
elastic_net_split_conformal,Elastic Net,shared_publication_held_out,test,0.9,241,195.0,164.01974569070356,117.29884104138759,210.74065034001953,30.98025430929644,30.98025430929644,959.7761570686807,93.44180929863194,46.72090464931597,46.72090464931597,True,covered,0.6630919187424171,93.44180929863194,shared_semantic_recoding_50_percent,shared_publication_test,1451,115,311,25,311,25,1813,1813,,shared_semantic_dataset,,Ref-144-Research,Ref-144-Research
elastic_net_split_conformal,Elastic Net,shared_publication_held_out,test,0.9,242,156.0,147.8168033505008,101.09589870118484,194.53770799981677,8.183196649499195,8.183196649499195,66.96470740437485,93.44180929863194,46.72090464931597,46.72090464931597,True,covered,0.17515064639526415,93.44180929863194,shared_semantic_recoding_50_percent,shared_publication_test,1451,115,311,25,311,25,1814,1814,,shared_semantic_dataset,,Ref-144-Research,Ref-144-Research
elastic_net_split_conformal,Elastic Net,shared_publication_held_out,test,0.9,243,129.0,147.98043331843252,101.25952866911655,194.7013379677485,-18.980433318432517,18.980433318432517,360.2568489554632,93.44180929863194,46.72090464931597,46.72090464931597,True,covered,0.40625140846262286,93.44180929863194,shared_semantic_recoding_50_percent,shared_publication_test,1451,115,311,25,311,25,1815,1815,,shared_semantic_dataset,,Ref-144-Research,Ref-144-Research
elastic_net_split_conformal,Elastic Net,shared_publication_held_out,test,0.9,244,130.0,149.00930324285355,102.28839859353758,195.73020789216952,-19.009303242853548,19.009303242853548,361.3536097787624,93.44180929863194,46.72090464931597,46.72090464931597,True,covered,0.406869331523782,93.44180929863194,shared_semantic_recoding_50_percent,shared_publication_test,1451,115,311,25,311,25,1816,1816,,shared_semantic_dataset,,Ref-144-Research,Ref-144-Research
elastic_net_split_conformal,Elastic Net,shared_publication_held_out,test,0.9,245,147.0,151.06704309169564,104.34613844237967,197.7879477410116,-4.067043091695638,4.067043091695638,16.540839509709212,93.44180929863194,46.72090464931597,46.72090464931597,True,covered,0.08704975047513731,93.44180929863194,shared_semantic_recoding_50_percent,shared_publication_test,1451,115,311,25,311,25,1817,1817,,shared_semantic_dataset,,Ref-144-Research,Ref-144-Research
elastic_net_split_conformal,Elastic Net,shared_publication_held_out,test,0.9,246,159.0,150.12857823878954,103.40767358947357,196.8494828881055,8.871421761210456,8.871421761210456,78.70212406527844,93.44180929863194,46.72090464931597,46.72090464931597,True,covered,0.18988120687728038,93.44180929863194,shared_semantic_recoding_50_percent,shared_publication_test,1451,115,311,25,311,25,1818,1818,,shared_semantic_dataset,,Ref-144-Research,Ref-144-Research
elastic_net_split_conformal,Elastic Net,shared_publication_held_out,test,0.9,247,120.0,145.92269346959043,99.20178882027446,192.6435981189064,-25.922693469590428,25.922693469590428,671.9860367183462,93.44180929863194,46.72090464931597,46.72090464931597,True,covered,0.5548414283534203,93.44180929863194,shared_semantic_recoding_50_percent,shared_publication_test,1451,115,311,25,311,25,1819,1819,,shared_semantic_dataset,,Ref-144-Research,Ref-144-Research
elastic_net_split_conformal,Elastic Net,shared_publication_held_out,test,0.9,248,163.0,160.45123789077746,113.7303332414615,207.17214254009343,2.5487621092225368,2.5487621092225368,6.496188289408514,93.44180929863194,46.72090464931597,46.72090464931597,True,covered,0.05455292718224052,93.44180929863194,shared_semantic_recoding_50_percent,shared_publication_test,1451,115,311,25,311,25,1820,1820,,shared_semantic_dataset,,Ref-144-Research,Ref-144-Research
elastic_net_split_conformal,Elastic Net,shared_publication_held_out,test,0.9,249,177.0,150.34690192641196,103.62599727709599,197.06780657572793,26.65309807358804,26.65309807358804,710.3876369203025,93.44180929863194,46.72090464931597,46.72090464931597,True,covered,0.5704747858296931,93.44180929863194,shared_semantic_recoding_50_percent,shared_publication_test,1451,115,311,25,311,25,1821,1821,,shared_semantic_dataset,,Ref-144-Research,Ref-144-Research
elastic_net_split_conformal,Elastic Net,shared_publication_held_out,test,0.9,250,169.0,148.2311221234969,101.51021747418093,194.95202677281287,20.768877876503097,20.768877876503097,431.3462882490998,93.44180929863194,46.72090464931597,46.72090464931597,True,covered,0.4445307305668186,93.44180929863194,shared_semantic_recoding_50_percent,shared_publication_test,1451,115,311,25,311,25,1822,1822,,shared_semantic_dataset,,Ref-144-Research,Ref-144-Research
elastic_net_split_conformal,Elastic Net,shared_publication_held_out,test,0.9,251,164.0,148.445646197643,101.72474154832702,195.16655084695896,15.554353802357014,15.554353802357014,241.93792220889807,93.44180929863194,46.72090464931597,46.72090464931597,True,covered,0.3329206469589356,93.44180929863194,shared_semantic_recoding_50_percent,shared_publication_test,1451,115,311,25,311,25,1823,1823,,shared_semantic_dataset,,Ref-144-Research,Ref-144-Research
elastic_net_split_conformal,Elastic Net,shared_publication_held_out,test,0.9,252,210.0,163.80499383303365,117.08408918371768,210.52589848234962,46.19500616696635,46.19500616696635,2133.9785947660594,93.44180929863194,46.72090464931597,46.72090464931597,True,covered,0.9887438292067121,93.44180929863194,shared_semantic_recoding_50_percent,shared_publication_test,1451,115,311,25,311,25,1824,1824,,shared_semantic_dataset,,Ref-144-Research,Ref-144-Research
elastic_net_split_conformal,Elastic Net,shared_publication_held_out,test,0.9,253,162.0,148.2311221234969,101.51021747418093,194.95202677281287,13.768877876503097,13.768877876503097,189.58199797805645,93.44180929863194,46.72090464931597,46.72090464931597,True,covered,0.2947048645537022,93.44180929863194,shared_semantic_recoding_50_percent,shared_publication_test,1451,115,311,25,311,25,1825,1825,,shared_semantic_dataset,,Ref-144-Research,Ref-144-Research
elastic_net_split_conformal,Elastic Net,shared_publication_held_out,test,0.9,254,175.0,160.74924897210371,114.02834432278775,207.47015362141968,14.250751027896285,14.250751027896285,203.08390485908703,93.44180929863194,46.72090464931597,46.72090464931597,True,covered,0.30501873058455276,93.44180929863194,shared_semantic_recoding_50_percent,shared_publication_test,1451,115,311,25,311,25,1826,1826,,shared_semantic_dataset,,Ref-144-Research,Ref-144-Research
elastic_net_split_conformal,Elastic Net,shared_publication_held_out,test,0.9,255,165.0,150.12857823878954,103.40767358947357,196.8494828881055,14.871421761210456,14.871421761210456,221.15918519980391,93.44180929863194,46.72090464931597,46.72090464931597,True,covered,0.31830337774566586,93.44180929863194,shared_semantic_recoding_50_percent,shared_publication_test,1451,115,311,25,311,25,1827,1827,,shared_semantic_dataset,,Ref-144-Research,Ref-144-Research
elastic_net_split_conformal,Elastic Net,shared_publication_held_out,test,0.9,256,185.0,159.33888095917624,112.61797630986027,206.0597856084922,25.661119040823763,25.661119040823763,658.4930304273279,93.44180929863194,46.72090464931597,46.72090464931597,True,covered,0.5492427690224415,93.44180929863194,shared_semantic_recoding_50_percent,shared_publication_test,1451,115,311,25,311,25,1828,1828,,shared_semantic_dataset,,Ref-144-Research,Ref-144-Research
elastic_net_split_conformal,Elastic Net,shared_publication_held_out,test,0.9,257,181.0,148.55435247440653,101.83344782509056,195.2752571237225,32.44564752559347,32.44564752559347,1052.7200433550497,93.44180929863194,46.72090464931597,46.72090464931597,True,covered,0.6944567484111954,93.44180929863194,shared_semantic_recoding_50_percent,shared_publication_test,1451,115,311,25,311,25,1829,1829,,shared_semantic_dataset,,Ref-144-Research,Ref-144-Research
elastic_net_split_conformal,Elastic Net,shared_publication_held_out,test,0.9,258,159.0,148.66017027178907,101.9392656224731,195.38107492110504,10.33982972821093,10.33982972821093,106.91207880839451,93.44180929863194,46.72090464931597,46.72090464931597,True,covered,0.2213105633510526,93.44180929863194,shared_semantic_recoding_50_percent,shared_publication_test,1451,115,311,25,311,25,1830,1830,,shared_semantic_dataset,,Ref-144-Research,Ref-144-Research
elastic_net_split_conformal,Elastic Net,shared_publication_held_out,test,0.9,259,229.0,164.91735076463488,118.1964461153189,211.63825541395084,64.08264923536512,64.08264923536512,4106.585933022842,93.44180929863194,46.72090464931597,46.72090464931597,False,above_interval_underprediction,1.3716054883004785,440.6767010196151,shared_semantic_recoding_50_percent,shared_publication_test,1451,115,311,25,311,25,1831,1831,,shared_semantic_dataset,,Ref-144-Research,Ref-144-Research
elastic_net_split_conformal,Elastic Net,shared_publication_held_out,test,0.9,260,168.0,148.74365727896927,102.0227526296533,195.46456192828524,19.256342721030734,19.256342721030734,370.8067349897933,93.44180929863194,46.72090464931597,46.72090464931597,True,covered,0.41215688920339993,93.44180929863194,shared_semantic_recoding_50_percent,shared_publication_test,1451,115,311,25,311,25,1832,1832,,shared_semantic_dataset,,Ref-144-Research,Ref-144-Research
elastic_net_split_conformal,Elastic Net,shared_publication_held_out,test,0.9,261,195.0,164.01974569070356,117.29884104138759,210.74065034001953,30.98025430929644,30.98025430929644,959.7761570686807,93.44180929863194,46.72090464931597,46.72090464931597,True,covered,0.6630919187424171,93.44180929863194,shared_semantic_recoding_50_percent,shared_publication_test,1451,115,311,25,311,25,1833,1833,,shared_semantic_dataset,,Ref-144-Research,Ref-144-Research
elastic_net_split_conformal,Elastic Net,shared_publication_held_out,test,0.9,262,167.0,149.09993609789234,102.37903144857637,195.8208407472083,17.90006390210766,17.90006390210766,320.4122876995377,93.44180929863194,46.72090464931597,46.72090464931597,True,covered,0.38312751083191476,93.44180929863194,shared_semantic_recoding_50_percent,shared_publication_test,1451,115,311,25,311,25,1834,1834,,shared_semantic_dataset,,Ref-144-Research,Ref-144-Research
elastic_net_split_conformal,Elastic Net,shared_publication_held_out,test,0.9,263,117.0,144.8938235451694,98.17291889585343,191.61472819448537,-27.893823545169397,27.893823545169397,778.0653919690466,93.44180929863194,46.72090464931597,46.72090464931597,True,covered,0.597030895581723,93.44180929863194,shared_semantic_recoding_50_percent,shared_publication_test,1451,115,311,25,311,25,1835,1835,,shared_semantic_dataset,,Ref-144-Research,Ref-144-Research
elastic_net_split_conformal,Elastic Net,shared_publication_held_out,test,0.9,264,223.0,163.4605766612109,116.73967201189492,210.18148131052686,59.539423338789106,59.539423338789106,3544.942931515545,93.44180929863194,46.72090464931597,46.72090464931597,False,above_interval_underprediction,1.2743636662365185,349.81218308809474,shared_semantic_recoding_50_percent,shared_publication_test,1451,115,311,25,311,25,1836,1836,,shared_semantic_dataset,,Ref-144-Research,Ref-144-Research
elastic_net_split_conformal,Elastic Net,shared_publication_held_out,test,0.9,265,214.0,167.43315764482884,120.71225299551287,214.1540622941448,46.56684235517116,46.56684235517116,2168.470806931363,93.44180929863194,46.72090464931597,46.72090464931597,True,covered,0.9967024976228267,93.44180929863194,shared_semantic_recoding_50_percent,shared_publication_test,1451,115,311,25,311,25,1837,1837,,shared_semantic_dataset,,Ref-144-Research,Ref-144-Research
elastic_net_split_conformal,Elastic Net,shared_publication_held_out,test,0.9,266,203.0,164.01974569070356,117.29884104138759,210.74065034001953,38.98025430929644,38.98025430929644,1519.4602260174238,93.44180929863194,46.72090464931597,46.72090464931597,True,covered,0.8343214799002644,93.44180929863194,shared_semantic_recoding_50_percent,shared_publication_test,1451,115,311,25,311,25,1838,1838,,shared_semantic_dataset,,Ref-144-Research,Ref-144-Research
elastic_net_split_conformal,Elastic Net,shared_publication_held_out,test,0.9,267,176.0,160.0186179125328,113.29771326321682,206.73952256184876,15.98138208746721,15.98138208746721,255.4045734256178,93.44180929863194,46.72090464931597,46.72090464931597,True,covered,0.3420606301916115,93.44180929863194,shared_semantic_recoding_50_percent,shared_publication_test,1451,115,311,25,311,25,1839,1839,,shared_semantic_dataset,,Ref-144-Research,Ref-144-Research
elastic_net_split_conformal,Elastic Net,shared_publication_held_out,test,0.9,268,138.0,150.0381731672746,103.31726851795864,196.75907781659058,-12.038173167274607,12.038173167274607,144.91761320529034,93.44180929863194,46.72090464931597,46.72090464931597,True,covered,0.2576613885718254,93.44180929863194,shared_semantic_recoding_50_percent,shared_publication_test,1451,115,311,25,311,25,1840,1840,,shared_semantic_dataset,,Ref-144-Research,Ref-144-Research
elastic_net_split_conformal,Elastic Net,shared_publication_held_out,test,0.9,269,225.0,165.89532658284153,119.17442193352557,212.6162312321575,59.104673417158466,59.104673417158466,3493.3624197489585,93.44180929863194,46.72090464931597,46.72090464931597,False,above_interval_underprediction,1.2650584114497407,341.11718465548194,shared_semantic_recoding_50_percent,shared_publication_test,1451,115,311,25,311,25,1841,1841,,shared_semantic_dataset,,Ref-144-Research,Ref-144-Research
elastic_net_split_conformal,Elastic Net,shared_publication_held_out,test,0.9,270,156.0,151.254439946382,104.53353529706604,197.97534459569798,4.745560053617993,4.745560053617993,22.52034022249481,93.44180929863194,46.72090464931597,46.72090464931597,True,covered,0.1015725206786524,93.44180929863194,shared_semantic_recoding_50_percent,shared_publication_test,1451,115,311,25,311,25,1842,1842,,shared_semantic_dataset,,Ref-144-Research,Ref-144-Research
elastic_net_split_conformal,Elastic Net,shared_publication_held_out,test,0.9,271,150.0,149.18997850158667,102.4690738522707,195.91088315090263,0.8100214984133345,0.8100214984133345,0.6561348278917837,93.44180929863194,46.72090464931597,46.72090464931597,True,covered,0.017337453212717145,93.44180929863194,shared_semantic_recoding_50_percent,shared_publication_test,1451,115,311,25,311,25,1843,1843,,shared_semantic_dataset,,Ref-144-Research,Ref-144-Research
elastic_net_split_conformal,Elastic Net,shared_publication_held_out,test,0.9,272,151.0,149.16376372403514,102.44285907471917,195.8846683733511,1.8362362759648647,1.8362362759648647,3.371763661169315,93.44180929863194,46.72090464931597,46.72090464931597,True,covered,0.03930224146444794,93.44180929863194,shared_semantic_recoding_50_percent,shared_publication_test,1451,115,311,25,311,25,1844,1844,,shared_semantic_dataset,,Ref-144-Research,Ref-144-Research
elastic_net_split_conformal,Elastic Net,shared_publication_held_out,test,0.9,273,210.0,167.87047880358801,121.14957415427205,214.59138345290398,42.129521196411986,42.129521196411986,1774.896556238927,93.44180929863194,46.72090464931597,46.72090464931597,True,covered,0.9017274282814812,93.44180929863194,shared_semantic_recoding_50_percent,shared_publication_test,1451,115,311,25,311,25,1845,1845,,shared_semantic_dataset,,Ref-144-Research,Ref-144-Research
elastic_net_split_conformal,Elastic Net,shared_publication_held_out,test,0.9,274,205.0,165.8060173587927,119.08511270947673,212.52692200810867,39.1939826412073,39.1939826412073,1536.168275279259,93.44180929863194,46.72090464931597,46.72090464931597,True,covered,0.8388960559602763,93.44180929863194,shared_semantic_recoding_50_percent,shared_publication_test,1451,115,311,25,311,25,1846,1846,,shared_semantic_dataset,,Ref-144-Research,Ref-144-Research
elastic_net_split_conformal,Elastic Net,shared_publication_held_out,test,0.9,275,193.0,165.77980258124117,119.0588979319252,212.50070723055714,27.22019741875883,27.22019741875883,740.9391475162048,93.44180929863194,46.72090464931597,46.72090464931597,True,covered,0.5826128073305052,93.44180929863194,shared_semantic_recoding_50_percent,shared_publication_test,1451,115,311,25,311,25,1847,1847,,shared_semantic_dataset,,Ref-144-Research,Ref-144-Research
elastic_net_split_conformal,Elastic Net,shared_publication_held_out,test,0.9,276,112.0,150.9695348122121,104.24863016289612,197.69043946152806,-38.96953481221209,38.96953481221209,1518.62464348021,93.44180929863194,46.72090464931597,46.72090464931597,True,covered,0.834092043052566,93.44180929863194,shared_semantic_recoding_50_percent,shared_publication_test,1451,115,311,25,311,25,1999,1999,,shared_semantic_dataset,,Ref-160-Research,Ref-160-Research
elastic_net_split_conformal,Elastic Net,shared_publication_held_out,test,0.9,277,115.0,150.69858425691464,103.97767960759867,197.4194889062306,-35.69858425691464,35.69858425691464,1274.388917948034,93.44180929863194,46.72090464931597,46.72090464931597,True,covered,0.7640816145334912,93.44180929863194,shared_semantic_recoding_50_percent,shared_publication_test,1451,115,311,25,311,25,2000,2000,,shared_semantic_dataset,,Ref-160-Research,Ref-160-Research
elastic_net_split_conformal,Elastic Net,shared_publication_held_out,test,0.9,278,135.0,150.33731684985133,103.61641220053536,197.0582214991673,-15.337316849851334,15.337316849851334,235.23328815273365,93.44180929863194,46.72090464931597,46.72090464931597,True,covered,0.3282752541923626,93.44180929863194,shared_semantic_recoding_50_percent,shared_publication_test,1451,115,311,25,311,25,2001,2001,,shared_semantic_dataset,,Ref-160-Research,Ref-160-Research
elastic_net_split_conformal,Elastic Net,shared_publication_held_out,test,0.9,279,152.0,150.0663662945539,103.34546164523792,196.78727094386986,1.9336337054461126,1.9336337054461126,3.738939306837264,93.44180929863194,46.72090464931597,46.72090464931597,True,covered,0.041386906352945,93.44180929863194,shared_semantic_recoding_50_percent,shared_publication_test,1451,115,311,25,311,25,2002,2002,,shared_semantic_dataset,,Ref-160-Research,Ref-160-Research
elastic_net_split_conformal,Elastic Net,shared_publication_held_out,test,0.9,280,148.0,149.7954157392564,103.07451108994044,196.51632038857238,-1.7954157392564127,1.7954157392564127,3.223517676769651,93.44180929863194,46.72090464931597,46.72090464931597,True,covered,0.038428531141095935,93.44180929863194,shared_semantic_recoding_50_percent,shared_publication_test,1451,115,311,25,311,25,2003,2003,,shared_semantic_dataset,,Ref-160-Research,Ref-160-Research
elastic_net_split_conformal,Elastic Net,shared_publication_held_out,test,0.9,281,115.0,150.93553886217566,104.21463421285969,197.65644351149163,-35.93553886217566,35.93553886217566,1291.3629533149372,93.44180929863194,46.72090464931597,46.72090464931597,True,covered,0.7691533186676381,93.44180929863194,shared_semantic_recoding_50_percent,shared_publication_test,1451,115,311,25,311,25,2004,2004,,shared_semantic_dataset,,Ref-160-Research,Ref-160-Research
elastic_net_split_conformal,Elastic Net,shared_publication_held_out,test,0.9,282,125.0,150.6645883068782,103.94368365756222,197.38549295619416,-25.664588306878187,25.664588306878187,658.6710929615485,93.44180929863194,46.72090464931597,46.72090464931597,True,covered,0.5493170241354464,93.44180929863194,shared_semantic_recoding_50_percent,shared_publication_test,1451,115,311,25,311,25,2005,2005,,shared_semantic_dataset,,Ref-160-Research,Ref-160-Research
elastic_net_split_conformal,Elastic Net,shared_publication_held_out,test,0.9,283,145.0,150.3033208998149,103.58241625049894,197.02422554913088,-5.303320899814906,5.303320899814906,28.125212566413587,93.44180929863194,46.72090464931597,46.72090464931597,True,covered,0.11351066379431828,93.44180929863194,shared_semantic_recoding_50_percent,shared_publication_test,1451,115,311,25,311,25,2006,2006,,shared_semantic_dataset,,Ref-160-Research,Ref-160-Research
elastic_net_split_conformal,Elastic Net,shared_publication_held_out,test,0.9,284,155.0,150.03237034451746,103.31146569520149,196.75327499383343,4.96762965548254,4.96762965548254,24.67734439402958,93.44180929863194,46.72090464931597,46.72090464931597,True,covered,0.10632563073787292,93.44180929863194,shared_semantic_recoding_50_percent,shared_publication_test,1451,115,311,25,311,25,2007,2007,,shared_semantic_dataset,,Ref-160-Research,Ref-160-Research
elastic_net_split_conformal,Elastic Net,shared_publication_held_out,test,0.9,285,155.0,149.76141978921999,103.04051513990402,196.48232443853595,5.238580210780015,5.238580210780015,27.442722624775982,93.44180929863194,46.72090464931597,46.72090464931597,True,covered,0.11212497382275563,93.44180929863194,shared_semantic_recoding_50_percent,shared_publication_test,1451,115,311,25,311,25,2008,2008,,shared_semantic_dataset,,Ref-160-Research,Ref-160-Research
elastic_net_split_conformal,Elastic Net,shared_publication_held_out,test,0.9,286,83.0,145.52292398387618,98.80201933456021,192.24382863319215,-62.52292398387618,62.52292398387618,3909.1160234935596,93.44180929863194,46.72090464931597,46.72090464931597,False,below_interval_overprediction,1.3382216045080704,409.48219598983627,shared_semantic_recoding_50_percent,shared_publication_test,1451,115,311,25,311,25,2009,2009,,shared_semantic_dataset,,Ref-161-Research,Ref-161-Research
elastic_net_split_conformal,Elastic Net,shared_publication_held_out,test,0.9,287,100.0,144.87818329934092,98.15727865002495,191.5990879486569,-44.87818329934092,44.87818329934092,2014.051336249242,93.44180929863194,46.72090464931597,46.72090464931597,True,covered,0.960558953988447,93.44180929863194,shared_semantic_recoding_50_percent,shared_publication_test,1451,115,311,25,311,25,2010,2010,,shared_semantic_dataset,,Ref-161-Research,Ref-161-Research
elastic_net_split_conformal,Elastic Net,shared_publication_held_out,test,0.9,288,114.0,146.63920562383754,99.91830097452157,193.3601102731535,-32.63920562383754,32.63920562383754,1065.317743755148,93.44180929863194,46.72090464931597,46.72090464931597,True,covered,0.6985996069388054,93.44180929863194,shared_semantic_recoding_50_percent,shared_publication_test,1451,115,311,25,311,25,2011,2011,,shared_semantic_dataset,,Ref-161-Research,Ref-161-Research
elastic_net_split_conformal,Elastic Net,shared_publication_held_out,test,0.9,289,118.0,148.40022794833413,101.67932329901817,195.1211325976501,-30.400227948334134,30.400227948334134,924.1738593106758,93.44180929863194,46.72090464931597,46.72090464931597,True,covered,0.6506772113364722,93.44180929863194,shared_semantic_recoding_50_percent,shared_publication_test,1451,115,311,25,311,25,2012,2012,,shared_semantic_dataset,,Ref-161-Research,Ref-161-Research
elastic_net_split_conformal,Elastic Net,shared_publication_held_out,test,0.9,290,116.0,150.70463940881388,103.9837347594979,197.42554405812984,-34.704639408813875,34.704639408813875,1204.411996495797,93.44180929863194,46.72090464931597,46.72090464931597,True,covered,0.7428075220140665,93.44180929863194,shared_semantic_recoding_50_percent,shared_publication_test,1451,115,311,25,311,25,2013,2013,,shared_semantic_dataset,,Ref-161-Research,Ref-161-Research
elastic_net_split_conformal,Elastic Net,shared_publication_held_out,test,0.9,291,110.0,153.13256634654357,106.4116616972276,199.85347099585954,-43.13256634654357,43.13256634654357,1860.418279638983,93.44180929863194,46.72090464931597,46.72090464931597,True,covered,0.9231963008912984,93.44180929863194,shared_semantic_recoding_50_percent,shared_publication_test,1451,115,311,25,311,25,2014,2014,,shared_semantic_dataset,,Ref-161-Research,Ref-161-Research
elastic_net_split_conformal,Elastic Net,shared_publication_held_out,test,0.9,292,135.2,159.08196393777237,112.3610592884564,205.80286858708834,-23.881963937772383,23.881963937772383,570.3482015250606,93.44180929863194,46.72090464931597,46.72090464931597,True,covered,0.5111622755815375,93.44180929863194,shared_semantic_recoding_50_percent,shared_publication_test,1451,115,311,25,311,25,2015,2015,,shared_semantic_dataset,,Ref-162-Research,Ref-162-Research
elastic_net_split_conformal,Elastic Net,shared_publication_held_out,test,0.9,293,137.4,168.22949966825183,121.50859501893586,214.9504043175678,-30.829499668251827,30.829499668251827,950.4580497947395,93.44180929863194,46.72090464931597,46.72090464931597,True,covered,0.6598652123638449,93.44180929863194,shared_semantic_recoding_50_percent,shared_publication_test,1451,115,311,25,311,25,2016,2016,,shared_semantic_dataset,,Ref-162-Research,Ref-162-Research
elastic_net_split_conformal,Elastic Net,shared_publication_held_out,test,0.9,294,139.7,171.28268405827905,124.56177940896308,218.00358870759501,-31.582684058279057,31.582684058279057,997.465932325074,93.44180929863194,46.72090464931597,46.72090464931597,True,covered,0.6759861414357577,93.44180929863194,shared_semantic_recoding_50_percent,shared_publication_test,1451,115,311,25,311,25,2017,2017,,shared_semantic_dataset,,Ref-162-Research,Ref-162-Research
elastic_net_split_conformal,Elastic Net,shared_publication_held_out,test,0.9,295,149.2,174.33586844830626,127.61496379899029,221.05677309762223,-25.13586844830627,25.13586844830627,631.8118826505586,93.44180929863194,46.72090464931597,46.72090464931597,True,covered,0.5380004654656078,93.44180929863194,shared_semantic_recoding_50_percent,shared_publication_test,1451,115,311,25,311,25,2018,2018,,shared_semantic_dataset,,Ref-162-Research,Ref-162-Research
elastic_net_split_conformal,Elastic Net,shared_publication_held_out,test,0.9,296,157.3,177.3890528383335,130.66814818901753,224.10995748764947,-20.089052838333487,20.089052838333487,403.5700439413547,93.44180929863194,46.72090464931597,46.72090464931597,True,covered,0.42997996269808114,93.44180929863194,shared_semantic_recoding_50_percent,shared_publication_test,1451,115,311,25,311,25,2019,2019,,shared_semantic_dataset,,Ref-162-Research,Ref-162-Research
elastic_net_split_conformal,Elastic Net,shared_publication_held_out,test,0.9,297,156.0,180.4422372283607,133.72133257904474,227.16314187767668,-24.44223722836071,24.44223722836071,597.4229607274623,93.44180929863194,46.72090464931597,46.72090464931597,True,covered,0.5231541942910253,93.44180929863194,shared_semantic_recoding_50_percent,shared_publication_test,1451,115,311,25,311,25,2020,2020,,shared_semantic_dataset,,Ref-162-Research,Ref-162-Research
elastic_net_split_conformal,Elastic Net,shared_publication_held_out,test,0.9,298,158.1,183.49542161838792,136.77451696907195,230.2163262677039,-25.395421618387928,25.395421618387928,644.927439175685,93.44180929863194,46.72090464931597,46.72090464931597,True,covered,0.5435558623918841,93.44180929863194,shared_semantic_recoding_50_percent,shared_publication_test,1451,115,311,25,311,25,2021,2021,,shared_semantic_dataset,,Ref-162-Research,Ref-162-Research
elastic_net_split_conformal,Elastic Net,shared_publication_held_out,test,0.9,299,138.3,168.14450979316075,121.42360514384478,214.86541444247672,-29.84450979316074,29.84450979316074,890.6947647940673,93.44180929863194,46.72090464931597,46.72090464931597,True,covered,0.6387827893567486,93.44180929863194,shared_semantic_recoding_50_percent,shared_publication_test,1451,115,311,25,311,25,2022,2022,,shared_semantic_dataset,,Ref-162-Research,Ref-162-Research
elastic_net_split_conformal,Elastic Net,shared_publication_held_out,test,0.9,300,145.0,171.197694183188,124.47678953387202,217.91859883250396,-26.19769418318799,26.19769418318799,686.3191805158419,93.44180929863194,46.72090464931597,46.72090464931597,True,covered,0.560727459791846,93.44180929863194,shared_semantic_recoding_50_percent,shared_publication_test,1451,115,311,25,311,25,2023,2023,,shared_semantic_dataset,,Ref-162-Research,Ref-162-Research
elastic_net_split_conformal,Elastic Net,shared_publication_held_out,test,0.9,301,152.8,174.2508785732152,127.52997392389923,220.97178322253117,-21.450878573215192,21.450878573215192,460.1401915628226,93.44180929863194,46.72090464931597,46.72090464931597,True,covered,0.45912806556773833,93.44180929863194,shared_semantic_recoding_50_percent,shared_publication_test,1451,115,311,25,311,25,2024,2024,,shared_semantic_dataset,,Ref-162-Research,Ref-162-Research
elastic_net_split_conformal,Elastic Net,shared_publication_held_out,test,0.9,302,162.6,177.30406296324242,130.58315831392645,224.02496761255838,-14.704062963242421,14.704062963242421,216.2094676269975,93.44180929863194,46.72090464931597,46.72090464931597,True,covered,0.3147212810541694,93.44180929863194,shared_semantic_recoding_50_percent,shared_publication_test,1451,115,311,25,311,25,2025,2025,,shared_semantic_dataset,,Ref-162-Research,Ref-162-Research
elastic_net_split_conformal,Elastic Net,shared_publication_held_out,test,0.9,303,164.5,180.35724735326963,133.63634270395366,227.0781520025856,-15.857247353269628,15.857247353269628,251.4522936227766,93.44180929863194,46.72090464931597,46.72090464931597,True,covered,0.3394036881839742,93.44180929863194,shared_semantic_recoding_50_percent,shared_publication_test,1451,115,311,25,311,25,2026,2026,,shared_semantic_dataset,,Ref-162-Research,Ref-162-Research
elastic_net_split_conformal,Elastic Net,shared_publication_held_out,test,0.9,304,168.7,183.41043174329684,136.68952709398087,230.1313363926128,-14.710431743296851,14.710431743296851,216.39680207419565,93.44180929863194,46.72090464931597,46.72090464931597,True,covered,0.3148575964808983,93.44180929863194,shared_semantic_recoding_50_percent,shared_publication_test,1451,115,311,25,311,25,2027,2027,,shared_semantic_dataset,,Ref-162-Research,Ref-162-Research
elastic_net_split_conformal,Elastic Net,shared_publication_held_out,test,0.9,305,145.3,167.51229183080002,120.79138718148405,214.233196480116,-22.212291830800012,22.212291830800012,493.38590837662497,93.44180929863194,46.72090464931597,46.72090464931597,True,covered,0.47542512281224025,93.44180929863194,shared_semantic_recoding_50_percent,shared_publication_test,1451,115,311,25,311,25,2028,2028,,shared_semantic_dataset,,Ref-162-Research,Ref-162-Research
elastic_net_split_conformal,Elastic Net,shared_publication_held_out,test,0.9,306,157.8,170.56547622082724,123.84457157151127,217.2863808701432,-12.765476220827225,12.765476220827225,162.95738314450531,93.44180929863194,46.72090464931597,46.72090464931597,True,covered,0.2732283614078975,93.44180929863194,shared_semantic_recoding_50_percent,shared_publication_test,1451,115,311,25,311,25,2029,2029,,shared_semantic_dataset,,Ref-162-Research,Ref-162-Research
elastic_net_split_conformal,Elastic Net,shared_publication_held_out,test,0.9,307,165.2,173.61866061085445,126.89775596153848,220.33956526017042,-8.41866061085446,8.41866061085446,70.87384648075238,93.44180929863194,46.72090464931597,46.72090464931597,True,covered,0.18019044524168296,93.44180929863194,shared_semantic_recoding_50_percent,shared_publication_test,1451,115,311,25,311,25,2030,2030,,shared_semantic_dataset,,Ref-162-Research,Ref-162-Research
elastic_net_split_conformal,Elastic Net,shared_publication_held_out,test,0.9,308,172.3,176.67184500088166,129.9509403515657,223.39274965019763,-4.371845000881649,4.371845000881649,19.113028711733865,93.44180929863194,46.72090464931597,46.72090464931597,True,covered,0.09357363761888665,93.44180929863194,shared_semantic_recoding_50_percent,shared_publication_test,1451,115,311,25,311,25,2031,2031,,shared_semantic_dataset,,Ref-162-Research,Ref-162-Research
elastic_net_split_conformal,Elastic Net,shared_publication_held_out,test,0.9,309,179.8,179.72502939090887,133.0041247415929,226.44593404022484,0.07497060909113884,0.07497060909113884,0.00562059222749635,93.44180929863194,46.72090464931597,46.72090464931597,True,covered,0.0016046480618015274,93.44180929863194,shared_semantic_recoding_50_percent,shared_publication_test,1451,115,311,25,311,25,2032,2032,,shared_semantic_dataset,,Ref-162-Research,Ref-162-Research
elastic_net_split_conformal,Elastic Net,shared_publication_held_out,test,0.9,310,192.2,182.77821378093608,136.05730913162012,229.49911843025205,9.421786219063904,9.421786219063904,88.7700555577425,93.44180929863194,46.72090464931597,46.72090464931597,True,covered,0.20166103995167067,93.44180929863194,shared_semantic_recoding_50_percent,shared_publication_test,1451,115,311,25,311,25,2033,2033,,shared_semantic_dataset,,Ref-162-Research,Ref-162-Research
bayesian_ridge_native,Bayesian Ridge,shared_publication_held_out,test,0.9,0,156.0,139.16445097603,103.7948026522713,174.5340992997887,16.835549023970003,16.835549023970003,283.4357109384973,70.73929664751739,35.369648323758696,21.503219340745762,True,covered,0.47598858970449914,70.73929664751739,shared_semantic_recoding_50_percent,shared_publication_test,1451,115,311,25,311,25,116,116,,shared_semantic_dataset,,Ref-9-Research,Ref-9-Research
bayesian_ridge_native,Bayesian Ridge,shared_publication_held_out,test,0.9,1,156.0,139.99407317875676,104.63009832720346,175.35804803031007,16.005926821243236,16.005926821243236,256.18969340699357,70.72794970310662,35.36397485155331,21.49977011455784,True,covered,0.45260542369547013,70.72794970310662,shared_semantic_recoding_50_percent,shared_publication_test,1451,115,311,25,311,25,117,117,,shared_semantic_dataset,,Ref-9-Research,Ref-9-Research
bayesian_ridge_native,Bayesian Ridge,shared_publication_held_out,test,0.9,2,160.0,139.76669075369264,104.47422593839079,175.0591555689945,20.233309246307357,20.233309246307357,409.3868030567068,70.58492963060371,35.292464815301855,21.45629509946851,True,covered,0.5733039432693503,70.58492963060371,shared_semantic_recoding_50_percent,shared_publication_test,1451,115,311,25,311,25,118,118,,shared_semantic_dataset,,Ref-9-Research,Ref-9-Research
bayesian_ridge_native,Bayesian Ridge,shared_publication_held_out,test,0.9,3,187.0,146.01315865472412,110.73034076287476,181.29597654657348,40.98684134527588,40.98684134527588,1679.9211634628161,70.56563578369872,35.28281789184936,21.450430186448635,False,above_interval_underprediction,1.161665756712255,184.64610485222903,shared_semantic_recoding_50_percent,shared_publication_test,1451,115,311,25,311,25,119,119,,shared_semantic_dataset,,Ref-9-Research,Ref-9-Research
bayesian_ridge_native,Bayesian Ridge,shared_publication_held_out,test,0.9,4,145.1,129.33063741713988,88.46352150854517,170.1977533257346,15.769362582860111,15.769362582860111,248.67279626970853,81.73423181718942,40.86711590859471,24.845442317160312,True,covered,0.3858692308537407,81.73423181718942,shared_semantic_recoding_50_percent,shared_publication_test,1451,115,311,25,311,25,389,389,,shared_semantic_dataset,,Ref-32-Research,Ref-32-Research
bayesian_ridge_native,Bayesian Ridge,shared_publication_held_out,test,0.9,5,149.6,152.480067909021,114.28321187196434,190.67692394607764,-2.880067909020994,2.880067909020994,8.29479116057256,76.3937120741133,38.19685603705665,23.222039585278896,True,covered,0.07540065355711209,76.3937120741133,shared_semantic_recoding_50_percent,shared_publication_test,1451,115,311,25,311,25,390,390,,shared_semantic_dataset,,Ref-32-Research,Ref-32-Research
bayesian_ridge_native,Bayesian Ridge,shared_publication_held_out,test,0.9,6,143.5,139.80030964740445,-517.6251190844902,797.2257383792991,3.699690352595553,3.699690352595553,13.687708705088609,1314.8508574637892,657.4254287318946,399.6862808700794,True,covered,0.005627543734856548,1314.8508574637892,shared_semantic_recoding_50_percent,shared_publication_test,1451,115,311,25,311,25,391,391,,shared_semantic_dataset,,Ref-32-Research,Ref-32-Research
bayesian_ridge_native,Bayesian Ridge,shared_publication_held_out,test,0.9,7,162.6,139.80030964741474,-517.6251190844798,797.2257383793092,22.79969035258526,22.79969035258526,519.8258801737693,1314.850857463789,657.4254287318945,399.6862808700793,True,covered,0.03468026844742452,1314.850857463789,shared_semantic_recoding_50_percent,shared_publication_test,1451,115,311,25,311,25,392,392,,shared_semantic_dataset,,Ref-32-Research,Ref-32-Research
bayesian_ridge_native,Bayesian Ridge,shared_publication_held_out,test,0.9,8,150.56,159.3723882152649,123.73808097948364,195.00669545104614,-8.812388215264889,8.812388215264889,77.65818605653949,71.2686144715625,35.63430723578125,21.66412053443621,True,covered,0.24730067451447918,71.2686144715625,shared_semantic_recoding_50_percent,shared_publication_test,1451,115,311,25,311,25,393,393,,shared_semantic_dataset,,Ref-33-Research,Ref-33-Research
bayesian_ridge_native,Bayesian Ridge,shared_publication_held_out,test,0.9,9,121.32,141.61900549657244,105.99050135752178,177.2475096356231,-20.29900549657245,20.29900549657245,412.04962414987847,71.25700827810131,35.628504139050655,21.6605925021326,True,covered,0.5697406048075901,71.25700827810131,shared_semantic_recoding_50_percent,shared_publication_test,1451,115,311,25,311,25,394,394,,shared_semantic_dataset,,Ref-33-Research,Ref-33-Research
bayesian_ridge_native,Bayesian Ridge,shared_publication_held_out,test,0.9,10,175.0,179.6805951523896,144.03739339617243,215.32379690860677,-4.6805951523896,4.6805951523896,21.907970980573023,71.28640351243433,35.64320175621717,21.669528018901804,True,covered,0.1313180332227919,71.28640351243433,shared_semantic_recoding_50_percent,shared_publication_test,1451,115,311,25,311,25,403,403,,shared_semantic_dataset,,Ref-35-Research,Ref-35-Research
bayesian_ridge_native,Bayesian Ridge,shared_publication_held_out,test,0.9,11,154.0,168.19705611947504,132.80181928594746,203.5922929530026,-14.197056119475036,14.197056119475036,201.55640245952355,70.79047366705515,35.395236833527576,21.5187760500782,True,covered,0.4011007522353149,70.79047366705515,shared_semantic_recoding_50_percent,shared_publication_test,1451,115,311,25,311,25,462,462,,shared_semantic_dataset,,Ref-44-Research,Ref-44-Research
bayesian_ridge_native,Bayesian Ridge,shared_publication_held_out,test,0.9,12,144.0,157.60598096420756,121.53902892537465,193.67293300304047,-13.60598096420756,13.60598096420756,185.1227179983785,72.13390407766582,36.06695203883291,21.927149898242586,True,covered,0.37724232836637106,72.13390407766582,shared_semantic_recoding_50_percent,shared_publication_test,1451,115,311,25,311,25,463,463,,shared_semantic_dataset,,Ref-44-Research,Ref-44-Research
bayesian_ridge_native,Bayesian Ridge,shared_publication_held_out,test,0.9,13,141.0,155.75549770258726,119.7295700523384,191.78142535283612,-14.755497702587263,14.755497702587263,217.724712451058,72.05185530049772,36.02592765024886,21.90220884092791,True,covered,0.4095799515792714,72.05185530049772,shared_semantic_recoding_50_percent,shared_publication_test,1451,115,311,25,311,25,464,464,,shared_semantic_dataset,,Ref-44-Research,Ref-44-Research
bayesian_ridge_native,Bayesian Ridge,shared_publication_held_out,test,0.9,14,132.0,153.90501444096697,117.875726571139,189.93430231079492,-21.905014440966966,21.905014440966966,479.8296576589713,72.05857573965592,36.02928786982796,21.904251709377753,True,covered,0.6079780016776546,72.05857573965592,shared_semantic_recoding_50_percent,shared_publication_test,1451,115,311,25,311,25,465,465,,shared_semantic_dataset,,Ref-44-Research,Ref-44-Research
bayesian_ridge_native,Bayesian Ridge,shared_publication_held_out,test,0.9,15,102.0,158.77357485133402,123.19928937475149,194.34786032791655,-56.77357485133402,56.77357485133402,3223.2388014000267,71.14857095316506,35.57428547658253,21.627629895867983,False,below_interval_overprediction,1.595916097561716,495.13435844819486,shared_semantic_recoding_50_percent,shared_publication_test,1451,115,311,25,311,25,490,490,,shared_semantic_dataset,,Ref-48-Research,Ref-48-Research
bayesian_ridge_native,Bayesian Ridge,shared_publication_held_out,test,0.9,16,100.0,150.8487259803916,115.25995329645946,186.43749866432375,-50.848725980391606,50.848725980391606,2585.5929338289525,71.1775453678643,35.58877268393215,21.636437492551508,False,below_interval_overprediction,1.4287856013463798,376.3766112970535,shared_semantic_recoding_50_percent,shared_publication_test,1451,115,311,25,311,25,491,491,,shared_semantic_dataset,,Ref-48-Research,Ref-48-Research
bayesian_ridge_native,Bayesian Ridge,shared_publication_held_out,test,0.9,17,166.0,166.7478222775194,131.10204602850388,202.3935985265349,-0.7478222775193899,0.7478222775193899,0.5592381587542874,71.29155249803102,35.64577624901551,21.671093199387265,True,covered,0.02097926756581837,71.29155249803102,shared_semantic_recoding_50_percent,shared_publication_test,1451,115,311,25,311,25,492,492,,shared_semantic_dataset,,Ref-48-Research,Ref-48-Research
bayesian_ridge_native,Bayesian Ridge,shared_publication_held_out,test,0.9,18,158.0,173.99533767061962,138.40078380269554,209.5898915385437,-15.99533767061962,15.99533767061962,255.85082719714308,71.18910773584815,35.59455386792408,21.63995220285594,True,covered,0.44937598403315765,71.18910773584815,shared_semantic_recoding_50_percent,shared_publication_test,1451,115,311,25,311,25,493,493,,shared_semantic_dataset,,Ref-48-Research,Ref-48-Research
bayesian_ridge_native,Bayesian Ridge,shared_publication_held_out,test,0.9,19,116.0,178.11407841044752,142.4280227104676,213.80013411042745,-62.11407841044752,62.11407841044752,3858.1587367792226,71.37211139995986,35.68605569997993,21.695581366786744,False,below_interval_overprediction,1.7405700123502987,599.9325656093117,shared_semantic_recoding_50_percent,shared_publication_test,1451,115,311,25,311,25,494,494,,shared_semantic_dataset,,Ref-48-Research,Ref-48-Research
bayesian_ridge_native,Bayesian Ridge,shared_publication_held_out,test,0.9,20,118.0,170.1892295395051,134.50638838240712,205.8720706966031,-52.18922953950511,52.18922953950511,2723.7156799271525,71.36568231419596,35.68284115709798,21.69362706348019,False,below_interval_overprediction,1.4625861575802155,401.4934499623385,shared_semantic_recoding_50_percent,shared_publication_test,1451,115,311,25,311,25,495,495,,shared_semantic_dataset,,Ref-48-Research,Ref-48-Research
bayesian_ridge_native,Bayesian Ridge,shared_publication_held_out,test,0.9,21,170.0,186.08832583663292,150.3816749339815,221.79497673928435,-16.08832583663292,16.08832583663292,258.8342282256703,71.41330180530286,35.70665090265143,21.70810236095549,True,covered,0.45056944378500263,71.41330180530286,shared_semantic_recoding_50_percent,shared_publication_test,1451,115,311,25,311,25,496,496,,shared_semantic_dataset,,Ref-48-Research,Ref-48-Research
bayesian_ridge_native,Bayesian Ridge,shared_publication_held_out,test,0.9,22,170.0,193.33584122973312,157.65748756009378,229.01419489937246,-23.33584122973312,23.33584122973312,544.5614858993122,71.35670733927867,35.678353669639336,21.69089886482159,True,covered,0.6540616040137206,71.35670733927867,shared_semantic_recoding_50_percent,shared_publication_test,1451,115,311,25,311,25,497,497,,shared_semantic_dataset,,Ref-48-Research,Ref-48-Research
bayesian_ridge_native,Bayesian Ridge,shared_publication_held_out,test,0.9,23,130.0,190.3429543084922,154.4653284713429,226.22058014564152,-60.34295430849221,60.34295430849221,3641.2721346767785,71.75525167429862,35.87762583714931,21.812047740469147,False,below_interval_overprediction,1.6819104637077293,561.0618211011567,shared_semantic_recoding_50_percent,shared_publication_test,1451,115,311,25,311,25,498,498,,shared_semantic_dataset,,Ref-48-Research,Ref-48-Research
bayesian_ridge_native,Bayesian Ridge,shared_publication_held_out,test,0.9,24,144.0,182.4181054375498,146.4994221901643,218.3367886849353,-38.4181054375498,38.4181054375498,1475.9508254106934,71.837366494771,35.9186832473855,21.837008873522837,False,below_interval_overprediction,1.0695855739741302,121.82581029805692,shared_semantic_recoding_50_percent,shared_publication_test,1451,115,311,25,311,25,499,499,,shared_semantic_dataset,,Ref-48-Research,Ref-48-Research
bayesian_ridge_native,Bayesian Ridge,shared_publication_held_out,test,0.9,25,184.0,198.31720173467755,162.42608031019296,234.20832315916215,-14.317201734677553,14.317201734677553,204.98226551145393,71.78224284896919,35.891121424484595,21.820252474990284,True,covered,0.3989065029578733,71.78224284896919,shared_semantic_recoding_50_percent,shared_publication_test,1451,115,311,25,311,25,500,500,,shared_semantic_dataset,,Ref-48-Research,Ref-48-Research
bayesian_ridge_native,Bayesian Ridge,shared_publication_held_out,test,0.9,26,182.0,205.56471712777778,169.67372539686832,241.45570885868725,-23.564717127777783,23.564717127777783,555.2958933121836,71.78198346181892,35.89099173090946,21.820173626895226,True,covered,0.6565635551241611,71.78198346181892,shared_semantic_recoding_50_percent,shared_publication_test,1451,115,311,25,311,25,501,501,,shared_semantic_dataset,,Ref-48-Research,Ref-48-Research
bayesian_ridge_native,Bayesian Ridge,shared_publication_held_out,test,0.9,27,185.0,163.12285065547564,126.73076168392299,199.5149396270283,21.877149344524355,21.877149344524355,478.60966344262243,72.7841779431053,36.39208897155265,22.12481911779639,True,covered,0.6011512381612804,72.7841779431053,shared_semantic_recoding_50_percent,shared_publication_test,1451,115,311,25,311,25,502,502,,shared_semantic_dataset,,Ref-48-Research,Ref-48-Research
bayesian_ridge_native,Bayesian Ridge,shared_publication_held_out,test,0.9,28,188.0,161.77413410313673,125.34449299739636,198.20377520887712,26.22586589686327,26.22586589686327,687.7960420402558,72.85928221148076,36.42964110574038,22.147649194328686,True,covered,0.7199045914490424,72.85928221148076,shared_semantic_recoding_50_percent,shared_publication_test,1451,115,311,25,311,25,503,503,,shared_semantic_dataset,,Ref-48-Research,Ref-48-Research
bayesian_ridge_native,Bayesian Ridge,shared_publication_held_out,test,0.9,29,192.0,160.42541755079785,123.84072638268634,197.01010871890935,31.574582449202154,31.574582449202154,996.9542568414647,73.16938233622301,36.584691168111505,22.241912939035558,True,covered,0.8630545028824423,73.16938233622301,shared_semantic_recoding_50_percent,shared_publication_test,1451,115,311,25,311,25,504,504,,shared_semantic_dataset,,Ref-48-Research,Ref-48-Research
bayesian_ridge_native,Bayesian Ridge,shared_publication_held_out,test,0.9,30,196.0,159.07670099845893,122.22094473118715,195.9324572657307,36.92329900154107,36.92329900154107,1363.3300091572037,73.71151253454356,36.85575626727178,22.406708817962894,False,above_interval_underprediction,1.0018326237502626,75.06236721992947,shared_semantic_recoding_50_percent,shared_publication_test,1451,115,311,25,311,25,505,505,,shared_semantic_dataset,,Ref-48-Research,Ref-48-Research
bayesian_ridge_native,Bayesian Ridge,shared_publication_held_out,test,0.9,31,198.0,157.72798444612005,120.48768131104349,194.9682875811966,40.27201555387995,40.27201555387995,1621.8352367719488,74.4806062701531,37.24030313507655,22.640496713435077,False,above_interval_underprediction,1.0814094452401983,135.1148546462213,shared_semantic_recoding_50_percent,shared_publication_test,1451,115,311,25,311,25,506,506,,shared_semantic_dataset,,Ref-48-Research,Ref-48-Research
bayesian_ridge_native,Bayesian Ridge,shared_publication_held_out,test,0.9,32,205.0,156.37926789378113,118.64440535864469,194.11413042891758,48.62073210621887,48.62073210621887,2363.9755905447023,75.46972507027289,37.73486253513644,22.94116747948767,False,above_interval_underprediction,1.2884830853947369,293.1871164919214,shared_semantic_recoding_50_percent,shared_publication_test,1451,115,311,25,311,25,507,507,,shared_semantic_dataset,,Ref-48-Research,Ref-48-Research
bayesian_ridge_native,Bayesian Ridge,shared_publication_held_out,test,0.9,33,201.0,155.03055134144225,116.69537442920802,193.36572825367648,45.96944865855775,45.96944865855775,2113.190209971777,76.67035382446846,38.33517691223423,23.306132706339127,False,above_interval_underprediction,1.1991453375525478,229.3557887509389,shared_semantic_recoding_50_percent,shared_publication_test,1451,115,311,25,311,25,508,508,,shared_semantic_dataset,,Ref-48-Research,Ref-48-Research
bayesian_ridge_native,Bayesian Ridge,shared_publication_held_out,test,0.9,34,196.0,153.68183478910336,114.64546722458283,192.7182023536239,42.31816521089664,42.31816521089664,1790.8271068167423,78.07273512904106,39.03636756452053,23.73242635386925,False,above_interval_underprediction,1.0840702619410438,143.70868805656318,shared_semantic_recoding_50_percent,shared_publication_test,1451,115,311,25,311,25,509,509,,shared_semantic_dataset,,Ref-48-Research,Ref-48-Research
bayesian_ridge_native,Bayesian Ridge,shared_publication_held_out,test,0.9,35,191.0,152.33311823676445,112.50001062807033,192.16622584545857,38.66688176323555,38.66688176323555,1495.127745292038,79.66621521738824,39.83310760869412,24.21680990698227,True,covered,0.9707221978030148,79.66621521738824,shared_semantic_recoding_50_percent,shared_publication_test,1451,115,311,25,311,25,510,510,,shared_semantic_dataset,,Ref-48-Research,Ref-48-Research
bayesian_ridge_native,Bayesian Ridge,shared_publication_held_out,test,0.9,36,189.0,130.89086604444984,90.2213117006082,171.56042038829148,58.10913395555016,58.10913395555016,3376.671449064073,81.33910868768328,40.66955434384164,24.725333414145496,False,above_interval_underprediction,1.4288116723449984,430.1307009218538,shared_semantic_recoding_50_percent,shared_publication_test,1451,115,311,25,311,25,511,511,,shared_semantic_dataset,,Ref-48-Research,Ref-48-Research
bayesian_ridge_native,Bayesian Ridge,shared_publication_held_out,test,0.9,37,182.0,163.12285065547564,126.73076168392299,199.5149396270283,18.877149344524355,18.877149344524355,356.3467673754763,72.7841779431053,36.39208897155265,22.12481911779639,True,covered,0.5187157395465932,72.7841779431053,shared_semantic_recoding_50_percent,shared_publication_test,1451,115,311,25,311,25,512,512,,shared_semantic_dataset,,Ref-48-Research,Ref-48-Research
bayesian_ridge_native,Bayesian Ridge,shared_publication_held_out,test,0.9,38,185.0,161.77413410313673,125.34449299739636,198.20377520887712,23.22586589686327,23.22586589686327,539.4408466590762,72.85928221148076,36.42964110574038,22.147649194328686,True,covered,0.6375540683875545,72.85928221148076,shared_semantic_recoding_50_percent,shared_publication_test,1451,115,311,25,311,25,513,513,,shared_semantic_dataset,,Ref-48-Research,Ref-48-Research
bayesian_ridge_native,Bayesian Ridge,shared_publication_held_out,test,0.9,39,185.5,160.42541755079785,123.84072638268634,197.01010871890935,25.074582449202154,25.074582449202154,628.7346850018367,73.16938233622301,36.584691168111505,22.241912939035558,True,covered,0.6853845597324062,73.16938233622301,shared_semantic_recoding_50_percent,shared_publication_test,1451,115,311,25,311,25,514,514,,shared_semantic_dataset,,Ref-48-Research,Ref-48-Research
bayesian_ridge_native,Bayesian Ridge,shared_publication_held_out,test,0.9,40,186.0,159.07670099845893,122.22094473118715,195.9324572657307,26.923299001541068,26.923299001541068,724.8640291263822,73.71151253454356,36.85575626727178,22.406708817962894,True,covered,0.7305045867543134,73.71151253454356,shared_semantic_recoding_50_percent,shared_publication_test,1451,115,311,25,311,25,515,515,,shared_semantic_dataset,,Ref-48-Research,Ref-48-Research
bayesian_ridge_native,Bayesian Ridge,shared_publication_held_out,test,0.9,41,172.0,157.72798444612005,120.48768131104349,194.9682875811966,14.272015553879953,14.272015553879953,203.6904279701913,74.4806062701531,37.24030313507655,22.640496713435077,True,covered,0.3832411219133492,74.4806062701531,shared_semantic_recoding_50_percent,shared_publication_test,1451,115,311,25,311,25,516,516,,shared_semantic_dataset,,Ref-48-Research,Ref-48-Research
bayesian_ridge_native,Bayesian Ridge,shared_publication_held_out,test,0.9,42,170.5,156.37926789378113,118.64440535864469,194.11413042891758,14.120732106218867,14.120732106218867,199.39507521560031,75.46972507027289,37.73486253513644,22.94116747948767,True,covered,0.3742091836977142,75.46972507027289,shared_semantic_recoding_50_percent,shared_publication_test,1451,115,311,25,311,25,517,517,,shared_semantic_dataset,,Ref-48-Research,Ref-48-Research
bayesian_ridge_native,Bayesian Ridge,shared_publication_held_out,test,0.9,43,162.0,155.03055134144225,116.69537442920802,193.36572825367648,6.969448658557752,6.969448658557752,48.57321460427245,76.67035382446846,38.33517691223423,23.306132706339127,True,covered,0.18180296062057646,76.67035382446846,shared_semantic_recoding_50_percent,shared_publication_test,1451,115,311,25,311,25,518,518,,shared_semantic_dataset,,Ref-48-Research,Ref-48-Research
bayesian_ridge_native,Bayesian Ridge,shared_publication_held_out,test,0.9,44,159.0,153.68183478910336,114.64546722458283,192.7182023536239,5.3181652108966375,5.3181652108966375,28.282881210391277,78.07273512904106,39.03636756452053,23.73242635386925,True,covered,0.13623617008182454,78.07273512904106,shared_semantic_recoding_50_percent,shared_publication_test,1451,115,311,25,311,25,519,519,,shared_semantic_dataset,,Ref-48-Research,Ref-48-Research
bayesian_ridge_native,Bayesian Ridge,shared_publication_held_out,test,0.9,45,169.0,152.33311823676445,112.50001062807033,192.16622584545857,16.66688176323555,16.66688176323555,277.7849477096738,79.66621521738824,39.83310760869412,24.21680990698227,True,covered,0.4184178128145286,79.66621521738824,shared_semantic_recoding_50_percent,shared_publication_test,1451,115,311,25,311,25,520,520,,shared_semantic_dataset,,Ref-48-Research,Ref-48-Research
bayesian_ridge_native,Bayesian Ridge,shared_publication_held_out,test,0.9,46,157.0,130.89086604444984,90.2213117006082,171.56042038829148,26.109133955550163,26.109133955550163,681.6868759088625,81.33910868768328,40.66955434384164,24.725333414145496,True,covered,0.6419822979816774,81.33910868768328,shared_semantic_recoding_50_percent,shared_publication_test,1451,115,311,25,311,25,521,521,,shared_semantic_dataset,,Ref-48-Research,Ref-48-Research
bayesian_ridge_native,Bayesian Ridge,shared_publication_held_out,test,0.9,47,199.0,182.46335421458915,145.99936838927164,218.92734003990665,16.536645785410855,16.536645785410855,273.4606538321466,72.92797165063502,36.46398582531751,22.1685293012357,True,covered,0.4535062586035015,72.92797165063502,shared_semantic_recoding_50_percent,shared_publication_test,1451,115,311,25,311,25,522,522,,shared_semantic_dataset,,Ref-48-Research,Ref-48-Research
bayesian_ridge_native,Bayesian Ridge,shared_publication_held_out,test,0.9,48,202.0,181.11463766225026,144.6110853488481,217.61818997565243,20.88536233774974,20.88536233774974,436.1983599790953,73.00710462680433,36.50355231340217,22.192584017981524,True,covered,0.572146024541336,73.00710462680433,shared_semantic_recoding_50_percent,shared_publication_test,1451,115,311,25,311,25,523,523,,shared_semantic_dataset,,Ref-48-Research,Ref-48-Research
bayesian_ridge_native,Bayesian Ridge,shared_publication_held_out,test,0.9,49,203.0,179.76592110991135,143.10555196121044,216.42629025861226,23.234078890088654,23.234078890088654,539.8224218708632,73.32073829740182,36.66036914870091,22.287921884360184,True,covered,0.6337655465455665,73.32073829740182,shared_semantic_recoding_50_percent,shared_publication_test,1451,115,311,25,311,25,524,524,,shared_semantic_dataset,,Ref-48-Research,Ref-48-Research
bayesian_ridge_native,Bayesian Ridge,shared_publication_held_out,test,0.9,50,209.0,178.41720455757246,141.4842617268941,215.35014738825083,30.58279544242754,30.58279544242754,935.3073770733666,73.86588566135674,36.93294283067837,22.45363491651773,True,covered,0.8280627834786001,73.86588566135674,shared_semantic_recoding_50_percent,shared_publication_test,1451,115,311,25,311,25,525,525,,shared_semantic_dataset,,Ref-48-Research,Ref-48-Research
bayesian_ridge_native,Bayesian Ridge,shared_publication_held_out,test,0.9,51,212.0,177.06848800523355,139.7497510016492,214.3872250088179,34.93151199476645,34.93151199476645,1220.2105302405125,74.63747400716869,37.318737003584346,22.68818111964765,True,covered,0.9360314629997095,74.63747400716869,shared_semantic_recoding_50_percent,shared_publication_test,1451,115,311,25,311,25,526,526,,shared_semantic_dataset,,Ref-48-Research,Ref-48-Research
bayesian_ridge_native,Bayesian Ridge,shared_publication_held_out,test,0.9,52,218.0,175.71977145289466,137.9054849682255,213.53405793756383,42.28022854710534,42.28022854710534,1787.6177259954611,75.62857296933834,37.81428648466917,22.989453812223502,False,above_interval_underprediction,1.1181019788446034,164.94741421806174,shared_semantic_recoding_50_percent,shared_publication_test,1451,115,311,25,311,25,527,527,,shared_semantic_dataset,,Ref-48-Research,Ref-48-Research
bayesian_ridge_native,Bayesian Ridge,shared_publication_held_out,test,0.9,53,216.0,174.37105490055575,135.95571084977348,212.78639895133801,41.62894509944425,41.62894509944425,1732.9690700925437,76.83068810156453,38.41534405078227,23.354870865914226,False,above_interval_underprediction,1.0836541004139866,141.10270907480424,shared_semantic_recoding_50_percent,shared_publication_test,1451,115,311,25,311,25,528,528,,shared_semantic_dataset,,Ref-48-Research,Ref-48-Research
bayesian_ridge_native,Bayesian Ridge,shared_publication_held_out,test,0.9,54,212.0,173.02233834821686,133.90529193455325,212.13938476188048,38.97766165178314,38.97766165178314,1519.2581078408857,78.23409282732723,39.117046413663616,23.781475611396576,True,covered,0.9964367258098559,78.23409282732723,shared_semantic_recoding_50_percent,shared_publication_test,1451,115,311,25,311,25,529,529,,shared_semantic_dataset,,Ref-48-Research,Ref-48-Research
bayesian_ridge_native,Bayesian Ridge,shared_publication_held_out,test,0.9,55,210.0,171.67362179587798,131.7595359725642,211.58770761919175,38.32637820412202,38.32637820412202,1468.9112662453997,79.82817164662754,39.91408582331377,24.266041165796302,True,covered,0.9602218718920434,79.82817164662754,shared_semantic_recoding_50_percent,shared_publication_test,1451,115,311,25,311,25,530,530,,shared_semantic_dataset,,Ref-48-Research,Ref-48-Research
bayesian_ridge_native,Bayesian Ridge,shared_publication_held_out,test,0.9,56,208.0,150.23136960356334,109.48282560594787,190.9799136011788,57.76863039643666,57.76863039643666,3337.214657880106,81.49708799523093,40.748543997615464,24.77335571380765,False,above_interval_underprediction,1.417685755835035,421.8988159716551,shared_semantic_recoding_50_percent,shared_publication_test,1451,115,311,25,311,25,531,531,,shared_semantic_dataset,,Ref-48-Research,Ref-48-Research
bayesian_ridge_native,Bayesian Ridge,shared_publication_held_out,test,0.9,57,194.0,182.46335421458915,145.99936838927164,218.92734003990665,11.536645785410855,11.536645785410855,133.09419597803804,72.92797165063502,36.46398582531751,22.1685293012357,True,covered,0.3163846607630256,72.92797165063502,shared_semantic_recoding_50_percent,shared_publication_test,1451,115,311,25,311,25,532,532,,shared_semantic_dataset,,Ref-48-Research,Ref-48-Research
bayesian_ridge_native,Bayesian Ridge,shared_publication_held_out,test,0.9,58,197.0,181.11463766225026,144.6110853488481,217.61818997565243,15.88536233774974,15.88536233774974,252.34473660159787,73.00710462680433,36.50355231340217,22.192584017981524,True,covered,0.43517305388159383,73.00710462680433,shared_semantic_recoding_50_percent,shared_publication_test,1451,115,311,25,311,25,533,533,,shared_semantic_dataset,,Ref-48-Research,Ref-48-Research
bayesian_ridge_native,Bayesian Ridge,shared_publication_held_out,test,0.9,59,198.0,179.76592110991135,143.10555196121044,216.42629025861226,18.234078890088654,18.234078890088654,332.48163296997666,73.32073829740182,36.66036914870091,22.287921884360184,True,covered,0.49737848563739284,73.32073829740182,shared_semantic_recoding_50_percent,shared_publication_test,1451,115,311,25,311,25,534,534,,shared_semantic_dataset,,Ref-48-Research,Ref-48-Research
bayesian_ridge_native,Bayesian Ridge,shared_publication_held_out,test,0.9,60,200.0,178.41720455757246,141.4842617268941,215.35014738825083,21.58279544242754,21.58279544242754,465.81705910967094,73.86588566135674,36.93294283067837,22.45363491651773,True,covered,0.5843778964859463,73.86588566135674,shared_semantic_recoding_50_percent,shared_publication_test,1451,115,311,25,311,25,535,535,,shared_semantic_dataset,,Ref-48-Research,Ref-48-Research
bayesian_ridge_native,Bayesian Ridge,shared_publication_held_out,test,0.9,61,182.0,177.06848800523355,139.7497510016492,214.3872250088179,4.931511994766453,4.931511994766453,24.319810554525397,74.63747400716869,37.318737003584346,22.68818111964765,True,covered,0.13214573671913915,74.63747400716869,shared_semantic_recoding_50_percent,shared_publication_test,1451,115,311,25,311,25,536,536,,shared_semantic_dataset,,Ref-48-Research,Ref-48-Research
bayesian_ridge_native,Bayesian Ridge,shared_publication_held_out,test,0.9,62,181.0,175.71977145289466,137.9054849682255,213.53405793756383,5.280228547105338,5.280228547105338,27.88081350966615,75.62857296933834,37.81428648466917,22.989453812223502,True,covered,0.13963581064119962,75.62857296933834,shared_semantic_recoding_50_percent,shared_publication_test,1451,115,311,25,311,25,537,537,,shared_semantic_dataset,,Ref-48-Research,Ref-48-Research
bayesian_ridge_native,Bayesian Ridge,shared_publication_held_out,test,0.9,63,178.0,174.37105490055575,135.95571084977348,212.78639895133801,3.628945099444252,3.628945099444252,13.16924253478045,76.83068810156453,38.41534405078227,23.354870865914226,True,covered,0.09446603145469822,76.83068810156453,shared_semantic_recoding_50_percent,shared_publication_test,1451,115,311,25,311,25,538,538,,shared_semantic_dataset,,Ref-48-Research,Ref-48-Research
bayesian_ridge_native,Bayesian Ridge,shared_publication_held_out,test,0.9,64,176.0,173.02233834821686,133.90529193455325,212.13938476188048,2.977661651783137,2.977661651783137,8.866468912499881,78.23409282732723,39.117046413663616,23.781475611396576,True,covered,0.07612184264359585,78.23409282732723,shared_semantic_recoding_50_percent,shared_publication_test,1451,115,311,25,311,25,539,539,,shared_semantic_dataset,,Ref-48-Research,Ref-48-Research
bayesian_ridge_native,Bayesian Ridge,shared_publication_held_out,test,0.9,65,175.0,171.67362179587798,131.7595359725642,211.58770761919175,3.3263782041220225,3.3263782041220225,11.064791956858052,79.82817164662754,39.91408582331377,24.266041165796302,True,covered,0.08333845396952795,79.82817164662754,shared_semantic_recoding_50_percent,shared_publication_test,1451,115,311,25,311,25,540,540,,shared_semantic_dataset,,Ref-48-Research,Ref-48-Research
bayesian_ridge_native,Bayesian Ridge,shared_publication_held_out,test,0.9,66,171.0,150.23136960356334,109.48282560594787,190.9799136011788,20.768630396436663,20.768630396436663,431.3360085437929,81.49708799523093,40.748543997615464,24.77335571380765,True,covered,0.5096778524811097,81.49708799523093,shared_semantic_recoding_50_percent,shared_publication_test,1451,115,311,25,311,25,541,541,,shared_semantic_dataset,,Ref-48-Research,Ref-48-Research
bayesian_ridge_native,Bayesian Ridge,shared_publication_held_out,test,0.9,67,210.0,194.6922301126338,158.06620910803832,231.3182511172293,15.307769887366192,15.307769887366192,234.32781892455515,73.25204200919097,36.626021004595486,22.267039695487792,True,covered,0.4179479361256719,73.25204200919097,shared_semantic_recoding_50_percent,shared_publication_test,1451,115,311,25,311,25,542,542,,shared_semantic_dataset,,Ref-48-Research,Ref-48-Research
bayesian_ridge_native,Bayesian Ridge,shared_publication_held_out,test,0.9,68,212.0,193.34351356029492,156.6869720631093,230.00005505748055,18.656486439705077,18.656486439705077,348.0644862748994,73.31308299437126,36.65654149718563,22.285594837471272,True,covered,0.508953809544129,73.31308299437126,shared_semantic_recoding_50_percent,shared_publication_test,1451,115,311,25,311,25,543,543,,shared_semantic_dataset,,Ref-48-Research,Ref-48-Research
bayesian_ridge_native,Bayesian Ridge,shared_publication_held_out,test,0.9,69,217.0,191.994797007956,155.1909260181523,228.7986679977597,25.00520299204399,25.00520299204399,625.2601766733258,73.6077419796074,36.8038709898037,22.375164809050528,True,covered,0.6794177438284016,73.6077419796074,shared_semantic_recoding_50_percent,shared_publication_test,1451,115,311,25,311,25,544,544,,shared_semantic_dataset,,Ref-48-Research,Ref-48-Research
bayesian_ridge_native,Bayesian Ridge,shared_publication_held_out,test,0.9,70,225.0,190.64608045561712,153.57946379686692,227.71269711436733,34.353919544382876,34.353919544382876,1180.1917880619317,74.13323331750041,37.066616658750206,22.534902833541786,True,covered,0.9268156265962583,74.13323331750041,shared_semantic_recoding_50_percent,shared_publication_test,1451,115,311,25,311,25,545,545,,shared_semantic_dataset,,Ref-48-Research,Ref-48-Research
bayesian_ridge_native,Bayesian Ridge,shared_publication_held_out,test,0.9,71,227.0,189.2973639032782,151.8550150638589,226.73971274269752,37.70263609672179,37.70263609672179,1421.488768641829,74.88469767883862,37.44234883941931,22.763331779748672,False,above_interval_underprediction,1.0069516807938195,80.09044282488821,shared_semantic_recoding_50_percent,shared_publication_test,1451,115,311,25,311,25,546,546,,shared_semantic_dataset,,Ref-48-Research,Ref-48-Research
bayesian_ridge_native,Bayesian Ridge,shared_publication_held_out,test,0.9,72,234.0,187.94864735093932,150.02093758496227,225.87635711691638,46.051352649060675,46.051352649060675,2120.7270808081475,75.85541953195411,37.927709765977056,23.058410270992486,False,above_interval_underprediction,1.2141875408035028,238.32827719362652,shared_semantic_recoding_50_percent,shared_publication_test,1451,115,311,25,311,25,547,547,,shared_semantic_dataset,,Ref-48-Research,Ref-48-Research
bayesian_ridge_native,Bayesian Ridge,shared_publication_held_out,test,0.9,73,232.0,186.59993079860044,148.08137533548603,225.11848626171485,45.40006920139956,45.40006920139956,2061.166283491869,77.03711092622882,38.51855546311441,23.417618949172805,False,above_interval_underprediction,1.178654512235666,214.66738569193186,shared_semantic_recoding_50_percent,shared_publication_test,1451,115,311,25,311,25,548,548,,shared_semantic_dataset,,Ref-48-Research,Ref-48-Research
bayesian_ridge_native,Bayesian Ridge,shared_publication_held_out,test,0.9,74,227.0,185.25121424626153,146.0410965821783,224.46133191034474,41.748785753738474,41.748785753738474,1742.9611119115566,78.42023532816643,39.210117664083214,23.838058913943733,False,above_interval_underprediction,1.0647452300807734,129.19359712127164,shared_semantic_recoding_50_percent,shared_publication_test,1451,115,311,25,311,25,549,549,,shared_semantic_dataset,,Ref-48-Research,Ref-48-Research
bayesian_ridge_native,Bayesian Ridge,shared_publication_held_out,test,0.9,75,221.0,183.9024976939226,143.90532523272378,223.89967015512144,37.09750230607739,37.09750230607739,1376.224677349417,79.99434492239766,39.99717246119883,24.316554254939103,True,covered,0.9275031214285359,79.99434492239766,shared_semantic_recoding_50_percent,shared_publication_test,1451,115,311,25,311,25,550,550,,shared_semantic_dataset,,Ref-48-Research,Ref-48-Research
bayesian_ridge_native,Bayesian Ridge,shared_publication_held_out,test,0.9,76,219.0,162.460245501608,121.61042846678521,203.3100625364308,56.539754498392,56.539754498392,3196.743838738438,81.69963406964558,40.84981703482279,24.8349253486663,False,above_interval_underprediction,1.3840883167284246,395.4983833410298,shared_semantic_recoding_50_percent,shared_publication_test,1451,115,311,25,311,25,551,551,,shared_semantic_dataset,,Ref-48-Research,Ref-48-Research
bayesian_ridge_native,Bayesian Ridge,shared_publication_held_out,test,0.9,77,209.0,194.6922301126338,158.06620910803832,231.3182511172293,14.307769887366192,14.307769887366192,204.71227914982276,73.25204200919097,36.626021004595486,22.267039695487792,True,covered,0.3906449429920599,73.25204200919097,shared_semantic_recoding_50_percent,shared_publication_test,1451,115,311,25,311,25,552,552,,shared_semantic_dataset,,Ref-48-Research,Ref-48-Research
bayesian_ridge_native,Bayesian Ridge,shared_publication_held_out,test,0.9,78,210.0,193.34351356029492,156.6869720631093,230.00005505748055,16.656486439705077,16.656486439705077,277.4385405160791,73.31308299437126,36.65654149718563,22.285594837471272,True,covered,0.4543932886026334,73.31308299437126,shared_semantic_recoding_50_percent,shared_publication_test,1451,115,311,25,311,25,553,553,,shared_semantic_dataset,,Ref-48-Research,Ref-48-Research
bayesian_ridge_native,Bayesian Ridge,shared_publication_held_out,test,0.9,79,213.0,191.994797007956,155.1909260181523,228.7986679977597,21.00520299204399,21.00520299204399,441.21855273697383,73.6077419796074,36.8038709898037,22.375164809050528,True,covered,0.5707335241410709,73.6077419796074,shared_semantic_recoding_50_percent,shared_publication_test,1451,115,311,25,311,25,554,554,,shared_semantic_dataset,,Ref-48-Research,Ref-48-Research
bayesian_ridge_native,Bayesian Ridge,shared_publication_held_out,test,0.9,80,215.0,190.64608045561712,153.57946379686692,227.71269711436733,24.353919544382876,24.353919544382876,593.1133971742743,74.13323331750041,37.066616658750206,22.534902833541786,True,covered,0.6570310899587788,74.13323331750041,shared_semantic_recoding_50_percent,shared_publication_test,1451,115,311,25,311,25,555,555,,shared_semantic_dataset,,Ref-48-Research,Ref-48-Research
bayesian_ridge_native,Bayesian Ridge,shared_publication_held_out,test,0.9,81,198.0,189.2973639032782,151.8550150638589,226.73971274269752,8.70263609672179,8.70263609672179,75.73587503196507,74.88469767883862,37.44234883941931,22.763331779748672,True,covered,0.23242762183657809,74.88469767883862,shared_semantic_recoding_50_percent,shared_publication_test,1451,115,311,25,311,25,556,556,,shared_semantic_dataset,,Ref-48-Research,Ref-48-Research
bayesian_ridge_native,Bayesian Ridge,shared_publication_held_out,test,0.9,82,192.0,187.94864735093932,150.02093758496227,225.87635711691638,4.051352649060675,4.051352649060675,16.41345828705095,75.85541953195411,37.927709765977056,23.058410270992486,True,covered,0.10681775077004331,75.85541953195411,shared_semantic_recoding_50_percent,shared_publication_test,1451,115,311,25,311,25,557,557,,shared_semantic_dataset,,Ref-48-Research,Ref-48-Research
bayesian_ridge_native,Bayesian Ridge,shared_publication_held_out,test,0.9,83,186.5,186.59993079860044,148.08137533548603,225.11848626171485,-0.09993079860043963,0.09993079860043963,0.009986164508921628,77.03711092622882,38.51855546311441,23.417618949172805,True,covered,0.00259435478301189,77.03711092622882,shared_semantic_recoding_50_percent,shared_publication_test,1451,115,311,25,311,25,558,558,,shared_semantic_dataset,,Ref-48-Research,Ref-48-Research
bayesian_ridge_native,Bayesian Ridge,shared_publication_held_out,test,0.9,84,185.0,185.25121424626153,146.0410965821783,224.46133191034474,-0.2512142462615259,0.2512142462615259,0.06310859752474657,78.42023532816643,39.210117664083214,23.838058913943733,True,covered,0.006406873052861052,78.42023532816643,shared_semantic_recoding_50_percent,shared_publication_test,1451,115,311,25,311,25,559,559,,shared_semantic_dataset,,Ref-48-Research,Ref-48-Research
bayesian_ridge_native,Bayesian Ridge,shared_publication_held_out,test,0.9,85,183.0,183.9024976939226,143.90532523272378,223.89967015512144,-0.9024976939226121,0.9024976939226121,0.8145020875356329,79.99434492239766,39.99717246119883,24.316554254939103,True,covered,0.022564037365344344,79.99434492239766,shared_semantic_recoding_50_percent,shared_publication_test,1451,115,311,25,311,25,560,560,,shared_semantic_dataset,,Ref-48-Research,Ref-48-Research
bayesian_ridge_native,Bayesian Ridge,shared_publication_held_out,test,0.9,86,178.0,162.460245501608,121.61042846678521,203.3100625364308,15.539754498392,15.539754498392,241.4839698702944,81.69963406964558,40.84981703482279,24.8349253486663,True,covered,0.3804118506857692,81.69963406964558,shared_semantic_recoding_50_percent,shared_publication_test,1451,115,311,25,311,25,561,561,,shared_semantic_dataset,,Ref-48-Research,Ref-48-Research
bayesian_ridge_native,Bayesian Ridge,shared_publication_held_out,test,0.9,87,90.0,139.5275245267701,104.19490391984962,174.86014513369057,-49.527524526770094,49.527524526770094,2452.9756857498132,70.66524121384094,35.33262060692047,21.480708087323865,False,below_interval_overprediction,1.4017506676838263,354.56331961083345,shared_semantic_recoding_50_percent,shared_publication_test,1451,115,311,25,311,25,633,633,,shared_semantic_dataset,,Ref-55-Research,Ref-55-Research
bayesian_ridge_native,Bayesian Ridge,shared_publication_held_out,test,0.9,88,106.0,143.65965555920948,108.41685300629004,178.90245811212893,-37.65965555920948,37.65965555920948,1418.2496568382978,70.48560510583889,35.24280255291944,21.426102587764923,False,below_interval_overprediction,1.0685772081451517,118.82266523163969,shared_semantic_recoding_50_percent,shared_publication_test,1451,115,311,25,311,25,634,634,,shared_semantic_dataset,,Ref-55-Research,Ref-55-Research
bayesian_ridge_native,Bayesian Ridge,shared_publication_held_out,test,0.9,89,112.0,145.72572107542916,110.50390746780528,180.94753468305305,-33.72572107542916,33.72572107542916,1137.424262057647,70.44362721524777,35.221813607623886,21.413342215077872,True,covered,0.9575236940135619,70.44362721524777,shared_semantic_recoding_50_percent,shared_publication_test,1451,115,311,25,311,25,635,635,,shared_semantic_dataset,,Ref-55-Research,Ref-55-Research
bayesian_ridge_native,Bayesian Ridge,shared_publication_held_out,test,0.9,90,115.0,147.79178659164887,112.57496997075128,183.00860321254646,-32.79178659164887,32.79178659164887,1075.3012678722428,70.43363324179518,35.21681662089759,21.410304262858645,True,covered,0.931139998956927,70.43363324179518,shared_semantic_recoding_50_percent,shared_publication_test,1451,115,311,25,311,25,636,636,,shared_semantic_dataset,,Ref-55-Research,Ref-55-Research
bayesian_ridge_native,Bayesian Ridge,shared_publication_held_out,test,0.9,91,101.0,149.85785210786855,114.6300337098574,185.0856705058797,-48.85785210786855,48.85785210786855,2387.0897125943557,70.4556367960223,35.22781839801115,21.416992868418006,False,below_interval_overprediction,1.3869110927012984,343.05631099317037,shared_semantic_recoding_50_percent,shared_publication_test,1451,115,311,25,311,25,637,637,,shared_semantic_dataset,,Ref-55-Research,Ref-55-Research
bayesian_ridge_native,Bayesian Ridge,shared_publication_held_out,test,0.9,92,115.0,119.5424345357174,83.99021432295064,155.09465474848417,-4.542434535717405,4.542434535717405,20.633711511278193,71.10444042553354,35.55222021276677,21.61421516798326,True,covered,0.127767956783926,71.10444042553354,shared_semantic_recoding_50_percent,shared_publication_test,1451,115,311,25,311,25,643,643,,shared_semantic_dataset,,Ref-57-Research,Ref-57-Research
bayesian_ridge_native,Bayesian Ridge,shared_publication_held_out,test,0.9,93,120.0,120.34107657369307,84.81355166591409,155.86860148147207,-0.34107657369307276,0.34107657369307276,0.11633322912220609,71.05504981555798,35.52752490777899,21.599201488599785,True,covered,0.009600347183723788,71.05504981555798,shared_semantic_recoding_50_percent,shared_publication_test,1451,115,311,25,311,25,644,644,,shared_semantic_dataset,,Ref-57-Research,Ref-57-Research
bayesian_ridge_native,Bayesian Ridge,shared_publication_held_out,test,0.9,94,127.0,121.13971861166874,85.61322368361324,156.66621353972425,5.860281388331259,5.860281388331259,34.34289795042175,71.05298985611101,35.526494928055506,21.598575305390163,True,covered,0.1649552369351066,71.05298985611101,shared_semantic_recoding_50_percent,shared_publication_test,1451,115,311,25,311,25,645,645,,shared_semantic_dataset,,Ref-57-Research,Ref-57-Research
bayesian_ridge_native,Bayesian Ridge,shared_publication_held_out,test,0.9,95,133.0,121.93836064964441,86.38922831905222,157.4874929802366,11.061639350355591,11.061639350355591,122.35986511733526,71.09826466118437,35.54913233059219,21.61233786891908,True,covered,0.3111648196498,71.09826466118437,shared_semantic_recoding_50_percent,shared_publication_test,1451,115,311,25,311,25,646,646,,shared_semantic_dataset,,Ref-57-Research,Ref-57-Research
bayesian_ridge_native,Bayesian Ridge,shared_publication_held_out,test,0.9,96,135.0,122.73700268762008,87.14161072704096,158.3323946481992,12.262997312379923,12.262997312379923,150.3811030834372,71.19078392115824,35.59539196057912,21.640461727011346,True,covered,0.3445108098812577,71.19078392115824,shared_semantic_recoding_50_percent,shared_publication_test,1451,115,311,25,311,25,647,647,,shared_semantic_dataset,,Ref-57-Research,Ref-57-Research
bayesian_ridge_native,Bayesian Ridge,shared_publication_held_out,test,0.9,97,130.0,123.53564472559576,87.87046282530159,159.20082662588993,6.464355274404241,6.464355274404241,41.78788911371793,71.33036380058834,35.66518190029417,21.68289099765982,True,covered,0.1812511511220113,71.33036380058834,shared_semantic_recoding_50_percent,shared_publication_test,1451,115,311,25,311,25,648,648,,shared_semantic_dataset,,Ref-57-Research,Ref-57-Research
bayesian_ridge_native,Bayesian Ridge,shared_publication_held_out,test,0.9,98,141.0,187.7074717558539,152.06476396551798,223.35017954618982,-46.7074717558539,46.7074717558539,2181.58791782389,71.28541558067184,35.64270779033592,21.66922770896956,False,below_interval_overprediction,1.3104355603565578,292.5806948910315,shared_semantic_recoding_50_percent,shared_publication_test,1451,115,311,25,311,25,758,758,,shared_semantic_dataset,,Ref-64-Research,Ref-64-Research
bayesian_ridge_native,Bayesian Ridge,shared_publication_held_out,test,0.9,99,148.0,176.06923522650632,140.33217499088738,211.80629546212526,-28.069235226506322,28.069235226506322,787.8819662009435,71.47412047123788,35.73706023561894,21.72658992268697,True,covered,0.7854377232330336,71.47412047123788,shared_semantic_recoding_50_percent,shared_publication_test,1451,115,311,25,311,25,759,759,,shared_semantic_dataset,,Ref-64-Research,Ref-64-Research
bayesian_ridge_native,Bayesian Ridge,shared_publication_held_out,test,0.9,100,151.0,173.44110114768205,137.7001797010384,209.1820225943257,-22.441101147682048,22.441101147682048,503.60302072049654,71.48184289328731,35.740921446643654,21.728937372308888,True,covered,0.6278825570063594,71.48184289328731,shared_semantic_recoding_50_percent,shared_publication_test,1451,115,311,25,311,25,760,760,,shared_semantic_dataset,,Ref-64-Research,Ref-64-Research
bayesian_ridge_native,Bayesian Ridge,shared_publication_held_out,test,0.9,101,146.0,170.81296706885774,135.05416374738007,206.57177039033542,-24.812967068857745,24.812967068857745,615.6833347602189,71.51760664295534,35.75880332147767,21.73980878028162,True,covered,0.6938981387543925,71.51760664295534,shared_semantic_recoding_50_percent,shared_publication_test,1451,115,311,25,311,25,761,761,,shared_semantic_dataset,,Ref-64-Research,Ref-64-Research
bayesian_ridge_native,Bayesian Ridge,shared_publication_held_out,test,0.9,102,145.0,170.45253260567313,134.62674145102972,206.27832376031654,-25.452532605673127,25.452532605673127,647.8314160428537,71.65158230928682,35.82579115464341,21.78053449110969,True,covered,0.7104527711839297,71.65158230928682,shared_semantic_recoding_50_percent,shared_publication_test,1451,115,311,25,311,25,762,762,,shared_semantic_dataset,,Ref-64-Research,Ref-64-Research
bayesian_ridge_native,Bayesian Ridge,shared_publication_held_out,test,0.9,103,145.0,167.46396406366426,131.4653199450312,203.46260818229732,-22.463964063664264,22.463964063664264,504.62968145359946,71.9972882372661,35.99864411863305,21.8856216314834,True,covered,0.6240225045597432,71.9972882372661,shared_semantic_recoding_50_percent,shared_publication_test,1451,115,311,25,311,25,763,763,,shared_semantic_dataset,,Ref-64-Research,Ref-64-Research
bayesian_ridge_native,Bayesian Ridge,shared_publication_held_out,test,0.9,104,139.0,164.47539552165537,128.21717348269215,200.7336175606186,-25.475395521655372,25.475395521655372,648.9957769847786,72.51644407792645,36.258222038963225,22.043433801561577,True,covered,0.7026101691991243,72.51644407792645,shared_semantic_recoding_50_percent,shared_publication_test,1451,115,311,25,311,25,764,764,,shared_semantic_dataset,,Ref-64-Research,Ref-64-Research
bayesian_ridge_native,Bayesian Ridge,shared_publication_held_out,test,0.9,105,139.0,141.39329133967072,104.89448548660133,177.89209719274012,-2.393291339670725,2.393291339670725,5.727843436542893,72.9976117061388,36.4988058530694,22.189698374994816,True,covered,0.06557177101369356,72.9976117061388,shared_semantic_recoding_50_percent,shared_publication_test,1451,115,311,25,311,25,765,765,,shared_semantic_dataset,,Ref-64-Research,Ref-64-Research
bayesian_ridge_native,Bayesian Ridge,shared_publication_held_out,test,0.9,106,262.0,222.07170889893132,186.5135079702162,257.62990982764643,39.92829110106868,39.92829110106868,1594.2684302516805,71.11640185743022,35.55820092871511,21.61785118510377,False,above_interval_underprediction,1.122899642226401,158.51820530450163,shared_semantic_recoding_50_percent,shared_publication_test,1451,115,311,25,311,25,766,766,,shared_semantic_dataset,,Ref-65-Research,Ref-65-Research
bayesian_ridge_native,Bayesian Ridge,shared_publication_held_out,test,0.9,107,248.0,237.07241045404845,201.34970860358717,272.79511230450976,10.927589545951548,10.927589545951548,119.41221328478956,71.44540370092258,35.72270185046129,21.71786064433514,True,covered,0.3059004212977927,71.44540370092258,shared_semantic_recoding_50_percent,shared_publication_test,1451,115,311,25,311,25,767,767,,shared_semantic_dataset,,Ref-65-Research,Ref-65-Research
bayesian_ridge_native,Bayesian Ridge,shared_publication_held_out,test,0.9,108,229.0,224.86669280147174,189.14477605030544,260.58860955263805,4.133307198528257,4.133307198528257,17.08422839740551,71.44383350233261,35.721916751166304,21.717383337855036,True,covered,0.1157078783683495,71.44383350233261,shared_semantic_recoding_50_percent,shared_publication_test,1451,115,311,25,311,25,768,768,,shared_semantic_dataset,,Ref-65-Research,Ref-65-Research
bayesian_ridge_native,Bayesian Ridge,shared_publication_held_out,test,0.9,109,167.0,212.85211801409642,177.00027235742152,248.70396367077132,-45.85211801409642,45.85211801409642,2102.4167263786253,71.7036913133498,35.8518456566749,21.796374503621806,False,below_interval_overprediction,1.278933264780461,271.7091384617803,shared_semantic_recoding_50_percent,shared_publication_test,1451,115,311,25,311,25,769,769,,shared_semantic_dataset,,Ref-65-Research,Ref-65-Research
bayesian_ridge_native,Bayesian Ridge,shared_publication_held_out,test,0.9,110,254.0,217.70496639799993,182.15968283135425,253.2502499646456,36.295033602000075,36.295033602000075,1317.3294641703146,71.09056713329136,35.54528356664568,21.609997986583384,False,above_interval_underprediction,1.0210928134515695,86.08556784037927,shared_semantic_recoding_50_percent,shared_publication_test,1451,115,311,25,311,25,770,770,,shared_semantic_dataset,,Ref-65-Research,Ref-65-Research
bayesian_ridge_native,Bayesian Ridge,shared_publication_held_out,test,0.9,111,244.0,213.33822389706853,177.75640263391372,248.92004516022334,30.66177610293147,30.66177610293147,940.1445137862993,71.16364252630962,35.58182126315481,21.63221132879843,True,covered,0.8617258761479397,71.16364252630962,shared_semantic_recoding_50_percent,shared_publication_test,1451,115,311,25,311,25,771,771,,shared_semantic_dataset,,Ref-65-Research,Ref-65-Research
bayesian_ridge_native,Bayesian Ridge,shared_publication_held_out,test,0.9,112,202.0,208.9714813961371,173.30381936178998,244.63914343048424,-6.971481396137108,6.971481396137108,48.6015528566858,71.33532406869426,35.66766203434713,21.684398812101385,True,covered,0.19545664051161338,71.33532406869426,shared_semantic_recoding_50_percent,shared_publication_test,1451,115,311,25,311,25,772,772,,shared_semantic_dataset,,Ref-65-Research,Ref-65-Research
bayesian_ridge_native,Bayesian Ridge,shared_publication_held_out,test,0.9,113,171.0,209.1783456465957,173.52168310324407,244.8350081899473,-38.17834564659569,38.17834564659569,1457.586076310932,71.31332508670323,35.656662543351615,21.677711596403107,False,below_interval_overprediction,1.0707212319767223,121.74698715158468,shared_semantic_recoding_50_percent,shared_publication_test,1451,115,311,25,311,25,773,773,,shared_semantic_dataset,,Ref-65-Research,Ref-65-Research
bayesian_ridge_native,Bayesian Ridge,shared_publication_held_out,test,0.9,114,204.0,212.96533769415666,177.37669552188598,248.55397986642734,-8.96533769415666,8.96533769415666,80.37727997026624,71.17728434454136,35.58864217227068,21.636358147095272,True,covered,0.2519156996987682,71.17728434454136,shared_semantic_recoding_50_percent,shared_publication_test,1451,115,311,25,311,25,774,774,,shared_semantic_dataset,,Ref-65-Research,Ref-65-Research
bayesian_ridge_native,Bayesian Ridge,shared_publication_held_out,test,0.9,115,239.0,216.7523297417176,181.20021996737245,252.30443951606276,22.247670258282398,22.247670258282398,494.95883192126314,71.10421954869031,35.552109774345155,21.61414802619033,True,covered,0.6257763716272218,71.10421954869031,shared_semantic_recoding_50_percent,shared_publication_test,1451,115,311,25,311,25,775,775,,shared_semantic_dataset,,Ref-65-Research,Ref-65-Research
bayesian_ridge_native,Bayesian Ridge,shared_publication_held_out,test,0.9,116,249.0,218.09016413583942,182.54260703946036,253.63772123221847,30.909835864160584,30.909835864160584,955.4179531493479,71.0951141927581,35.54755709637905,21.611380194517345,True,covered,0.8695347413144495,71.0951141927581,shared_semantic_recoding_50_percent,shared_publication_test,1451,115,311,25,311,25,776,776,,shared_semantic_dataset,,Ref-65-Research,Ref-65-Research
bayesian_ridge_native,Bayesian Ridge,shared_publication_held_out,test,0.9,117,250.0,219.9556636426857,184.4062166251643,255.5051106602071,30.044336357314307,30.044336357314307,902.6621471514384,71.0988940350428,35.5494470175214,21.61252918498762,True,covered,0.8451421576967493,71.0988940350428,shared_semantic_recoding_50_percent,shared_publication_test,1451,115,311,25,311,25,777,777,,shared_semantic_dataset,,Ref-65-Research,Ref-65-Research
bayesian_ridge_native,Bayesian Ridge,shared_publication_held_out,test,0.9,118,259.0,222.07170889893132,186.5135079702162,257.62990982764643,36.92829110106868,36.92829110106868,1363.6986836452684,71.11640185743022,35.55820092871511,21.61785118510377,False,above_interval_underprediction,1.0385309193538852,98.51820530450163,shared_semantic_recoding_50_percent,shared_publication_test,1451,115,311,25,311,25,778,778,,shared_semantic_dataset,,Ref-65-Research,Ref-65-Research
bayesian_ridge_native,Bayesian Ridge,shared_publication_held_out,test,0.9,119,248.0,224.13176112130856,188.5570944985162,259.7064277441009,23.868238878691443,23.868238878691443,569.6928271702777,71.1493332455847,35.57466662279235,21.627861616310206,True,covered,0.6709335924851447,71.1493332455847,shared_semantic_recoding_50_percent,shared_publication_test,1451,115,311,25,311,25,779,779,,shared_semantic_dataset,,Ref-65-Research,Ref-65-Research
bayesian_ridge_native,Bayesian Ridge,shared_publication_held_out,test,0.9,120,246.0,226.25292115304865,190.65345194214817,261.85239036394916,19.747078846951354,19.747078846951354,389.9471229877136,71.19893842180099,35.599469210900494,21.642940519199637,True,covered,0.5547014965297525,71.19893842180099,shared_semantic_recoding_50_percent,shared_publication_test,1451,115,311,25,311,25,780,780,,shared_semantic_dataset,,Ref-65-Research,Ref-65-Research
bayesian_ridge_native,Bayesian Ridge,shared_publication_held_out,test,0.9,121,262.0,222.07170889893132,186.5135079702162,257.62990982764643,39.92829110106868,39.92829110106868,1594.2684302516805,71.11640185743022,35.55820092871511,21.61785118510377,False,above_interval_underprediction,1.122899642226401,158.51820530450163,shared_semantic_recoding_50_percent,shared_publication_test,1451,115,311,25,311,25,781,781,,shared_semantic_dataset,,Ref-65-Research,Ref-65-Research
bayesian_ridge_native,Bayesian Ridge,shared_publication_held_out,test,0.9,122,262.0,240.60534998655635,204.83544994521284,276.3752500278998,21.394650013443652,21.394650013443652,457.7310491977445,71.53980008268698,35.76990004134349,21.746555106935865,True,covered,0.5981188090745384,71.53980008268698,shared_semantic_recoding_50_percent,shared_publication_test,1451,115,311,25,311,25,782,782,,shared_semantic_dataset,,Ref-65-Research,Ref-65-Research
bayesian_ridge_native,Bayesian Ridge,shared_publication_held_out,test,0.9,123,253.0,234.49993377252082,198.77360225048176,270.2262652945599,18.50006622747918,18.50006622747918,342.2524504211158,71.45266304407812,35.72633152203906,21.720067327968454,True,covered,0.5178272002561124,71.45266304407812,shared_semantic_recoding_50_percent,shared_publication_test,1451,115,311,25,311,25,783,783,,shared_semantic_dataset,,Ref-65-Research,Ref-65-Research
bayesian_ridge_native,Bayesian Ridge,shared_publication_held_out,test,0.9,124,234.0,228.3962224836501,192.6797226809148,264.1127222863854,5.603777516349908,5.603777516349908,31.40232245274874,71.4329996054706,35.7164998027353,21.714090067048286,True,covered,0.15689604376968513,71.4329996054706,shared_semantic_recoding_50_percent,shared_publication_test,1451,115,311,25,311,25,784,784,,shared_semantic_dataset,,Ref-65-Research,Ref-65-Research
bayesian_ridge_native,Bayesian Ridge,shared_publication_held_out,test,0.9,125,239.0,238.42197873609067,202.64493437095226,274.19902310122905,0.578021263909335,0.578021263909335,0.33410858153134504,71.55408873027679,35.777044365138394,21.750898547396364,True,covered,0.016156205023815946,71.55408873027679,shared_semantic_recoding_50_percent,shared_publication_test,1451,115,311,25,311,25,785,785,,shared_semantic_dataset,,Ref-65-Research,Ref-65-Research
bayesian_ridge_native,Bayesian Ridge,shared_publication_held_out,test,0.9,126,240.0,232.3165625220551,196.57687124737527,268.05625379673495,7.683437477944892,7.683437477944892,59.03521147748817,71.47938254935968,35.73969127467984,21.72818948085907,True,covered,0.2149833197744577,71.47938254935968,shared_semantic_recoding_50_percent,shared_publication_test,1451,115,311,25,311,25,786,786,,shared_semantic_dataset,,Ref-65-Research,Ref-65-Research
bayesian_ridge_native,Bayesian Ridge,shared_publication_held_out,test,0.9,127,230.0,236.23860748562495,200.44213586413235,272.03507910711755,-6.238607485624954,6.238607485624954,38.920223359695704,71.5929432429852,35.7964716214926,21.762709480622192,True,covered,0.1742799556221967,71.5929432429852,shared_semantic_recoding_50_percent,shared_publication_test,1451,115,311,25,311,25,787,787,,shared_semantic_dataset,,Ref-65-Research,Ref-65-Research
bayesian_ridge_native,Bayesian Ridge,shared_publication_held_out,test,0.9,128,189.0,224.02947998271867,188.2615311785576,259.7974287868798,-35.02947998271867,35.02947998271867,1227.064467859688,71.53589760832219,35.767948804161094,21.745368838960136,True,covered,0.9793538951454629,71.53589760832219,shared_semantic_recoding_50_percent,shared_publication_test,1451,115,311,25,311,25,788,788,,shared_semantic_dataset,,Ref-65-Research,Ref-65-Research
bayesian_ridge_native,Bayesian Ridge,shared_publication_held_out,test,0.9,129,270.0,222.07170889893132,186.5135079702162,257.62990982764643,47.92829110106868,47.92829110106868,2297.1210878687793,71.11640185743022,35.55820092871511,21.61785118510377,False,above_interval_underprediction,1.3478829032197766,318.5182053045017,shared_semantic_recoding_50_percent,shared_publication_test,1451,115,311,25,311,25,789,789,,shared_semantic_dataset,,Ref-65-Research,Ref-65-Research
bayesian_ridge_native,Bayesian Ridge,shared_publication_held_out,test,0.9,130,281.0,239.94584052526272,204.21185928065734,275.6798217698681,41.054159474737276,41.054159474737276,1685.4440101771604,71.46796248921078,35.73398124460539,21.72471802906487,False,above_interval_underprediction,1.1488828852770234,177.87152709184852,shared_semantic_recoding_50_percent,shared_publication_test,1451,115,311,25,311,25,790,790,,shared_semantic_dataset,,Ref-65-Research,Ref-65-Research
bayesian_ridge_native,Bayesian Ridge,shared_publication_held_out,test,0.9,131,250.0,231.56421939048886,195.8936188048956,267.2348199760821,18.43578060951114,18.43578060951114,339.878006682027,71.34120117118653,35.67060058559326,21.68618532440738,True,covered,0.5168340399897005,71.34120117118653,shared_semantic_recoding_50_percent,shared_publication_test,1451,115,311,25,311,25,791,791,,shared_semantic_dataset,,Ref-65-Research,Ref-65-Research
bayesian_ridge_native,Bayesian Ridge,shared_publication_held_out,test,0.9,132,224.0,223.2351814392539,187.5877103009073,258.8826525776005,0.7648185607461073,0.7648185607461073,0.584947430861747,71.29494227669318,35.64747113834659,21.67212361893542,True,covered,0.021455057997743325,71.29494227669318,shared_semantic_recoding_50_percent,shared_publication_test,1451,115,311,25,311,25,792,792,,shared_semantic_dataset,,Ref-65-Research,Ref-65-Research
bayesian_ridge_native,Bayesian Ridge,shared_publication_held_out,test,0.9,133,214.0,226.39279608641726,190.7126324958972,262.07295967693733,-12.392796086417263,12.392796086417263,153.58139483951905,71.36032718104013,35.68016359052007,21.691999218586243,True,covered,0.3473301363929264,71.36032718104013,shared_semantic_recoding_50_percent,shared_publication_test,1451,115,311,25,311,25,793,793,,shared_semantic_dataset,,Ref-65-Research,Ref-65-Research
bayesian_ridge_native,Bayesian Ridge,shared_publication_held_out,test,0.9,134,268.0,235.23691892934607,199.55865348451394,270.91518437417824,32.763081070653925,32.763081070653925,1073.4194812422415,71.3565308896643,35.67826544483215,21.690845227947303,True,covered,0.9182924299196704,71.3565308896643,shared_semantic_recoding_50_percent,shared_publication_test,1451,115,311,25,311,25,794,794,,shared_semantic_dataset,,Ref-65-Research,Ref-65-Research
bayesian_ridge_native,Bayesian Ridge,shared_publication_held_out,test,0.9,135,232.0,208.27792737402257,172.71489769843424,243.8409570496109,23.722072625977432,23.722072625977432,562.7367296721478,71.12605935117665,35.563029675588325,21.62078685475492,True,covered,0.6670430737306128,71.12605935117665,shared_semantic_recoding_50_percent,shared_publication_test,1451,115,311,25,311,25,795,795,,shared_semantic_dataset,,Ref-65-Research,Ref-65-Research
bayesian_ridge_native,Bayesian Ridge,shared_publication_held_out,test,0.9,136,155.0,142.8638481866686,106.7651688062275,178.9625275671097,12.136151813331395,12.136151813331395,147.28618083622692,72.1973587608822,36.0986793804411,21.94643875233168,True,covered,0.33619378940236183,72.1973587608822,shared_semantic_recoding_50_percent,shared_publication_test,1451,115,311,25,311,25,829,829,,shared_semantic_dataset,,Ref-68-Research,Ref-68-Research
bayesian_ridge_native,Bayesian Ridge,shared_publication_held_out,test,0.9,137,146.0,138.41711425801938,102.05892663991149,174.7753018761273,7.582885741980618,7.582885741980618,57.50015617593295,72.7163752362158,36.3581876181079,22.104208558358593,True,covered,0.2085606087307835,72.7163752362158,shared_semantic_recoding_50_percent,shared_publication_test,1451,115,311,25,311,25,830,830,,shared_semantic_dataset,,Ref-68-Research,Ref-68-Research
bayesian_ridge_native,Bayesian Ridge,shared_publication_held_out,test,0.9,138,130.94,108.76814089550837,72.561189485297,144.97509230571973,22.17185910449163,22.17185910449163,491.5913361494284,72.41390282042272,36.20695141021136,22.012263472535473,True,covered,0.6123647045920181,72.41390282042272,shared_semantic_recoding_50_percent,shared_publication_test,1451,115,311,25,311,25,910,910,,shared_semantic_dataset,,Ref-75-Research,Ref-75-Research
bayesian_ridge_native,Bayesian Ridge,shared_publication_held_out,test,0.9,139,128.35,110.61862415712866,74.48193714365898,146.75531117059836,17.73137584287133,17.73137584287133,314.40168928116094,72.27337402693938,36.13668701346969,21.969545752496206,True,covered,0.490675192118804,72.27337402693938,shared_semantic_recoding_50_percent,shared_publication_test,1451,115,311,25,311,25,911,911,,shared_semantic_dataset,,Ref-75-Research,Ref-75-Research
bayesian_ridge_native,Bayesian Ridge,shared_publication_held_out,test,0.9,140,128.73,112.46910741874896,76.35849050551961,148.5797243319783,16.260892581251028,16.260892581251028,264.4166275389847,72.22123382645869,36.11061691322934,21.953696256946472,True,covered,0.4503078033899153,72.22123382645869,shared_semantic_recoding_50_percent,shared_publication_test,1451,115,311,25,311,25,912,912,,shared_semantic_dataset,,Ref-75-Research,Ref-75-Research
bayesian_ridge_native,Bayesian Ridge,shared_publication_held_out,test,0.9,141,130.18,114.31959068036926,78.19075390065798,150.44842746008055,15.860409319630747,15.860409319630747,251.55258378622986,72.25767355942257,36.128836779711285,21.964773149250682,True,covered,0.438995847453838,72.25767355942257,shared_semantic_recoding_50_percent,shared_publication_test,1451,115,311,25,311,25,913,913,,shared_semantic_dataset,,Ref-75-Research,Ref-75-Research
bayesian_ridge_native,Bayesian Ridge,shared_publication_held_out,test,0.9,142,130.9,118.44632901169442,83.05356480240901,153.8390932209798,12.45367098830559,12.45367098830559,155.0939210849643,70.78552841857079,35.392764209285396,21.517272801277414,True,covered,0.3518705381321511,70.78552841857079,shared_semantic_recoding_50_percent,shared_publication_test,1451,115,311,25,311,25,914,914,,shared_semantic_dataset,,Ref-75-Research,Ref-75-Research
bayesian_ridge_native,Bayesian Ridge,shared_publication_held_out,test,0.9,143,122.0,116.40712749253638,81.01057163719946,151.8036833478733,5.592872507463625,5.592872507463625,31.280222884742454,70.79311171067383,35.39655585533691,21.51957795839862,True,covered,0.15800612156508329,70.79311171067383,shared_semantic_recoding_50_percent,shared_publication_test,1451,115,311,25,311,25,980,980,,shared_semantic_dataset,,Ref-83-Research,Ref-83-Research
bayesian_ridge_native,Bayesian Ridge,shared_publication_held_out,test,0.9,144,128.0,116.40712749253706,10.447200232486537,222.3670547525876,11.592872507462943,11.592872507462943,134.39469297429014,211.91985452010107,105.95992726005053,64.41906168662184,True,covered,0.10940808291620767,211.91985452010107,shared_semantic_recoding_50_percent,shared_publication_test,1451,115,311,25,311,25,981,981,,shared_semantic_dataset,,Ref-83-Research,Ref-83-Research
bayesian_ridge_native,Bayesian Ridge,shared_publication_held_out,test,0.9,145,188.0,146.98668802718404,110.62897346210401,183.3444025922641,41.013311972815956,41.013311972815956,1682.0917589795285,72.71542913016008,36.35771456508004,22.10392096253845,False,above_interval_underprediction,1.1280497815505546,165.8273772848783,shared_semantic_recoding_50_percent,shared_publication_test,1451,115,311,25,311,25,1069,1069,,shared_semantic_dataset,,Ref-89-Research,Ref-89-Research
bayesian_ridge_native,Bayesian Ridge,shared_publication_held_out,test,0.9,146,185.0,144.96084766090013,109.65315713963695,180.2685381821633,40.03915233909987,40.03915233909987,1603.1337200336468,70.61538104252635,35.307690521263176,21.465551671428376,False,above_interval_underprediction,1.1340065506404984,165.24461739926042,shared_semantic_recoding_50_percent,shared_publication_test,1451,115,311,25,311,25,1070,1070,,shared_semantic_dataset,,Ref-89-Research,Ref-89-Research
bayesian_ridge_native,Bayesian Ridge,shared_publication_held_out,test,0.9,147,150.0,143.8799787489365,108.16525024854931,179.5947072493237,6.120021251063491,6.120021251063491,37.45466011346874,71.42945700077439,35.714728500387196,21.71301319168437,True,covered,0.1713584705256024,71.42945700077439,shared_semantic_recoding_50_percent,shared_publication_test,1451,115,311,25,311,25,1111,1111,,shared_semantic_dataset,,Ref-95-Research,Ref-95-Research
bayesian_ridge_native,Bayesian Ridge,shared_publication_held_out,test,0.9,148,152.0,144.01106725705307,108.31071099928988,179.71142351481626,7.988932742946929,7.988932742946929,63.823046371329546,71.40071251552638,35.70035625776319,21.70427548859122,True,covered,0.22377739553256426,71.40071251552638,shared_semantic_recoding_50_percent,shared_publication_test,1451,115,311,25,311,25,1112,1112,,shared_semantic_dataset,,Ref-95-Research,Ref-95-Research
bayesian_ridge_native,Bayesian Ridge,shared_publication_held_out,test,0.9,149,142.0,144.1421557651696,108.33060451983528,179.95370701050393,-2.142155765169605,2.142155765169605,4.5888313222493755,71.62310249066866,35.81155124533433,21.77187724095944,True,covered,0.05981745248884446,71.62310249066866,shared_semantic_recoding_50_percent,shared_publication_test,1451,115,311,25,311,25,1113,1113,,shared_semantic_dataset,,Ref-95-Research,Ref-95-Research
bayesian_ridge_native,Bayesian Ridge,shared_publication_held_out,test,0.9,150,136.0,144.27324427328614,108.22609280670898,180.3203957398633,-8.273244273286139,8.273244273286139,68.44657080546189,72.09430293315432,36.04715146657716,21.91511200506394,True,covered,0.22951173495517593,72.09430293315432,shared_semantic_recoding_50_percent,shared_publication_test,1451,115,311,25,311,25,1114,1114,,shared_semantic_dataset,,Ref-95-Research,Ref-95-Research
bayesian_ridge_native,Bayesian Ridge,shared_publication_held_out,test,0.9,151,119.6,121.52920153417543,86.04428969791437,157.0141133704365,-1.9292015341754336,1.9292015341754336,3.7218185594648467,70.96982367252212,35.48491183626106,21.57329458064173,True,covered,0.05436681209967204,70.96982367252212,shared_semantic_recoding_50_percent,shared_publication_test,1451,115,311,25,311,25,1123,1123,,shared_semantic_dataset,,Ref-97-Research,Ref-97-Research
bayesian_ridge_native,Bayesian Ridge,shared_publication_held_out,test,0.9,152,138.0,174.4987395516684,138.91953244420415,210.07794665913264,-36.49873955166839,36.49873955166839,1332.1579888605227,71.15841421492848,35.57920710746424,21.63062203498668,False,below_interval_overprediction,1.025844658129305,89.5490630990115,shared_semantic_recoding_50_percent,shared_publication_test,1451,115,311,25,311,25,1251,1251,,shared_semantic_dataset,,Ref-108-Research,Ref-108-Research
bayesian_ridge_native,Bayesian Ridge,shared_publication_held_out,test,0.9,153,122.0,162.73037310170105,127.05703116000147,198.4037150434006,-40.73037310170105,40.73037310170105,1658.9632930037722,71.34668388339914,35.67334194169957,21.68785195058092,False,below_interval_overprediction,1.1417593890773148,172.4873070834286,shared_semantic_recoding_50_percent,shared_publication_test,1451,115,311,25,311,25,1252,1252,,shared_semantic_dataset,,Ref-108-Research,Ref-108-Research
bayesian_ridge_native,Bayesian Ridge,shared_publication_held_out,test,0.9,154,105.0,173.69220937424737,137.58287891588185,209.8015398326129,-68.69220937424737,68.69220937424737,4718.619628715438,72.21866091673104,36.10933045836552,21.952914147923064,False,below_interval_overprediction,1.902339603151886,723.8762392343681,shared_semantic_recoding_50_percent,shared_publication_test,1451,115,311,25,311,25,1253,1253,,shared_semantic_dataset,,Ref-108-Research,Ref-108-Research
bayesian_ridge_native,Bayesian Ridge,shared_publication_held_out,test,0.9,155,230.0,149.82037918308365,114.14305186327164,185.49770650289565,80.17962081691635,80.17962081691635,6428.771594344486,71.35465463962402,35.67732731981201,21.690274888432125,False,above_interval_underprediction,2.2473550246122764,961.4005245817111,shared_semantic_recoding_50_percent,shared_publication_test,1451,115,311,25,311,25,1254,1254,,shared_semantic_dataset,,Ref-109-Research,Ref-109-Research
bayesian_ridge_native,Bayesian Ridge,shared_publication_held_out,test,0.9,156,250.0,174.59039246563563,138.85937930718953,210.32140562408173,75.40960753436437,75.40960753436437,5686.608908486864,71.4620263168922,35.7310131584461,21.722913560806642,False,above_interval_underprediction,2.1104805284968258,865.0339138352576,shared_semantic_recoding_50_percent,shared_publication_test,1451,115,311,25,311,25,1255,1255,,shared_semantic_dataset,,Ref-109-Research,Ref-109-Research
bayesian_ridge_native,Bayesian Ridge,shared_publication_held_out,test,0.9,157,192.0,129.61500625795526,94.24478695602863,164.98522555988188,62.38499374204474,62.38499374204474,3891.8874441949615,70.74043860385325,35.370219301926625,21.50356647082382,False,above_interval_underprediction,1.7637717541278184,611.0359274062157,shared_semantic_recoding_50_percent,shared_publication_test,1451,115,311,25,311,25,1274,1274,,shared_semantic_dataset,,Ref-111-Research,Ref-111-Research
bayesian_ridge_native,Bayesian Ridge,shared_publication_held_out,test,0.9,158,201.0,150.7396490015604,115.38404369240297,186.09525431071782,50.260350998439606,50.260350998439606,2526.1028824863492,70.71121061831485,35.355605309157426,21.49468179407828,False,above_interval_underprediction,1.421566695265198,368.8061244039585,shared_semantic_recoding_50_percent,shared_publication_test,1451,115,311,25,311,25,1275,1275,,shared_semantic_dataset,,Ref-111-Research,Ref-111-Research
bayesian_ridge_native,Bayesian Ridge,shared_publication_held_out,test,0.9,159,202.0,191.3682598249339,155.93231148801354,226.80420816185423,10.631740175066113,10.631740175066113,113.03389915011483,70.8718966738407,35.43594833692035,21.54352688670323,True,covered,0.30002696905359844,70.8718966738407,shared_semantic_recoding_50_percent,shared_publication_test,1451,115,311,25,311,25,1485,1485,,shared_semantic_dataset,,Ref-128-Research,Ref-128-Research
bayesian_ridge_native,Bayesian Ridge,shared_publication_held_out,test,0.9,160,204.5,190.72311358102107,155.30070749567528,226.14551966636685,13.776886418978933,13.776886418978933,189.80259940144614,70.84481217069157,35.422406085345784,21.535293782339007,True,covered,0.38893141210637344,70.84481217069157,shared_semantic_recoding_50_percent,shared_publication_test,1451,115,311,25,311,25,1486,1486,,shared_semantic_dataset,,Ref-128-Research,Ref-128-Research
bayesian_ridge_native,Bayesian Ridge,shared_publication_held_out,test,0.9,161,197.3,190.17013108623865,154.75313465245557,225.58712752002174,7.1298689137613565,7.1298689137613565,50.835030727420545,70.83399286756617,35.41699643378308,21.532004947713208,True,covered,0.20131207136922583,70.83399286756617,shared_semantic_recoding_50_percent,shared_publication_test,1451,115,311,25,311,25,1487,1487,,shared_semantic_dataset,,Ref-128-Research,Ref-128-Research
bayesian_ridge_native,Bayesian Ridge,shared_publication_held_out,test,0.9,162,121.5,123.40382474540824,87.63950242796687,159.1681470628496,-1.9038247454082438,1.9038247454082438,3.624548661228764,71.52864463488274,35.76432231744137,21.74316409158304,True,covered,0.053232512796133585,71.52864463488274,shared_semantic_recoding_50_percent,shared_publication_test,1451,115,311,25,311,25,1507,1507,,shared_semantic_dataset,,Ref-133-Research,Ref-133-Research
bayesian_ridge_native,Bayesian Ridge,shared_publication_held_out,test,0.9,163,112.69,123.40382474540824,87.63950242796687,159.1681470628496,-10.713824745408246,10.713824745408246,114.78604067532207,71.52864463488274,35.76432231744137,21.74316409158304,True,covered,0.2995673915001985,71.52864463488274,shared_semantic_recoding_50_percent,shared_publication_test,1451,115,311,25,311,25,1508,1508,,shared_semantic_dataset,,Ref-133-Research,Ref-133-Research
bayesian_ridge_native,Bayesian Ridge,shared_publication_held_out,test,0.9,164,172.0,143.18083399650203,107.73296301857306,178.628704974431,28.81916600349797,28.81916600349797,830.5443291371731,70.89574195585794,35.44787097792897,21.550775337758857,True,covered,0.8130013230256267,70.89574195585794,shared_semantic_recoding_50_percent,shared_publication_test,1451,115,311,25,311,25,1736,1736,,shared_semantic_dataset,,Ref-144-Research,Ref-144-Research
bayesian_ridge_native,Bayesian Ridge,shared_publication_held_out,test,0.9,165,149.0,133.97841558927155,98.52702848436553,169.42980269417757,15.021584410728451,15.021584410728451,225.64799820864002,70.90277420981204,35.45138710490602,21.55291299117642,True,covered,0.42372346013647677,70.90277420981204,shared_semantic_recoding_50_percent,shared_publication_test,1451,115,311,25,311,25,1737,1737,,shared_semantic_dataset,,Ref-144-Research,Ref-144-Research
bayesian_ridge_native,Bayesian Ridge,shared_publication_held_out,test,0.9,166,154.0,130.86377745327593,95.08199728192301,166.64555762462885,23.13622254672407,23.13622254672407,535.2847937315432,71.56356034270584,35.78178017135292,21.75377771313909,True,covered,0.6465922722661812,71.56356034270584,shared_semantic_recoding_50_percent,shared_publication_test,1451,115,311,25,311,25,1738,1738,,shared_semantic_dataset,,Ref-144-Research,Ref-144-Research
bayesian_ridge_native,Bayesian Ridge,shared_publication_held_out,test,0.9,167,135.0,129.12484930806346,93.42575282648602,164.8239457896409,5.87515069193654,5.87515069193654,34.5173956529624,71.39819296315488,35.69909648157744,21.70350959905241,True,covered,0.16457421254256163,71.39819296315488,shared_semantic_recoding_50_percent,shared_publication_test,1451,115,311,25,311,25,1739,1739,,shared_semantic_dataset,,Ref-144-Research,Ref-144-Research
bayesian_ridge_native,Bayesian Ridge,shared_publication_held_out,test,0.9,168,142.0,143.18083399650203,107.73296301857306,178.628704974431,-1.180833996502031,1.180833996502031,1.3943689272949584,70.89574195585794,35.44787097792897,21.550775337758857,True,covered,0.03331184536406312,70.89574195585794,shared_semantic_recoding_50_percent,shared_publication_test,1451,115,311,25,311,25,1740,1740,,shared_semantic_dataset,,Ref-144-Research,Ref-144-Research
bayesian_ridge_native,Bayesian Ridge,shared_publication_held_out,test,0.9,169,141.0,132.1185505698212,96.73335669606175,167.50374444358064,8.881449430178805,8.881449430178805,78.8801439808234,70.7703877475189,35.38519387375945,21.512670364074545,True,covered,0.2509933805044095,70.7703877475189,shared_semantic_recoding_50_percent,shared_publication_test,1451,115,311,25,311,25,1741,1741,,shared_semantic_dataset,,Ref-144-Research,Ref-144-Research
bayesian_ridge_native,Bayesian Ridge,shared_publication_held_out,test,0.9,170,149.0,129.259025246725,93.74724389802785,164.77080659542216,19.740974753274998,19.740974753274998,389.70608420944086,71.02356269739431,35.511781348697156,21.589630084297387,True,covered,0.5558993101313192,71.02356269739431,shared_semantic_recoding_50_percent,shared_publication_test,1451,115,311,25,311,25,1742,1742,,shared_semantic_dataset,,Ref-144-Research,Ref-144-Research
bayesian_ridge_native,Bayesian Ridge,shared_publication_held_out,test,0.9,171,179.0,143.04427793801702,107.52774929751209,178.56080657852195,35.95572206198298,35.95572206198298,1292.8139489985697,71.03305728100986,35.51652864050493,21.592516232785,False,above_interval_underprediction,1.0123658881734623,79.8169257105709,shared_semantic_recoding_50_percent,shared_publication_test,1451,115,311,25,311,25,1743,1743,,shared_semantic_dataset,,Ref-144-Research,Ref-144-Research
bayesian_ridge_native,Bayesian Ridge,shared_publication_held_out,test,0.9,172,90.0,125.74599396814361,90.06645905682754,161.42552887945968,-35.74599396814361,35.74599396814361,1277.7760847705592,71.35906982263214,35.67953491131607,21.69161700876909,False,below_interval_overprediction,1.0018626660070746,72.68825095918294,shared_semantic_recoding_50_percent,shared_publication_test,1451,115,311,25,311,25,1744,1744,,shared_semantic_dataset,,Ref-144-Research,Ref-144-Research
bayesian_ridge_native,Bayesian Ridge,shared_publication_held_out,test,0.9,173,151.0,132.65852301101359,97.14050437381746,168.1765416482097,18.341476988986415,18.341476988986415,336.4097781375182,71.03603727439224,35.51801863719612,21.593422086452932,True,covered,0.5163992163058997,71.03603727439224,shared_semantic_recoding_50_percent,shared_publication_test,1451,115,311,25,311,25,1745,1745,,shared_semantic_dataset,,Ref-144-Research,Ref-144-Research
bayesian_ridge_native,Bayesian Ridge,shared_publication_held_out,test,0.9,174,125.0,134.78724459065057,99.52617925849444,170.0483099228067,-9.787244590650573,9.787244590650573,95.7901566772189,70.52213066431227,35.261065332156136,21.437205569171564,True,covered,0.27756519828472537,70.52213066431227,shared_semantic_recoding_50_percent,shared_publication_test,1451,115,311,25,311,25,1746,1746,,shared_semantic_dataset,,Ref-144-Research,Ref-144-Research
bayesian_ridge_native,Bayesian Ridge,shared_publication_held_out,test,0.9,175,116.0,136.16709545067525,100.92010895929819,171.4140819420523,-20.167095450675248,20.167095450675248,406.7117389166463,70.4939729827541,35.24698649137705,21.428646241734526,True,covered,0.572165097166789,70.4939729827541,shared_semantic_recoding_50_percent,shared_publication_test,1451,115,311,25,311,25,1747,1747,,shared_semantic_dataset,,Ref-144-Research,Ref-144-Research
bayesian_ridge_native,Bayesian Ridge,shared_publication_held_out,test,0.9,176,108.0,131.74264940626702,96.47181836916025,167.0134804433738,-23.74264940626702,23.74264940626702,563.7134008289116,70.54166207421355,35.270831037106774,21.44314269621474,True,covered,0.6731525373271897,70.54166207421355,shared_semantic_recoding_50_percent,shared_publication_test,1451,115,311,25,311,25,1748,1748,,shared_semantic_dataset,,Ref-144-Research,Ref-144-Research
bayesian_ridge_native,Bayesian Ridge,shared_publication_held_out,test,0.9,177,128.0,128.61643320504353,93.09922976818245,164.13363664190462,-0.6164332050435348,0.6164332050435348,0.37998989628024465,71.03440687372216,35.51720343686108,21.592926479839864,True,covered,0.017355904896605046,71.03440687372216,shared_semantic_recoding_50_percent,shared_publication_test,1451,115,311,25,311,25,1749,1749,,shared_semantic_dataset,,Ref-144-Research,Ref-144-Research
bayesian_ridge_native,Bayesian Ridge,shared_publication_held_out,test,0.9,178,125.0,131.5575795449797,96.22327891531967,166.8918801746397,-6.5575795449796885,6.5575795449796885,43.00184948873602,70.66860125932004,35.33430062966002,21.481729468626146,True,covered,0.18558679323272584,70.66860125932004,shared_semantic_recoding_50_percent,shared_publication_test,1451,115,311,25,311,25,1750,1750,,shared_semantic_dataset,,Ref-144-Research,Ref-144-Research
bayesian_ridge_native,Bayesian Ridge,shared_publication_held_out,test,0.9,179,114.0,128.75738654182817,93.35562364997327,164.15914943368307,-14.757386541828168,14.757386541828168,217.78045754493115,70.8035257837098,35.4017628918549,21.522743611823742,True,covered,0.41685456701433055,70.8035257837098,shared_semantic_recoding_50_percent,shared_publication_test,1451,115,311,25,311,25,1751,1751,,shared_semantic_dataset,,Ref-144-Research,Ref-144-Research
bayesian_ridge_native,Bayesian Ridge,shared_publication_held_out,test,0.9,180,182.0,146.21565321723835,110.76848382877651,181.6628226057002,35.784346782761645,35.784346782761645,1280.5194746689438,70.89433877692369,35.447169388461845,21.55034880164912,False,above_interval_underprediction,1.0095121105610636,77.6378866629197,shared_semantic_recoding_50_percent,shared_publication_test,1451,115,311,25,311,25,1752,1752,,shared_semantic_dataset,,Ref-144-Research,Ref-144-Research
bayesian_ridge_native,Bayesian Ridge,shared_publication_held_out,test,0.9,181,142.0,134.01674932556713,98.55456117101798,169.4789374801163,7.983250674432867,7.983250674432867,63.73229133083282,70.9243763090983,35.46218815454915,21.559479563098776,True,covered,0.22512008113094287,70.9243763090983,shared_semantic_recoding_50_percent,shared_publication_test,1451,115,311,25,311,25,1753,1753,,shared_semantic_dataset,,Ref-144-Research,Ref-144-Research
bayesian_ridge_native,Bayesian Ridge,shared_publication_held_out,test,0.9,182,150.0,134.01674932556713,98.55456117101798,169.4789374801163,15.983250674432867,15.983250674432867,255.4643021217587,70.9243763090983,35.46218815454915,21.559479563098776,True,covered,0.45071247732304714,70.9243763090983,shared_semantic_recoding_50_percent,shared_publication_test,1451,115,311,25,311,25,1754,1754,,shared_semantic_dataset,,Ref-144-Research,Ref-144-Research
bayesian_ridge_native,Bayesian Ridge,shared_publication_held_out,test,0.9,183,155.0,132.47934382340833,96.87790512512274,168.08078252169392,22.52065617659167,22.52065617659167,507.1799546242566,71.20287739657118,35.60143869828559,21.644137882510773,True,covered,0.6325771373300194,71.20287739657118,shared_semantic_recoding_50_percent,shared_publication_test,1451,115,311,25,311,25,1755,1755,,shared_semantic_dataset,,Ref-144-Research,Ref-144-Research
bayesian_ridge_native,Bayesian Ridge,shared_publication_held_out,test,0.9,184,132.0,132.2551066283062,96.91872453754911,167.5914887190633,-0.25510662830620845,0.25510662830620845,0.065079391805762,70.6727641815142,35.3363820907571,21.482994907120467,True,covered,0.007219375986228551,70.6727641815142,shared_semantic_recoding_50_percent,shared_publication_test,1451,115,311,25,311,25,1756,1756,,shared_semantic_dataset,,Ref-144-Research,Ref-144-Research
bayesian_ridge_native,Bayesian Ridge,shared_publication_held_out,test,0.9,185,143.0,133.52229140759854,98.1834255096201,168.861157305577,9.477708592401456,9.477708592401456,89.82696016248038,70.6777317959569,35.33886589797845,21.48450495468984,True,covered,0.26819504111317916,70.6777317959569,shared_semantic_recoding_50_percent,shared_publication_test,1451,115,311,25,311,25,1757,1757,,shared_semantic_dataset,,Ref-144-Research,Ref-144-Research
bayesian_ridge_native,Bayesian Ridge,shared_publication_held_out,test,0.9,186,151.0,141.7098462045548,106.19230969719368,177.2273827119159,9.290153795445207,9.290153795445207,86.30695754302498,71.03507301472223,35.517536507361115,21.59312897232587,True,covered,0.26156526350074405,71.03507301472223,shared_semantic_recoding_50_percent,shared_publication_test,1451,115,311,25,311,25,1758,1758,,shared_semantic_dataset,,Ref-144-Research,Ref-144-Research
bayesian_ridge_native,Bayesian Ridge,shared_publication_held_out,test,0.9,187,111.0,133.07987713717145,97.8167710632815,168.3429832110614,-22.07987713717145,22.07987713717145,487.52097439258654,70.52621214777992,35.26310607388996,21.438446252050817,True,covered,0.6261466897131949,70.52621214777992,shared_semantic_recoding_50_percent,shared_publication_test,1451,115,311,25,311,25,1759,1759,,shared_semantic_dataset,,Ref-144-Research,Ref-144-Research
bayesian_ridge_native,Bayesian Ridge,shared_publication_held_out,test,0.9,188,166.0,146.70390249184663,111.19706772284891,182.21073726084435,19.296097508153366,19.296097508153366,372.33937904416257,71.01366953799544,35.50683476899772,21.58662277737451,True,covered,0.5434474132569393,71.01366953799544,shared_semantic_recoding_50_percent,shared_publication_test,1451,115,311,25,311,25,1760,1760,,shared_semantic_dataset,,Ref-144-Research,Ref-144-Research
bayesian_ridge_native,Bayesian Ridge,shared_publication_held_out,test,0.9,189,132.0,131.5575795449797,96.22327891531967,166.8918801746397,0.44242045502031146,0.44242045502031146,0.19573585902037943,70.66860125932004,35.33430062966002,21.481729468626146,True,covered,0.012520990854109014,70.66860125932004,shared_semantic_recoding_50_percent,shared_publication_test,1451,115,311,25,311,25,1761,1761,,shared_semantic_dataset,,Ref-144-Research,Ref-144-Research
bayesian_ridge_native,Bayesian Ridge,shared_publication_held_out,test,0.9,190,105.0,131.46504461433602,96.0750392507916,166.85504997788044,-26.465044614336023,26.465044614336023,700.3985864387961,70.78001072708884,35.39000536354442,21.515595542160987,True,covered,0.7478112631652188,70.78001072708884,shared_semantic_recoding_50_percent,shared_publication_test,1451,115,311,25,311,25,1762,1762,,shared_semantic_dataset,,Ref-144-Research,Ref-144-Research
bayesian_ridge_native,Bayesian Ridge,shared_publication_held_out,test,0.9,191,106.0,132.89480727588412,97.54993178847124,168.239682763297,-26.89480727588412,26.89480727588412,723.3306584069494,70.68975097482576,35.34487548741288,21.488158525643488,True,covered,0.760925223388097,70.68975097482576,shared_semantic_recoding_50_percent,shared_publication_test,1451,115,311,25,311,25,1763,1763,,shared_semantic_dataset,,Ref-144-Research,Ref-144-Research
bayesian_ridge_native,Bayesian Ridge,shared_publication_held_out,test,0.9,192,123.0,135.75433259898034,100.46668571990365,171.04197947805704,-12.75433259898034,12.75433259898034,162.6730000454126,70.57529375815339,35.287646879076696,21.4533660022247,True,covered,0.361439022632672,70.57529375815339,shared_semantic_recoding_50_percent,shared_publication_test,1451,115,311,25,311,25,1764,1764,,shared_semantic_dataset,,Ref-144-Research,Ref-144-Research
bayesian_ridge_native,Bayesian Ridge,shared_publication_held_out,test,0.9,193,135.0,133.14655969013944,97.53745764138999,168.75566173888888,1.8534403098605594,1.8534403098605594,3.4352409822160066,71.21820409749888,35.60910204874944,21.64879686878061,True,covered,0.05204962223768433,71.21820409749888,shared_semantic_recoding_50_percent,shared_publication_test,1451,115,311,25,311,25,1765,1765,,shared_semantic_dataset,,Ref-144-Research,Ref-144-Research
bayesian_ridge_native,Bayesian Ridge,shared_publication_held_out,test,0.9,194,96.0,128.60551929123983,93.0924329100574,164.11860567242226,-32.60551929123983,32.60551929123983,1063.1198882514127,71.02617276236487,35.51308638118243,21.59042348771267,True,covered,0.9181268826163401,71.02617276236487,shared_semantic_recoding_50_percent,shared_publication_test,1451,115,311,25,311,25,1766,1766,,shared_semantic_dataset,,Ref-144-Research,Ref-144-Research
bayesian_ridge_native,Bayesian Ridge,shared_publication_held_out,test,0.9,195,134.0,143.18083399650203,107.73296301857306,178.628704974431,-9.180833996502031,9.180833996502031,84.28771287132746,70.89574195585794,35.44787097792897,21.550775337758857,True,covered,0.2589953569346471,70.89574195585794,shared_semantic_recoding_50_percent,shared_publication_test,1451,115,311,25,311,25,1767,1767,,shared_semantic_dataset,,Ref-144-Research,Ref-144-Research
bayesian_ridge_native,Bayesian Ridge,shared_publication_held_out,test,0.9,196,153.0,134.43174377350235,98.82735961473651,170.0361279322682,18.568256226497653,18.568256226497653,344.78013929286885,71.20876831753168,35.60438415876584,21.64592859533287,True,covered,0.5215160061103353,71.20876831753168,shared_semantic_recoding_50_percent,shared_publication_test,1451,115,311,25,311,25,1768,1768,,shared_semantic_dataset,,Ref-144-Research,Ref-144-Research
bayesian_ridge_native,Bayesian Ridge,shared_publication_held_out,test,0.9,197,145.0,131.78610613290647,96.19178605716574,167.38042620864718,13.213893867093532,13.213893867093532,174.60699113081205,71.18864015148144,35.59432007574072,21.63981006730082,True,covered,0.3712360241458707,71.18864015148144,shared_semantic_recoding_50_percent,shared_publication_test,1451,115,311,25,311,25,1769,1769,,shared_semantic_dataset,,Ref-144-Research,Ref-144-Research
bayesian_ridge_native,Bayesian Ridge,shared_publication_held_out,test,0.9,198,140.0,131.90606088604198,96.39206668904129,167.42005508304268,8.093939113958015,8.093939113958015,65.51185038045946,71.0279883940014,35.5139941970007,21.590975400541513,True,covered,0.22790844276934588,71.0279883940014,shared_semantic_recoding_50_percent,shared_publication_test,1451,115,311,25,311,25,1770,1770,,shared_semantic_dataset,,Ref-144-Research,Ref-144-Research
bayesian_ridge_native,Bayesian Ridge,shared_publication_held_out,test,0.9,199,181.0,145.93995769830852,110.36183312934375,181.5180822672733,35.06004230169148,35.06004230169148,1229.2065661963961,71.15624913792954,35.57812456896477,21.629963898310102,True,covered,0.9854381793995625,71.15624913792954,shared_semantic_recoding_50_percent,shared_publication_test,1451,115,311,25,311,25,1771,1771,,shared_semantic_dataset,,Ref-144-Research,Ref-144-Research
bayesian_ridge_native,Bayesian Ridge,shared_publication_held_out,test,0.9,200,138.0,131.78610613290647,96.19178605716574,167.38042620864718,6.213893867093532,6.213893867093532,38.612476991502604,71.18864015148144,35.59432007574072,21.63981006730082,True,covered,0.17457543377345214,71.18864015148144,shared_semantic_recoding_50_percent,shared_publication_test,1451,115,311,25,311,25,1772,1772,,shared_semantic_dataset,,Ref-144-Research,Ref-144-Research
bayesian_ridge_native,Bayesian Ridge,shared_publication_held_out,test,0.9,201,146.0,143.04427793801702,107.52774929751209,178.56080657852195,2.955722061982982,2.955722061982982,8.736292907692931,71.03305728100986,35.51652864050493,21.592516232785,True,covered,0.08322102905665504,71.03305728100986,shared_semantic_recoding_50_percent,shared_publication_test,1451,115,311,25,311,25,1773,1773,,shared_semantic_dataset,,Ref-144-Research,Ref-144-Research
bayesian_ridge_native,Bayesian Ridge,shared_publication_held_out,test,0.9,202,141.0,133.14655969013944,97.53745764138999,168.75566173888888,7.853440309860559,7.853440309860559,61.67652470054272,71.21820409749888,35.60910204874944,21.64879686878061,True,covered,0.22054586771407692,71.21820409749888,shared_semantic_recoding_50_percent,shared_publication_test,1451,115,311,25,311,25,1774,1774,,shared_semantic_dataset,,Ref-144-Research,Ref-144-Research
bayesian_ridge_native,Bayesian Ridge,shared_publication_held_out,test,0.9,203,156.0,141.7098462045548,106.19230969719368,177.2273827119159,14.290153795445207,14.290153795445207,204.20849549747706,71.03507301472223,35.517536507361115,21.59312897232587,True,covered,0.4023407927653859,71.03507301472223,shared_semantic_recoding_50_percent,shared_publication_test,1451,115,311,25,311,25,1775,1775,,shared_semantic_dataset,,Ref-144-Research,Ref-144-Research
bayesian_ridge_native,Bayesian Ridge,shared_publication_held_out,test,0.9,204,157.0,131.2606728469183,95.73676320840656,166.78458248543006,25.73932715308169,25.73932715308169,662.5129622933683,71.0478192770235,35.52390963851175,21.59700356094957,True,covered,0.7245634676757955,71.0478192770235,shared_semantic_recoding_50_percent,shared_publication_test,1451,115,311,25,311,25,1776,1776,,shared_semantic_dataset,,Ref-144-Research,Ref-144-Research
bayesian_ridge_native,Bayesian Ridge,shared_publication_held_out,test,0.9,205,135.0,132.02601563917753,96.57470637844679,167.47732489990827,2.9739843608224703,2.9739843608224703,8.844582978416637,70.90261852146148,35.45130926073074,21.55286566527823,True,covered,0.08388926735963288,70.90261852146148,shared_semantic_recoding_50_percent,shared_publication_test,1451,115,311,25,311,25,1777,1777,,shared_semantic_dataset,,Ref-144-Research,Ref-144-Research
bayesian_ridge_native,Bayesian Ridge,shared_publication_held_out,test,0.9,206,200.0,147.41094549025576,111.91148440558732,182.9104065749242,52.589054509744244,52.589054509744244,2765.6086542288513,70.99892216933688,35.49946108466844,21.582139895610165,False,above_interval_underprediction,1.481404305950337,412.790790670853,shared_semantic_recoding_50_percent,shared_publication_test,1451,115,311,25,311,25,1778,1778,,shared_semantic_dataset,,Ref-144-Research,Ref-144-Research
bayesian_ridge_native,Bayesian Ridge,shared_publication_held_out,test,0.9,207,144.0,131.91837279856682,96.40073493671119,167.43601066042245,12.081627201433179,12.081627201433179,145.9657158344101,71.03527572371127,35.51763786185563,21.593190591483257,True,covered,0.34015852203978664,71.03527572371127,shared_semantic_recoding_50_percent,shared_publication_test,1451,115,311,25,311,25,1779,1779,,shared_semantic_dataset,,Ref-144-Research,Ref-144-Research
bayesian_ridge_native,Bayesian Ridge,shared_publication_held_out,test,0.9,208,166.0,146.70390249184663,111.19706772284891,182.21073726084435,19.296097508153366,19.296097508153366,372.33937904416257,71.01366953799544,35.50683476899772,21.58662277737451,True,covered,0.5434474132569393,71.01366953799544,shared_semantic_recoding_50_percent,shared_publication_test,1451,115,311,25,311,25,1780,1780,,shared_semantic_dataset,,Ref-144-Research,Ref-144-Research
bayesian_ridge_native,Bayesian Ridge,shared_publication_held_out,test,0.9,209,143.0,132.65852301101359,97.14050437381746,168.1765416482097,10.341476988986415,10.341476988986415,106.94614631373553,71.03603727439224,35.51801863719612,21.593422086452932,True,covered,0.2911614269540458,71.03603727439224,shared_semantic_recoding_50_percent,shared_publication_test,1451,115,311,25,311,25,1781,1781,,shared_semantic_dataset,,Ref-144-Research,Ref-144-Research
bayesian_ridge_native,Bayesian Ridge,shared_publication_held_out,test,0.9,210,93.0,127.17575662969172,91.58483260976827,162.76668064961518,-34.17575662969172,34.17575662969172,1167.9823412119174,71.18184803984691,35.590924019923456,21.637745411965156,True,covered,0.9602379699543755,71.18184803984691,shared_semantic_recoding_50_percent,shared_publication_test,1451,115,311,25,311,25,1782,1782,,shared_semantic_dataset,,Ref-144-Research,Ref-144-Research
bayesian_ridge_native,Bayesian Ridge,shared_publication_held_out,test,0.9,211,194.0,146.21565321723835,110.76848382877651,181.6628226057002,47.784346782761645,47.784346782761645,2283.343797455223,70.89433877692369,35.447169388461845,21.55034880164912,False,above_interval_underprediction,1.3480440781913487,317.63788666291975,shared_semantic_recoding_50_percent,shared_publication_test,1451,115,311,25,311,25,1783,1783,,shared_semantic_dataset,,Ref-144-Research,Ref-144-Research
bayesian_ridge_native,Bayesian Ridge,shared_publication_held_out,test,0.9,212,185.0,150.98899648032761,115.66946053981071,186.30853242084453,34.011003519672386,34.011003519672386,1156.7483604151673,70.63907188103381,35.31953594051691,21.47275317499053,True,covered,0.9629515964465594,70.63907188103381,shared_semantic_recoding_50_percent,shared_publication_test,1451,115,311,25,311,25,1784,1784,,shared_semantic_dataset,,Ref-144-Research,Ref-144-Research
bayesian_ridge_native,Bayesian Ridge,shared_publication_held_out,test,0.9,213,174.0,146.70390249184663,111.19706772284891,182.21073726084435,27.296097508153366,27.296097508153366,745.0769391746164,71.01366953799544,35.50683476899772,21.58662277737451,True,covered,0.7687561475343491,71.01366953799544,shared_semantic_recoding_50_percent,shared_publication_test,1451,115,311,25,311,25,1785,1785,,shared_semantic_dataset,,Ref-144-Research,Ref-144-Research
bayesian_ridge_native,Bayesian Ridge,shared_publication_held_out,test,0.9,214,147.0,142.41968520040615,106.9021855201602,177.9371848806521,4.58031479959385,4.58031479959385,20.979283663378453,71.0349993604919,35.51749968024595,21.593106583029613,True,covered,0.12895938173658436,71.0349993604919,shared_semantic_recoding_50_percent,shared_publication_test,1451,115,311,25,311,25,1786,1786,,shared_semantic_dataset,,Ref-144-Research,Ref-144-Research
bayesian_ridge_native,Bayesian Ridge,shared_publication_held_out,test,0.9,215,114.0,134.32456993743222,99.01382458377313,169.6353152910913,-20.324569937432216,20.324569937432216,413.08814314157337,70.62149070731817,35.31074535365909,21.467408877653803,True,covered,0.5755916431066238,70.62149070731817,shared_semantic_recoding_50_percent,shared_publication_test,1451,115,311,25,311,25,1787,1787,,shared_semantic_dataset,,Ref-144-Research,Ref-144-Research
bayesian_ridge_native,Bayesian Ridge,shared_publication_held_out,test,0.9,216,196.0,148.7770864390345,113.27606229375621,184.27811058431277,47.22291356096551,47.22291356096551,2230.00356518642,71.00204829055656,35.50102414527828,21.58309016898662,False,above_interval_underprediction,1.3301845424999175,305.43983660430115,shared_semantic_recoding_50_percent,shared_publication_test,1451,115,311,25,311,25,1788,1788,,shared_semantic_dataset,,Ref-144-Research,Ref-144-Research
bayesian_ridge_native,Bayesian Ridge,shared_publication_held_out,test,0.9,217,201.0,160.24349918645152,124.66875550736793,195.8182428655351,40.756500813548485,40.756500813548485,1661.0923585647784,71.14948735816716,35.57474367908358,21.627908463208893,False,above_interval_underprediction,1.1456583125716673,174.7846300474652,shared_semantic_recoding_50_percent,shared_publication_test,1451,115,311,25,311,25,1789,1789,,shared_semantic_dataset,,Ref-144-Research,Ref-144-Research
bayesian_ridge_native,Bayesian Ridge,shared_publication_held_out,test,0.9,218,173.0,151.04108077922103,115.45623858587507,186.625922972567,21.958919220778967,21.958919220778967,482.19413334469596,71.16968438669193,35.58484219334596,21.634047923946873,True,covered,0.6170863172995912,71.16968438669193,shared_semantic_recoding_50_percent,shared_publication_test,1451,115,311,25,311,25,1790,1790,,shared_semantic_dataset,,Ref-144-Research,Ref-144-Research
bayesian_ridge_native,Bayesian Ridge,shared_publication_held_out,test,0.9,219,178.0,147.92644264322539,112.02399990479307,183.8288853816577,30.073557356774614,30.073557356774614,904.4188520912126,71.80488547686463,35.90244273843231,21.827135345151017,True,covered,0.8376465516810621,71.80488547686463,shared_semantic_recoding_50_percent,shared_publication_test,1451,115,311,25,311,25,1791,1791,,shared_semantic_dataset,,Ref-144-Research,Ref-144-Research
bayesian_ridge_native,Bayesian Ridge,shared_publication_held_out,test,0.9,220,159.0,146.18751449801294,110.3717022121535,182.0033267838724,12.812485501987055,12.812485501987055,164.15978473862847,71.63162457171892,35.81581228585946,21.77446776965774,True,covered,0.3577326517049451,71.63162457171892,shared_semantic_recoding_50_percent,shared_publication_test,1451,115,311,25,311,25,1792,1792,,shared_semantic_dataset,,Ref-144-Research,Ref-144-Research
bayesian_ridge_native,Bayesian Ridge,shared_publication_held_out,test,0.9,221,171.0,160.24349918645152,124.66875550736793,195.8182428655351,10.756500813548485,10.756500813548485,115.70230975186921,71.14948735816716,35.57474367908358,21.627908463208893,True,covered,0.30236341013674944,71.14948735816716,shared_semantic_recoding_50_percent,shared_publication_test,1451,115,311,25,311,25,1793,1793,,shared_semantic_dataset,,Ref-144-Research,Ref-144-Research
bayesian_ridge_native,Bayesian Ridge,shared_publication_held_out,test,0.9,222,165.0,149.18121575977068,113.6557166758343,184.70671484370706,15.81878424022932,15.81878424022932,250.2339348389275,71.05099816787276,35.52549908393638,21.597969875154426,True,covered,0.44527971874101335,71.05099816787276,shared_semantic_recoding_50_percent,shared_publication_test,1451,115,311,25,311,25,1794,1794,,shared_semantic_dataset,,Ref-144-Research,Ref-144-Research
bayesian_ridge_native,Bayesian Ridge,shared_publication_held_out,test,0.9,223,173.0,146.3216904366745,110.67563792657367,181.9677429467753,26.678309563325513,26.678309563325513,711.7322011566255,71.29210502020163,35.646052510100816,21.671261154201463,True,covered,0.7484225512983754,71.29210502020163,shared_semantic_recoding_50_percent,shared_publication_test,1451,115,311,25,311,25,1795,1795,,shared_semantic_dataset,,Ref-144-Research,Ref-144-Research
bayesian_ridge_native,Bayesian Ridge,shared_publication_held_out,test,0.9,224,208.0,160.1069431279665,124.4642674065629,195.7496188493701,47.8930568720335,47.8930568720335,2293.744896547835,71.28535144280721,35.642675721403606,21.66920821244308,False,above_interval_underprediction,1.3436998177797712,316.2929744554051,shared_semantic_recoding_50_percent,shared_publication_test,1451,115,311,25,311,25,1796,1796,,shared_semantic_dataset,,Ref-144-Research,Ref-144-Research
bayesian_ridge_native,Bayesian Ridge,shared_publication_held_out,test,0.9,225,104.0,142.8086591580931,107.0031436621091,178.6141746540771,-38.80865915809309,38.80865915809309,1506.1120256490428,71.611030991968,35.805515495984,21.76820776590619,False,below_interval_overprediction,1.0838737725322216,131.67390423414992,shared_semantic_recoding_50_percent,shared_publication_test,1451,115,311,25,311,25,1797,1797,,shared_semantic_dataset,,Ref-144-Research,Ref-144-Research
bayesian_ridge_native,Bayesian Ridge,shared_publication_held_out,test,0.9,226,175.0,149.72118820096307,114.07011803460355,185.3722583673226,25.27881179903693,25.27881179903693,639.0183259711287,71.30214033271903,35.65107016635952,21.674311672604126,True,covered,0.7090617948094616,71.30214033271903,shared_semantic_recoding_50_percent,shared_publication_test,1451,115,311,25,311,25,1798,1798,,shared_semantic_dataset,,Ref-144-Research,Ref-144-Research
bayesian_ridge_native,Bayesian Ridge,shared_publication_held_out,test,0.9,227,149.0,151.84990978060006,116.42591691845857,187.27390264274155,-2.8499097806000577,2.8499097806000577,8.12198575755987,70.84798572428298,35.42399286214149,21.536258474132666,True,covered,0.08045139890613032,70.84798572428298,shared_semantic_recoding_50_percent,shared_publication_test,1451,115,311,25,311,25,1799,1799,,shared_semantic_dataset,,Ref-144-Research,Ref-144-Research
bayesian_ridge_native,Bayesian Ridge,shared_publication_held_out,test,0.9,228,140.0,153.22976064062473,117.8215934170102,188.63792786423926,-13.229760640624733,13.229760640624733,175.02656660822333,70.81633444722905,35.40816722361453,21.526637169070842,True,covered,0.3736358495223525,70.81633444722905,shared_semantic_recoding_50_percent,shared_publication_test,1451,115,311,25,311,25,1800,1800,,shared_semantic_dataset,,Ref-144-Research,Ref-144-Research
bayesian_ridge_native,Bayesian Ridge,shared_publication_held_out,test,0.9,229,132.0,148.8053145962165,113.38466133394377,184.22596785848924,-16.805314596216505,16.805314596216505,282.4185986778075,70.84130652454547,35.42065326227274,21.53422814157661,True,covered,0.4744495950365825,70.84130652454547,shared_semantic_recoding_50_percent,shared_publication_test,1451,115,311,25,311,25,1801,1801,,shared_semantic_dataset,,Ref-144-Research,Ref-144-Research
bayesian_ridge_native,Bayesian Ridge,shared_publication_held_out,test,0.9,230,152.0,145.67909839499302,110.02525733229399,181.33293945769205,6.320901605006981,6.320901605006981,39.95379710017983,71.30768212539806,35.65384106269903,21.67599625796425,True,covered,0.17728529147508582,71.30768212539806,shared_semantic_recoding_50_percent,shared_publication_test,1451,115,311,25,311,25,1802,1802,,shared_semantic_dataset,,Ref-144-Research,Ref-144-Research
bayesian_ridge_native,Bayesian Ridge,shared_publication_held_out,test,0.9,231,149.0,148.62024473492917,113.14386858559857,184.09662088425978,0.3797552650708269,0.3797552650708269,0.14421406134901402,70.95275229866121,35.476376149330605,21.568105251457293,True,covered,0.010704454803171672,70.95275229866121,shared_semantic_recoding_50_percent,shared_publication_test,1451,115,311,25,311,25,1803,1803,,shared_semantic_dataset,,Ref-144-Research,Ref-144-Research
bayesian_ridge_native,Bayesian Ridge,shared_publication_held_out,test,0.9,232,138.0,145.82005173177765,110.27277454662243,181.36732891693288,-7.820051731777653,7.820051731777653,61.15320908767867,71.09455437031045,35.547277185155224,21.611210020576493,True,covered,0.2199901750855719,71.09455437031045,shared_semantic_recoding_50_percent,shared_publication_test,1451,115,311,25,311,25,1804,1804,,shared_semantic_dataset,,Ref-144-Research,Ref-144-Research
bayesian_ridge_native,Bayesian Ridge,shared_publication_held_out,test,0.9,233,211.0,163.27831840718784,127.70790398620704,198.84873282816864,47.72168159281216,47.72168159281216,2277.358894045747,71.14082884196159,35.570414420980796,21.625276461168205,False,above_interval_underprediction,1.341611627798862,314.16617227858893,shared_semantic_recoding_50_percent,shared_publication_test,1451,115,311,25,311,25,1805,1805,,shared_semantic_dataset,,Ref-144-Research,Ref-144-Research
bayesian_ridge_native,Bayesian Ridge,shared_publication_held_out,test,0.9,234,166.0,151.07941451551662,115.47974308698662,186.67908594404662,14.920585484483382,14.920585484483382,222.6238711997762,71.19934285706,35.59967142853,21.643063458789033,True,covered,0.41912143808512364,71.19934285706,shared_semantic_recoding_50_percent,shared_publication_test,1451,115,311,25,311,25,1806,1806,,shared_semantic_dataset,,Ref-144-Research,Ref-144-Research
bayesian_ridge_native,Bayesian Ridge,shared_publication_held_out,test,0.9,235,174.0,151.07941451551662,115.47974308698662,186.67908594404662,22.920585484483382,22.920585484483382,525.3532389515103,71.19934285706,35.59967142853,21.643063458789033,True,covered,0.6438426132808224,71.19934285706,shared_semantic_recoding_50_percent,shared_publication_test,1451,115,311,25,311,25,1807,1807,,shared_semantic_dataset,,Ref-144-Research,Ref-144-Research
bayesian_ridge_native,Bayesian Ridge,shared_publication_held_out,test,0.9,236,179.0,149.5420090133578,113.8074657476725,185.27655227904313,29.457990986642187,29.457990986642187,867.7732329690923,71.46908653137064,35.73454326568532,21.725059713620105,True,covered,0.8243561633801462,71.46908653137064,shared_semantic_recoding_50_percent,shared_publication_test,1451,115,311,25,311,25,1808,1808,,shared_semantic_dataset,,Ref-144-Research,Ref-144-Research
bayesian_ridge_native,Bayesian Ridge,shared_publication_held_out,test,0.9,237,156.0,149.3177718182557,113.84040799287445,184.79513564363694,6.682228181744307,6.682228181744307,44.65217347289783,70.95472765076249,35.477363825381246,21.568705715859995,True,covered,0.1883518802195698,70.95472765076249,shared_semantic_recoding_50_percent,shared_publication_test,1451,115,311,25,311,25,1809,1809,,shared_semantic_dataset,,Ref-144-Research,Ref-144-Research
bayesian_ridge_native,Bayesian Ridge,shared_publication_held_out,test,0.9,238,167.0,150.58495659754803,115.10474053710104,186.06517265799502,16.41504340245197,16.41504340245197,269.45364990438196,70.96043212089398,35.48021606044699,21.570439751654426,True,covered,0.46265342281134825,70.96043212089398,shared_semantic_recoding_50_percent,shared_publication_test,1451,115,311,25,311,25,1810,1810,,shared_semantic_dataset,,Ref-144-Research,Ref-144-Research
bayesian_ridge_native,Bayesian Ridge,shared_publication_held_out,test,0.9,239,180.0,158.77251139450428,123.13266809656518,194.4123546924434,21.227488605495722,21.227488605495722,450.60627249645074,71.2796865958782,35.6398432979391,21.667486221246957,True,covered,0.5956111655160733,71.2796865958782,shared_semantic_recoding_50_percent,shared_publication_test,1451,115,311,25,311,25,1811,1811,,shared_semantic_dataset,,Ref-144-Research,Ref-144-Research
bayesian_ridge_native,Bayesian Ridge,shared_publication_held_out,test,0.9,240,135.0,150.14254232712094,114.73054143885932,185.55454321538255,-15.142542327120935,15.142542327120935,229.29658812864912,70.82400177652323,35.412000888261616,21.528967871684294,True,covered,0.42761046953831944,70.82400177652323,shared_semantic_recoding_50_percent,shared_publication_test,1451,115,311,25,311,25,1812,1812,,shared_semantic_dataset,,Ref-144-Research,Ref-144-Research
bayesian_ridge_native,Bayesian Ridge,shared_publication_held_out,test,0.9,241,195.0,163.76656768179612,128.1378580503566,199.39527731323562,31.23343231820388,31.23343231820388,975.5272943758227,71.25741926287901,35.628709631439506,21.6607174326343,True,covered,0.8766366405434695,71.25741926287901,shared_semantic_recoding_50_percent,shared_publication_test,1451,115,311,25,311,25,1813,1813,,shared_semantic_dataset,,Ref-144-Research,Ref-144-Research
bayesian_ridge_native,Bayesian Ridge,shared_publication_held_out,test,0.9,242,156.0,148.62024473492917,113.14386858559857,184.09662088425978,7.379755265070827,7.379755265070827,54.46078777234059,70.95275229866121,35.476376149330605,21.568105251457293,True,covered,0.2080188583525906,70.95275229866121,shared_semantic_recoding_50_percent,shared_publication_test,1451,115,311,25,311,25,1814,1814,,shared_semantic_dataset,,Ref-144-Research,Ref-144-Research
bayesian_ridge_native,Bayesian Ridge,shared_publication_held_out,test,0.9,243,129.0,148.5277098042855,112.99958576930311,184.0558338392679,-19.527709804285507,19.527709804285507,381.3314502003883,71.0562480699648,35.5281240349824,21.599565732076293,True,covered,0.5496408925238425,71.0562480699648,shared_semantic_recoding_50_percent,shared_publication_test,1451,115,311,25,311,25,1815,1815,,shared_semantic_dataset,,Ref-144-Research,Ref-144-Research
bayesian_ridge_native,Bayesian Ridge,shared_publication_held_out,test,0.9,244,130.0,149.9574724658336,114.47152188851176,185.44342304315546,-19.957472465833604,19.957472465833604,398.3007072245064,70.9719011546437,35.48595057732185,21.57392609036621,True,covered,0.5624048994361139,70.9719011546437,shared_semantic_recoding_50_percent,shared_publication_test,1451,115,311,25,311,25,1816,1816,,shared_semantic_dataset,,Ref-144-Research,Ref-144-Research
bayesian_ridge_native,Bayesian Ridge,shared_publication_held_out,test,0.9,245,147.0,152.8169977889298,117.38247814915124,188.25151742870835,-5.816997788929797,5.816997788929797,33.83746327641415,70.86903927955711,35.43451963977856,21.542658300515143,True,covered,0.16416189207768103,70.86903927955711,shared_semantic_recoding_50_percent,shared_publication_test,1451,115,311,25,311,25,1817,1817,,shared_semantic_dataset,,Ref-144-Research,Ref-144-Research
bayesian_ridge_native,Bayesian Ridge,shared_publication_held_out,test,0.9,246,159.0,150.20922488008893,114.46513388147346,185.9533158787044,8.790775119911075,8.790775119911075,77.27772720884757,71.48818199723092,35.74409099861546,21.73086432308425,True,covered,0.24593645758823698,71.48818199723092,shared_semantic_recoding_50_percent,shared_publication_test,1451,115,311,25,311,25,1818,1818,,shared_semantic_dataset,,Ref-144-Research,Ref-144-Research
bayesian_ridge_native,Bayesian Ridge,shared_publication_held_out,test,0.9,247,120.0,145.66818448118931,110.0229922745721,181.3133766878065,-25.668184481189314,25.668184481189314,658.855694560368,71.2903844132344,35.6451922066172,21.670738126821092,True,covered,0.7201022884770488,71.2903844132344,shared_semantic_recoding_50_percent,shared_publication_test,1451,115,311,25,311,25,1819,1819,,shared_semantic_dataset,,Ref-144-Research,Ref-144-Research
bayesian_ridge_native,Bayesian Ridge,shared_publication_held_out,test,0.9,248,163.0,160.24349918645152,124.66875550736793,195.8182428655351,2.7565008135484845,2.7565008135484845,7.598296735093457,71.14948735816716,35.57474367908358,21.627908463208893,True,covered,0.07748476948743803,71.14948735816716,shared_semantic_recoding_50_percent,shared_publication_test,1451,115,311,25,311,25,1820,1820,,shared_semantic_dataset,,Ref-144-Research,Ref-144-Research
bayesian_ridge_native,Bayesian Ridge,shared_publication_held_out,test,0.9,249,177.0,151.49440896345183,115.75978053643792,187.22903739046575,25.505591036548168,25.505591036548168,650.5351741236462,71.46925685402783,35.73462842701392,21.72511148803164,True,covered,0.7137499999095271,71.46925685402783,shared_semantic_recoding_50_percent,shared_publication_test,1451,115,311,25,311,25,1821,1821,,shared_semantic_dataset,,Ref-144-Research,Ref-144-Research
bayesian_ridge_native,Bayesian Ridge,shared_publication_held_out,test,0.9,250,169.0,148.84877132285595,113.12514019703971,184.5724024486722,20.151228677144047,20.151228677144047,406.0720171985526,71.44726225163248,35.72363112581624,21.71842560363591,True,covered,0.5640867975087069,71.44726225163248,shared_semantic_recoding_50_percent,shared_publication_test,1451,115,311,25,311,25,1822,1822,,shared_semantic_dataset,,Ref-144-Research,Ref-144-Research
bayesian_ridge_native,Bayesian Ridge,shared_publication_held_out,test,0.9,251,164.0,148.96872607599147,113.32189199076504,184.6155601612179,15.03127392400853,15.03127392400853,225.9391957785788,71.29366817045286,35.64683408522643,21.67173631813873,True,covered,0.42167205895679055,71.29366817045286,shared_semantic_recoding_50_percent,shared_publication_test,1451,115,311,25,311,25,1823,1823,,shared_semantic_dataset,,Ref-144-Research,Ref-144-Research
bayesian_ridge_native,Bayesian Ridge,shared_publication_held_out,test,0.9,252,210.0,163.002622888258,127.30132417765392,198.70392159886208,46.997377111742,46.997377111742,2208.7534553832907,71.40259742120816,35.70129871060408,21.704848459234597,False,above_interval_underprediction,1.316405251604551,297.32416544396654,shared_semantic_recoding_50_percent,shared_publication_test,1451,115,311,25,311,25,1824,1824,,shared_semantic_dataset,,Ref-144-Research,Ref-144-Research
bayesian_ridge_native,Bayesian Ridge,shared_publication_held_out,test,0.9,253,162.0,148.84877132285595,113.12514019703971,184.5724024486722,13.151228677144047,13.151228677144047,172.95481571853597,71.44726225163248,35.72363112581624,21.71842560363591,True,covered,0.36813807171018814,71.44726225163248,shared_semantic_recoding_50_percent,shared_publication_test,1451,115,311,25,311,25,1825,1825,,shared_semantic_dataset,,Ref-144-Research,Ref-144-Research
bayesian_ridge_native,Bayesian Ridge,shared_publication_held_out,test,0.9,254,175.0,160.1069431279665,124.4642674065629,195.7496188493701,14.893056872033497,14.893056872033497,221.8031429936242,71.28535144280721,35.642675721403606,21.66920821244308,True,covered,0.4178434017817058,71.28535144280721,shared_semantic_recoding_50_percent,shared_publication_test,1451,115,311,25,311,25,1826,1826,,shared_semantic_dataset,,Ref-144-Research,Ref-144-Research
bayesian_ridge_native,Bayesian Ridge,shared_publication_held_out,test,0.9,255,165.0,150.20922488008893,114.46513388147346,185.9533158787044,14.790775119911075,14.790775119911075,218.76702864778048,71.48818199723092,35.74409099861546,21.73086432308425,True,covered,0.41379637044019363,71.48818199723092,shared_semantic_recoding_50_percent,shared_publication_test,1451,115,311,25,311,25,1827,1827,,shared_semantic_dataset,,Ref-144-Research,Ref-144-Research
bayesian_ridge_native,Bayesian Ridge,shared_publication_held_out,test,0.9,256,185.0,158.77251139450428,123.13266809656518,194.4123546924434,26.227488605495722,26.227488605495722,687.8811585514079,71.2796865958782,35.6398432979391,21.667486221246957,True,covered,0.7359035893127045,71.2796865958782,shared_semantic_recoding_50_percent,shared_publication_test,1451,115,311,25,311,25,1828,1828,,shared_semantic_dataset,,Ref-144-Research,Ref-144-Research
bayesian_ridge_native,Bayesian Ridge,shared_publication_held_out,test,0.9,257,181.0,148.3233380368678,112.65945092764427,183.9872251460913,32.676661963132204,32.676661963132204,1067.764237052811,71.32777421844703,35.663887109223516,21.682103820582526,True,covered,0.9162394963582434,71.32777421844703,shared_semantic_recoding_50_percent,shared_publication_test,1451,115,311,25,311,25,1829,1829,,shared_semantic_dataset,,Ref-144-Research,Ref-144-Research
bayesian_ridge_native,Bayesian Ridge,shared_publication_held_out,test,0.9,258,159.0,149.08868082912701,113.50105486038633,184.6763067978677,9.911319170872986,9.911319170872986,98.23424770691437,71.17525193748138,35.58762596874069,21.635740339216596,True,covered,0.27850464595696406,71.17525193748138,shared_semantic_recoding_50_percent,shared_publication_test,1451,115,311,25,311,25,1830,1830,,shared_semantic_dataset,,Ref-144-Research,Ref-144-Research
bayesian_ridge_native,Bayesian Ridge,shared_publication_held_out,test,0.9,259,229.0,164.47361068020524,128.8463834614675,200.10083789894298,64.52638931979476,64.52638931979476,4163.654918649723,71.25445443747549,35.627227218737744,21.65981618970456,False,above_interval_underprediction,1.8111538381481964,649.2376964586159,shared_semantic_recoding_50_percent,shared_publication_test,1451,115,311,25,311,25,1831,1831,,shared_semantic_dataset,,Ref-144-Research,Ref-144-Research
bayesian_ridge_native,Bayesian Ridge,shared_publication_held_out,test,0.9,260,168.0,148.9810379885163,113.32842141795237,184.63365455908024,19.018962011483694,19.018962011483694,361.7209159942599,71.30523314112787,35.652616570563936,21.675251819605098,True,covered,0.5334520672232069,71.30523314112787,shared_semantic_recoding_50_percent,shared_publication_test,1451,115,311,25,311,25,1832,1832,,shared_semantic_dataset,,Ref-144-Research,Ref-144-Research
bayesian_ridge_native,Bayesian Ridge,shared_publication_held_out,test,0.9,261,195.0,163.76656768179612,128.1378580503566,199.39527731323562,31.23343231820388,31.23343231820388,975.5272943758227,71.25741926287901,35.628709631439506,21.6607174326343,True,covered,0.8766366405434695,71.25741926287901,shared_semantic_recoding_50_percent,shared_publication_test,1451,115,311,25,311,25,1833,1833,,shared_semantic_dataset,,Ref-144-Research,Ref-144-Research
bayesian_ridge_native,Bayesian Ridge,shared_publication_held_out,test,0.9,262,167.0,149.72118820096307,114.07011803460355,185.3722583673226,17.27881179903693,17.27881179903693,298.55733718653784,71.30214033271903,35.65107016635952,21.674311672604126,True,covered,0.4846646038508342,71.30214033271903,shared_semantic_recoding_50_percent,shared_publication_test,1451,115,311,25,311,25,1834,1834,,shared_semantic_dataset,,Ref-144-Research,Ref-144-Research
bayesian_ridge_native,Bayesian Ridge,shared_publication_held_out,test,0.9,263,117.0,144.2384218196412,108.51844213908555,179.95840150019683,-27.23842181964119,27.23842181964119,741.9316232247053,71.43995936111128,35.71997968055564,21.71620568254338,True,covered,0.7625542361231681,71.43995936111128,shared_semantic_recoding_50_percent,shared_publication_test,1451,115,311,25,311,25,1835,1835,,shared_semantic_dataset,,Ref-144-Research,Ref-144-Research
bayesian_ridge_native,Bayesian Ridge,shared_publication_held_out,test,0.9,264,223.0,163.27831840718784,127.70790398620704,198.84873282816864,59.72168159281216,59.72168159281216,3566.679252273239,71.14082884196159,35.570414420980796,21.625276461168205,False,above_interval_underprediction,1.6789706435803013,554.166172278589,shared_semantic_recoding_50_percent,shared_publication_test,1451,115,311,25,311,25,1836,1836,,shared_semantic_dataset,,Ref-144-Research,Ref-144-Research
bayesian_ridge_native,Bayesian Ridge,shared_publication_held_out,test,0.9,265,214.0,168.0516616702771,132.59403151361786,203.50929182693633,45.9483383297229,45.9483383297229,2111.2497952626827,70.91526031331847,35.457630156659235,21.556708497141763,False,above_interval_underprediction,1.2958660273321574,280.72942377459185,shared_semantic_recoding_50_percent,shared_publication_test,1451,115,311,25,311,25,1837,1837,,shared_semantic_dataset,,Ref-144-Research,Ref-144-Research
bayesian_ridge_native,Bayesian Ridge,shared_publication_held_out,test,0.9,266,203.0,163.76656768179612,128.1378580503566,199.39527731323562,39.23343231820388,39.23343231820388,1539.2622114670849,71.25741926287901,35.628709631439506,21.6607174326343,False,above_interval_underprediction,1.1011746629067782,143.35187299816653,shared_semantic_recoding_50_percent,shared_publication_test,1451,115,311,25,311,25,1838,1838,,shared_semantic_dataset,,Ref-144-Research,Ref-144-Research
bayesian_ridge_native,Bayesian Ridge,shared_publication_held_out,test,0.9,267,176.0,159.48235039035563,123.84147122210621,195.12322955860506,16.517649609644366,16.517649609644366,272.83274862698465,71.28175833649885,35.64087916824943,21.668115985679098,True,covered,0.4634467497748783,71.28175833649885,shared_semantic_recoding_50_percent,shared_publication_test,1451,115,311,25,311,25,1839,1839,,shared_semantic_dataset,,Ref-144-Research,Ref-144-Research
bayesian_ridge_native,Bayesian Ridge,shared_publication_held_out,test,0.9,268,138.0,151.3872351273817,115.93249567088053,186.84197458388286,-13.3872351273817,13.3872351273817,179.21806435580254,70.90947891300233,35.454739456501166,21.55495107623166,True,covered,0.3775866169826541,70.90947891300233,shared_semantic_recoding_50_percent,shared_publication_test,1451,115,311,25,311,25,1840,1840,,shared_semantic_dataset,,Ref-144-Research,Ref-144-Research
bayesian_ridge_native,Bayesian Ridge,shared_publication_held_out,test,0.9,269,225.0,165.839751628984,130.21252497411928,201.46697828384873,59.160248371015996,59.160248371015996,3499.934987320301,71.25445330972946,35.62722665486473,21.659815846894116,False,above_interval_underprediction,1.6605347630374128,541.9148876327549,shared_semantic_recoding_50_percent,shared_publication_test,1451,115,311,25,311,25,1841,1841,,shared_semantic_dataset,,Ref-144-Research,Ref-144-Research
bayesian_ridge_native,Bayesian Ridge,shared_publication_held_out,test,0.9,270,156.0,151.88911635686682,116.65606702843743,187.1221656852962,4.110883643133178,4.110883643133178,16.89936432737991,70.46609865685878,35.23304932842939,21.420173048303027,True,covered,0.11667691901467424,70.46609865685878,shared_semantic_recoding_50_percent,shared_publication_test,1451,115,311,25,311,25,1842,1842,,shared_semantic_dataset,,Ref-144-Research,Ref-144-Research
bayesian_ridge_native,Bayesian Ridge,shared_publication_held_out,test,0.9,271,150.0,149.11640122713942,113.87041953425216,184.36238292002668,0.8835987728605801,0.8835987728605801,0.780746791400723,70.49196338577451,35.245981692887256,21.42803536762796,True,covered,0.025069489638839964,70.49196338577451,shared_semantic_recoding_50_percent,shared_publication_test,1451,115,311,25,311,25,1843,1843,,shared_semantic_dataset,,Ref-144-Research,Ref-144-Research
bayesian_ridge_native,Bayesian Ridge,shared_publication_held_out,test,0.9,272,151.0,149.236668027529,113.98323706640161,184.49009898865637,1.7633319724710077,1.7633319724710077,3.1093396451384945,70.50686192225476,35.25343096112738,21.432564201147287,True,covered,0.050018733621001794,70.50686192225476,shared_semantic_recoding_50_percent,shared_publication_test,1451,115,311,25,311,25,1844,1844,,shared_semantic_dataset,,Ref-144-Research,Ref-144-Research
bayesian_ridge_native,Bayesian Ridge,shared_publication_held_out,test,0.9,273,210.0,168.9517815468163,133.57355173052662,204.330011363106,41.048218453183694,41.048218453183694,1684.9562381802903,70.75645963257938,35.37822981628969,21.508436517757985,False,above_interval_underprediction,1.1602677314929786,184.15623237045946,shared_semantic_recoding_50_percent,shared_publication_test,1451,115,311,25,311,25,1845,1845,,shared_semantic_dataset,,Ref-144-Research,Ref-144-Research
bayesian_ridge_native,Bayesian Ridge,shared_publication_held_out,test,0.9,274,205.0,166.1790664170889,130.7887810833649,201.5693517508129,38.820933582911096,38.820933582911096,1507.0648842487944,70.78057066744799,35.390285333723995,21.515765751944393,False,above_interval_underprediction,1.0969375696419712,139.39353565119,shared_semantic_recoding_50_percent,shared_publication_test,1451,115,311,25,311,25,1846,1846,,shared_semantic_dataset,,Ref-144-Research,Ref-144-Research
bayesian_ridge_native,Bayesian Ridge,shared_publication_held_out,test,0.9,275,193.0,166.29933321747848,130.90416958478573,201.69449685017122,26.700666782521523,26.700666782521523,712.9256066312482,70.79032726538549,35.39516363269274,21.518731547130564,True,covered,0.754359184763295,70.79032726538549,shared_semantic_recoding_50_percent,shared_publication_test,1451,115,311,25,311,25,1847,1847,,shared_semantic_dataset,,Ref-144-Research,Ref-144-Research
bayesian_ridge_native,Bayesian Ridge,shared_publication_held_out,test,0.9,276,112.0,151.7519751521967,116.28146896221133,187.22248134218208,-39.75197515219671,39.75197515219671,1580.2195285008643,70.94101237997074,35.47050618998537,21.564536569570315,False,below_interval_overprediction,1.120705042642446,156.57039162419744,shared_semantic_recoding_50_percent,shared_publication_test,1451,115,311,25,311,25,1999,1999,,shared_semantic_dataset,,Ref-160-Research,Ref-160-Research
bayesian_ridge_native,Bayesian Ridge,shared_publication_held_out,test,0.9,277,115.0,151.1989926574143,115.72495259314624,186.67303272168235,-36.198992657414294,36.198992657414294,1310.367069411534,70.9480801285361,35.47404006426805,21.566685012583584,False,below_interval_overprediction,1.0204361440600747,85.44713199146094,shared_semantic_recoding_50_percent,shared_publication_test,1451,115,311,25,311,25,2000,2000,,shared_semantic_dataset,,Ref-160-Research,Ref-160-Research
bayesian_ridge_native,Bayesian Ridge,shared_publication_held_out,test,0.9,278,135.0,150.46168266437107,114.97404310765434,185.9493222210878,-15.461682664371068,15.461682664371068,239.06363081371282,70.97527911343347,35.487639556716736,21.57495291692829,True,covered,0.43569205665708016,70.97527911343347,shared_semantic_recoding_50_percent,shared_publication_test,1451,115,311,25,311,25,2001,2001,,shared_semantic_dataset,,Ref-160-Research,Ref-160-Research
bayesian_ridge_native,Bayesian Ridge,shared_publication_held_out,test,0.9,279,152.0,149.90870016958866,114.40420163152777,185.41319870764954,2.0912998304113444,2.0912998304113444,4.373534980678517,71.00899707612177,35.504498538060886,21.585202449815547,True,covered,0.058902390303286985,71.00899707612177,shared_semantic_recoding_50_percent,shared_publication_test,1451,115,311,25,311,25,2002,2002,,shared_semantic_dataset,,Ref-160-Research,Ref-160-Research
bayesian_ridge_native,Bayesian Ridge,shared_publication_held_out,test,0.9,280,148.0,149.35571767480624,113.82866090501278,184.8827744445997,-1.3557176748062432,1.3557176748062432,1.8379704137820465,71.05411353958692,35.52705676979346,21.598916880913208,True,covered,0.038160146042802205,71.05411353958692,shared_semantic_recoding_50_percent,shared_publication_test,1451,115,311,25,311,25,2003,2003,,shared_semantic_dataset,,Ref-160-Research,Ref-160-Research
bayesian_ridge_native,Bayesian Ridge,shared_publication_held_out,test,0.9,281,115.0,151.6409963408486,116.17052624079204,187.11146644090516,-36.6409963408486,36.6409963408486,1342.5626128500805,70.94094020011312,35.47047010005656,21.564514628451526,False,below_interval_overprediction,1.0330000205097416,94.35146501595398,shared_semantic_recoding_50_percent,shared_publication_test,1451,115,311,25,311,25,2004,2004,,shared_semantic_dataset,,Ref-160-Research,Ref-160-Research
bayesian_ridge_native,Bayesian Ridge,shared_publication_held_out,test,0.9,282,125.0,151.0880138460662,115.61050039177456,186.56552730035781,-26.08801384606619,26.08801384606619,680.5844664325413,70.95502690858325,35.477513454291625,21.568796683778316,True,covered,0.7353394109673824,70.95502690858325,shared_semantic_recoding_50_percent,shared_publication_test,1451,115,311,25,311,25,2005,2005,,shared_semantic_dataset,,Ref-160-Research,Ref-160-Research
bayesian_ridge_native,Bayesian Ridge,shared_publication_held_out,test,0.9,283,145.0,150.350703853023,114.85491526776252,185.84649243828346,-5.350703853022992,5.350703853022992,28.630031722755092,70.99157717052094,35.49578858526047,21.579907174504896,True,covered,0.15074193492477744,70.99157717052094,shared_semantic_recoding_50_percent,shared_publication_test,1451,115,311,25,311,25,2006,2006,,shared_semantic_dataset,,Ref-160-Research,Ref-160-Research
bayesian_ridge_native,Bayesian Ridge,shared_publication_held_out,test,0.9,284,155.0,149.79772135824058,114.2815720020088,185.31387071447236,5.2022786417594205,5.2022786417594205,27.06370306650624,71.03229871246356,35.51614935623178,21.5922856443199,True,covered,0.14647642652867185,71.03229871246356,shared_semantic_recoding_50_percent,shared_publication_test,1451,115,311,25,311,25,2007,2007,,shared_semantic_dataset,,Ref-160-Research,Ref-160-Research
bayesian_ridge_native,Bayesian Ridge,shared_publication_held_out,test,0.9,285,155.0,149.24473886345817,113.70253558268143,184.7869421442349,5.755261136541833,5.755261136541833,33.12303074978879,71.08440656155346,35.54220328077673,21.608125305745116,True,covered,0.1619275285517994,71.08440656155346,shared_semantic_recoding_50_percent,shared_publication_test,1451,115,311,25,311,25,2008,2008,,shared_semantic_dataset,,Ref-160-Research,Ref-160-Research
bayesian_ridge_native,Bayesian Ridge,shared_publication_held_out,test,0.9,286,83.0,143.90600540239745,108.40649774161452,179.4055130631804,-60.906005402397454,60.906005402397454,3709.541494076868,70.99901532156588,35.49950766078294,21.582168211877185,False,below_interval_overprediction,1.7156859183622317,579.1289701538562,shared_semantic_recoding_50_percent,shared_publication_test,1451,115,311,25,311,25,2009,2009,,shared_semantic_dataset,,Ref-161-Research,Ref-161-Research
bayesian_ridge_native,Bayesian Ridge,shared_publication_held_out,test,0.9,287,100.0,143.02455351354052,107.58220561800314,178.4669014090779,-43.024553513540525,43.024553513540525,1851.1122050395122,70.88469579107476,35.44234789553738,21.54741754208567,False,below_interval_overprediction,1.2139306809004557,222.52880815113767,shared_semantic_recoding_50_percent,shared_publication_test,1451,115,311,25,311,25,2010,2010,,shared_semantic_dataset,,Ref-161-Research,Ref-161-Research
bayesian_ridge_native,Bayesian Ridge,shared_publication_held_out,test,0.9,288,114.0,145.0906190297602,109.67614155801654,180.50509650150389,-31.090619029760205,31.090619029760205,966.6265916536875,70.82895494348735,35.41447747174367,21.530473527532006,True,covered,0.8779070382886952,70.82895494348735,shared_semantic_recoding_50_percent,shared_publication_test,1451,115,311,25,311,25,2011,2011,,shared_semantic_dataset,,Ref-161-Research,Ref-161-Research
bayesian_ridge_native,Bayesian Ridge,shared_publication_held_out,test,0.9,289,118.0,147.1566845459799,111.75417895783586,182.55919013412398,-29.156684545979914,29.156684545979914,850.112253713784,70.80501117628812,35.40250558814406,21.523195139106768,True,covered,0.8235768644506392,70.80501117628812,shared_semantic_recoding_50_percent,shared_publication_test,1451,115,311,25,311,25,2012,2012,,shared_semantic_dataset,,Ref-161-Research,Ref-161-Research
bayesian_ridge_native,Bayesian Ridge,shared_publication_held_out,test,0.9,290,116.0,149.8865284480776,114.47988361623976,185.29317327991544,-33.8865284480776,33.8865284480776,1148.2968102623724,70.81328966367568,35.40664483183784,21.52571162058936,True,covered,0.9570669180607211,70.81328966367568,shared_semantic_recoding_50_percent,shared_publication_test,1451,115,311,25,311,25,2013,2013,,shared_semantic_dataset,,Ref-161-Research,Ref-161-Research
bayesian_ridge_native,Bayesian Ridge,shared_publication_held_out,test,0.9,291,110.0,152.77230191673416,117.3418831857286,188.20272064773974,-42.772301916734165,42.772301916734165,1829.4698112562612,70.86083746201113,35.43041873100557,21.540165125009555,False,below_interval_overprediction,1.2072197690202184,217.69850117658325,shared_semantic_recoding_50_percent,shared_publication_test,1451,115,311,25,311,25,2014,2014,,shared_semantic_dataset,,Ref-161-Research,Ref-161-Research
bayesian_ridge_native,Bayesian Ridge,shared_publication_held_out,test,0.9,292,135.2,159.56178781636737,124.1797179901295,194.94385764260522,-24.361787816367382,24.361787816367382,593.4967056097062,70.76413965247572,35.38206982623786,21.510771078040584,True,covered,0.6885348408391219,70.76413965247572,shared_semantic_recoding_50_percent,shared_publication_test,1451,115,311,25,311,25,2015,2015,,shared_semantic_dataset,,Ref-162-Research,Ref-162-Research
bayesian_ridge_native,Bayesian Ridge,shared_publication_held_out,test,0.9,293,137.4,167.52087728274017,132.10653779698936,202.935216768491,-30.120877282740167,30.120877282740167,907.2672482818926,70.82867897150163,35.414339485750816,21.530389638004955,True,covered,0.8505277161772139,70.82867897150163,shared_semantic_recoding_50_percent,shared_publication_test,1451,115,311,25,311,25,2016,2016,,shared_semantic_dataset,,Ref-162-Research,Ref-162-Research
bayesian_ridge_native,Bayesian Ridge,shared_publication_held_out,test,0.9,294,139.7,170.84967279923939,135.46062198567165,206.23872361280712,-31.149672799239397,31.149672799239397,970.3021154996748,70.77810162713547,35.389050813567735,21.515015216981258,True,covered,0.8802065069034569,70.77810162713547,shared_semantic_recoding_50_percent,shared_publication_test,1451,115,311,25,311,25,2017,2017,,shared_semantic_dataset,,Ref-162-Research,Ref-162-Research
bayesian_ridge_native,Bayesian Ridge,shared_publication_held_out,test,0.9,295,149.2,174.17846831573857,138.80495157847795,209.55198505299919,-24.97846831573858,24.97846831573858,623.9238794003562,70.74703347452123,35.373516737260616,21.505571169162916,True,covered,0.7061347194079679,70.74703347452123,shared_semantic_recoding_50_percent,shared_publication_test,1451,115,311,25,311,25,2018,2018,,shared_semantic_dataset,,Ref-162-Research,Ref-162-Research
bayesian_ridge_native,Bayesian Ridge,shared_publication_held_out,test,0.9,296,157.3,177.50726383223775,142.13951372228664,212.87501394218887,-20.207263832237743,20.207263832237743,408.3335115856636,70.73550021990224,35.36775010995112,21.502065308693012,True,covered,0.5713471671061202,70.73550021990224,shared_semantic_recoding_50_percent,shared_publication_test,1451,115,311,25,311,25,2019,2019,,shared_semantic_dataset,,Ref-162-Research,Ref-162-Research
bayesian_ridge_native,Bayesian Ridge,shared_publication_held_out,test,0.9,297,156.0,180.83605934873694,145.46430363996063,216.20781505751324,-24.83605934873694,24.83605934873694,616.8298439739834,70.74351141755261,35.371755708776305,21.504500539864676,True,covered,0.7021438108195096,70.74351141755261,shared_semantic_recoding_50_percent,shared_publication_test,1451,115,311,25,311,25,2020,2020,,shared_semantic_dataset,,Ref-162-Research,Ref-162-Research
bayesian_ridge_native,Bayesian Ridge,shared_publication_held_out,test,0.9,298,158.1,184.16485486523612,148.77932465011204,219.5503850803602,-26.06485486523613,26.06485486523613,679.3766591458235,70.77106043024816,35.38553021512408,21.51287484510503,True,covered,0.736596419688401,70.77106043024816,shared_semantic_recoding_50_percent,shared_publication_test,1451,115,311,25,311,25,2021,2021,,shared_semantic_dataset,,Ref-162-Research,Ref-162-Research
bayesian_ridge_native,Bayesian Ridge,shared_publication_held_out,test,0.9,299,138.3,167.24343025436997,131.87511461798138,202.61174589075856,-28.943430254369957,28.943430254369957,837.7221548895782,70.73663127277717,35.36831563638859,21.502409124354298,True,covered,0.8183434730658079,70.73663127277717,shared_semantic_recoding_50_percent,shared_publication_test,1451,115,311,25,311,25,2022,2022,,shared_semantic_dataset,,Ref-162-Research,Ref-162-Research
bayesian_ridge_native,Bayesian Ridge,shared_publication_held_out,test,0.9,300,145.0,170.57222577086915,135.22648299534228,205.91796854639603,-25.572225770869153,25.572225770869153,653.9387308763045,70.69148555105374,35.34574277552687,21.488685799377638,True,covered,0.7234881420733693,70.69148555105374,shared_semantic_recoding_50_percent,shared_publication_test,1451,115,311,25,311,25,2023,2023,,shared_semantic_dataset,,Ref-162-Research,Ref-162-Research
bayesian_ridge_native,Bayesian Ridge,shared_publication_held_out,test,0.9,301,152.8,173.90102128736834,138.56808189146008,209.2339606832766,-21.101021287368326,21.101021287368326,445.25309936997127,70.66587879181651,35.332939395908255,21.480901897266925,True,covered,0.5972053740259136,70.66587879181651,shared_semantic_recoding_50_percent,shared_publication_test,1451,115,311,25,311,25,2024,2024,,shared_semantic_dataset,,Ref-162-Research,Ref-162-Research
bayesian_ridge_native,Bayesian Ridge,shared_publication_held_out,test,0.9,302,162.6,177.22981680386755,141.89990068510429,212.55973292263081,-14.629816803867556,14.629816803867556,214.0315397147255,70.65983223752653,35.329916118763265,21.479063875271876,True,covered,0.4140914672621554,70.65983223752653,shared_semantic_recoding_50_percent,shared_publication_test,1451,115,311,25,311,25,2025,2025,,shared_semantic_dataset,,Ref-162-Research,Ref-162-Research
bayesian_ridge_native,Bayesian Ridge,shared_publication_held_out,test,0.9,303,164.5,180.55861232036673,145.22193686602492,215.89528777470855,-16.058612320366734,16.058612320366734,257.87902965583424,70.67335090868363,35.336675454341815,21.483173259516043,True,covered,0.4544460426424641,70.67335090868363,shared_semantic_recoding_50_percent,shared_publication_test,1451,115,311,25,311,25,2026,2026,,shared_semantic_dataset,,Ref-162-Research,Ref-162-Research
bayesian_ridge_native,Bayesian Ridge,shared_publication_held_out,test,0.9,304,168.7,183.88740783686592,148.53419604536342,219.24061962836842,-15.18740783686593,15.18740783686593,230.65735680329666,70.706423583005,35.3532117915025,21.493226638667664,True,covered,0.42959061050618247,70.706423583005,shared_semantic_recoding_50_percent,shared_publication_test,1451,115,311,25,311,25,2027,2027,,shared_semantic_dataset,,Ref-162-Research,Ref-162-Research
bayesian_ridge_native,Bayesian Ridge,shared_publication_held_out,test,0.9,305,145.3,165.95313776654436,130.56231221991766,201.34396331317106,-20.653137766544347,20.653137766544347,426.5520996038604,70.7816510932534,35.3908255466267,21.516094178069288,True,covered,0.5835732127619983,70.7816510932534,shared_semantic_recoding_50_percent,shared_publication_test,1451,115,311,25,311,25,2028,2028,,shared_semantic_dataset,,Ref-162-Research,Ref-162-Research
bayesian_ridge_native,Bayesian Ridge,shared_publication_held_out,test,0.9,306,157.8,169.28193328304354,133.9156081576951,204.648258408392,-11.481933283043531,11.481933283043531,131.83479191626282,70.7326502506969,35.36632512534845,21.501198979568453,True,covered,0.32465723374843863,70.7326502506969,shared_semantic_recoding_50_percent,shared_publication_test,1451,115,311,25,311,25,2029,2029,,shared_semantic_dataset,,Ref-162-Research,Ref-162-Research
bayesian_ridge_native,Bayesian Ridge,shared_publication_held_out,test,0.9,307,165.2,172.61072879954273,137.2591423362077,207.96231526287775,-7.410728799542738,7.410728799542738,54.91890134037216,70.70317292667005,35.351586463335025,21.492238509304148,True,covered,0.20962931344619545,70.70317292667005,shared_semantic_recoding_50_percent,shared_publication_test,1451,115,311,25,311,25,2030,2030,,shared_semantic_dataset,,Ref-162-Research,Ref-162-Research
bayesian_ridge_native,Bayesian Ridge,shared_publication_held_out,test,0.9,308,172.3,175.9395243160419,140.59290254422103,211.2861460878628,-3.6395243160419,3.6395243160419,13.24613724706026,70.69324354364176,35.34662177182088,21.489220191179786,True,covered,0.1029666806501834,70.69324354364176,shared_semantic_recoding_50_percent,shared_publication_test,1451,115,311,25,311,25,2031,2031,,shared_semantic_dataset,,Ref-162-Research,Ref-162-Research
bayesian_ridge_native,Bayesian Ridge,shared_publication_held_out,test,0.9,309,179.8,179.2683198325411,143.91688466381873,214.61975500126346,0.5316801674589158,0.5316801674589158,0.2826838004691407,70.70287033744472,35.35143516872236,21.492146528710762,True,covered,0.015039846753642599,70.70287033744472,shared_semantic_recoding_50_percent,shared_publication_test,1451,115,311,25,311,25,2032,2032,,shared_semantic_dataset,,Ref-162-Research,Ref-162-Research
bayesian_ridge_native,Bayesian Ridge,shared_publication_held_out,test,0.9,310,192.2,182.59711534904028,147.23109268746137,217.9631380106192,9.602884650959709,9.602884650959709,92.21539361963757,70.73204532315782,35.36602266157891,21.50101509465335,True,covered,0.2715285442994451,70.73204532315782,shared_semantic_recoding_50_percent,shared_publication_test,1451,115,311,25,311,25,2033,2033,,shared_semantic_dataset,,Ref-162-Research,Ref-162-Research
bayesian_ridge_conformalized,Bayesian Ridge,shared_publication_held_out,test,0.9,0,156.0,139.16445097603,91.12644859169873,187.20245336036126,16.835549023970003,16.835549023970003,283.4357109384973,96.07600476866253,48.038002384331264,21.503219340745762,True,covered,0.35046313727361234,96.07600476866253,shared_semantic_recoding_50_percent,shared_publication_test,1451,115,311,25,311,25,116,116,,shared_semantic_dataset,,Ref-9-Research,Ref-9-Research
bayesian_ridge_conformalized,Bayesian Ridge,shared_publication_held_out,test,0.9,1,156.0,139.99407317875676,91.96377633531283,188.02437002220069,16.005926821243236,16.005926821243236,256.18969340699357,96.06059368688786,48.03029684344393,21.49977011455784,True,covered,0.3332464688572505,96.06059368688786,shared_semantic_recoding_50_percent,shared_publication_test,1451,115,311,25,311,25,117,117,,shared_semantic_dataset,,Ref-9-Research,Ref-9-Research
bayesian_ridge_conformalized,Bayesian Ridge,shared_publication_held_out,test,0.9,2,160.0,139.76669075369264,91.83351671058043,187.69986479680486,20.233309246307357,20.233309246307357,409.3868030567068,95.86634808622443,47.93317404311222,21.45629509946851,True,covered,0.4221149475331854,95.86634808622443,shared_semantic_recoding_50_percent,shared_publication_test,1451,115,311,25,311,25,118,118,,shared_semantic_dataset,,Ref-9-Research,Ref-9-Research
bayesian_ridge_conformalized,Bayesian Ridge,shared_publication_held_out,test,0.9,3,187.0,146.01315865472412,98.09308677557945,193.9332305338688,40.98684134527588,40.98684134527588,1679.9211634628161,95.84014375828934,47.92007187914467,21.450430186448635,True,covered,0.8553167751635571,95.84014375828934,shared_semantic_recoding_50_percent,shared_publication_test,1451,115,311,25,311,25,119,119,,shared_semantic_dataset,,Ref-9-Research,Ref-9-Research
bayesian_ridge_conformalized,Bayesian Ridge,shared_publication_held_out,test,0.9,4,145.1,129.33063741713988,73.82613837638746,184.8351364578923,15.769362582860111,15.769362582860111,248.67279626970853,111.00899808150484,55.50449904075242,24.845442317160312,True,covered,0.28410962814531404,111.00899808150484,shared_semantic_recoding_50_percent,shared_publication_test,1451,115,311,25,311,25,389,389,,shared_semantic_dataset,,Ref-32-Research,Ref-32-Research
bayesian_ridge_conformalized,Bayesian Ridge,shared_publication_held_out,test,0.9,5,149.6,152.480067909021,100.60223625555965,204.35789956248232,-2.880067909020994,2.880067909020994,8.29479116057256,103.75566330692267,51.877831653461335,23.222039585278896,True,covered,0.05551635095814251,103.75566330692267,shared_semantic_recoding_50_percent,shared_publication_test,1451,115,311,25,311,25,390,390,,shared_semantic_dataset,,Ref-32-Research,Ref-32-Research
bayesian_ridge_conformalized,Bayesian Ridge,shared_publication_held_out,test,0.9,6,143.5,139.80030964740445,-753.0953172432006,1032.6959365380094,3.699690352595553,3.699690352595553,13.687708705088609,1785.79125378121,892.895626890605,399.6862808700794,True,covered,0.004143474602377943,1785.79125378121,shared_semantic_recoding_50_percent,shared_publication_test,1451,115,311,25,311,25,391,391,,shared_semantic_dataset,,Ref-32-Research,Ref-32-Research
bayesian_ridge_conformalized,Bayesian Ridge,shared_publication_held_out,test,0.9,7,162.6,139.80030964741474,-753.0953172431903,1032.6959365380196,22.79969035258526,22.79969035258526,519.8258801737693,1785.79125378121,892.895626890605,399.6862808700793,True,covered,0.025534552601609518,1785.79125378121,shared_semantic_recoding_50_percent,shared_publication_test,1451,115,311,25,311,25,392,392,,shared_semantic_dataset,,Ref-32-Research,Ref-32-Research
bayesian_ridge_conformalized,Bayesian Ridge,shared_publication_held_out,test,0.9,8,150.56,159.3723882152649,110.97493398311205,207.76984244741772,-8.812388215264889,8.812388215264889,77.65818605653949,96.79490846430566,48.39745423215283,21.66412053443621,True,covered,0.1820837140109403,96.79490846430566,shared_semantic_recoding_50_percent,shared_publication_test,1451,115,311,25,311,25,393,393,,shared_semantic_dataset,,Ref-33-Research,Ref-33-Research
bayesian_ridge_conformalized,Bayesian Ridge,shared_publication_held_out,test,0.9,9,121.32,141.61900549657244,93.22943285747445,190.00857813567043,-20.29900549657245,20.29900549657245,412.04962414987847,96.77914527819598,48.38957263909799,21.6605925021326,True,covered,0.419491315783417,96.77914527819598,shared_semantic_recoding_50_percent,shared_publication_test,1451,115,311,25,311,25,394,394,,shared_semantic_dataset,,Ref-33-Research,Ref-33-Research
bayesian_ridge_conformalized,Bayesian Ridge,shared_publication_held_out,test,0.9,10,175.0,179.6805951523896,131.27106064762572,228.09012965715348,-4.6805951523896,4.6805951523896,21.907970980573023,96.81906900952777,48.40953450476388,21.669528018901804,True,covered,0.0966874645722733,96.81906900952777,shared_semantic_recoding_50_percent,shared_publication_test,1451,115,311,25,311,25,403,403,,shared_semantic_dataset,,Ref-35-Research,Ref-35-Research
bayesian_ridge_conformalized,Bayesian Ridge,shared_publication_held_out,test,0.9,11,154.0,168.19705611947504,120.1243001836796,216.26981205527048,-14.197056119475036,14.197056119475036,201.55640245952355,96.14551187159088,48.07275593579544,21.5187760500782,True,covered,0.2953243649778724,96.14551187159088,shared_semantic_recoding_50_percent,shared_publication_test,1451,115,311,25,311,25,462,462,,shared_semantic_dataset,,Ref-44-Research,Ref-44-Research
bayesian_ridge_conformalized,Bayesian Ridge,shared_publication_held_out,test,0.9,12,144.0,157.60598096420756,108.62092145279604,206.59104047561908,-13.60598096420756,13.60598096420756,185.1227179983785,97.97011902282304,48.98505951141152,21.927149898242586,True,covered,0.2777577714494339,97.97011902282304,shared_semantic_recoding_50_percent,shared_publication_test,1451,115,311,25,311,25,463,463,,shared_semantic_dataset,,Ref-44-Research,Ref-44-Research
bayesian_ridge_conformalized,Bayesian Ridge,shared_publication_held_out,test,0.9,13,141.0,155.75549770258726,106.82615629327778,204.68483911189674,-14.755497702587263,14.755497702587263,217.724712451058,97.85868281861896,48.92934140930948,21.90220884092791,True,covered,0.30156747010250634,97.85868281861896,shared_semantic_recoding_50_percent,shared_publication_test,1451,115,311,25,311,25,464,464,,shared_semantic_dataset,,Ref-44-Research,Ref-44-Research
bayesian_ridge_conformalized,Bayesian Ridge,shared_publication_held_out,test,0.9,14,132.0,153.90501444096697,104.97110928155524,202.8389196003787,-21.905014440966966,21.905014440966966,479.8296576589713,97.86781031882344,48.93390515941172,21.904251709377753,True,covered,0.44764492777772624,97.86781031882344,shared_semantic_recoding_50_percent,shared_publication_test,1451,115,311,25,311,25,465,465,,shared_semantic_dataset,,Ref-44-Research,Ref-44-Research
bayesian_ridge_conformalized,Bayesian Ridge,shared_publication_held_out,test,0.9,15,102.0,158.77357485133402,110.45764038395541,207.08950931871263,-56.77357485133402,56.77357485133402,3223.2388014000267,96.63186893475722,48.31593446737861,21.627629895867983,False,below_interval_overprediction,1.1750486765327024,265.7846766138654,shared_semantic_recoding_50_percent,shared_publication_test,1451,115,311,25,311,25,490,490,,shared_semantic_dataset,,Ref-48-Research,Ref-48-Research
bayesian_ridge_conformalized,Bayesian Ridge,shared_publication_held_out,test,0.9,16,100.0,150.8487259803916,102.51311541969048,199.18433654109273,-50.848725980391606,50.848725980391606,2585.5929338289525,96.67122112140225,48.33561056070113,21.636437492551508,False,below_interval_overprediction,1.051993041787161,146.93352951521183,shared_semantic_recoding_50_percent,shared_publication_test,1451,115,311,25,311,25,491,491,,shared_semantic_dataset,,Ref-48-Research,Ref-48-Research
bayesian_ridge_conformalized,Bayesian Ridge,shared_publication_held_out,test,0.9,17,166.0,166.7478222775194,118.3347911733533,215.16085338168548,-0.7478222775193899,0.7478222775193899,0.5592381587542874,96.82606220833219,48.413031104166095,21.671093199387265,True,covered,0.015446714664701865,96.82606220833219,shared_semantic_recoding_50_percent,shared_publication_test,1451,115,311,25,311,25,492,492,,shared_semantic_dataset,,Ref-48-Research,Ref-48-Research
bayesian_ridge_conformalized,Bayesian Ridge,shared_publication_held_out,test,0.9,18,158.0,173.99533767061962,125.65187527809232,222.33880006314692,-15.99533767061962,15.99533767061962,255.85082719714308,96.6869247850546,48.3434623925273,21.63995220285594,True,covered,0.3308686816998052,96.6869247850546,shared_semantic_recoding_50_percent,shared_publication_test,1451,115,311,25,311,25,493,493,,shared_semantic_dataset,,Ref-48-Research,Ref-48-Research
bayesian_ridge_conformalized,Bayesian Ridge,shared_publication_held_out,test,0.9,19,116.0,178.11407841044752,129.6463409562562,226.58181586463883,-62.11407841044752,62.11407841044752,3858.1587367792226,96.93547490838262,48.46773745419131,21.695581366786744,False,below_interval_overprediction,1.281555147259636,369.8622940335069,shared_semantic_recoding_50_percent,shared_publication_test,1451,115,311,25,311,25,494,494,,shared_semantic_dataset,,Ref-48-Research,Ref-48-Research
bayesian_ridge_conformalized,Bayesian Ridge,shared_publication_held_out,test,0.9,20,118.0,170.1892295395051,121.7258579816669,218.6526010973433,-52.18922953950511,52.18922953950511,2723.7156799271525,96.9267431156764,48.4633715578382,21.69362706348019,False,below_interval_overprediction,1.0768798757061364,171.4439027490145,shared_semantic_recoding_50_percent,shared_publication_test,1451,115,311,25,311,25,495,495,,shared_semantic_dataset,,Ref-48-Research,Ref-48-Research
bayesian_ridge_conformalized,Bayesian Ridge,shared_publication_held_out,test,0.9,21,170.0,186.08832583663292,137.59261659188311,234.58403508138272,-16.08832583663292,16.08832583663292,258.8342282256703,96.99141848949961,48.495709244749804,21.70810236095549,True,covered,0.3317474079085596,96.99141848949961,shared_semantic_recoding_50_percent,shared_publication_test,1451,115,311,25,311,25,496,496,,shared_semantic_dataset,,Ref-48-Research,Ref-48-Research
bayesian_ridge_conformalized,Bayesian Ridge,shared_publication_held_out,test,0.9,22,170.0,193.33584122973312,144.87856444364002,241.79311801582622,-23.33584122973312,23.33584122973312,544.5614858993122,96.91455357218621,48.457276786093104,21.69089886482159,True,covered,0.48157558116081217,96.91455357218621,shared_semantic_recoding_50_percent,shared_publication_test,1451,115,311,25,311,25,497,497,,shared_semantic_dataset,,Ref-48-Research,Ref-48-Research
bayesian_ridge_conformalized,Bayesian Ridge,shared_publication_held_out,test,0.9,23,130.0,190.3429543084922,141.61503200253554,239.07087661444888,-60.34295430849221,60.34295430849221,3641.2721346767785,97.45584461191334,48.72792230595667,21.812047740469147,False,below_interval_overprediction,1.2383650164602993,329.7564846626242,shared_semantic_recoding_50_percent,shared_publication_test,1451,115,311,25,311,25,498,498,,shared_semantic_dataset,,Ref-48-Research,Ref-48-Research
bayesian_ridge_conformalized,Bayesian Ridge,shared_publication_held_out,test,0.9,24,144.0,182.4181054375498,133.63442018046717,231.20179069463242,-38.4181054375498,38.4181054375498,1475.9508254106934,97.56737051416525,48.783685257082624,21.837008873522837,True,covered,0.7875195413198534,97.56737051416525,shared_semantic_recoding_50_percent,shared_publication_test,1451,115,311,25,311,25,499,499,,shared_semantic_dataset,,Ref-48-Research,Ref-48-Research
bayesian_ridge_conformalized,Bayesian Ridge,shared_publication_held_out,test,0.9,25,184.0,198.31720173467755,149.5709501241529,247.06345334520222,-14.317201734677553,14.317201734677553,204.98226551145393,97.49250322104933,48.746251610524666,21.820252474990284,True,covered,0.2937087727087177,97.49250322104933,shared_semantic_recoding_50_percent,shared_publication_test,1451,115,311,25,311,25,500,500,,shared_semantic_dataset,,Ref-48-Research,Ref-48-Research
bayesian_ridge_conformalized,Bayesian Ridge,shared_publication_held_out,test,0.9,26,182.0,205.56471712777778,156.81864166320216,254.3107925923534,-23.564717127777783,23.564717127777783,555.2958933121836,97.49215092915125,48.746075464575625,21.820173626895226,True,covered,0.4834177295955354,97.49215092915125,shared_semantic_recoding_50_percent,shared_publication_test,1451,115,311,25,311,25,501,501,,shared_semantic_dataset,,Ref-48-Research,Ref-48-Research
bayesian_ridge_conformalized,Bayesian Ridge,shared_publication_held_out,test,0.9,27,185.0,163.12285065547564,113.6961998506971,212.5495014602542,21.877149344524355,21.877149344524355,478.60966344262243,98.85330160955709,49.426650804778546,22.12481911779639,True,covered,0.4426184859446168,98.85330160955709,shared_semantic_recoding_50_percent,shared_publication_test,1451,115,311,25,311,25,502,502,,shared_semantic_dataset,,Ref-48-Research,Ref-48-Research
bayesian_ridge_conformalized,Bayesian Ridge,shared_publication_held_out,test,0.9,28,188.0,161.77413410313673,112.29648110870863,211.25178709756483,26.22586589686327,26.22586589686327,687.7960420402558,98.9553059888562,49.4776529944281,22.147649194328686,True,covered,0.5300547683580844,98.9553059888562,shared_semantic_recoding_50_percent,shared_publication_test,1451,115,311,25,311,25,503,503,,shared_semantic_dataset,,Ref-48-Research,Ref-48-Research
bayesian_ridge_conformalized,Bayesian Ridge,shared_publication_held_out,test,0.9,29,192.0,160.42541755079785,110.7371801819452,210.1136549196505,31.574582449202154,31.574582449202154,996.9542568414647,99.37647473770528,49.68823736885264,22.241912939035558,True,covered,0.6354538643585467,99.37647473770528,shared_semantic_recoding_50_percent,shared_publication_test,1451,115,311,25,311,25,504,504,,shared_semantic_dataset,,Ref-48-Research,Ref-48-Research
bayesian_ridge_conformalized,Bayesian Ridge,shared_publication_held_out,test,0.9,30,196.0,159.07670099845893,109.02031108931021,209.13309090760765,36.92329900154107,36.92329900154107,1363.3300091572037,100.11277981829744,50.05638990914872,22.406708817962894,True,covered,0.7376340776583383,100.11277981829744,shared_semantic_recoding_50_percent,shared_publication_test,1451,115,311,25,311,25,505,505,,shared_semantic_dataset,,Ref-48-Research,Ref-48-Research
bayesian_ridge_conformalized,Bayesian Ridge,shared_publication_held_out,test,0.9,31,198.0,157.72798444612005,107.14931444010973,208.30665445213037,40.27201555387995,40.27201555387995,1621.8352367719488,101.15734001202064,50.57867000601032,22.640496713435077,True,covered,0.796225277356925,101.15734001202064,shared_semantic_recoding_50_percent,shared_publication_test,1451,115,311,25,311,25,506,506,,shared_semantic_dataset,,Ref-48-Research,Ref-48-Research
bayesian_ridge_conformalized,Bayesian Ridge,shared_publication_held_out,test,0.9,32,205.0,156.37926789378113,105.12890204782911,207.62963373973315,48.62073210621887,48.62073210621887,2363.9755905447023,102.50073169190404,51.25036584595202,22.94116747948767,True,covered,0.9486904396421816,102.50073169190404,shared_semantic_recoding_50_percent,shared_publication_test,1451,115,311,25,311,25,507,507,,shared_semantic_dataset,,Ref-48-Research,Ref-48-Research
bayesian_ridge_conformalized,Bayesian Ridge,shared_publication_held_out,test,0.9,33,201.0,155.03055134144225,102.96485639709485,207.09624628578965,45.96944865855775,45.96944865855775,2113.190209971777,104.1313898886948,52.0656949443474,23.306132706339127,True,covered,0.8829124187758202,104.1313898886948,shared_semantic_recoding_50_percent,shared_publication_test,1451,115,311,25,311,25,508,508,,shared_semantic_dataset,,Ref-48-Research,Ref-48-Research
bayesian_ridge_conformalized,Bayesian Ridge,shared_publication_held_out,test,0.9,34,196.0,153.68183478910336,100.66380359537986,206.69986598282685,42.31816521089664,42.31816521089664,1790.8271068167423,106.03606238744699,53.018031193723495,23.73242635386925,True,covered,0.7981843961023292,106.03606238744699,shared_semantic_recoding_50_percent,shared_publication_test,1451,115,311,25,311,25,509,509,,shared_semantic_dataset,,Ref-48-Research,Ref-48-Research
bayesian_ridge_conformalized,Bayesian Ridge,shared_publication_held_out,test,0.9,35,191.0,152.33311823676445,98.23297845684974,206.43325801667916,38.66688176323555,38.66688176323555,1495.127745292038,108.20027955982943,54.10013977991471,24.21680990698227,True,covered,0.7147279456307628,108.20027955982943,shared_semantic_recoding_50_percent,shared_publication_test,1451,115,311,25,311,25,510,510,,shared_semantic_dataset,,Ref-48-Research,Ref-48-Research
bayesian_ridge_conformalized,Bayesian Ridge,shared_publication_held_out,test,0.9,36,189.0,130.89086604444984,75.65468923387027,186.1270428550294,58.10913395555016,58.10913395555016,3376.671449064073,110.47235362115913,55.236176810579565,24.725333414145496,False,above_interval_underprediction,1.0520122374657244,167.9314965205711,shared_semantic_recoding_50_percent,shared_publication_test,1451,115,311,25,311,25,511,511,,shared_semantic_dataset,,Ref-48-Research,Ref-48-Research
bayesian_ridge_conformalized,Bayesian Ridge,shared_publication_held_out,test,0.9,37,182.0,163.12285065547564,113.6961998506971,212.5495014602542,18.877149344524355,18.877149344524355,356.3467673754763,98.85330160955709,49.426650804778546,22.12481911779639,True,covered,0.3819224858889148,98.85330160955709,shared_semantic_recoding_50_percent,shared_publication_test,1451,115,311,25,311,25,512,512,,shared_semantic_dataset,,Ref-48-Research,Ref-48-Research
bayesian_ridge_conformalized,Bayesian Ridge,shared_publication_held_out,test,0.9,38,185.0,161.77413410313673,112.29648110870863,211.25178709756483,23.22586589686327,23.22586589686327,539.4408466590762,98.9553059888562,49.4776529944281,22.147649194328686,True,covered,0.46942133450587964,98.9553059888562,shared_semantic_recoding_50_percent,shared_publication_test,1451,115,311,25,311,25,513,513,,shared_semantic_dataset,,Ref-48-Research,Ref-48-Research
bayesian_ridge_conformalized,Bayesian Ridge,shared_publication_held_out,test,0.9,39,185.5,160.42541755079785,110.7371801819452,210.1136549196505,25.074582449202154,25.074582449202154,628.7346850018367,99.37647473770528,49.68823736885264,22.241912939035558,True,covered,0.5046381956169027,99.37647473770528,shared_semantic_recoding_50_percent,shared_publication_test,1451,115,311,25,311,25,514,514,,shared_semantic_dataset,,Ref-48-Research,Ref-48-Research
bayesian_ridge_conformalized,Bayesian Ridge,shared_publication_held_out,test,0.9,40,186.0,159.07670099845893,109.02031108931021,209.13309090760765,26.923299001541068,26.923299001541068,724.8640291263822,100.11277981829744,50.05638990914872,22.406708817962894,True,covered,0.5378593831957574,100.11277981829744,shared_semantic_recoding_50_percent,shared_publication_test,1451,115,311,25,311,25,515,515,,shared_semantic_dataset,,Ref-48-Research,Ref-48-Research
bayesian_ridge_conformalized,Bayesian Ridge,shared_publication_held_out,test,0.9,41,172.0,157.72798444612005,107.14931444010973,208.30665445213037,14.272015553879953,14.272015553879953,203.6904279701913,101.15734001202064,50.57867000601032,22.640496713435077,True,covered,0.2821745916249675,101.15734001202064,shared_semantic_recoding_50_percent,shared_publication_test,1451,115,311,25,311,25,516,516,,shared_semantic_dataset,,Ref-48-Research,Ref-48-Research
bayesian_ridge_conformalized,Bayesian Ridge,shared_publication_held_out,test,0.9,42,170.5,156.37926789378113,105.12890204782911,207.62963373973315,14.120732106218867,14.120732106218867,199.39507521560031,102.50073169190404,51.25036584595202,22.94116747948767,True,covered,0.2755245133012877,102.50073169190404,shared_semantic_recoding_50_percent,shared_publication_test,1451,115,311,25,311,25,517,517,,shared_semantic_dataset,,Ref-48-Research,Ref-48-Research
bayesian_ridge_conformalized,Bayesian Ridge,shared_publication_held_out,test,0.9,43,162.0,155.03055134144225,102.96485639709485,207.09624628578965,6.969448658557752,6.969448658557752,48.57321460427245,104.1313898886948,52.0656949443474,23.306132706339127,True,covered,0.1338587464549804,104.1313898886948,shared_semantic_recoding_50_percent,shared_publication_test,1451,115,311,25,311,25,518,518,,shared_semantic_dataset,,Ref-48-Research,Ref-48-Research
bayesian_ridge_conformalized,Bayesian Ridge,shared_publication_held_out,test,0.9,44,159.0,153.68183478910336,100.66380359537986,206.69986598282685,5.3181652108966375,5.3181652108966375,28.282881210391277,106.03606238744699,53.018031193723495,23.73242635386925,True,covered,0.10030861371416268,106.03606238744699,shared_semantic_recoding_50_percent,shared_publication_test,1451,115,311,25,311,25,519,519,,shared_semantic_dataset,,Ref-48-Research,Ref-48-Research
bayesian_ridge_conformalized,Bayesian Ridge,shared_publication_held_out,test,0.9,45,169.0,152.33311823676445,98.23297845684974,206.43325801667916,16.66688176323555,16.66688176323555,277.7849477096738,108.20027955982943,54.10013977991471,24.21680990698227,True,covered,0.30807465250622734,108.20027955982943,shared_semantic_recoding_50_percent,shared_publication_test,1451,115,311,25,311,25,520,520,,shared_semantic_dataset,,Ref-48-Research,Ref-48-Research
bayesian_ridge_conformalized,Bayesian Ridge,shared_publication_held_out,test,0.9,46,157.0,130.89086604444984,75.65468923387027,186.1270428550294,26.109133955550163,26.109133955550163,681.6868759088625,110.47235362115913,55.236176810579565,24.725333414145496,True,covered,0.4726817724022745,110.47235362115913,shared_semantic_recoding_50_percent,shared_publication_test,1451,115,311,25,311,25,521,521,,shared_semantic_dataset,,Ref-48-Research,Ref-48-Research
bayesian_ridge_conformalized,Bayesian Ridge,shared_publication_held_out,test,0.9,47,199.0,182.46335421458915,132.93905524545883,231.98765318371946,16.536645785410855,16.536645785410855,273.4606538321466,99.04859793826063,49.524298969130314,22.1685293012357,True,covered,0.3339097398575706,99.04859793826063,shared_semantic_recoding_50_percent,shared_publication_test,1451,115,311,25,311,25,522,522,,shared_semantic_dataset,,Ref-48-Research,Ref-48-Research
bayesian_ridge_conformalized,Bayesian Ridge,shared_publication_held_out,test,0.9,48,202.0,181.11463766225026,131.5366006680327,230.69267465646783,20.88536233774974,20.88536233774974,436.1983599790953,99.15607398843514,49.57803699421757,22.192584017981524,True,covered,0.4212623896380904,99.15607398843514,shared_semantic_recoding_50_percent,shared_publication_test,1451,115,311,25,311,25,523,523,,shared_semantic_dataset,,Ref-48-Research,Ref-48-Research
bayesian_ridge_conformalized,Bayesian Ridge,shared_publication_held_out,test,0.9,49,203.0,179.76592110991135,129.97490016292642,229.55694205689628,23.234078890088654,23.234078890088654,539.8224218708632,99.58204189396986,49.79102094698493,22.287921884360184,True,covered,0.46663190366847823,99.58204189396986,shared_semantic_recoding_50_percent,shared_publication_test,1451,115,311,25,311,25,524,524,,shared_semantic_dataset,,Ref-48-Research,Ref-48-Research
bayesian_ridge_conformalized,Bayesian Ridge,shared_publication_held_out,test,0.9,50,209.0,178.41720455757246,128.25598215806295,228.57842695708197,30.58279544242754,30.58279544242754,935.3073770733666,100.32244479901902,50.16122239950951,22.45363491651773,True,covered,0.609689995168989,100.32244479901902,shared_semantic_recoding_50_percent,shared_publication_test,1451,115,311,25,311,25,525,525,,shared_semantic_dataset,,Ref-48-Research,Ref-48-Research
bayesian_ridge_conformalized,Bayesian Ridge,shared_publication_held_out,test,0.9,51,212.0,177.06848800523355,126.38329145624209,227.753684554225,34.93151199476645,34.93151199476645,1220.2105302405125,101.37039309798291,50.685196548991456,22.68818111964765,True,covered,0.6891856868109851,101.37039309798291,shared_semantic_recoding_50_percent,shared_publication_test,1451,115,311,25,311,25,526,526,,shared_semantic_dataset,,Ref-48-Research,Ref-48-Research
bayesian_ridge_conformalized,Bayesian Ridge,shared_publication_held_out,test,0.9,52,218.0,175.71977145289466,124.36153436541653,227.0780085403728,42.28022854710534,42.28022854710534,1787.6177259954611,102.71647417495626,51.35823708747813,22.989453812223502,True,covered,0.8232414300960081,102.71647417495626,shared_semantic_recoding_50_percent,shared_publication_test,1451,115,311,25,311,25,527,527,,shared_semantic_dataset,,Ref-48-Research,Ref-48-Research
bayesian_ridge_conformalized,Bayesian Ridge,shared_publication_held_out,test,0.9,53,216.0,174.37105490055575,122.19647933750768,226.5456304636038,41.62894509944425,41.62894509944425,1732.9690700925437,104.34915112609612,52.17457556304806,23.354870865914226,True,covered,0.7978779827186058,104.34915112609612,shared_semantic_recoding_50_percent,shared_publication_test,1451,115,311,25,311,25,528,528,,shared_semantic_dataset,,Ref-48-Research,Ref-48-Research
bayesian_ridge_conformalized,Bayesian Ridge,shared_publication_held_out,test,0.9,54,212.0,173.02233834821686,119.89473154571078,226.14994515072294,38.97766165178314,38.97766165178314,1519.2581078408857,106.25521360501216,53.12760680250608,23.781475611396576,True,covered,0.7336611603205986,106.25521360501216,shared_semantic_recoding_50_percent,shared_publication_test,1451,115,311,25,311,25,529,529,,shared_semantic_dataset,,Ref-48-Research,Ref-48-Research
bayesian_ridge_conformalized,Bayesian Ridge,shared_publication_held_out,test,0.9,55,210.0,171.67362179587798,117.46349981791113,225.88374377384483,38.32637820412202,38.32637820412202,1468.9112662453997,108.4202439559337,54.21012197796685,24.266041165796302,True,covered,0.7069967158476306,108.4202439559337,shared_semantic_recoding_50_percent,shared_publication_test,1451,115,311,25,311,25,530,530,,shared_semantic_dataset,,Ref-48-Research,Ref-48-Research
bayesian_ridge_conformalized,Bayesian Ridge,shared_publication_held_out,test,0.9,56,208.0,150.23136960356334,94.88791139901593,205.57482780811074,57.76863039643666,57.76863039643666,3337.214657880106,110.6869164090948,55.3434582045474,24.77335571380765,False,above_interval_underprediction,1.0438203948680964,159.19036024688,shared_semantic_recoding_50_percent,shared_publication_test,1451,115,311,25,311,25,531,531,,shared_semantic_dataset,,Ref-48-Research,Ref-48-Research
bayesian_ridge_conformalized,Bayesian Ridge,shared_publication_held_out,test,0.9,57,194.0,182.46335421458915,132.93905524545883,231.98765318371946,11.536645785410855,11.536645785410855,133.09419597803804,99.04859793826063,49.524298969130314,22.1685293012357,True,covered,0.23294919919213644,99.04859793826063,shared_semantic_recoding_50_percent,shared_publication_test,1451,115,311,25,311,25,532,532,,shared_semantic_dataset,,Ref-48-Research,Ref-48-Research
bayesian_ridge_conformalized,Bayesian Ridge,shared_publication_held_out,test,0.9,58,197.0,181.11463766225026,131.5366006680327,230.69267465646783,15.88536233774974,15.88536233774974,252.34473660159787,99.15607398843514,49.57803699421757,22.192584017981524,True,covered,0.32041128089848525,99.15607398843514,shared_semantic_recoding_50_percent,shared_publication_test,1451,115,311,25,311,25,533,533,,shared_semantic_dataset,,Ref-48-Research,Ref-48-Research
bayesian_ridge_conformalized,Bayesian Ridge,shared_publication_held_out,test,0.9,59,198.0,179.76592110991135,129.97490016292642,229.55694205689628,18.234078890088654,18.234078890088654,332.48163296997666,99.58204189396986,49.79102094698493,22.287921884360184,True,covered,0.36621219134075234,99.58204189396986,shared_semantic_recoding_50_percent,shared_publication_test,1451,115,311,25,311,25,534,534,,shared_semantic_dataset,,Ref-48-Research,Ref-48-Research
bayesian_ridge_conformalized,Bayesian Ridge,shared_publication_held_out,test,0.9,60,200.0,178.41720455757246,128.25598215806295,228.57842695708197,21.58279544242754,21.58279544242754,465.81705910967094,100.32244479901902,50.16122239950951,22.45363491651773,True,covered,0.4302685303506196,100.32244479901902,shared_semantic_recoding_50_percent,shared_publication_test,1451,115,311,25,311,25,535,535,,shared_semantic_dataset,,Ref-48-Research,Ref-48-Research
bayesian_ridge_conformalized,Bayesian Ridge,shared_publication_held_out,test,0.9,61,182.0,177.06848800523355,126.38329145624209,227.753684554225,4.931511994766453,4.931511994766453,24.319810554525397,101.37039309798291,50.685196548991456,22.68818111964765,True,covered,0.09729689002980853,101.37039309798291,shared_semantic_recoding_50_percent,shared_publication_test,1451,115,311,25,311,25,536,536,,shared_semantic_dataset,,Ref-48-Research,Ref-48-Research
bayesian_ridge_conformalized,Bayesian Ridge,shared_publication_held_out,test,0.9,62,181.0,175.71977145289466,124.36153436541653,227.0780085403728,5.280228547105338,5.280228547105338,27.88081350966615,102.71647417495626,51.35823708747813,22.989453812223502,True,covered,0.10281171719565765,102.71647417495626,shared_semantic_recoding_50_percent,shared_publication_test,1451,115,311,25,311,25,537,537,,shared_semantic_dataset,,Ref-48-Research,Ref-48-Research
bayesian_ridge_conformalized,Bayesian Ridge,shared_publication_held_out,test,0.9,63,178.0,174.37105490055575,122.19647933750768,226.5456304636038,3.628945099444252,3.628945099444252,13.16924253478045,104.34915112609612,52.17457556304806,23.354870865914226,True,covered,0.06955389785699384,104.34915112609612,shared_semantic_recoding_50_percent,shared_publication_test,1451,115,311,25,311,25,538,538,,shared_semantic_dataset,,Ref-48-Research,Ref-48-Research
bayesian_ridge_conformalized,Bayesian Ridge,shared_publication_held_out,test,0.9,64,176.0,173.02233834821686,119.89473154571078,226.14994515072294,2.977661651783137,2.977661651783137,8.866468912499881,106.25521360501216,53.12760680250608,23.781475611396576,True,covered,0.05604735148059931,106.25521360501216,shared_semantic_recoding_50_percent,shared_publication_test,1451,115,311,25,311,25,539,539,,shared_semantic_dataset,,Ref-48-Research,Ref-48-Research
bayesian_ridge_conformalized,Bayesian Ridge,shared_publication_held_out,test,0.9,65,175.0,171.67362179587798,117.46349981791113,225.88374377384483,3.3263782041220225,3.3263782041220225,11.064791956858052,108.4202439559337,54.21012197796685,24.266041165796302,True,covered,0.0613608323086599,108.4202439559337,shared_semantic_recoding_50_percent,shared_publication_test,1451,115,311,25,311,25,540,540,,shared_semantic_dataset,,Ref-48-Research,Ref-48-Research
bayesian_ridge_conformalized,Bayesian Ridge,shared_publication_held_out,test,0.9,66,171.0,150.23136960356334,94.88791139901593,205.57482780811074,20.768630396436663,20.768630396436663,431.3360085437929,110.6869164090948,55.3434582045474,24.77335571380765,True,covered,0.37526802751784255,110.6869164090948,shared_semantic_recoding_50_percent,shared_publication_test,1451,115,311,25,311,25,541,541,,shared_semantic_dataset,,Ref-48-Research,Ref-48-Research
bayesian_ridge_conformalized,Bayesian Ridge,shared_publication_held_out,test,0.9,67,210.0,194.6922301126338,144.94785979144336,244.43660043382425,15.307769887366192,15.307769887366192,234.32781892455515,99.48874064238089,49.744370321190445,22.267039695487792,True,covered,0.3077286894683092,99.48874064238089,shared_semantic_recoding_50_percent,shared_publication_test,1451,115,311,25,311,25,542,542,,shared_semantic_dataset,,Ref-48-Research,Ref-48-Research
bayesian_ridge_conformalized,Bayesian Ridge,shared_publication_held_out,test,0.9,68,212.0,193.34351356029492,143.5576912155391,243.12933590505074,18.656486439705077,18.656486439705077,348.0644862748994,99.57164468951163,49.785822344755815,22.285594837471272,True,covered,0.3747349257488012,99.57164468951163,shared_semantic_recoding_50_percent,shared_publication_test,1451,115,311,25,311,25,543,543,,shared_semantic_dataset,,Ref-48-Research,Ref-48-Research
bayesian_ridge_conformalized,Bayesian Ridge,shared_publication_held_out,test,0.9,69,217.0,191.994797007956,142.0088761365514,241.9807178793606,25.00520299204399,25.00520299204399,625.2601766733258,99.9718417428092,49.9859208714046,22.375164809050528,True,covered,0.5002449200920632,99.9718417428092,shared_semantic_recoding_50_percent,shared_publication_test,1451,115,311,25,311,25,544,544,,shared_semantic_dataset,,Ref-48-Research,Ref-48-Research
bayesian_ridge_conformalized,Bayesian Ridge,shared_publication_held_out,test,0.9,70,225.0,190.64608045561712,140.30330624612475,240.9888546651095,34.353919544382876,34.353919544382876,1180.1917880619317,100.68554841898475,50.342774209492376,22.534902833541786,True,covered,0.6824002070570294,100.68554841898475,shared_semantic_recoding_50_percent,shared_publication_test,1451,115,311,25,311,25,545,545,,shared_semantic_dataset,,Ref-48-Research,Ref-48-Research
bayesian_ridge_conformalized,Bayesian Ridge,shared_publication_held_out,test,0.9,71,227.0,189.2973639032782,138.44428144232583,240.1504463642306,37.70263609672179,37.70263609672179,1421.488768641829,101.70616492190476,50.85308246095238,22.763331779748672,True,covered,0.7414031612670052,101.70616492190476,shared_semantic_recoding_50_percent,shared_publication_test,1451,115,311,25,311,25,546,546,,shared_semantic_dataset,,Ref-48-Research,Ref-48-Research
bayesian_ridge_conformalized,Bayesian Ridge,shared_publication_held_out,test,0.9,72,234.0,187.94864735093932,136.43636214265342,239.46093255922523,46.051352649060675,46.051352649060675,2120.7270808081475,103.0245704165718,51.5122852082859,23.058410270992486,True,covered,0.8939877635568996,103.0245704165718,shared_semantic_recoding_50_percent,shared_publication_test,1451,115,311,25,311,25,547,547,,shared_semantic_dataset,,Ref-48-Research,Ref-48-Research
bayesian_ridge_conformalized,Bayesian Ridge,shared_publication_held_out,test,0.9,73,232.0,186.59993079860044,134.28517657088722,238.91468502631366,45.40006920139956,45.40006920139956,2061.166283491869,104.62950845542645,52.31475422771322,23.417618949172805,True,covered,0.867825336687701,104.62950845542645,shared_semantic_recoding_50_percent,shared_publication_test,1451,115,311,25,311,25,548,548,,shared_semantic_dataset,,Ref-48-Research,Ref-48-Research
bayesian_ridge_conformalized,Bayesian Ridge,shared_publication_held_out,test,0.9,74,227.0,185.25121424626153,131.9972008448364,238.50522764768664,41.748785753738474,41.748785753738474,1742.9611119115566,106.50802680285022,53.25401340142511,23.838058913943733,True,covered,0.7839556699518397,106.50802680285022,shared_semantic_recoding_50_percent,shared_publication_test,1451,115,311,25,311,25,549,549,,shared_semantic_dataset,,Ref-48-Research,Ref-48-Research
bayesian_ridge_conformalized,Bayesian Ridge,shared_publication_held_out,test,0.9,75,221.0,183.9024976939226,129.5795299202528,238.22546546759241,37.09750230607739,37.09750230607739,1376.224677349417,108.6459355473396,54.3229677736698,24.316554254939103,True,covered,0.6829063990141284,108.6459355473396,shared_semantic_recoding_50_percent,shared_publication_test,1451,115,311,25,311,25,550,550,,shared_semantic_dataset,,Ref-48-Research,Ref-48-Research
bayesian_ridge_conformalized,Bayesian Ridge,shared_publication_held_out,test,0.9,76,219.0,162.460245501608,106.9792412757289,217.9412497274871,56.539754498392,56.539754498392,3196.743838738438,110.96200845175821,55.481004225879104,24.8349253486663,False,above_interval_underprediction,1.0190831129912936,132.13701390201612,shared_semantic_recoding_50_percent,shared_publication_test,1451,115,311,25,311,25,551,551,,shared_semantic_dataset,,Ref-48-Research,Ref-48-Research
bayesian_ridge_conformalized,Bayesian Ridge,shared_publication_held_out,test,0.9,77,209.0,194.6922301126338,144.94785979144336,244.43660043382425,14.307769887366192,14.307769887366192,204.71227914982276,99.48874064238089,49.744370321190445,22.267039695487792,True,covered,0.28762591213806704,99.48874064238089,shared_semantic_recoding_50_percent,shared_publication_test,1451,115,311,25,311,25,552,552,,shared_semantic_dataset,,Ref-48-Research,Ref-48-Research
bayesian_ridge_conformalized,Bayesian Ridge,shared_publication_held_out,test,0.9,78,210.0,193.34351356029492,143.5576912155391,243.12933590505074,16.656486439705077,16.656486439705077,277.4385405160791,99.57164468951163,49.785822344755815,22.285594837471272,True,covered,0.3345628465140656,99.57164468951163,shared_semantic_recoding_50_percent,shared_publication_test,1451,115,311,25,311,25,553,553,,shared_semantic_dataset,,Ref-48-Research,Ref-48-Research
bayesian_ridge_conformalized,Bayesian Ridge,shared_publication_held_out,test,0.9,79,213.0,191.994797007956,142.0088761365514,241.9807178793606,21.00520299204399,21.00520299204399,441.21855273697383,99.9718417428092,49.9859208714046,22.375164809050528,True,covered,0.4202223871414244,99.9718417428092,shared_semantic_recoding_50_percent,shared_publication_test,1451,115,311,25,311,25,554,554,,shared_semantic_dataset,,Ref-48-Research,Ref-48-Research
bayesian_ridge_conformalized,Bayesian Ridge,shared_publication_held_out,test,0.9,80,215.0,190.64608045561712,140.30330624612475,240.9888546651095,24.353919544382876,24.353919544382876,593.1133971742743,100.68554841898475,50.342774209492376,22.534902833541786,True,covered,0.483761968361903,100.68554841898475,shared_semantic_recoding_50_percent,shared_publication_test,1451,115,311,25,311,25,555,555,,shared_semantic_dataset,,Ref-48-Research,Ref-48-Research
bayesian_ridge_conformalized,Bayesian Ridge,shared_publication_held_out,test,0.9,81,198.0,189.2973639032782,138.44428144232583,240.1504463642306,8.70263609672179,8.70263609672179,75.73587503196507,101.70616492190476,50.85308246095238,22.763331779748672,True,covered,0.1711329122163661,101.70616492190476,shared_semantic_recoding_50_percent,shared_publication_test,1451,115,311,25,311,25,556,556,,shared_semantic_dataset,,Ref-48-Research,Ref-48-Research
bayesian_ridge_conformalized,Bayesian Ridge,shared_publication_held_out,test,0.9,82,192.0,187.94864735093932,136.43636214265342,239.46093255922523,4.051352649060675,4.051352649060675,16.41345828705095,103.0245704165718,51.5122852082859,23.058410270992486,True,covered,0.0786482803602936,103.0245704165718,shared_semantic_recoding_50_percent,shared_publication_test,1451,115,311,25,311,25,557,557,,shared_semantic_dataset,,Ref-48-Research,Ref-48-Research
bayesian_ridge_conformalized,Bayesian Ridge,shared_publication_held_out,test,0.9,83,186.5,186.59993079860044,134.28517657088722,238.91468502631366,-0.09993079860043963,0.09993079860043963,0.009986164508921628,104.62950845542645,52.31475422771322,23.417618949172805,True,covered,0.0019101838491960702,104.62950845542645,shared_semantic_recoding_50_percent,shared_publication_test,1451,115,311,25,311,25,558,558,,shared_semantic_dataset,,Ref-48-Research,Ref-48-Research
bayesian_ridge_conformalized,Bayesian Ridge,shared_publication_held_out,test,0.9,84,185.0,185.25121424626153,131.9972008448364,238.50522764768664,-0.2512142462615259,0.2512142462615259,0.06310859752474657,106.50802680285022,53.25401340142511,23.838058913943733,True,covered,0.004717282890359644,106.50802680285022,shared_semantic_recoding_50_percent,shared_publication_test,1451,115,311,25,311,25,559,559,,shared_semantic_dataset,,Ref-48-Research,Ref-48-Research
bayesian_ridge_conformalized,Bayesian Ridge,shared_publication_held_out,test,0.9,85,183.0,183.9024976939226,129.5795299202528,238.22546546759241,-0.9024976939226121,0.9024976939226121,0.8145020875356329,108.6459355473396,54.3229677736698,24.316554254939103,True,covered,0.016613556492030435,108.6459355473396,shared_semantic_recoding_50_percent,shared_publication_test,1451,115,311,25,311,25,560,560,,shared_semantic_dataset,,Ref-48-Research,Ref-48-Research
bayesian_ridge_conformalized,Bayesian Ridge,shared_publication_held_out,test,0.9,86,178.0,162.460245501608,106.9792412757289,217.9412497274871,15.539754498392,15.539754498392,241.4839698702944,110.96200845175821,55.481004225879104,24.8349253486663,True,covered,0.2800914423813454,110.96200845175821,shared_semantic_recoding_50_percent,shared_publication_test,1451,115,311,25,311,25,561,561,,shared_semantic_dataset,,Ref-48-Research,Ref-48-Research
bayesian_ridge_conformalized,Bayesian Ridge,shared_publication_held_out,test,0.9,87,90.0,139.5275245267701,91.53981208407126,187.51523696946893,-49.527524526770094,49.527524526770094,2452.9756857498132,95.97542488539767,47.987712442698836,21.480708087323865,False,below_interval_overprediction,1.0320876325561448,126.77166656682283,shared_semantic_recoding_50_percent,shared_publication_test,1451,115,311,25,311,25,633,633,,shared_semantic_dataset,,Ref-55-Research,Ref-55-Research
bayesian_ridge_conformalized,Bayesian Ridge,shared_publication_held_out,test,0.9,88,106.0,143.65965555920948,95.79393132099496,191.52537979742402,-37.65965555920948,37.65965555920948,1418.2496568382978,95.73144847642907,47.86572423821453,21.426102587764923,True,covered,0.7867770969428509,95.73144847642907,shared_semantic_recoding_50_percent,shared_publication_test,1451,115,311,25,311,25,634,634,,shared_semantic_dataset,,Ref-55-Research,Ref-55-Research
bayesian_ridge_conformalized,Bayesian Ridge,shared_publication_held_out,test,0.9,89,112.0,145.72572107542916,97.88850339727209,193.56293875358625,-33.72572107542916,33.72572107542916,1137.424262057647,95.67443535631416,47.83721767815708,21.413342215077872,True,covered,0.7050100886370873,95.67443535631416,shared_semantic_recoding_50_percent,shared_publication_test,1451,115,311,25,311,25,635,635,,shared_semantic_dataset,,Ref-55-Research,Ref-55-Research
bayesian_ridge_conformalized,Bayesian Ridge,shared_publication_held_out,test,0.9,90,115.0,147.79178659164887,99.96135567195984,195.6222175113379,-32.79178659164887,32.79178659164887,1075.3012678722428,95.66086183937807,47.830430919689036,21.410304262858645,True,covered,0.6855841764568,95.66086183937807,shared_semantic_recoding_50_percent,shared_publication_test,1451,115,311,25,311,25,636,636,,shared_semantic_dataset,,Ref-55-Research,Ref-55-Research
bayesian_ridge_conformalized,Bayesian Ridge,shared_publication_held_out,test,0.9,91,101.0,149.85785210786855,102.01247890234237,197.70322531339474,-48.85785210786855,48.85785210786855,2387.0897125943557,95.69074641105237,47.84537320552619,21.416992868418006,False,below_interval_overprediction,1.021161479877963,115.94032445789969,shared_semantic_recoding_50_percent,shared_publication_test,1451,115,311,25,311,25,637,637,,shared_semantic_dataset,,Ref-55-Research,Ref-55-Research
bayesian_ridge_conformalized,Bayesian Ridge,shared_publication_held_out,test,0.9,92,115.0,119.5424345357174,71.25646845213751,167.8284006192973,-4.542434535717405,4.542434535717405,20.633711511278193,96.57193216715979,48.28596608357989,21.61421516798326,True,covered,0.09407359744764646,96.57193216715979,shared_semantic_recoding_50_percent,shared_publication_test,1451,115,311,25,311,25,643,643,,shared_semantic_dataset,,Ref-57-Research,Ref-57-Research
bayesian_ridge_conformalized,Bayesian Ridge,shared_publication_held_out,test,0.9,93,120.0,120.34107657369307,72.08865091746,168.59350222992614,-0.34107657369307276,0.34107657369307276,0.11633322912220609,96.50485131246614,48.25242565623307,21.599201488599785,True,covered,0.007068589175661757,96.50485131246614,shared_semantic_recoding_50_percent,shared_publication_test,1451,115,311,25,311,25,644,644,,shared_semantic_dataset,,Ref-57-Research,Ref-57-Research
bayesian_ridge_conformalized,Bayesian Ridge,shared_publication_held_out,test,0.9,94,127.0,121.13971861166874,72.88869184320407,169.3907453801334,5.860281388331259,5.860281388331259,34.34289795042175,96.50205353692934,48.25102676846467,21.598575305390163,True,covered,0.12145402452163676,96.50205353692934,shared_semantic_recoding_50_percent,shared_publication_test,1451,115,311,25,311,25,645,645,,shared_semantic_dataset,,Ref-57-Research,Ref-57-Research
bayesian_ridge_conformalized,Bayesian Ridge,shared_publication_held_out,test,0.9,95,133.0,121.93836064964441,73.65658843561923,170.2201328636696,11.061639350355591,11.061639350355591,122.35986511733526,96.56354442805036,48.28177221402518,21.61233786891908,True,covered,0.22910590981045925,96.56354442805036,shared_semantic_recoding_50_percent,shared_publication_test,1451,115,311,25,311,25,646,646,,shared_semantic_dataset,,Ref-57-Research,Ref-57-Research
bayesian_ridge_conformalized,Bayesian Ridge,shared_publication_held_out,test,0.9,96,135.0,122.73700268762008,74.39240202262278,171.08160335261738,12.262997312379923,12.262997312379923,150.3811030834372,96.6892013299946,48.3446006649973,21.640461727011346,True,covered,0.2536580537164027,96.6892013299946,shared_semantic_recoding_50_percent,shared_publication_test,1451,115,311,25,311,25,647,647,,shared_semantic_dataset,,Ref-57-Research,Ref-57-Research
bayesian_ridge_conformalized,Bayesian Ridge,shared_publication_held_out,test,0.9,97,130.0,123.53564472559576,75.09625744412588,171.97503200706564,6.464355274404241,6.464355274404241,41.78788911371793,96.87877456293975,48.43938728146988,21.68289099765982,True,covered,0.13345245753917973,96.87877456293975,shared_semantic_recoding_50_percent,shared_publication_test,1451,115,311,25,311,25,648,648,,shared_semantic_dataset,,Ref-57-Research,Ref-57-Research
bayesian_ridge_conformalized,Bayesian Ridge,shared_publication_held_out,test,0.9,98,141.0,187.7074717558539,139.29860814083042,236.11633537087738,-46.7074717558539,46.7074717558539,2181.58791782389,96.81772723004696,48.40886361502348,21.66922770896956,True,covered,0.9648537120660367,96.81772723004696,shared_semantic_recoding_50_percent,shared_publication_test,1451,115,311,25,311,25,758,758,,shared_semantic_dataset,,Ref-64-Research,Ref-64-Research
bayesian_ridge_conformalized,Bayesian Ridge,shared_publication_held_out,test,0.9,99,148.0,176.06923522650632,127.53222493187818,224.60624552113447,-28.069235226506322,28.069235226506322,787.8819662009435,97.07402058925629,48.537010294628146,21.72658992268697,True,covered,0.5783058135662076,97.07402058925629,shared_semantic_recoding_50_percent,shared_publication_test,1451,115,311,25,311,25,759,759,,shared_semantic_dataset,,Ref-64-Research,Ref-64-Research
bayesian_ridge_conformalized,Bayesian Ridge,shared_publication_held_out,test,0.9,100,151.0,173.44110114768205,124.89884667129915,221.98335562406493,-22.441101147682048,22.441101147682048,503.60302072049654,97.08450895276577,48.54225447638289,21.728937372308888,True,covered,0.46230034821724747,97.08450895276577,shared_semantic_recoding_50_percent,shared_publication_test,1451,115,311,25,311,25,760,760,,shared_semantic_dataset,,Ref-64-Research,Ref-64-Research
bayesian_ridge_conformalized,Bayesian Ridge,shared_publication_held_out,test,0.9,101,146.0,170.81296706885774,122.24642596293164,219.37950817478384,-24.812967068857745,24.812967068857745,615.6833347602189,97.1330822118522,48.5665411059261,21.73980878028162,True,covered,0.5109066139739991,97.1330822118522,shared_semantic_recoding_50_percent,shared_publication_test,1451,115,311,25,311,25,761,761,,shared_semantic_dataset,,Ref-64-Research,Ref-64-Research
bayesian_ridge_conformalized,Bayesian Ridge,shared_publication_held_out,test,0.9,102,145.0,170.45253260567313,121.79501062089065,219.1100545904556,-25.452532605673127,25.452532605673127,647.8314160428537,97.31504396956495,48.65752198478248,21.78053449110969,True,covered,0.5230955372867806,97.31504396956495,shared_semantic_recoding_50_percent,shared_publication_test,1451,115,311,25,311,25,762,762,,shared_semantic_dataset,,Ref-64-Research,Ref-64-Research
bayesian_ridge_conformalized,Bayesian Ridge,shared_publication_held_out,test,0.9,103,145.0,167.46396406366426,118.571678333982,216.35624979334654,-22.463964063664264,22.463964063664264,504.62968145359946,97.78457145936453,48.892285729682264,21.8856216314834,True,covered,0.45945825048687594,97.78457145936453,shared_semantic_recoding_50_percent,shared_publication_test,1451,115,311,25,311,25,763,763,,shared_semantic_dataset,,Ref-64-Research,Ref-64-Research
bayesian_ridge_conformalized,Bayesian Ridge,shared_publication_held_out,test,0.9,104,139.0,164.47539552165537,115.23055879566127,213.72023224764948,-25.475395521655372,25.475395521655372,648.9957769847786,98.48967345198821,49.244836725994105,22.043433801561577,True,covered,0.5173211490862365,98.48967345198821,shared_semantic_recoding_50_percent,shared_publication_test,1451,115,311,25,311,25,764,764,,shared_semantic_dataset,,Ref-64-Research,Ref-64-Research
bayesian_ridge_conformalized,Bayesian Ridge,shared_publication_held_out,test,0.9,105,139.0,141.39329133967072,91.82170084643883,190.96488183290262,-2.393291339670725,2.393291339670725,5.727843436542893,99.14318098646379,49.571590493231895,22.189698374994816,True,covered,0.04827949468350195,99.14318098646379,shared_semantic_recoding_50_percent,shared_publication_test,1451,115,311,25,311,25,765,765,,shared_semantic_dataset,,Ref-64-Research,Ref-64-Research
bayesian_ridge_conformalized,Bayesian Ridge,shared_publication_held_out,test,0.9,106,262.0,222.07170889893132,173.7776199851679,270.3657978126948,39.92829110106868,39.92829110106868,1594.2684302516805,96.58817782752689,48.294088913763446,21.61785118510377,True,covered,0.8267738764544624,96.58817782752689,shared_semantic_recoding_50_percent,shared_publication_test,1451,115,311,25,311,25,766,766,,shared_semantic_dataset,,Ref-65-Research,Ref-65-Research
bayesian_ridge_conformalized,Bayesian Ridge,shared_publication_held_out,test,0.9,107,248.0,237.07241045404845,188.55490129028047,285.58991961781646,10.927589545951548,10.927589545951548,119.41221328478956,97.035018327536,48.517509163768,21.71786064433514,True,covered,0.225229813613599,97.035018327536,shared_semantic_recoding_50_percent,shared_publication_test,1451,115,311,25,311,25,767,767,,shared_semantic_dataset,,Ref-65-Research,Ref-65-Research
bayesian_ridge_conformalized,Bayesian Ridge,shared_publication_held_out,test,0.9,108,229.0,224.86669280147174,176.35024993617125,273.38313566677226,4.133307198528257,4.133307198528257,17.08422839740551,97.03288573060101,48.516442865300505,21.717383337855036,True,covered,0.08519394568979095,97.03288573060101,shared_semantic_recoding_50_percent,shared_publication_test,1451,115,311,25,311,25,768,768,,shared_semantic_dataset,,Ref-65-Research,Ref-65-Research
bayesian_ridge_conformalized,Bayesian Ridge,shared_publication_held_out,test,0.9,109,167.0,212.85211801409642,164.15920958104465,261.5450264471482,-45.85211801409642,45.85211801409642,2102.4167263786253,97.38581686610354,48.69290843305177,21.796374503621806,True,covered,0.9416590524088087,97.38581686610354,shared_semantic_recoding_50_percent,shared_publication_test,1451,115,311,25,311,25,769,769,,shared_semantic_dataset,,Ref-65-Research,Ref-65-Research
bayesian_ridge_conformalized,Bayesian Ridge,shared_publication_held_out,test,0.9,110,254.0,217.70496639799993,169.42842146047877,265.9815113355211,36.295033602000075,36.295033602000075,1317.3294641703146,96.5530898750423,48.27654493752115,21.609997986583384,True,covered,0.751815061516366,96.5530898750423,shared_semantic_recoding_50_percent,shared_publication_test,1451,115,311,25,311,25,770,770,,shared_semantic_dataset,,Ref-65-Research,Ref-65-Research
bayesian_ridge_conformalized,Bayesian Ridge,shared_publication_held_out,test,0.9,111,244.0,213.33822389706853,165.01205454892397,261.6643932452131,30.66177610293147,30.66177610293147,940.1445137862993,96.65233869628912,48.32616934814456,21.63221132879843,True,covered,0.6344756167624674,96.65233869628912,shared_semantic_recoding_50_percent,shared_publication_test,1451,115,311,25,311,25,771,771,,shared_semantic_dataset,,Ref-65-Research,Ref-65-Research
bayesian_ridge_conformalized,Bayesian Ridge,shared_publication_held_out,test,0.9,112,202.0,208.9714813961371,160.52872567050122,257.414237121773,-6.971481396137108,6.971481396137108,48.6015528566858,96.88551145127178,48.44275572563589,21.684398812101385,True,covered,0.1439117426684255,96.88551145127178,shared_semantic_recoding_50_percent,shared_publication_test,1451,115,311,25,311,25,772,772,,shared_semantic_dataset,,Ref-65-Research,Ref-65-Research
bayesian_ridge_conformalized,Bayesian Ridge,shared_publication_held_out,test,0.9,113,171.0,209.1783456465957,160.75052910185954,257.60616219133186,-38.17834564659569,38.17834564659569,1457.586076310932,96.85563308947232,48.42781654473616,21.677711596403107,True,covered,0.7883557089824126,96.85563308947232,shared_semantic_recoding_50_percent,shared_publication_test,1451,115,311,25,311,25,773,773,,shared_semantic_dataset,,Ref-65-Research,Ref-65-Research
bayesian_ridge_conformalized,Bayesian Ridge,shared_publication_held_out,test,0.9,114,204.0,212.96533769415666,164.62990439050506,261.3007709978083,-8.96533769415666,8.96533769415666,80.37727997026624,96.67086660730322,48.33543330365161,21.636358147095272,True,covered,0.18548168665076087,96.67086660730322,shared_semantic_recoding_50_percent,shared_publication_test,1451,115,311,25,311,25,774,774,,shared_semantic_dataset,,Ref-65-Research,Ref-65-Research
bayesian_ridge_conformalized,Bayesian Ridge,shared_publication_held_out,test,0.9,115,239.0,216.7523297417176,168.46651365231105,265.03814583112415,22.247670258282398,22.247670258282398,494.95883192126314,96.5716321788131,48.28581608940655,21.61414802619033,True,covered,0.46074959605297683,96.5716321788131,shared_semantic_recoding_50_percent,shared_publication_test,1451,115,311,25,311,25,775,775,,shared_semantic_dataset,,Ref-65-Research,Ref-65-Research
bayesian_ridge_conformalized,Bayesian Ridge,shared_publication_held_out,test,0.9,116,249.0,218.09016413583942,169.8105313579826,266.36979691369623,30.909835864160584,30.909835864160584,955.4179531493479,96.55926555571364,48.27963277785682,21.611380194517345,True,covered,0.640225165058364,96.55926555571364,shared_semantic_recoding_50_percent,shared_publication_test,1451,115,311,25,311,25,776,776,,shared_semantic_dataset,,Ref-65-Research,Ref-65-Research
bayesian_ridge_conformalized,Bayesian Ridge,shared_publication_held_out,test,0.9,117,250.0,219.9556636426857,171.6734640302505,268.2378632551209,30.044336357314307,30.044336357314307,902.6621471514384,96.56439922487039,48.28219961243519,21.61252918498762,True,covered,0.6222652778556576,96.56439922487039,shared_semantic_recoding_50_percent,shared_publication_test,1451,115,311,25,311,25,777,777,,shared_semantic_dataset,,Ref-65-Research,Ref-65-Research
bayesian_ridge_conformalized,Bayesian Ridge,shared_publication_held_out,test,0.9,118,259.0,222.07170889893132,173.7776199851679,270.3657978126948,36.92829110106868,36.92829110106868,1363.6986836452684,96.58817782752689,48.294088913763446,21.61785118510377,True,covered,0.7646544728695441,96.58817782752689,shared_semantic_recoding_50_percent,shared_publication_test,1451,115,311,25,311,25,778,778,,shared_semantic_dataset,,Ref-65-Research,Ref-65-Research
bayesian_ridge_conformalized,Bayesian Ridge,shared_publication_held_out,test,0.9,119,248.0,224.13176112130856,175.81530899250544,272.4482132501117,23.868238878691443,23.868238878691443,569.6928271702777,96.63290425760624,48.31645212880312,21.627861616310206,True,covered,0.49399816888588877,96.63290425760624,shared_semantic_recoding_50_percent,shared_publication_test,1451,115,311,25,311,25,779,779,,shared_semantic_dataset,,Ref-65-Research,Ref-65-Research
bayesian_ridge_conformalized,Bayesian Ridge,shared_publication_held_out,test,0.9,120,246.0,226.25292115304865,177.90278288816154,274.60305941793575,19.747078846951354,19.747078846951354,389.9471229877136,96.70027652977421,48.35013826488711,21.642940519199637,True,covered,0.40841824978382946,96.70027652977421,shared_semantic_recoding_50_percent,shared_publication_test,1451,115,311,25,311,25,780,780,,shared_semantic_dataset,,Ref-65-Research,Ref-65-Research
bayesian_ridge_conformalized,Bayesian Ridge,shared_publication_held_out,test,0.9,121,262.0,222.07170889893132,173.7776199851679,270.3657978126948,39.92829110106868,39.92829110106868,1594.2684302516805,96.58817782752689,48.294088913763446,21.61785118510377,True,covered,0.8267738764544624,96.58817782752689,shared_semantic_recoding_50_percent,shared_publication_test,1451,115,311,25,311,25,781,781,,shared_semantic_dataset,,Ref-65-Research,Ref-65-Research
bayesian_ridge_conformalized,Bayesian Ridge,shared_publication_held_out,test,0.9,122,262.0,240.60534998655635,192.0237376463761,289.1869623267366,21.394650013443652,21.394650013443652,457.7310491977445,97.16322468036049,48.58161234018024,21.746555106935865,True,covered,0.44038575466851776,97.16322468036049,shared_semantic_recoding_50_percent,shared_publication_test,1451,115,311,25,311,25,782,782,,shared_semantic_dataset,,Ref-65-Research,Ref-65-Research
bayesian_ridge_conformalized,Bayesian Ridge,shared_publication_held_out,test,0.9,123,253.0,234.49993377252082,185.97749489697532,283.0223726480663,18.50006622747918,18.50006622747918,342.2524504211158,97.04487775109101,48.522438875545504,21.720067327968454,True,covered,0.38126826796422436,97.04487775109101,shared_semantic_recoding_50_percent,shared_publication_test,1451,115,311,25,311,25,783,783,,shared_semantic_dataset,,Ref-65-Research,Ref-65-Research
bayesian_ridge_conformalized,Bayesian Ridge,shared_publication_held_out,test,0.9,124,234.0,228.3962224836501,179.88713675629066,276.9053082110095,5.603777516349908,5.603777516349908,31.40232245274874,97.01817145471887,48.509085727359434,21.714090067048286,True,covered,0.11552016353895826,97.01817145471887,shared_semantic_recoding_50_percent,shared_publication_test,1451,115,311,25,311,25,784,784,,shared_semantic_dataset,,Ref-65-Research,Ref-65-Research
bayesian_ridge_conformalized,Bayesian Ridge,shared_publication_held_out,test,0.9,125,239.0,238.42197873609067,189.83066318822367,287.0132942839577,0.578021263909335,0.578021263909335,0.33410858153134504,97.18263109573402,48.59131554786701,21.750898547396364,True,covered,0.01189556729205921,97.18263109573402,shared_semantic_recoding_50_percent,shared_publication_test,1451,115,311,25,311,25,785,785,,shared_semantic_dataset,,Ref-65-Research,Ref-65-Research
bayesian_ridge_conformalized,Bayesian Ridge,shared_publication_held_out,test,0.9,126,240.0,232.3165625220551,183.77597882857594,280.85714621553427,7.683437477944892,7.683437477944892,59.03521147748817,97.08116738695833,48.540583693479164,21.72818948085907,True,covered,0.15828893872524794,97.08116738695833,shared_semantic_recoding_50_percent,shared_publication_test,1451,115,311,25,311,25,786,786,,shared_semantic_dataset,,Ref-65-Research,Ref-65-Research
bayesian_ridge_conformalized,Bayesian Ridge,shared_publication_held_out,test,0.9,127,230.0,236.23860748562495,187.62090641708437,284.85630855416554,-6.238607485624954,6.238607485624954,38.920223359695704,97.23540213708117,48.61770106854058,21.762709480622192,True,covered,0.1283196726400092,97.23540213708117,shared_semantic_recoding_50_percent,shared_publication_test,1451,115,311,25,311,25,787,787,,shared_semantic_dataset,,Ref-65-Research,Ref-65-Research
bayesian_ridge_conformalized,Bayesian Ridge,shared_publication_held_out,test,0.9,128,189.0,224.02947998271867,175.4505177547353,272.60844221070204,-35.02947998271867,35.02947998271867,1227.064467859688,97.15792445596674,48.57896222798337,21.745368838960136,True,covered,0.7210833327052905,97.15792445596674,shared_semantic_recoding_50_percent,shared_publication_test,1451,115,311,25,311,25,788,788,,shared_semantic_dataset,,Ref-65-Research,Ref-65-Research
bayesian_ridge_conformalized,Bayesian Ridge,shared_publication_held_out,test,0.9,129,270.0,222.07170889893132,173.7776199851679,270.3657978126948,47.92829110106868,47.92829110106868,2297.1210878687793,96.58817782752689,48.294088913763446,21.61785118510377,True,covered,0.9924256193475779,96.58817782752689,shared_semantic_recoding_50_percent,shared_publication_test,1451,115,311,25,311,25,789,789,,shared_semantic_dataset,,Ref-65-Research,Ref-65-Research
bayesian_ridge_conformalized,Bayesian Ridge,shared_publication_held_out,test,0.9,130,281.0,239.94584052526272,191.41301202447931,288.47866902604613,41.054159474737276,41.054159474737276,1685.4440101771604,97.06565700156682,48.53282850078341,21.72471802906487,True,covered,0.8459049419317192,97.06565700156682,shared_semantic_recoding_50_percent,shared_publication_test,1451,115,311,25,311,25,790,790,,shared_semantic_dataset,,Ref-65-Research,Ref-65-Research
bayesian_ridge_conformalized,Bayesian Ridge,shared_publication_held_out,test,0.9,131,250.0,231.56421939048886,183.11747261211545,280.01096616886224,18.43578060951114,18.43578060951114,339.878006682027,96.89349355674679,48.446746778373395,21.68618532440738,True,covered,0.3805370192109755,96.89349355674679,shared_semantic_recoding_50_percent,shared_publication_test,1451,115,311,25,311,25,791,791,,shared_semantic_dataset,,Ref-65-Research,Ref-65-Research
bayesian_ridge_conformalized,Bayesian Ridge,shared_publication_held_out,test,0.9,132,224.0,223.2351814392539,174.81984838690383,271.650514491604,0.7648185607461073,0.7648185607461073,0.584947430861747,96.83066610470016,48.41533305235008,21.67212361893542,True,covered,0.01579703190142535,96.83066610470016,shared_semantic_recoding_50_percent,shared_publication_test,1451,115,311,25,311,25,792,792,,shared_semantic_dataset,,Ref-65-Research,Ref-65-Research
bayesian_ridge_conformalized,Bayesian Ridge,shared_publication_held_out,test,0.9,133,214.0,226.39279608641726,177.93306111971722,274.85253105311733,-12.392796086417263,12.392796086417263,153.58139483951905,96.91946993340011,48.459734966700054,21.691999218586243,True,covered,0.2557338808174083,96.91946993340011,shared_semantic_recoding_50_percent,shared_publication_test,1451,115,311,25,311,25,793,793,,shared_semantic_dataset,,Ref-65-Research,Ref-65-Research
bayesian_ridge_conformalized,Bayesian Ridge,shared_publication_held_out,test,0.9,134,268.0,235.23691892934607,186.77976196755714,283.694075891135,32.763081070653925,32.763081070653925,1073.4194812422415,96.91431392357788,48.45715696178894,21.690845227947303,True,covered,0.6761247073675694,96.91431392357788,shared_semantic_recoding_50_percent,shared_publication_test,1451,115,311,25,311,25,794,794,,shared_semantic_dataset,,Ref-65-Research,Ref-65-Research
bayesian_ridge_conformalized,Bayesian Ridge,shared_publication_held_out,test,0.9,135,232.0,208.27792737402257,159.97728020014623,256.57857454789894,23.722072625977432,23.722072625977432,562.7367296721478,96.60129434775271,48.30064717387636,21.62078685475492,True,covered,0.49113363927777004,96.60129434775271,shared_semantic_recoding_50_percent,shared_publication_test,1451,115,311,25,311,25,795,795,,shared_semantic_dataset,,Ref-65-Research,Ref-65-Research
bayesian_ridge_conformalized,Bayesian Ridge,shared_publication_held_out,test,0.9,136,155.0,142.8638481866686,93.83569754531788,191.89199882801933,12.136151813331395,12.136151813331395,147.28618083622692,98.05630128270144,49.02815064135072,21.94643875233168,True,covered,0.24753435841603355,98.05630128270144,shared_semantic_recoding_50_percent,shared_publication_test,1451,115,311,25,311,25,829,829,,shared_semantic_dataset,,Ref-68-Research,Ref-68-Research
bayesian_ridge_conformalized,Bayesian Ridge,shared_publication_held_out,test,0.9,137,146.0,138.41711425801938,89.03650726127377,187.797721254765,7.582885741980618,7.582885741980618,57.50015617593295,98.76121399349124,49.38060699674562,22.104208558358593,True,covered,0.15355999456386515,98.76121399349124,shared_semantic_recoding_50_percent,shared_publication_test,1451,115,311,25,311,25,830,830,,shared_semantic_dataset,,Ref-68-Research,Ref-68-Research
bayesian_ridge_conformalized,Bayesian Ridge,shared_publication_held_out,test,0.9,138,130.94,108.76814089550837,59.59293840968774,157.943343381329,22.17185910449163,22.17185910449163,491.5913361494284,98.35040497164124,49.17520248582062,22.012263472535473,True,covered,0.45087479021331445,98.35040497164124,shared_semantic_recoding_50_percent,shared_publication_test,1451,115,311,25,311,25,910,910,,shared_semantic_dataset,,Ref-75-Research,Ref-75-Research
bayesian_ridge_conformalized,Bayesian Ridge,shared_publication_held_out,test,0.9,139,128.35,110.61862415712866,61.538852681175996,159.69839563308133,17.73137584287133,17.73137584287133,314.40168928116094,98.15954295190534,49.07977147595267,21.969545752496206,True,covered,0.36127665858344654,98.15954295190534,shared_semantic_recoding_50_percent,shared_publication_test,1451,115,311,25,311,25,911,911,,shared_semantic_dataset,,Ref-75-Research,Ref-75-Research
bayesian_ridge_conformalized,Bayesian Ridge,shared_publication_held_out,test,0.9,140,128.73,112.46910741874896,63.42474357608801,161.5134712614099,16.260892581251028,16.260892581251028,264.4166275389847,98.08872768532189,49.04436384266094,21.953696256946472,True,covered,0.3315547660770469,98.08872768532189,shared_semantic_recoding_50_percent,shared_publication_test,1451,115,311,25,311,25,912,912,,shared_semantic_dataset,,Ref-75-Research,Ref-75-Research
bayesian_ridge_conformalized,Bayesian Ridge,shared_publication_held_out,test,0.9,141,130.18,114.31959068036926,65.2504811579806,163.38870020275792,15.860409319630747,15.860409319630747,251.55258378622986,98.13821904477732,49.06910952238866,21.964773149250682,True,covered,0.3232259454880499,98.13821904477732,shared_semantic_recoding_50_percent,shared_publication_test,1451,115,311,25,311,25,913,913,,shared_semantic_dataset,,Ref-75-Research,Ref-75-Research
bayesian_ridge_conformalized,Bayesian Ridge,shared_publication_held_out,test,0.9,142,130.9,118.44632901169442,70.37693132046377,166.51572670292506,12.45367098830559,12.45367098830559,155.0939210849643,96.1387953824613,48.06939769123065,21.517272801277414,True,covered,0.25907690935302746,96.1387953824613,shared_semantic_recoding_50_percent,shared_publication_test,1451,115,311,25,311,25,914,914,,shared_semantic_dataset,,Ref-75-Research,Ref-75-Research
bayesian_ridge_conformalized,Bayesian Ridge,shared_publication_held_out,test,0.9,143,122.0,116.40712749253638,68.33258010062463,164.48167488444813,5.592872507463625,5.592872507463625,31.280222884742454,96.1490947838235,48.07454739191175,21.51957795839862,True,covered,0.11633749688519358,96.1490947838235,shared_semantic_recoding_50_percent,shared_publication_test,1451,115,311,25,311,25,980,980,,shared_semantic_dataset,,Ref-83-Research,Ref-83-Research
bayesian_ridge_conformalized,Bayesian Ridge,shared_publication_held_out,test,0.9,144,128.0,116.40712749253706,-27.504488245601976,260.3187432306761,11.592872507462943,11.592872507462943,134.39469297429014,287.82323147627807,143.91161573813903,64.41906168662184,True,covered,0.08055550240334515,287.82323147627807,shared_semantic_recoding_50_percent,shared_publication_test,1451,115,311,25,311,25,981,981,,shared_semantic_dataset,,Ref-83-Research,Ref-83-Research
bayesian_ridge_conformalized,Bayesian Ridge,shared_publication_held_out,test,0.9,145,188.0,146.98668802718404,97.60672351696451,196.36665253740358,41.013311972815956,41.013311972815956,1682.0917589795285,98.75992902043907,49.37996451021954,22.10392096253845,True,covered,0.8305658454721643,98.75992902043907,shared_semantic_recoding_50_percent,shared_publication_test,1451,115,311,25,311,25,1069,1069,,shared_semantic_dataset,,Ref-89-Research,Ref-89-Research
bayesian_ridge_conformalized,Bayesian Ridge,shared_publication_held_out,test,0.9,146,185.0,144.96084766090013,97.00699451765725,192.91470080414302,40.03915233909987,40.03915233909987,1603.1337200336468,95.90770628648578,47.95385314324289,21.465551671428376,True,covered,0.8349517236810767,95.90770628648578,shared_semantic_recoding_50_percent,shared_publication_test,1451,115,311,25,311,25,1070,1070,,shared_semantic_dataset,,Ref-89-Research,Ref-89-Research
bayesian_ridge_conformalized,Bayesian Ridge,shared_publication_held_out,test,0.9,147,150.0,143.8799787489365,95.3732987516438,192.38665874622922,6.120021251063491,6.120021251063491,37.45466011346874,97.01335999458541,48.50667999729271,21.71301319168437,True,covered,0.12616862773137774,97.01335999458541,shared_semantic_recoding_50_percent,shared_publication_test,1451,115,311,25,311,25,1111,1111,,shared_semantic_dataset,,Ref-95-Research,Ref-95-Research
bayesian_ridge_conformalized,Bayesian Ridge,shared_publication_held_out,test,0.9,148,152.0,144.01106725705307,95.52390721141835,192.49822730268778,7.988932742946929,7.988932742946929,63.823046371329546,96.97432009126943,48.48716004563472,21.70427548859122,True,covered,0.16476388255010144,96.97432009126943,shared_semantic_recoding_50_percent,shared_publication_test,1451,115,311,25,311,25,1112,1112,,shared_semantic_dataset,,Ref-95-Research,Ref-95-Research
bayesian_ridge_conformalized,Bayesian Ridge,shared_publication_held_out,test,0.9,149,142.0,144.1421557651696,95.50397400088013,192.78033752945908,-2.142155765169605,2.142155765169605,4.5888313222493755,97.27636352857894,48.63818176428947,21.77187724095944,True,covered,0.04404267773723384,97.27636352857894,shared_semantic_recoding_50_percent,shared_publication_test,1451,115,311,25,311,25,1113,1113,,shared_semantic_dataset,,Ref-95-Research,Ref-95-Research
bayesian_ridge_conformalized,Bayesian Ridge,shared_publication_held_out,test,0.9,150,136.0,144.27324427328614,95.31507730908137,193.2314112374909,-8.273244273286139,8.273244273286139,68.44657080546189,97.91633392840953,48.958166964204764,21.91511200506394,True,covered,0.1689859891881784,97.91633392840953,shared_semantic_recoding_50_percent,shared_publication_test,1451,115,311,25,311,25,1114,1114,,shared_semantic_dataset,,Ref-95-Research,Ref-95-Research
bayesian_ridge_conformalized,Bayesian Ridge,shared_publication_held_out,test,0.9,151,119.6,121.52920153417543,73.3346516818645,169.72375138648636,-1.9292015341754336,1.9292015341754336,3.7218185594648467,96.38909970462186,48.19454985231093,21.57329458064173,True,covered,0.04002945436957803,96.38909970462186,shared_semantic_recoding_50_percent,shared_publication_test,1451,115,311,25,311,25,1123,1123,,shared_semantic_dataset,,Ref-97-Research,Ref-97-Research
bayesian_ridge_conformalized,Bayesian Ridge,shared_publication_held_out,test,0.9,152,138.0,174.4987395516684,126.17612067188435,222.82135843145244,-36.49873955166839,36.49873955166839,1332.1579888605227,96.64523775956809,48.322618879784045,21.63062203498668,True,covered,0.7553137722619951,96.64523775956809,shared_semantic_recoding_50_percent,shared_publication_test,1451,115,311,25,311,25,1251,1251,,shared_semantic_dataset,,Ref-108-Research,Ref-108-Research
bayesian_ridge_conformalized,Bayesian Ridge,shared_publication_held_out,test,0.9,153,122.0,162.73037310170105,114.27990309515283,211.18084310824926,-40.73037310170105,40.73037310170105,1658.9632930037722,96.90094001309643,48.450470006548215,21.68785195058092,True,covered,0.8406600203506018,96.90094001309643,shared_semantic_recoding_50_percent,shared_publication_test,1451,115,311,25,311,25,1252,1252,,shared_semantic_dataset,,Ref-108-Research,Ref-108-Research
bayesian_ridge_conformalized,Bayesian Ridge,shared_publication_held_out,test,0.9,154,105.0,173.69220937424737,124.64959275624781,222.73482599224693,-68.69220937424737,68.69220937424737,4718.619628715438,98.08523323599911,49.042616617999556,21.952914147923064,False,below_interval_overprediction,1.4006636291309964,491.07708836095543,shared_semantic_recoding_50_percent,shared_publication_test,1451,115,311,25,311,25,1253,1253,,shared_semantic_dataset,,Ref-108-Research,Ref-108-Research
bayesian_ridge_conformalized,Bayesian Ridge,shared_publication_held_out,test,0.9,155,230.0,149.82037918308365,101.36449635474216,198.27626201142513,80.17962081691635,80.17962081691635,6428.771594344486,96.91176565668297,48.45588282834149,21.690274888432125,False,above_interval_underprediction,1.6546932206551377,731.3865254281804,shared_semantic_recoding_50_percent,shared_publication_test,1451,115,311,25,311,25,1254,1254,,shared_semantic_dataset,,Ref-109-Research,Ref-109-Research
bayesian_ridge_conformalized,Bayesian Ridge,shared_publication_held_out,test,0.9,156,250.0,174.59039246563563,126.06159513102868,223.11918980024257,75.40960753436437,75.40960753436437,5686.608908486864,97.05759466921388,48.52879733460694,21.722913560806642,False,above_interval_underprediction,1.5539146172202405,634.6737986643627,shared_semantic_recoding_50_percent,shared_publication_test,1451,115,311,25,311,25,1255,1255,,shared_semantic_dataset,,Ref-109-Research,Ref-109-Research
bayesian_ridge_conformalized,Bayesian Ridge,shared_publication_held_out,test,0.9,157,192.0,129.61500625795526,81.57622838809073,177.6537841278198,62.38499374204474,62.38499374204474,3891.8874441949615,96.07755573972906,48.03877786986453,21.50356647082382,False,above_interval_underprediction,1.29863823578201,383.0018731833333,shared_semantic_recoding_50_percent,shared_publication_test,1451,115,311,25,311,25,1274,1274,,shared_semantic_dataset,,Ref-111-Research,Ref-111-Research
bayesian_ridge_conformalized,Bayesian Ridge,shared_publication_held_out,test,0.9,158,201.0,150.7396490015604,102.72071942119722,198.7585785819236,50.260350998439606,50.260350998439606,2526.1028824863492,96.03785916072637,48.018929580363185,21.49468179407828,False,above_interval_underprediction,1.0466778713658171,140.86628752225465,shared_semantic_recoding_50_percent,shared_publication_test,1451,115,311,25,311,25,1275,1275,,shared_semantic_dataset,,Ref-111-Research,Ref-111-Research
bayesian_ridge_conformalized,Bayesian Ridge,shared_publication_held_out,test,0.9,159,202.0,191.3682598249339,143.24021073837963,239.49630891148814,10.631740175066113,10.631740175066113,113.03389915011483,96.25609817310851,48.128049086554256,21.54352688670323,True,covered,0.22090528032719176,96.25609817310851,shared_semantic_recoding_50_percent,shared_publication_test,1451,115,311,25,311,25,1485,1485,,shared_semantic_dataset,,Ref-128-Research,Ref-128-Research
bayesian_ridge_conformalized,Bayesian Ridge,shared_publication_held_out,test,0.9,160,204.5,190.72311358102107,142.6134571770141,238.83276998502802,13.776886418978933,13.776886418978933,189.80259940144614,96.21931280801391,48.109656404006955,21.535293782339007,True,covered,0.28636426548728133,96.21931280801391,shared_semantic_recoding_50_percent,shared_publication_test,1451,115,311,25,311,25,1486,1486,,shared_semantic_dataset,,Ref-128-Research,Ref-128-Research
bayesian_ridge_conformalized,Bayesian Ridge,shared_publication_held_out,test,0.9,161,197.3,190.17013108623865,142.06782190978365,238.27244026269366,7.1298689137613565,7.1298689137613565,50.835030727420545,96.20461835291002,48.10230917645501,21.532004947713208,True,covered,0.1482230070828131,96.20461835291002,shared_semantic_recoding_50_percent,shared_publication_test,1451,115,311,25,311,25,1487,1487,,shared_semantic_dataset,,Ref-128-Research,Ref-128-Research
bayesian_ridge_conformalized,Bayesian Ridge,shared_publication_held_out,test,0.9,162,121.5,123.40382474540824,74.82978790362307,171.97786158719342,-1.9038247454082438,1.9038247454082438,3.624548661228764,97.14807368357035,48.57403684178517,21.74316409158304,True,covered,0.03919428709640422,97.14807368357035,shared_semantic_recoding_50_percent,shared_publication_test,1451,115,311,25,311,25,1507,1507,,shared_semantic_dataset,,Ref-133-Research,Ref-133-Research
bayesian_ridge_conformalized,Bayesian Ridge,shared_publication_held_out,test,0.9,163,112.69,123.40382474540824,74.82978790362307,171.97786158719342,-10.713824745408246,10.713824745408246,114.78604067532207,97.14807368357035,48.57403684178517,21.74316409158304,True,covered,0.22056690038559487,97.14807368357035,shared_semantic_recoding_50_percent,shared_publication_test,1451,115,311,25,311,25,1508,1508,,shared_semantic_dataset,,Ref-133-Research,Ref-133-Research
bayesian_ridge_conformalized,Bayesian Ridge,shared_publication_held_out,test,0.9,164,172.0,143.18083399650203,95.0365919342089,191.32507605879516,28.81916600349797,28.81916600349797,830.5443291371731,96.28848412458626,48.14424206229313,21.550775337758857,True,covered,0.5986004716038373,96.28848412458626,shared_semantic_recoding_50_percent,shared_publication_test,1451,115,311,25,311,25,1736,1736,,shared_semantic_dataset,,Ref-144-Research,Ref-144-Research
bayesian_ridge_conformalized,Bayesian Ridge,shared_publication_held_out,test,0.9,165,149.0,133.97841558927155,85.82939802809415,182.12743315044895,15.021584410728451,15.021584410728451,225.64799820864002,96.2980351223548,48.1490175611774,21.55291299117642,True,covered,0.31198111969039155,96.2980351223548,shared_semantic_recoding_50_percent,shared_publication_test,1451,115,311,25,311,25,1737,1737,,shared_semantic_dataset,,Ref-144-Research,Ref-144-Research
bayesian_ridge_conformalized,Bayesian Ridge,shared_publication_held_out,test,0.9,166,154.0,130.86377745327593,82.26602987452915,179.4615250320227,23.13622254672407,23.13622254672407,535.2847937315432,97.19549515749355,48.59774757874678,21.75377771313909,True,covered,0.47607602614163586,97.19549515749355,shared_semantic_recoding_50_percent,shared_publication_test,1451,115,311,25,311,25,1738,1738,,shared_semantic_dataset,,Ref-144-Research,Ref-144-Research
bayesian_ridge_conformalized,Bayesian Ridge,shared_publication_held_out,test,0.9,167,135.0,129.12484930806346,80.63940025290455,177.61029836322237,5.87515069193654,5.87515069193654,34.5173956529624,96.97089811031782,48.48544905515891,21.70350959905241,True,covered,0.12117348207402891,96.97089811031782,shared_semantic_recoding_50_percent,shared_publication_test,1451,115,311,25,311,25,1739,1739,,shared_semantic_dataset,,Ref-144-Research,Ref-144-Research
bayesian_ridge_conformalized,Bayesian Ridge,shared_publication_held_out,test,0.9,168,142.0,143.18083399650203,95.0365919342089,191.32507605879516,-1.180833996502031,1.180833996502031,1.3943689272949584,96.28848412458626,48.14424206229313,21.550775337758857,True,covered,0.024527003560969287,96.28848412458626,shared_semantic_recoding_50_percent,shared_publication_test,1451,115,311,25,311,25,1740,1740,,shared_semantic_dataset,,Ref-144-Research,Ref-144-Research
bayesian_ridge_conformalized,Bayesian Ridge,shared_publication_held_out,test,0.9,169,141.0,132.1185505698212,84.05943468271585,180.17766645692654,8.881449430178805,8.881449430178805,78.8801439808234,96.1182317742107,48.05911588710535,21.512670364074545,True,covered,0.18480259709816613,96.1182317742107,shared_semantic_recoding_50_percent,shared_publication_test,1451,115,311,25,311,25,1741,1741,,shared_semantic_dataset,,Ref-144-Research,Ref-144-Research
bayesian_ridge_conformalized,Bayesian Ridge,shared_publication_held_out,test,0.9,170,149.0,129.259025246725,81.0279820232995,177.4900684701505,19.740974753274998,19.740974753274998,389.70608420944086,96.462086446851,48.2310432234255,21.589630084297387,True,covered,0.40930018166571475,96.462086446851,shared_semantic_recoding_50_percent,shared_publication_test,1451,115,311,25,311,25,1742,1742,,shared_semantic_dataset,,Ref-144-Research,Ref-144-Research
bayesian_ridge_conformalized,Bayesian Ridge,shared_publication_held_out,test,0.9,171,179.0,143.04427793801702,94.80678708432126,191.28176879171278,35.95572206198298,35.95572206198298,1292.8139489985697,96.47498170739152,48.23749085369576,21.592516232785,True,covered,0.7453895595655387,96.47498170739152,shared_semantic_recoding_50_percent,shared_publication_test,1451,115,311,25,311,25,1743,1743,,shared_semantic_dataset,,Ref-144-Research,Ref-144-Research
bayesian_ridge_conformalized,Bayesian Ridge,shared_publication_held_out,test,0.9,172,90.0,125.74599396814361,77.28711285480463,174.20487508148258,-35.74599396814361,35.74599396814361,1277.7760847705592,96.91776222667795,48.458881113338975,21.69161700876909,True,covered,0.7376561973137269,96.91776222667795,shared_semantic_recoding_50_percent,shared_publication_test,1451,115,311,25,311,25,1744,1744,,shared_semantic_dataset,,Ref-144-Research,Ref-144-Research
bayesian_ridge_conformalized,Bayesian Ridge,shared_publication_held_out,test,0.9,173,151.0,132.65852301101359,84.4190084882118,180.89803753381537,18.341476988986415,18.341476988986415,336.4097781375182,96.47902904560357,48.239514522801784,21.593422086452932,True,covered,0.3802168651659376,96.47902904560357,shared_semantic_recoding_50_percent,shared_publication_test,1451,115,311,25,311,25,1745,1745,,shared_semantic_dataset,,Ref-144-Research,Ref-144-Research
bayesian_ridge_conformalized,Bayesian Ridge,shared_publication_held_out,test,0.9,174,125.0,134.78724459065057,86.89671638988358,182.67777279141757,-9.787244590650573,9.787244590650573,95.7901566772189,95.78105640153399,47.890528200766994,21.437205569171564,True,covered,0.20436702117004057,95.78105640153399,shared_semantic_recoding_50_percent,shared_publication_test,1451,115,311,25,311,25,1746,1746,,shared_semantic_dataset,,Ref-144-Research,Ref-144-Research
bayesian_ridge_conformalized,Bayesian Ridge,shared_publication_held_out,test,0.9,175,116.0,136.16709545067525,88.29568871192346,184.03850218942705,-20.167095450675248,20.167095450675248,406.7117389166463,95.74281347750359,47.871406738751794,21.428646241734526,True,covered,0.42127643252125346,95.74281347750359,shared_semantic_recoding_50_percent,shared_publication_test,1451,115,311,25,311,25,1747,1747,,shared_semantic_dataset,,Ref-144-Research,Ref-144-Research
bayesian_ridge_conformalized,Bayesian Ridge,shared_publication_held_out,test,0.9,176,108.0,131.74264940626702,83.83885771604123,179.64644109649282,-23.74264940626702,23.74264940626702,563.7134008289116,95.80758338045159,47.903791690225795,21.44314269621474,True,covered,0.495631944122524,95.80758338045159,shared_semantic_recoding_50_percent,shared_publication_test,1451,115,311,25,311,25,1748,1748,,shared_semantic_dataset,,Ref-144-Research,Ref-144-Research
bayesian_ridge_conformalized,Bayesian Ridge,shared_publication_held_out,test,0.9,177,128.0,128.61643320504353,80.37802586304491,176.85484054704216,-0.6164332050435348,0.6164332050435348,0.37998989628024465,96.47681468399725,48.238407341998624,21.592926479839864,True,covered,0.012778888006670135,96.47681468399725,shared_semantic_recoding_50_percent,shared_publication_test,1451,115,311,25,311,25,1749,1749,,shared_semantic_dataset,,Ref-144-Research,Ref-144-Research
bayesian_ridge_conformalized,Bayesian Ridge,shared_publication_held_out,test,0.9,178,125.0,131.5575795449797,83.56758534545844,179.54757374450094,-6.5575795449796885,6.5575795449796885,43.00184948873602,95.9799883990425,47.98999419952125,21.481729468626146,True,covered,0.13664472468398647,95.9799883990425,shared_semantic_recoding_50_percent,shared_publication_test,1451,115,311,25,311,25,1750,1750,,shared_semantic_dataset,,Ref-144-Research,Ref-144-Research
bayesian_ridge_conformalized,Bayesian Ridge,shared_publication_held_out,test,0.9,179,114.0,128.75738654182817,80.67576710808052,176.83900597557582,-14.757386541828168,14.757386541828168,217.78045754493115,96.1632388674953,48.08161943374765,21.522743611823742,True,covered,0.30692365847124975,96.1632388674953,shared_semantic_recoding_50_percent,shared_publication_test,1451,115,311,25,311,25,1751,1751,,shared_semantic_dataset,,Ref-144-Research,Ref-144-Research
bayesian_ridge_conformalized,Bayesian Ridge,shared_publication_held_out,test,0.9,180,182.0,146.21565321723835,98.07236403285303,194.35894240162366,35.784346782761645,35.784346782761645,1280.5194746689438,96.28657836877063,48.14328918438532,21.55034880164912,True,covered,0.7432883666446258,96.28657836877063,shared_semantic_recoding_50_percent,shared_publication_test,1451,115,311,25,311,25,1752,1752,,shared_semantic_dataset,,Ref-144-Research,Ref-144-Research
bayesian_ridge_conformalized,Bayesian Ridge,shared_publication_held_out,test,0.9,181,142.0,134.01674932556713,85.85306210062151,182.18043655051275,7.983250674432867,7.983250674432867,63.73229133083282,96.32737444989124,48.16368722494562,21.559479563098776,True,covered,0.16575248147318067,96.32737444989124,shared_semantic_recoding_50_percent,shared_publication_test,1451,115,311,25,311,25,1753,1753,,shared_semantic_dataset,,Ref-144-Research,Ref-144-Research
bayesian_ridge_conformalized,Bayesian Ridge,shared_publication_held_out,test,0.9,182,150.0,134.01674932556713,85.85306210062151,182.18043655051275,15.983250674432867,15.983250674432867,255.4643021217587,96.32737444989124,48.16368722494562,21.559479563098776,True,covered,0.3318527213206093,96.32737444989124,shared_semantic_recoding_50_percent,shared_publication_test,1451,115,311,25,311,25,1754,1754,,shared_semantic_dataset,,Ref-144-Research,Ref-144-Research
bayesian_ridge_conformalized,Bayesian Ridge,shared_publication_held_out,test,0.9,183,155.0,132.47934382340833,84.12653065944292,180.83215698737374,22.52065617659167,22.52065617659167,507.1799546242566,96.70562632793082,48.35281316396541,21.644137882510773,True,covered,0.4657568960925531,96.70562632793082,shared_semantic_recoding_50_percent,shared_publication_test,1451,115,311,25,311,25,1755,1755,,shared_semantic_dataset,,Ref-144-Research,Ref-144-Research
bayesian_ridge_conformalized,Bayesian Ridge,shared_publication_held_out,test,0.9,184,132.0,132.2551066283062,84.26228545034773,180.24792780626467,-0.25510662830620845,0.25510662830620845,0.065079391805762,95.98564235591694,47.99282117795847,21.482994907120467,True,covered,0.005315516405261264,95.98564235591694,shared_semantic_recoding_50_percent,shared_publication_test,1451,115,311,25,311,25,1756,1756,,shared_semantic_dataset,,Ref-144-Research,Ref-144-Research
bayesian_ridge_conformalized,Bayesian Ridge,shared_publication_held_out,test,0.9,185,143.0,133.52229140759854,85.52609679668622,181.51848601851088,9.477708592401456,9.477708592401456,89.82696016248038,95.99238922182467,47.99619461091233,21.48450495468984,True,covered,0.19746791738873856,95.99238922182467,shared_semantic_recoding_50_percent,shared_publication_test,1451,115,311,25,311,25,1757,1757,,shared_semantic_dataset,,Ref-144-Research,Ref-144-Research
bayesian_ridge_conformalized,Bayesian Ridge,shared_publication_held_out,test,0.9,186,151.0,141.7098462045548,93.47098649612808,189.9487059129815,9.290153795445207,9.290153795445207,86.30695754302498,96.47771941685342,48.23885970842671,21.59312897232587,True,covered,0.19258651327162976,96.47771941685342,shared_semantic_recoding_50_percent,shared_publication_test,1451,115,311,25,311,25,1758,1758,,shared_semantic_dataset,,Ref-144-Research,Ref-144-Research
bayesian_ridge_conformalized,Bayesian Ridge,shared_publication_held_out,test,0.9,187,111.0,133.07987713717145,85.18657726179299,180.9731770125499,-22.07987713717145,22.07987713717145,487.52097439258654,95.78659975075692,47.89329987537846,21.438446252050817,True,covered,0.46102225561038296,95.78659975075692,shared_semantic_recoding_50_percent,shared_publication_test,1451,115,311,25,311,25,1759,1759,,shared_semantic_dataset,,Ref-144-Research,Ref-144-Research
bayesian_ridge_conformalized,Bayesian Ridge,shared_publication_held_out,test,0.9,188,166.0,146.70390249184663,98.47957756556735,194.9282274181259,19.296097508153366,19.296097508153366,372.33937904416257,96.44864985255856,48.22432492627928,21.58662277737451,True,covered,0.4001320399539317,96.44864985255856,shared_semantic_recoding_50_percent,shared_publication_test,1451,115,311,25,311,25,1760,1760,,shared_semantic_dataset,,Ref-144-Research,Ref-144-Research
bayesian_ridge_conformalized,Bayesian Ridge,shared_publication_held_out,test,0.9,189,132.0,131.5575795449797,83.56758534545844,179.54757374450094,0.44242045502031146,0.44242045502031146,0.19573585902037943,95.9799883990425,47.98999419952125,21.481729468626146,True,covered,0.00921901455501166,95.9799883990425,shared_semantic_recoding_50_percent,shared_publication_test,1451,115,311,25,311,25,1761,1761,,shared_semantic_dataset,,Ref-144-Research,Ref-144-Research
bayesian_ridge_conformalized,Bayesian Ridge,shared_publication_held_out,test,0.9,190,105.0,131.46504461433602,83.3993939051808,179.53069532349124,-26.465044614336023,26.465044614336023,700.3985864387961,96.13130141831044,48.06565070915522,21.515595542160987,True,covered,0.5506020250193999,96.13130141831044,shared_semantic_recoding_50_percent,shared_publication_test,1451,115,311,25,311,25,1762,1762,,shared_semantic_dataset,,Ref-144-Research,Ref-144-Research
bayesian_ridge_conformalized,Bayesian Ridge,shared_publication_held_out,test,0.9,191,106.0,132.89480727588412,84.8904506196798,180.89916393208844,-26.89480727588412,26.89480727588412,723.3306584069494,96.00871331240864,48.00435665620432,21.488158525643488,True,covered,0.5602576338747391,96.00871331240864,shared_semantic_recoding_50_percent,shared_publication_test,1451,115,311,25,311,25,1763,1763,,shared_semantic_dataset,,Ref-144-Research,Ref-144-Research
bayesian_ridge_conformalized,Bayesian Ridge,shared_publication_held_out,test,0.9,192,123.0,135.75433259898034,87.82770213328098,183.6809630646797,-12.75433259898034,12.75433259898034,162.6730000454126,95.85326093139872,47.92663046569936,21.4533660022247,True,covered,0.26612203852112026,95.85326093139872,shared_semantic_recoding_50_percent,shared_publication_test,1451,115,311,25,311,25,1764,1764,,shared_semantic_dataset,,Ref-144-Research,Ref-144-Research
bayesian_ridge_conformalized,Bayesian Ridge,shared_publication_held_out,test,0.9,193,135.0,133.14655969013944,84.78333839193178,181.5097809883471,1.8534403098605594,1.8534403098605594,3.4352409822160066,96.72644259641532,48.36322129820766,21.64879686878061,True,covered,0.03832334282351138,96.72644259641532,shared_semantic_recoding_50_percent,shared_publication_test,1451,115,311,25,311,25,1765,1765,,shared_semantic_dataset,,Ref-144-Research,Ref-144-Research
bayesian_ridge_conformalized,Bayesian Ridge,shared_publication_held_out,test,0.9,194,96.0,128.60551929123983,80.3727036115811,176.83833497089856,-32.60551929123983,32.60551929123983,1063.1198882514127,96.46563135931746,48.23281567965873,21.59042348771267,True,covered,0.6760028174135931,96.46563135931746,shared_semantic_recoding_50_percent,shared_publication_test,1451,115,311,25,311,25,1766,1766,,shared_semantic_dataset,,Ref-144-Research,Ref-144-Research
bayesian_ridge_conformalized,Bayesian Ridge,shared_publication_held_out,test,0.9,195,134.0,143.18083399650203,95.0365919342089,191.32507605879516,-9.180833996502031,9.180833996502031,84.28771287132746,96.28848412458626,48.14424206229313,21.550775337758857,True,covered,0.1906943302715844,96.28848412458626,shared_semantic_recoding_50_percent,shared_publication_test,1451,115,311,25,311,25,1767,1767,,shared_semantic_dataset,,Ref-144-Research,Ref-144-Research
bayesian_ridge_conformalized,Bayesian Ridge,shared_publication_held_out,test,0.9,196,153.0,134.43174377350235,86.07493017288351,182.78855737412118,18.568256226497653,18.568256226497653,344.78013929286885,96.71362720123767,48.356813600618835,21.64592859533287,True,covered,0.3839842794410265,96.71362720123767,shared_semantic_recoding_50_percent,shared_publication_test,1451,115,311,25,311,25,1768,1768,,shared_semantic_dataset,,Ref-144-Research,Ref-144-Research
bayesian_ridge_conformalized,Bayesian Ridge,shared_publication_held_out,test,0.9,197,145.0,131.78610613290647,83.4429612699559,180.12925099585703,13.213893867093532,13.213893867093532,174.60699113081205,96.68628972590113,48.34314486295057,21.63981006730082,True,covered,0.27333542127956295,96.68628972590113,shared_semantic_recoding_50_percent,shared_publication_test,1451,115,311,25,311,25,1769,1769,,shared_semantic_dataset,,Ref-144-Research,Ref-144-Research
bayesian_ridge_conformalized,Bayesian Ridge,shared_publication_held_out,test,0.9,198,140.0,131.90606088604198,83.67201223799057,180.1401095340934,8.093939113958015,8.093939113958015,65.51185038045946,96.46809729610283,48.23404864805141,21.590975400541513,True,covered,0.16780550961037766,96.46809729610283,shared_semantic_recoding_50_percent,shared_publication_test,1451,115,311,25,311,25,1770,1770,,shared_semantic_dataset,,Ref-144-Research,Ref-144-Research
bayesian_ridge_conformalized,Bayesian Ridge,shared_publication_held_out,test,0.9,199,181.0,145.93995769830852,97.61880909005626,194.26110630656078,35.06004230169148,35.06004230169148,1229.2065661963961,96.64229721650452,48.32114860825226,21.629963898310102,True,covered,0.7255630983842952,96.64229721650452,shared_semantic_recoding_50_percent,shared_publication_test,1451,115,311,25,311,25,1771,1771,,shared_semantic_dataset,,Ref-144-Research,Ref-144-Research
bayesian_ridge_conformalized,Bayesian Ridge,shared_publication_held_out,test,0.9,200,138.0,131.78610613290647,83.4429612699559,180.12925099585703,6.213893867093532,6.213893867093532,38.612476991502604,96.68628972590113,48.34314486295057,21.63981006730082,True,covered,0.12853722869518494,96.68628972590113,shared_semantic_recoding_50_percent,shared_publication_test,1451,115,311,25,311,25,1772,1772,,shared_semantic_dataset,,Ref-144-Research,Ref-144-Research
bayesian_ridge_conformalized,Bayesian Ridge,shared_publication_held_out,test,0.9,201,146.0,143.04427793801702,94.80678708432126,191.28176879171278,2.955722061982982,2.955722061982982,8.736292907692931,96.47498170739152,48.23749085369576,21.592516232785,True,covered,0.0612743741366582,96.47498170739152,shared_semantic_recoding_50_percent,shared_publication_test,1451,115,311,25,311,25,1773,1773,,shared_semantic_dataset,,Ref-144-Research,Ref-144-Research
bayesian_ridge_conformalized,Bayesian Ridge,shared_publication_held_out,test,0.9,202,141.0,133.14655969013944,84.78333839193178,181.5097809883471,7.853440309860559,7.853440309860559,61.67652470054272,96.72644259641532,48.36322129820766,21.64879686878061,True,covered,0.16238455791511983,96.72644259641532,shared_semantic_recoding_50_percent,shared_publication_test,1451,115,311,25,311,25,1774,1774,,shared_semantic_dataset,,Ref-144-Research,Ref-144-Research
bayesian_ridge_conformalized,Bayesian Ridge,shared_publication_held_out,test,0.9,203,156.0,141.7098462045548,93.47098649612808,189.9487059129815,14.290153795445207,14.290153795445207,204.20849549747706,96.47771941685342,48.23885970842671,21.59312897232587,True,covered,0.2962373879030333,96.47771941685342,shared_semantic_recoding_50_percent,shared_publication_test,1451,115,311,25,311,25,1775,1775,,shared_semantic_dataset,,Ref-144-Research,Ref-144-Research
bayesian_ridge_conformalized,Bayesian Ridge,shared_publication_held_out,test,0.9,204,157.0,131.2606728469183,83.01315734167372,179.5081883521629,25.73932715308169,25.73932715308169,662.5129622933683,96.49503101048919,48.24751550524459,21.59700356094957,True,covered,0.5334850278515124,96.49503101048919,shared_semantic_recoding_50_percent,shared_publication_test,1451,115,311,25,311,25,1776,1776,,shared_semantic_dataset,,Ref-144-Research,Ref-144-Research
bayesian_ridge_conformalized,Bayesian Ridge,shared_publication_held_out,test,0.9,205,135.0,132.02601563917753,83.87710380363936,180.1749274747157,2.9739843608224703,2.9739843608224703,8.844582978416637,96.29782367107634,48.14891183553817,21.55286566527823,True,covered,0.0617663878049972,96.29782367107634,shared_semantic_recoding_50_percent,shared_publication_test,1451,115,311,25,311,25,1777,1777,,shared_semantic_dataset,,Ref-144-Research,Ref-144-Research
bayesian_ridge_conformalized,Bayesian Ridge,shared_publication_held_out,test,0.9,206,200.0,147.41094549025576,99.19663528230642,195.62525569820508,52.589054509744244,52.589054509744244,2765.6086542288513,96.42862041589866,48.21431020794933,21.582139895610165,False,above_interval_underprediction,1.0907353912754647,183.92350645179707,shared_semantic_recoding_50_percent,shared_publication_test,1451,115,311,25,311,25,1778,1778,,shared_semantic_dataset,,Ref-144-Research,Ref-144-Research
bayesian_ridge_conformalized,Bayesian Ridge,shared_publication_held_out,test,0.9,207,144.0,131.91837279856682,83.67937543348589,180.15737016364776,12.081627201433179,12.081627201433179,145.9657158344101,96.47799473016187,48.238997365080934,21.593190591483257,True,covered,0.2504535305739746,96.47799473016187,shared_semantic_recoding_50_percent,shared_publication_test,1451,115,311,25,311,25,1779,1779,,shared_semantic_dataset,,Ref-144-Research,Ref-144-Research
bayesian_ridge_conformalized,Bayesian Ridge,shared_publication_held_out,test,0.9,208,166.0,146.70390249184663,98.47957756556735,194.9282274181259,19.296097508153366,19.296097508153366,372.33937904416257,96.44864985255856,48.22432492627928,21.58662277737451,True,covered,0.4001320399539317,96.44864985255856,shared_semantic_recoding_50_percent,shared_publication_test,1451,115,311,25,311,25,1780,1780,,shared_semantic_dataset,,Ref-144-Research,Ref-144-Research
bayesian_ridge_conformalized,Bayesian Ridge,shared_publication_held_out,test,0.9,209,143.0,132.65852301101359,84.4190084882118,180.89803753381537,10.341476988986415,10.341476988986415,106.94614631373553,96.47902904560357,48.239514522801784,21.593422086452932,True,covered,0.21437771692536872,96.47902904560357,shared_semantic_recoding_50_percent,shared_publication_test,1451,115,311,25,311,25,1781,1781,,shared_semantic_dataset,,Ref-144-Research,Ref-144-Research
bayesian_ridge_conformalized,Bayesian Ridge,shared_publication_held_out,test,0.9,210,93.0,127.17575662969172,78.83722418855419,175.51428907082925,-34.17575662969172,34.17575662969172,1167.9823412119174,96.67706488227506,48.33853244113753,21.637745411965156,True,covered,0.7070085686053458,96.67706488227506,shared_semantic_recoding_50_percent,shared_publication_test,1451,115,311,25,311,25,1782,1782,,shared_semantic_dataset,,Ref-144-Research,Ref-144-Research
bayesian_ridge_conformalized,Bayesian Ridge,shared_publication_held_out,test,0.9,211,194.0,146.21565321723835,98.07236403285303,194.35894240162366,47.784346782761645,47.784346782761645,2283.343797455223,96.28657836877063,48.14328918438532,21.55034880164912,True,covered,0.9925442900203817,96.28657836877063,shared_semantic_recoding_50_percent,shared_publication_test,1451,115,311,25,311,25,1783,1783,,shared_semantic_dataset,,Ref-144-Research,Ref-144-Research
bayesian_ridge_conformalized,Bayesian Ridge,shared_publication_held_out,test,0.9,212,185.0,150.98899648032761,103.01905524163226,198.95893771902297,34.011003519672386,34.011003519672386,1156.7483604151673,95.93988247739071,47.969941238695355,21.47275317499053,True,covered,0.7090065703944853,95.93988247739071,shared_semantic_recoding_50_percent,shared_publication_test,1451,115,311,25,311,25,1784,1784,,shared_semantic_dataset,,Ref-144-Research,Ref-144-Research
bayesian_ridge_conformalized,Bayesian Ridge,shared_publication_held_out,test,0.9,213,174.0,146.70390249184663,98.47957756556735,194.9282274181259,27.296097508153366,27.296097508153366,745.0769391746164,96.44864985255856,48.22432492627928,21.58662277737451,True,covered,0.5660234238609047,96.44864985255856,shared_semantic_recoding_50_percent,shared_publication_test,1451,115,311,25,311,25,1785,1785,,shared_semantic_dataset,,Ref-144-Research,Ref-144-Research
bayesian_ridge_conformalized,Bayesian Ridge,shared_publication_held_out,test,0.9,214,147.0,142.41968520040615,94.18087550946984,190.65849489134246,4.58031479959385,4.58031479959385,20.979283663378453,96.47761938187261,48.23880969093631,21.593106583029613,True,covered,0.09495082546480112,96.47761938187261,shared_semantic_recoding_50_percent,shared_publication_test,1451,115,311,25,311,25,1786,1786,,shared_semantic_dataset,,Ref-144-Research,Ref-144-Research
bayesian_ridge_conformalized,Bayesian Ridge,shared_publication_held_out,test,0.9,215,114.0,134.32456993743222,86.36656781185923,182.2825720630052,-20.324569937432216,20.324569937432216,413.08814314157337,95.91600425114598,47.95800212557299,21.467408877653803,True,covered,0.4237993460239329,95.91600425114598,shared_semantic_recoding_50_percent,shared_publication_test,1451,115,311,25,311,25,1787,1787,,shared_semantic_dataset,,Ref-144-Research,Ref-144-Research
bayesian_ridge_conformalized,Bayesian Ridge,shared_publication_held_out,test,0.9,216,196.0,148.7770864390345,100.56065332874199,196.993519549327,47.22291356096551,47.22291356096551,2230.00356518642,96.43286622058501,48.216433110292506,21.58309016898662,True,covered,0.979394586342495,96.43286622058501,shared_semantic_recoding_50_percent,shared_publication_test,1451,115,311,25,311,25,1788,1788,,shared_semantic_dataset,,Ref-144-Research,Ref-144-Research
bayesian_ridge_conformalized,Bayesian Ridge,shared_publication_held_out,test,0.9,217,201.0,160.24349918645152,111.92694240208982,208.5600559708132,40.756500813548485,40.756500813548485,1661.0923585647784,96.63311356872339,48.316556784361694,21.627908463208893,True,covered,0.8435307382404343,96.63311356872339,shared_semantic_recoding_50_percent,shared_publication_test,1451,115,311,25,311,25,1789,1789,,shared_semantic_dataset,,Ref-144-Research,Ref-144-Research
bayesian_ridge_conformalized,Bayesian Ridge,shared_publication_held_out,test,0.9,218,173.0,151.04108077922103,102.7108084937106,199.37135306473147,21.958919220778967,21.958919220778967,482.19413334469596,96.66054457102086,48.33027228551043,21.634047923946873,True,covered,0.45435124162050955,96.66054457102086,shared_semantic_recoding_50_percent,shared_publication_test,1451,115,311,25,311,25,1790,1790,,shared_semantic_dataset,,Ref-144-Research,Ref-144-Research
bayesian_ridge_conformalized,Bayesian Ridge,shared_publication_held_out,test,0.9,219,178.0,147.92644264322539,99.16481476145718,196.68807052499358,30.073557356774614,30.073557356774614,904.4188520912126,97.5232557635364,48.7616278817682,21.827135345151017,True,covered,0.6167463774936647,97.5232557635364,shared_semantic_recoding_50_percent,shared_publication_test,1451,115,311,25,311,25,1791,1791,,shared_semantic_dataset,,Ref-144-Research,Ref-144-Research
bayesian_ridge_conformalized,Bayesian Ridge,shared_publication_held_out,test,0.9,220,159.0,146.18751449801294,97.54354551545566,194.83148348057023,12.812485501987055,12.812485501987055,164.15978473862847,97.28793796511457,48.64396898255728,21.77446776965774,True,covered,0.26339309414865686,97.28793796511457,shared_semantic_recoding_50_percent,shared_publication_test,1451,115,311,25,311,25,1792,1792,,shared_semantic_dataset,,Ref-144-Research,Ref-144-Research
bayesian_ridge_conformalized,Bayesian Ridge,shared_publication_held_out,test,0.9,221,171.0,160.24349918645152,111.92694240208982,208.5600559708132,10.756500813548485,10.756500813548485,115.70230975186921,96.63311356872339,48.316556784361694,21.627908463208893,True,covered,0.22262556625371888,96.63311356872339,shared_semantic_recoding_50_percent,shared_publication_test,1451,115,311,25,311,25,1793,1793,,shared_semantic_dataset,,Ref-144-Research,Ref-144-Research
bayesian_ridge_conformalized,Bayesian Ridge,shared_publication_held_out,test,0.9,222,165.0,149.18121575977068,100.93154151711374,197.43089000242762,15.81878424022932,15.81878424022932,250.2339348389275,96.49934848531387,48.24967424265694,21.597969875154426,True,covered,0.3278526640547581,96.49934848531387,shared_semantic_recoding_50_percent,shared_publication_test,1451,115,311,25,311,25,1794,1794,,shared_semantic_dataset,,Ref-144-Research,Ref-144-Research
bayesian_ridge_conformalized,Bayesian Ridge,shared_publication_held_out,test,0.9,223,173.0,146.3216904366745,97.90828412293456,194.7350967504144,26.678309563325513,26.678309563325513,711.7322011566255,96.82681262747985,48.41340631373993,21.671261154201463,True,covered,0.5510521071464888,96.82681262747985,shared_semantic_recoding_50_percent,shared_publication_test,1451,115,311,25,311,25,1795,1795,,shared_semantic_dataset,,Ref-144-Research,Ref-144-Research
bayesian_ridge_conformalized,Bayesian Ridge,shared_publication_held_out,test,0.9,224,208.0,160.1069431279665,111.69812306801124,208.51576318792178,47.8930568720335,47.8930568720335,2293.744896547835,96.81764011991054,48.40882005995527,21.66920821244308,True,covered,0.9893456773521233,96.81764011991054,shared_semantic_recoding_50_percent,shared_publication_test,1451,115,311,25,311,25,1796,1796,,shared_semantic_dataset,,Ref-144-Research,Ref-144-Research
bayesian_ridge_conformalized,Bayesian Ridge,shared_publication_held_out,test,0.9,225,104.0,142.8086591580931,94.17867496871386,191.43864334747232,-38.80865915809309,38.80865915809309,1506.1120256490428,97.25996837875846,48.62998418937923,21.76820776590619,True,covered,0.7980397239481087,97.25996837875846,shared_semantic_recoding_50_percent,shared_publication_test,1451,115,311,25,311,25,1797,1797,,shared_semantic_dataset,,Ref-144-Research,Ref-144-Research
bayesian_ridge_conformalized,Bayesian Ridge,shared_publication_held_out,test,0.9,226,175.0,149.72118820096307,101.30096705601213,198.141409345914,25.27881179903693,25.27881179903693,639.0183259711287,96.84044228990189,48.42022114495094,21.674311672604126,True,covered,0.5220713826019545,96.84044228990189,shared_semantic_recoding_50_percent,shared_publication_test,1451,115,311,25,311,25,1798,1798,,shared_semantic_dataset,,Ref-144-Research,Ref-144-Research
bayesian_ridge_conformalized,Bayesian Ridge,shared_publication_held_out,test,0.9,227,149.0,151.84990978060006,103.73809826363305,199.96172129756707,-2.8499097806000577,2.8499097806000577,8.12198575755987,96.22362303393402,48.11181151696701,21.536258474132666,True,covered,0.059235137708232306,96.22362303393402,shared_semantic_recoding_50_percent,shared_publication_test,1451,115,311,25,311,25,1799,1799,,shared_semantic_dataset,,Ref-144-Research,Ref-144-Research
bayesian_ridge_conformalized,Bayesian Ridge,shared_publication_held_out,test,0.9,228,140.0,153.22976064062473,105.13944303432183,201.32007824692764,-13.229760640624733,13.229760640624733,175.02656660822333,96.18063521260581,48.090317606302904,21.526637169070842,True,covered,0.2751023760943261,96.18063521260581,shared_semantic_recoding_50_percent,shared_publication_test,1451,115,311,25,311,25,1800,1800,,shared_semantic_dataset,,Ref-144-Research,Ref-144-Research
bayesian_ridge_conformalized,Bayesian Ridge,shared_publication_held_out,test,0.9,229,132.0,148.8053145962165,100.69803882427556,196.91259036815745,-16.805314596216505,16.805314596216505,282.4185986778075,96.2145515438819,48.10727577194095,21.53422814157661,True,covered,0.3493299989773766,96.2145515438819,shared_semantic_recoding_50_percent,shared_publication_test,1451,115,311,25,311,25,1801,1801,,shared_semantic_dataset,,Ref-144-Research,Ref-144-Research
bayesian_ridge_conformalized,Bayesian Ridge,shared_publication_held_out,test,0.9,230,152.0,145.67909839499302,97.25511390120282,194.1030828887832,6.320901605006981,6.320901605006981,39.95379710017983,96.84796898758039,48.42398449379019,21.67599625796425,True,covered,0.1305324555813362,96.84796898758039,shared_semantic_recoding_50_percent,shared_publication_test,1451,115,311,25,311,25,1802,1802,,shared_semantic_dataset,,Ref-144-Research,Ref-144-Research
bayesian_ridge_conformalized,Bayesian Ridge,shared_publication_held_out,test,0.9,231,149.0,148.62024473492917,100.43728779825496,196.8032016716034,0.3797552650708269,0.3797552650708269,0.14421406134901402,96.36591387334845,48.18295693667422,21.568105251457293,True,covered,0.007881526772421434,96.36591387334845,shared_semantic_recoding_50_percent,shared_publication_test,1451,115,311,25,311,25,1803,1803,,shared_semantic_dataset,,Ref-144-Research,Ref-144-Research
bayesian_ridge_conformalized,Bayesian Ridge,shared_publication_held_out,test,0.9,232,138.0,145.82005173177765,97.54079912100404,194.09930434255125,-7.820051731777653,7.820051731777653,61.15320908767867,96.55850522154721,48.279252610773604,21.611210020576493,True,covered,0.16197540990998263,96.55850522154721,shared_semantic_recoding_50_percent,shared_publication_test,1451,115,311,25,311,25,1804,1804,,shared_semantic_dataset,,Ref-144-Research,Ref-144-Research
bayesian_ridge_conformalized,Bayesian Ridge,shared_publication_held_out,test,0.9,233,211.0,163.27831840718784,114.96764149217513,211.58899532220056,47.72168159281216,47.72168159281216,2277.358894045747,96.62135383002543,48.31067691501271,21.625276461168205,True,covered,0.9878081749250439,96.62135383002543,shared_semantic_recoding_50_percent,shared_publication_test,1451,115,311,25,311,25,1805,1805,,shared_semantic_dataset,,Ref-144-Research,Ref-144-Research
bayesian_ridge_conformalized,Bayesian Ridge,shared_publication_held_out,test,0.9,234,166.0,151.07941451551662,102.72900160467094,199.4298274263623,14.920585484483382,14.920585484483382,222.6238711997762,96.70082582169135,48.35041291084568,21.643063458789033,True,covered,0.3085927210589857,96.70082582169135,shared_semantic_recoding_50_percent,shared_publication_test,1451,115,311,25,311,25,1806,1806,,shared_semantic_dataset,,Ref-144-Research,Ref-144-Research
bayesian_ridge_conformalized,Bayesian Ridge,shared_publication_held_out,test,0.9,235,174.0,151.07941451551662,102.72900160467094,199.4298274263623,22.920585484483382,22.920585484483382,525.3532389515103,96.70082582169135,48.35041291084568,21.643063458789033,True,covered,0.4740514941774566,96.70082582169135,shared_semantic_recoding_50_percent,shared_publication_test,1451,115,311,25,311,25,1807,1807,,shared_semantic_dataset,,Ref-144-Research,Ref-144-Research
bayesian_ridge_conformalized,Bayesian Ridge,shared_publication_held_out,test,0.9,236,179.0,149.5420090133578,101.00841719229112,198.0756008344245,29.457990986642187,29.457990986642187,867.7732329690923,97.06718364213339,48.53359182106669,21.725059713620105,True,covered,0.6069608673359207,97.06718364213339,shared_semantic_recoding_50_percent,shared_publication_test,1451,115,311,25,311,25,1808,1808,,shared_semantic_dataset,,Ref-144-Research,Ref-144-Research
bayesian_ridge_conformalized,Bayesian Ridge,shared_publication_held_out,test,0.9,237,156.0,149.3177718182557,101.13347344940095,197.50207018711043,6.682228181744307,6.682228181744307,44.65217347289783,96.36859673770948,48.18429836885474,21.568705715859995,True,covered,0.13868061605030138,96.36859673770948,shared_semantic_recoding_50_percent,shared_publication_test,1451,115,311,25,311,25,1809,1809,,shared_semantic_dataset,,Ref-144-Research,Ref-144-Research
bayesian_ridge_conformalized,Bayesian Ridge,shared_publication_held_out,test,0.9,238,167.0,150.58495659754803,102.39678440801985,198.7731287870762,16.41504340245197,16.41504340245197,269.45364990438196,96.37634437905633,48.18817218952817,21.570439751654426,True,covered,0.3406446573215148,96.37634437905633,shared_semantic_recoding_50_percent,shared_publication_test,1451,115,311,25,311,25,1810,1810,,shared_semantic_dataset,,Ref-144-Research,Ref-144-Research
bayesian_ridge_conformalized,Bayesian Ridge,shared_publication_held_out,test,0.9,239,180.0,158.77251139450428,110.36753824769605,207.1774845413125,21.227488605495722,21.227488605495722,450.60627249645074,96.80994629361646,48.40497314680823,21.667486221246957,True,covered,0.43853941497115445,96.80994629361646,shared_semantic_recoding_50_percent,shared_publication_test,1451,115,311,25,311,25,1811,1811,,shared_semantic_dataset,,Ref-144-Research,Ref-144-Research
bayesian_ridge_conformalized,Bayesian Ridge,shared_publication_held_out,test,0.9,240,135.0,150.14254232712094,102.04701795173253,198.23806670250934,-15.142542327120935,15.142542327120935,229.29658812864912,96.19104875077682,48.09552437538841,21.528967871684294,True,covered,0.3148430654156611,96.19104875077682,shared_semantic_recoding_50_percent,shared_publication_test,1451,115,311,25,311,25,1812,1812,,shared_semantic_dataset,,Ref-144-Research,Ref-144-Research
bayesian_ridge_conformalized,Bayesian Ridge,shared_publication_held_out,test,0.9,241,195.0,163.76656768179612,115.37671594905902,212.15641941453322,31.23343231820388,31.23343231820388,975.5272943758227,96.7797034654742,48.3898517327371,21.6607174326343,True,covered,0.6454541851194304,96.7797034654742,shared_semantic_recoding_50_percent,shared_publication_test,1451,115,311,25,311,25,1813,1813,,shared_semantic_dataset,,Ref-144-Research,Ref-144-Research
bayesian_ridge_conformalized,Bayesian Ridge,shared_publication_held_out,test,0.9,242,156.0,148.62024473492917,100.43728779825496,196.8032016716034,7.379755265070827,7.379755265070827,54.46078777234059,96.36591387334845,48.18295693667422,21.568105251457293,True,covered,0.15316111202494012,96.36591387334845,shared_semantic_recoding_50_percent,shared_publication_test,1451,115,311,25,311,25,1814,1814,,shared_semantic_dataset,,Ref-144-Research,Ref-144-Research
bayesian_ridge_conformalized,Bayesian Ridge,shared_publication_held_out,test,0.9,243,129.0,148.5277098042855,100.27447043133795,196.78094917723308,-19.527709804285507,19.527709804285507,381.3314502003883,96.50647874589514,48.25323937294757,21.599565732076293,True,covered,0.40469220425506636,96.50647874589514,shared_semantic_recoding_50_percent,shared_publication_test,1451,115,311,25,311,25,1815,1815,,shared_semantic_dataset,,Ref-144-Research,Ref-144-Research
bayesian_ridge_conformalized,Bayesian Ridge,shared_publication_held_out,test,0.9,244,130.0,149.9574724658336,101.76151182636706,198.15343310530017,-19.957472465833604,19.957472465833604,398.3007072245064,96.39192127893311,48.195960639466556,21.57392609036621,True,covered,0.414090147826432,96.39192127893311,shared_semantic_recoding_50_percent,shared_publication_test,1451,115,311,25,311,25,1816,1816,,shared_semantic_dataset,,Ref-144-Research,Ref-144-Research
bayesian_ridge_conformalized,Bayesian Ridge,shared_publication_held_out,test,0.9,245,147.0,152.8169977889298,104.69088911626025,200.94310646159934,-5.816997788929797,5.816997788929797,33.83746327641415,96.25221734533909,48.126108672669545,21.542658300515143,True,covered,0.12086989680578987,96.25221734533909,shared_semantic_recoding_50_percent,shared_publication_test,1451,115,311,25,311,25,1817,1817,,shared_semantic_dataset,,Ref-144-Research,Ref-144-Research
bayesian_ridge_conformalized,Bayesian Ridge,shared_publication_held_out,test,0.9,246,159.0,150.20922488008893,101.66266561266639,198.75578414751146,8.790775119911075,8.790775119911075,77.27772720884757,97.09311853484508,48.54655926742254,21.73086432308425,True,covered,0.18107926189962092,97.09311853484508,shared_semantic_recoding_50_percent,shared_publication_test,1451,115,311,25,311,25,1818,1818,,shared_semantic_dataset,,Ref-144-Research,Ref-144-Research
bayesian_ridge_conformalized,Bayesian Ridge,shared_publication_held_out,test,0.9,247,120.0,145.66818448118931,97.2559466060049,194.08042235637373,-25.668184481189314,25.668184481189314,658.855694560368,96.82447575036883,48.41223787518442,21.670738126821092,True,covered,0.5302003296638874,96.82447575036883,shared_semantic_recoding_50_percent,shared_publication_test,1451,115,311,25,311,25,1819,1819,,shared_semantic_dataset,,Ref-144-Research,Ref-144-Research
bayesian_ridge_conformalized,Bayesian Ridge,shared_publication_held_out,test,0.9,248,163.0,160.24349918645152,111.92694240208982,208.5600559708132,2.7565008135484845,2.7565008135484845,7.598296735093457,96.63311356872339,48.316556784361694,21.627908463208893,True,covered,0.0570508537239281,96.63311356872339,shared_semantic_recoding_50_percent,shared_publication_test,1451,115,311,25,311,25,1820,1820,,shared_semantic_dataset,,Ref-144-Research,Ref-144-Research
bayesian_ridge_conformalized,Bayesian Ridge,shared_publication_held_out,test,0.9,249,177.0,151.49440896345183,102.96070147880633,200.02811644809734,25.505591036548168,25.505591036548168,650.5351741236462,97.06741496929101,48.533707484645504,21.72511148803164,True,covered,0.5255232364973831,97.06741496929101,shared_semantic_recoding_50_percent,shared_publication_test,1451,115,311,25,311,25,1821,1821,,shared_semantic_dataset,,Ref-144-Research,Ref-144-Research
bayesian_ridge_conformalized,Bayesian Ridge,shared_publication_held_out,test,0.9,250,169.0,148.84877132285595,100.33000004499205,197.36754260071984,20.151228677144047,20.151228677144047,406.0720171985526,97.0375425557278,48.5187712778639,21.71842560363591,True,covered,0.41532850371950375,97.0375425557278,shared_semantic_recoding_50_percent,shared_publication_test,1451,115,311,25,311,25,1822,1822,,shared_semantic_dataset,,Ref-144-Research,Ref-144-Research
bayesian_ridge_conformalized,Bayesian Ridge,shared_publication_held_out,test,0.9,251,164.0,148.96872607599147,100.55425825020583,197.3831939017771,15.03127392400853,15.03127392400853,225.9391957785788,96.82893565157127,48.414467825785636,21.67173631813873,True,covered,0.3104707042964303,96.82893565157127,shared_semantic_recoding_50_percent,shared_publication_test,1451,115,311,25,311,25,1823,1823,,shared_semantic_dataset,,Ref-144-Research,Ref-144-Research
bayesian_ridge_conformalized,Bayesian Ridge,shared_publication_held_out,test,0.9,252,210.0,163.002622888258,114.51418283125864,211.49106294525737,46.997377111742,46.997377111742,2208.7534553832907,96.97688011399873,48.488440056999366,21.704848459234597,True,covered,0.96924910466279,96.97688011399873,shared_semantic_recoding_50_percent,shared_publication_test,1451,115,311,25,311,25,1824,1824,,shared_semantic_dataset,,Ref-144-Research,Ref-144-Research
bayesian_ridge_conformalized,Bayesian Ridge,shared_publication_held_out,test,0.9,253,162.0,148.84877132285595,100.33000004499205,197.36754260071984,13.151228677144047,13.151228677144047,172.95481571853597,97.0375425557278,48.5187712778639,21.71842560363591,True,covered,0.27105444616121466,97.0375425557278,shared_semantic_recoding_50_percent,shared_publication_test,1451,115,311,25,311,25,1825,1825,,shared_semantic_dataset,,Ref-144-Research,Ref-144-Research
bayesian_ridge_conformalized,Bayesian Ridge,shared_publication_held_out,test,0.9,254,175.0,160.1069431279665,111.69812306801124,208.51576318792178,14.893056872033497,14.893056872033497,221.8031429936242,96.81764011991054,48.40882005995527,21.66920821244308,True,covered,0.30765172242554467,96.81764011991054,shared_semantic_recoding_50_percent,shared_publication_test,1451,115,311,25,311,25,1826,1826,,shared_semantic_dataset,,Ref-144-Research,Ref-144-Research
bayesian_ridge_conformalized,Bayesian Ridge,shared_publication_held_out,test,0.9,255,165.0,150.20922488008893,101.66266561266639,198.75578414751146,14.790775119911075,14.790775119911075,218.76702864778048,97.09311853484508,48.54655926742254,21.73086432308425,True,covered,0.3046719549872717,97.09311853484508,shared_semantic_recoding_50_percent,shared_publication_test,1451,115,311,25,311,25,1827,1827,,shared_semantic_dataset,,Ref-144-Research,Ref-144-Research
bayesian_ridge_conformalized,Bayesian Ridge,shared_publication_held_out,test,0.9,256,185.0,158.77251139450428,110.36753824769605,207.1774845413125,26.227488605495722,26.227488605495722,687.8811585514079,96.80994629361646,48.40497314680823,21.667486221246957,True,covered,0.5418345864163574,96.80994629361646,shared_semantic_recoding_50_percent,shared_publication_test,1451,115,311,25,311,25,1828,1828,,shared_semantic_dataset,,Ref-144-Research,Ref-144-Research
bayesian_ridge_conformalized,Bayesian Ridge,shared_publication_held_out,test,0.9,257,181.0,148.3233380368678,99.88570930204699,196.7609667716886,32.676661963132204,32.676661963132204,1067.764237052811,96.87525746964161,48.437628734820805,21.682103820582526,True,covered,0.6746131637043089,96.87525746964161,shared_semantic_recoding_50_percent,shared_publication_test,1451,115,311,25,311,25,1829,1829,,shared_semantic_dataset,,Ref-144-Research,Ref-144-Research
bayesian_ridge_conformalized,Bayesian Ridge,shared_publication_held_out,test,0.9,258,159.0,149.08868082912701,100.75462770282833,197.4227339554257,9.911319170872986,9.911319170872986,98.23424770691437,96.66810625259738,48.33405312629869,21.635740339216596,True,covered,0.2050587221595991,96.66810625259738,shared_semantic_recoding_50_percent,shared_publication_test,1451,115,311,25,311,25,1830,1830,,shared_semantic_dataset,,Ref-144-Research,Ref-144-Research
bayesian_ridge_conformalized,Bayesian Ridge,shared_publication_held_out,test,0.9,259,229.0,164.47361068020524,116.0857723162257,212.86144904418478,64.52638931979476,64.52638931979476,4163.654918649723,96.77567672795908,48.38783836397954,21.65981618970456,False,above_interval_underprediction,1.3335249414205892,419.5466958442635,shared_semantic_recoding_50_percent,shared_publication_test,1451,115,311,25,311,25,1831,1831,,shared_semantic_dataset,,Ref-144-Research,Ref-144-Research
bayesian_ridge_conformalized,Bayesian Ridge,shared_publication_held_out,test,0.9,260,168.0,148.9810379885163,100.55871656345573,197.40335941357688,19.018962011483694,19.018962011483694,361.7209159942599,96.84464285012115,48.422321425060574,21.675251819605098,True,covered,0.39277261915081557,96.84464285012115,shared_semantic_recoding_50_percent,shared_publication_test,1451,115,311,25,311,25,1832,1832,,shared_semantic_dataset,,Ref-144-Research,Ref-144-Research
bayesian_ridge_conformalized,Bayesian Ridge,shared_publication_held_out,test,0.9,261,195.0,163.76656768179612,115.37671594905902,212.15641941453322,31.23343231820388,31.23343231820388,975.5272943758227,96.7797034654742,48.3898517327371,21.6607174326343,True,covered,0.6454541851194304,96.7797034654742,shared_semantic_recoding_50_percent,shared_publication_test,1451,115,311,25,311,25,1833,1833,,shared_semantic_dataset,,Ref-144-Research,Ref-144-Research
bayesian_ridge_conformalized,Bayesian Ridge,shared_publication_held_out,test,0.9,262,167.0,149.72118820096307,101.30096705601213,198.141409345914,17.27881179903693,17.27881179903693,298.55733718653784,96.84044228990189,48.42022114495094,21.674311672604126,True,covered,0.3568511541347781,96.84044228990189,shared_semantic_recoding_50_percent,shared_publication_test,1451,115,311,25,311,25,1834,1834,,shared_semantic_dataset,,Ref-144-Research,Ref-144-Research
bayesian_ridge_conformalized,Bayesian Ridge,shared_publication_held_out,test,0.9,263,117.0,144.2384218196412,95.72460982592196,192.75223381336042,-27.23842181964119,27.23842181964119,741.9316232247053,97.02762398743846,48.51381199371923,21.71620568254338,True,covered,0.5614570511005726,97.02762398743846,shared_semantic_recoding_50_percent,shared_publication_test,1451,115,311,25,311,25,1835,1835,,shared_semantic_dataset,,Ref-144-Research,Ref-144-Research
bayesian_ridge_conformalized,Bayesian Ridge,shared_publication_held_out,test,0.9,264,223.0,163.27831840718784,114.96764149217513,211.58899532220056,59.72168159281216,59.72168159281216,3566.679252273239,96.62135383002543,48.31067691501271,21.625276461168205,False,above_interval_underprediction,1.2362004717481703,324.84144738601424,shared_semantic_recoding_50_percent,shared_publication_test,1451,115,311,25,311,25,1836,1836,,shared_semantic_dataset,,Ref-144-Research,Ref-144-Research
bayesian_ridge_conformalized,Bayesian Ridge,shared_publication_held_out,test,0.9,265,214.0,168.0516616702771,119.89416498224321,216.209158358311,45.9483383297229,45.9483383297229,2111.2497952626827,96.31499337606778,48.15749668803389,21.556708497141763,True,covered,0.9541263871620653,96.31499337606778,shared_semantic_recoding_50_percent,shared_publication_test,1451,115,311,25,311,25,1837,1837,,shared_semantic_dataset,,Ref-144-Research,Ref-144-Research
bayesian_ridge_conformalized,Bayesian Ridge,shared_publication_held_out,test,0.9,266,203.0,163.76656768179612,115.37671594905902,212.15641941453322,39.23343231820388,39.23343231820388,1539.2622114670849,96.7797034654742,48.3898517327371,21.6607174326343,True,covered,0.8107781056014552,96.7797034654742,shared_semantic_recoding_50_percent,shared_publication_test,1451,115,311,25,311,25,1838,1838,,shared_semantic_dataset,,Ref-144-Research,Ref-144-Research
bayesian_ridge_conformalized,Bayesian Ridge,shared_publication_held_out,test,0.9,267,176.0,159.48235039035563,111.07597035535947,207.8887304253518,16.517649609644366,16.517649609644366,272.83274862698465,96.81276006999234,48.40638003499617,21.668115985679098,True,covered,0.34122877186235917,96.81276006999234,shared_semantic_recoding_50_percent,shared_publication_test,1451,115,311,25,311,25,1839,1839,,shared_semantic_dataset,,Ref-144-Research,Ref-144-Research
bayesian_ridge_conformalized,Bayesian Ridge,shared_publication_held_out,test,0.9,268,138.0,151.3872351273817,103.23366450216344,199.54080575259997,-13.3872351273817,13.3872351273817,179.21806435580254,96.30714125043653,48.153570625218265,21.55495107623166,True,covered,0.2780112659053935,96.30714125043653,shared_semantic_recoding_50_percent,shared_publication_test,1451,115,311,25,311,25,1840,1840,,shared_semantic_dataset,,Ref-144-Research,Ref-144-Research
bayesian_ridge_conformalized,Bayesian Ridge,shared_publication_held_out,test,0.9,269,225.0,165.839751628984,117.45191403083997,214.22758922712802,59.160248371015996,59.160248371015996,3499.934987320301,96.77567519628805,48.387837598144024,21.659815846894116,False,above_interval_underprediction,1.2226264141484422,312.22389065372766,shared_semantic_recoding_50_percent,shared_publication_test,1451,115,311,25,311,25,1841,1841,,shared_semantic_dataset,,Ref-144-Research,Ref-144-Research
bayesian_ridge_conformalized,Bayesian Ridge,shared_publication_held_out,test,0.9,270,156.0,151.88911635686682,104.03663865752142,199.74159405621222,4.110883643133178,4.110883643133178,16.89936432737991,95.7049553986908,47.8524776993454,21.420173048303027,True,covered,0.08590743553472077,95.7049553986908,shared_semantic_recoding_50_percent,shared_publication_test,1451,115,311,25,311,25,1842,1842,,shared_semantic_dataset,,Ref-144-Research,Ref-144-Research
bayesian_ridge_conformalized,Bayesian Ridge,shared_publication_held_out,test,0.9,271,150.0,149.11640122713942,101.2463591757548,196.98644327852404,0.8835987728605801,0.8835987728605801,0.780746791400723,95.74008410276923,47.870042051384615,21.42803536762796,True,covered,0.018458282779699846,95.74008410276923,shared_semantic_recoding_50_percent,shared_publication_test,1451,115,311,25,311,25,1843,1843,,shared_semantic_dataset,,Ref-144-Research,Ref-144-Research
bayesian_ridge_conformalized,Bayesian Ridge,shared_publication_held_out,test,0.9,272,151.0,149.236668027529,101.35650860199902,197.11682745305896,1.7633319724710077,1.7633319724710077,3.1093396451384945,95.76031885105994,47.88015942552997,21.432564201147287,True,covered,0.03682803051676535,95.76031885105994,shared_semantic_recoding_50_percent,shared_publication_test,1451,115,311,25,311,25,1844,1844,,shared_semantic_dataset,,Ref-144-Research,Ref-144-Research
bayesian_ridge_conformalized,Bayesian Ridge,shared_publication_held_out,test,0.9,273,210.0,168.9517815468163,120.90212403504663,217.001439058586,41.048218453183694,41.048218453183694,1684.9562381802903,96.09931502353936,48.04965751176968,21.508436517757985,True,covered,0.8542874305218305,96.09931502353936,shared_semantic_recoding_50_percent,shared_publication_test,1451,115,311,25,311,25,1845,1845,,shared_semantic_dataset,,Ref-144-Research,Ref-144-Research
bayesian_ridge_conformalized,Bayesian Ridge,shared_publication_held_out,test,0.9,274,205.0,166.1790664170889,118.11303546077852,214.2450973733993,38.820933582911096,38.820933582911096,1507.0648842487944,96.13206191262077,48.066030956310385,21.515765751944393,True,covered,0.8076583984685022,96.13206191262077,shared_semantic_recoding_50_percent,shared_publication_test,1451,115,311,25,311,25,1846,1846,,shared_semantic_dataset,,Ref-144-Research,Ref-144-Research
bayesian_ridge_conformalized,Bayesian Ridge,shared_publication_held_out,test,0.9,275,193.0,166.29933321747848,118.22667670087561,214.37198973408135,26.700666782521523,26.700666782521523,712.9256066312482,96.14531303320574,48.07265651660287,21.518731547130564,True,covered,0.55542315980187,96.14531303320574,shared_semantic_recoding_50_percent,shared_publication_test,1451,115,311,25,311,25,1847,1847,,shared_semantic_dataset,,Ref-144-Research,Ref-144-Research
bayesian_ridge_conformalized,Bayesian Ridge,shared_publication_held_out,test,0.9,276,112.0,151.7519751521967,103.57699061938811,199.9269596850053,-39.75197515219671,39.75197515219671,1580.2195285008643,96.34996906561719,48.174984532808594,21.564536569570315,True,covered,0.8251580262599655,96.34996906561719,shared_semantic_recoding_50_percent,shared_publication_test,1451,115,311,25,311,25,1999,1999,,shared_semantic_dataset,,Ref-160-Research,Ref-160-Research
bayesian_ridge_conformalized,Bayesian Ridge,shared_publication_held_out,test,0.9,277,115.0,151.1989926574143,103.01920852185978,199.3787767929688,-36.198992657414294,36.198992657414294,1310.367069411534,96.35956827110903,48.17978413555451,21.566685012583584,True,covered,0.7513315658610655,96.35956827110903,shared_semantic_recoding_50_percent,shared_publication_test,1451,115,311,25,311,25,2000,2000,,shared_semantic_dataset,,Ref-160-Research,Ref-160-Research
bayesian_ridge_conformalized,Bayesian Ridge,shared_publication_held_out,test,0.9,278,135.0,150.46168266437107,102.26342810341976,198.65993722532238,-15.461682664371068,15.461682664371068,239.06363081371282,96.39650912190262,48.19825456095131,21.57495291692829,True,covered,0.3207934147245579,96.39650912190262,shared_semantic_recoding_50_percent,shared_publication_test,1451,115,311,25,311,25,2001,2001,,shared_semantic_dataset,,Ref-160-Research,Ref-160-Research
bayesian_ridge_conformalized,Bayesian Ridge,shared_publication_held_out,test,0.9,279,152.0,149.90870016958866,101.68754824255117,198.12985209662614,2.0912998304113444,2.0912998304113444,4.373534980678517,96.44230385407496,48.22115192703748,21.585202449815547,True,covered,0.043368931409511965,96.44230385407496,shared_semantic_recoding_50_percent,shared_publication_test,1451,115,311,25,311,25,2002,2002,,shared_semantic_dataset,,Ref-160-Research,Ref-160-Research
bayesian_ridge_conformalized,Bayesian Ridge,shared_publication_held_out,test,0.9,280,148.0,149.35571767480624,101.10392782963521,197.60750751997728,-1.3557176748062432,1.3557176748062432,1.8379704137820465,96.50357969034206,48.25178984517103,21.598916880913208,True,covered,0.02809673338867701,96.50357969034206,shared_semantic_recoding_50_percent,shared_publication_test,1451,115,311,25,311,25,2003,2003,,shared_semantic_dataset,,Ref-160-Research,Ref-160-Research
bayesian_ridge_conformalized,Bayesian Ridge,shared_publication_held_out,test,0.9,281,115.0,151.6409963408486,103.4660608243059,199.81593185739132,-36.6409963408486,36.6409963408486,1342.5626128500805,96.34987103308542,48.17493551654271,21.564514628451526,True,covered,0.7605821564258558,96.34987103308542,shared_semantic_recoding_50_percent,shared_publication_test,1451,115,311,25,311,25,2004,2004,,shared_semantic_dataset,,Ref-160-Research,Ref-160-Research
bayesian_ridge_conformalized,Bayesian Ridge,shared_publication_held_out,test,0.9,282,125.0,151.0880138460662,102.90351225568409,199.2725154364483,-26.08801384606619,26.08801384606619,680.5844664325413,96.3690031807642,48.1845015903821,21.568796683778316,True,covered,0.541419190507379,96.3690031807642,shared_semantic_recoding_50_percent,shared_publication_test,1451,115,311,25,311,25,2005,2005,,shared_semantic_dataset,,Ref-160-Research,Ref-160-Research
bayesian_ridge_conformalized,Bayesian Ridge,shared_publication_held_out,test,0.9,283,145.0,150.350703853023,102.14138152433391,198.5600261817121,-5.350703853022992,5.350703853022992,28.630031722755092,96.41864465737818,48.20932232868909,21.579907174504896,True,covered,0.11098898707893305,96.41864465737818,shared_semantic_recoding_50_percent,shared_publication_test,1451,115,311,25,311,25,2006,2006,,shared_semantic_dataset,,Ref-160-Research,Ref-160-Research
bayesian_ridge_conformalized,Bayesian Ridge,shared_publication_held_out,test,0.9,284,155.0,149.79772135824058,101.56074563714245,198.0346970793387,5.2022786417594205,5.2022786417594205,27.06370306650624,96.47395144219627,48.23697572109813,21.5922856443199,True,covered,0.1078483583182853,96.47395144219627,shared_semantic_recoding_50_percent,shared_publication_test,1451,115,311,25,311,25,2007,2007,,shared_semantic_dataset,,Ref-160-Research,Ref-160-Research
bayesian_ridge_conformalized,Bayesian Ridge,shared_publication_held_out,test,0.9,285,155.0,149.24473886345817,100.97237747841577,197.51710024850058,5.755261136541833,5.755261136541833,33.12303074978879,96.54472277008482,48.27236138504241,21.608125305745116,True,covered,0.1192247690274615,96.54472277008482,shared_semantic_recoding_50_percent,shared_publication_test,1451,115,311,25,311,25,2008,2008,,shared_semantic_dataset,,Ref-160-Research,Ref-160-Research
bayesian_ridge_conformalized,Bayesian Ridge,shared_publication_held_out,test,0.9,286,83.0,143.90600540239745,95.6916319361573,192.1203788686376,-60.906005402397454,60.906005402397454,3709.541494076868,96.42874693248031,48.214373466240154,21.582168211877185,False,below_interval_overprediction,1.2632333684693429,350.2613856556262,shared_semantic_recoding_50_percent,shared_publication_test,1451,115,311,25,311,25,2009,2009,,shared_semantic_dataset,,Ref-161-Research,Ref-161-Research
bayesian_ridge_conformalized,Bayesian Ridge,shared_publication_held_out,test,0.9,287,100.0,143.02455351354052,94.88781273717106,191.16129428991,-43.024553513540525,43.024553513540525,1851.1122050395122,96.27348155273893,48.136740776369464,21.54741754208567,True,covered,0.8937986415287481,96.27348155273893,shared_semantic_recoding_50_percent,shared_publication_test,1451,115,311,25,311,25,2010,2010,,shared_semantic_dataset,,Ref-161-Research,Ref-161-Research
bayesian_ridge_conformalized,Bayesian Ridge,shared_publication_held_out,test,0.9,288,114.0,145.0906190297602,96.9917310324854,193.189507027035,-31.090619029760205,31.090619029760205,966.6265916536875,96.1977759945496,48.0988879972748,21.530473527532006,True,covered,0.6463895595990025,96.1977759945496,shared_semantic_recoding_50_percent,shared_publication_test,1451,115,311,25,311,25,2011,2011,,shared_semantic_dataset,,Ref-161-Research,Ref-161-Research
bayesian_ridge_conformalized,Bayesian Ridge,shared_publication_held_out,test,0.9,289,118.0,147.1566845459799,99.07405640426373,195.2393126876961,-29.156684545979914,29.156684545979914,850.112253713784,96.16525628343237,48.082628141716185,21.523195139106768,True,covered,0.6063870814225264,96.16525628343237,shared_semantic_recoding_50_percent,shared_publication_test,1451,115,311,25,311,25,2012,2012,,shared_semantic_dataset,,Ref-161-Research,Ref-161-Research
bayesian_ridge_conformalized,Bayesian Ridge,shared_publication_held_out,test,0.9,290,116.0,149.8865284480776,101.7982785089205,197.9747783872347,-33.8865284480776,33.8865284480776,1148.2968102623724,96.17649987831419,48.088249939157095,21.52571162058936,True,covered,0.7046737714712429,96.17649987831419,shared_semantic_recoding_50_percent,shared_publication_test,1451,115,311,25,311,25,2013,2013,,shared_semantic_dataset,,Ref-161-Research,Ref-161-Research
bayesian_ridge_conformalized,Bayesian Ridge,shared_publication_held_out,test,0.9,291,110.0,152.77230191673416,104.65176297615841,200.89284085730992,-42.772301916734165,42.772301916734165,1829.4698112562612,96.24107788115151,48.120538940575756,21.540165125009555,True,covered,0.8888574994879805,96.24107788115151,shared_semantic_recoding_50_percent,shared_publication_test,1451,115,311,25,311,25,2014,2014,,shared_semantic_dataset,,Ref-161-Research,Ref-161-Research
bayesian_ridge_conformalized,Bayesian Ridge,shared_publication_held_out,test,0.9,292,135.2,159.56178781636737,111.50691491751333,207.61666071522143,-24.361787816367382,24.361787816367382,593.4967056097062,96.1097457977081,48.05487289885405,21.510771078040584,True,covered,0.5069576995374454,96.1097457977081,shared_semantic_recoding_50_percent,shared_publication_test,1451,115,311,25,311,25,2015,2015,,shared_semantic_dataset,,Ref-162-Research,Ref-162-Research
bayesian_ridge_conformalized,Bayesian Ridge,shared_publication_held_out,test,0.9,293,137.4,167.52087728274017,119.42217669392903,215.61957787155131,-30.120877282740167,30.120877282740167,907.2672482818926,96.19740117762228,48.09870058881114,21.530389638004955,True,covered,0.6262305824067724,96.19740117762228,shared_semantic_recoding_50_percent,shared_publication_test,1451,115,311,25,311,25,2016,2016,,shared_semantic_dataset,,Ref-162-Research,Ref-162-Research
bayesian_ridge_conformalized,Bayesian Ridge,shared_publication_held_out,test,0.9,294,139.7,170.84967279923939,122.78531853141817,218.9140270670606,-31.149672799239397,31.149672799239397,970.3021154996748,96.12870853564243,48.064354267821216,21.515015216981258,True,covered,0.6480826232610787,96.12870853564243,shared_semantic_recoding_50_percent,shared_publication_test,1451,115,311,25,311,25,2017,2017,,shared_semantic_dataset,,Ref-162-Research,Ref-162-Research
bayesian_ridge_conformalized,Bayesian Ridge,shared_publication_held_out,test,0.9,295,149.2,174.17846831573857,126.13521196746262,222.22172466401452,-24.97846831573858,24.97846831573858,623.9238794003562,96.08651269655189,48.043256348275946,21.505571169162916,True,covered,0.5199162216371069,96.08651269655189,shared_semantic_recoding_50_percent,shared_publication_test,1451,115,311,25,311,25,2018,2018,,shared_semantic_dataset,,Ref-162-Research,Ref-162-Research
bayesian_ridge_conformalized,Bayesian Ridge,shared_publication_held_out,test,0.9,296,157.3,177.50726383223775,129.47183954533568,225.54268811913983,-20.207263832237743,20.207263832237743,408.3335115856636,96.07084857380414,48.03542428690207,21.502065308693012,True,covered,0.4206742030953124,96.07084857380414,shared_semantic_recoding_50_percent,shared_publication_test,1451,115,311,25,311,25,2019,2019,,shared_semantic_dataset,,Ref-162-Research,Ref-162-Research
bayesian_ridge_conformalized,Bayesian Ridge,shared_publication_held_out,test,0.9,297,156.0,180.83605934873694,132.79519477687208,228.8769239206018,-24.83605934873694,24.83605934873694,616.8298439739834,96.08172914372972,48.04086457186486,21.504500539864676,True,covered,0.516977776525741,96.08172914372972,shared_semantic_recoding_50_percent,shared_publication_test,1451,115,311,25,311,25,2020,2020,,shared_semantic_dataset,,Ref-162-Research,Ref-162-Research
bayesian_ridge_conformalized,Bayesian Ridge,shared_publication_held_out,test,0.9,298,158.1,184.16485486523612,136.10528216931186,232.22442756116038,-26.06485486523613,26.06485486523613,679.3766591458235,96.11914539184852,48.05957269592426,21.51287484510503,True,covered,0.5423447068526804,96.11914539184852,shared_semantic_recoding_50_percent,shared_publication_test,1451,115,311,25,311,25,2021,2021,,shared_semantic_dataset,,Ref-162-Research,Ref-162-Research
bayesian_ridge_conformalized,Bayesian Ridge,shared_publication_held_out,test,0.9,299,138.3,167.24343025436997,119.20723788631247,215.27962262242747,-28.943430254369957,28.943430254369957,837.7221548895782,96.072384736115,48.0361923680575,21.502409124354298,True,covered,0.6025338151825788,96.072384736115,shared_semantic_recoding_50_percent,shared_publication_test,1451,115,311,25,311,25,2022,2022,,shared_semantic_dataset,,Ref-162-Research,Ref-162-Research
bayesian_ridge_conformalized,Bayesian Ridge,shared_publication_held_out,test,0.9,300,145.0,170.57222577086915,122.56669118979244,218.57776035194587,-25.572225770869153,25.572225770869153,653.9387308763045,96.01106916215343,48.00553458107672,21.488685799377638,True,covered,0.5326932820148087,96.01106916215343,shared_semantic_recoding_50_percent,shared_publication_test,1451,115,311,25,311,25,2023,2023,,shared_semantic_dataset,,Ref-162-Research,Ref-162-Research
bayesian_ridge_conformalized,Bayesian Ridge,shared_publication_held_out,test,0.9,301,152.8,173.90102128736834,125.91287587496578,221.8891666997709,-21.101021287368326,21.101021287368326,445.25309936997127,95.97629082480512,47.98814541240256,21.480901897266925,True,covered,0.4397132063768973,95.97629082480512,shared_semantic_recoding_50_percent,shared_publication_test,1451,115,311,25,311,25,2024,2024,,shared_semantic_dataset,,Ref-162-Research,Ref-162-Research
bayesian_ridge_conformalized,Bayesian Ridge,shared_publication_held_out,test,0.9,302,162.6,177.22981680386755,129.24577751639362,225.21385609134148,-14.629816803867556,14.629816803867556,214.0315397147255,95.96807857494787,47.984039287473934,21.479063875271876,True,covered,0.30488923027550574,95.96807857494787,shared_semantic_recoding_50_percent,shared_publication_test,1451,115,311,25,311,25,2025,2025,,shared_semantic_dataset,,Ref-162-Research,Ref-162-Research
bayesian_ridge_conformalized,Bayesian Ridge,shared_publication_held_out,test,0.9,303,164.5,180.55861232036673,132.5653927047293,228.55183193600416,-16.058612320366734,16.058612320366734,257.87902965583424,95.98643923127486,47.99321961563743,21.483173259516043,True,covered,0.33460168850881644,95.98643923127486,shared_semantic_recoding_50_percent,shared_publication_test,1451,115,311,25,311,25,2026,2026,,shared_semantic_dataset,,Ref-162-Research,Ref-162-Research
bayesian_ridge_conformalized,Bayesian Ridge,shared_publication_held_out,test,0.9,304,168.7,183.88740783686592,135.871729060858,231.90308661287384,-15.18740783686593,15.18740783686593,230.65735680329666,96.03135755201583,48.01567877600792,21.493226638667664,True,covered,0.31630101300274965,96.03135755201583,shared_semantic_recoding_50_percent,shared_publication_test,1451,115,311,25,311,25,2027,2027,,shared_semantic_dataset,,Ref-162-Research,Ref-162-Research
bayesian_ridge_conformalized,Bayesian Ridge,shared_publication_held_out,test,0.9,305,145.3,165.95313776654436,117.88637310916715,214.01990242392156,-20.653137766544347,20.653137766544347,426.5520996038604,96.13352931475441,48.066764657377206,21.516094178069288,True,covered,0.4296760540003297,96.13352931475441,shared_semantic_recoding_50_percent,shared_publication_test,1451,115,311,25,311,25,2028,2028,,shared_semantic_dataset,,Ref-162-Research,Ref-162-Research
bayesian_ridge_conformalized,Bayesian Ridge,shared_publication_held_out,test,0.9,306,157.8,169.28193328304354,121.24844436776613,217.31542219832096,-11.481933283043531,11.481933283043531,131.83479191626282,96.06697783055483,48.03348891527742,21.501198979568453,True,covered,0.23904016848111184,96.06697783055483,shared_semantic_recoding_50_percent,shared_publication_test,1451,115,311,25,311,25,2029,2029,,shared_semantic_dataset,,Ref-162-Research,Ref-162-Research
bayesian_ridge_conformalized,Bayesian Ridge,shared_publication_held_out,test,0.9,307,165.2,172.61072879954273,124.59725749581922,220.62420010326622,-7.410728799542738,7.410728799542738,54.91890134037216,96.026942607447,48.0134713037235,21.492238509304148,True,covered,0.15434686554246346,96.026942607447,shared_semantic_recoding_50_percent,shared_publication_test,1451,115,311,25,311,25,2030,2030,,shared_semantic_dataset,,Ref-162-Research,Ref-162-Research
bayesian_ridge_conformalized,Bayesian Ridge,shared_publication_held_out,test,0.9,308,172.3,175.9395243160419,127.93279590839165,223.94625272369217,-3.6395243160419,3.6395243160419,13.24613724706026,96.01345681530051,48.00672840765026,21.489220191179786,True,covered,0.0758127961800853,96.01345681530051,shared_semantic_recoding_50_percent,shared_publication_test,1451,115,311,25,311,25,2031,2031,,shared_semantic_dataset,,Ref-162-Research,Ref-162-Research
bayesian_ridge_conformalized,Bayesian Ridge,shared_publication_held_out,test,0.9,309,179.8,179.2683198325411,131.2550540126521,227.2815856524301,0.5316801674589158,0.5316801674589158,0.2826838004691407,96.026531639778,48.013265819889,21.492146528710762,True,covered,0.011073609728057132,96.026531639778,shared_semantic_recoding_50_percent,shared_publication_test,1451,115,311,25,311,25,2032,2032,,shared_semantic_dataset,,Ref-162-Research,Ref-162-Research
bayesian_ridge_conformalized,Bayesian Ridge,shared_publication_held_out,test,0.9,310,192.2,182.59711534904028,134.56403723104165,230.6301934670389,9.602884650959709,9.602884650959709,92.21539361963757,96.06615623599725,48.03307811799863,21.50101509465335,True,covered,0.19992232493135562,96.06615623599725,shared_semantic_recoding_50_percent,shared_publication_test,1451,115,311,25,311,25,2033,2033,,shared_semantic_dataset,,Ref-162-Research,Ref-162-Research
elastic_net_residual_bootstrap,Elastic Net,shared_publication_held_out,test,0.9,0,156.0,141.21874893704336,114.16639328192666,173.63234329423744,14.781251062956642,14.781251062956642,218.48538298615685,59.465950012310785,29.732975006155392,19.67028383755593,True,covered,0.4971332690353586,59.465950012310785,shared_semantic_recoding_50_percent,shared_publication_test,1451,115,311,25,311,25,116,116,,shared_semantic_dataset,,Ref-9-Research,Ref-9-Research
elastic_net_residual_bootstrap,Elastic Net,shared_publication_held_out,test,0.9,1,156.0,141.92187824693747,112.66307536110358,182.2118032045906,14.078121753062533,14.078121753062533,198.19351209405247,69.54872784348703,34.774363921743515,21.580129895887772,True,covered,0.4048419630260971,69.54872784348703,shared_semantic_recoding_50_percent,shared_publication_test,1451,115,311,25,311,25,117,117,,shared_semantic_dataset,,Ref-9-Research,Ref-9-Research
elastic_net_residual_bootstrap,Elastic Net,shared_publication_held_out,test,0.9,2,160.0,140.91853005432003,112.05233645016337,177.88661594407287,19.08146994567997,19.08146994567997,364.10249528788796,65.8342794939095,32.91713974695475,21.004604100318968,True,covered,0.5796818949752536,65.8342794939095,shared_semantic_recoding_50_percent,shared_publication_test,1451,115,311,25,311,25,118,118,,shared_semantic_dataset,,Ref-9-Research,Ref-9-Research
elastic_net_residual_bootstrap,Elastic Net,shared_publication_held_out,test,0.9,3,187.0,146.4895343755065,120.05485534713596,184.54693470283354,40.51046562449349,40.51046562449349,1641.0978251132688,64.49207935569758,32.24603967784879,20.380903730914714,False,above_interval_underprediction,1.2562927425882284,113.55338529902681,shared_semantic_recoding_50_percent,shared_publication_test,1451,115,311,25,311,25,119,119,,shared_semantic_dataset,,Ref-9-Research,Ref-9-Research
elastic_net_residual_bootstrap,Elastic Net,shared_publication_held_out,test,0.9,4,145.1,135.0633647395852,102.63749502929673,178.71248224834844,10.036635260414783,10.036635260414783,100.73404735060133,76.0749872190517,38.03749360952585,25.782536037732605,True,covered,0.2638616351394214,76.0749872190517,shared_semantic_recoding_50_percent,shared_publication_test,1451,115,311,25,311,25,389,389,,shared_semantic_dataset,,Ref-32-Research,Ref-32-Research
elastic_net_residual_bootstrap,Elastic Net,shared_publication_held_out,test,0.9,5,149.6,144.47496257721102,107.25252868527437,175.91704128251362,5.125037422788978,5.125037422788978,26.26600858498749,68.66451259723925,34.332256298619626,20.817722933986932,True,covered,0.14927761747470808,68.66451259723925,shared_semantic_recoding_50_percent,shared_publication_test,1451,115,311,25,311,25,390,390,,shared_semantic_dataset,,Ref-32-Research,Ref-32-Research
elastic_net_residual_bootstrap,Elastic Net,shared_publication_held_out,test,0.9,6,143.5,144.34108712708627,118.5840084955189,185.74622877464057,-0.8410871270862685,0.8410871270862685,0.7074275553502328,67.16222027912167,33.581110139560835,21.60451462528437,True,covered,0.025046436034745934,67.16222027912167,shared_semantic_recoding_50_percent,shared_publication_test,1451,115,311,25,311,25,391,391,,shared_semantic_dataset,,Ref-32-Research,Ref-32-Research
elastic_net_residual_bootstrap,Elastic Net,shared_publication_held_out,test,0.9,7,162.6,144.34108712708627,112.3151219598913,184.80156480176112,18.258912872913726,18.258912872913726,333.38789930065457,72.48644284186982,36.24322142093491,22.841231391815874,True,covered,0.5037883542649706,72.48644284186982,shared_semantic_recoding_50_percent,shared_publication_test,1451,115,311,25,311,25,392,392,,shared_semantic_dataset,,Ref-32-Research,Ref-32-Research
elastic_net_residual_bootstrap,Elastic Net,shared_publication_held_out,test,0.9,8,150.56,158.81346064302642,128.04978996281616,195.75390931303806,-8.253460643026415,8.253460643026415,68.119612585986,67.7041193502219,33.85205967511095,21.75300159449855,True,covered,0.24380970381824674,67.7041193502219,shared_semantic_recoding_50_percent,shared_publication_test,1451,115,311,25,311,25,393,393,,shared_semantic_dataset,,Ref-33-Research,Ref-33-Research
elastic_net_residual_bootstrap,Elastic Net,shared_publication_held_out,test,0.9,9,121.32,140.5130748383249,112.04340917726422,169.55062081139445,-19.193074838324918,19.193074838324918,368.3741217495411,57.50721163413023,28.753605817065115,19.304876282960503,True,covered,0.6675014939146842,57.50721163413023,shared_semantic_recoding_50_percent,shared_publication_test,1451,115,311,25,311,25,394,394,,shared_semantic_dataset,,Ref-33-Research,Ref-33-Research
elastic_net_residual_bootstrap,Elastic Net,shared_publication_held_out,test,0.9,10,175.0,179.71046037587658,145.13715297418153,214.32018762765756,-4.710460375876579,4.710460375876579,22.188436952703324,69.18303465347603,34.591517326738014,22.497987552447896,True,covered,0.13617385821452707,69.18303465347603,shared_semantic_recoding_50_percent,shared_publication_test,1451,115,311,25,311,25,403,403,,shared_semantic_dataset,,Ref-35-Research,Ref-35-Research
elastic_net_residual_bootstrap,Elastic Net,shared_publication_held_out,test,0.9,11,154.0,166.0782584092388,134.2057977454545,205.60086197517037,-12.0782584092388,12.0782584092388,145.88432620034777,71.39506422971587,35.697532114857935,22.076253944468117,True,covered,0.33834995568815857,71.39506422971587,shared_semantic_recoding_50_percent,shared_publication_test,1451,115,311,25,311,25,462,462,,shared_semantic_dataset,,Ref-44-Research,Ref-44-Research
elastic_net_residual_bootstrap,Elastic Net,shared_publication_held_out,test,0.9,12,144.0,161.28329095350352,132.91929225025623,193.68438880474235,-17.283290953503524,17.283290953503524,298.71214618345675,60.76509655448612,30.38254827724306,20.381201505894808,True,covered,0.5688558706726039,60.76509655448612,shared_semantic_recoding_50_percent,shared_publication_test,1451,115,311,25,311,25,463,463,,shared_semantic_dataset,,Ref-44-Research,Ref-44-Research
elastic_net_residual_bootstrap,Elastic Net,shared_publication_held_out,test,0.9,13,141.0,159.5966395573843,129.7824135174907,196.71687382180667,-18.596639557384293,18.596639557384293,345.8350028272703,66.93446030431596,33.46723015215798,21.86554937116574,True,covered,0.5556671249109981,66.93446030431596,shared_semantic_recoding_50_percent,shared_publication_test,1451,115,311,25,311,25,464,464,,shared_semantic_dataset,,Ref-44-Research,Ref-44-Research
elastic_net_residual_bootstrap,Elastic Net,shared_publication_held_out,test,0.9,14,132.0,157.90998816126506,131.8237645655579,193.6431190882147,-25.909988161265062,25.909988161265062,671.3274865168956,61.819354522656795,30.909677261328397,20.328871294467394,True,covered,0.8382484211079574,61.819354522656795,shared_semantic_recoding_50_percent,shared_publication_test,1451,115,311,25,311,25,465,465,,shared_semantic_dataset,,Ref-44-Research,Ref-44-Research
elastic_net_residual_bootstrap,Elastic Net,shared_publication_held_out,test,0.9,15,102.0,154.60268273817945,124.69992811088964,194.968892217961,-52.60268273817945,52.60268273817945,2767.0422312535625,70.26896410707137,35.134482053535685,21.9265932342842,False,below_interval_overprediction,1.4971811070966363,524.2675263248643,shared_semantic_recoding_50_percent,shared_publication_test,1451,115,311,25,311,25,490,490,,shared_semantic_dataset,,Ref-48-Research,Ref-48-Research
elastic_net_residual_bootstrap,Elastic Net,shared_publication_held_out,test,0.9,16,100.0,145.103834830711,104.68250182177252,175.8931500532524,-45.10383483071101,45.10383483071101,2034.3559164360595,71.2106482314799,35.60532411573995,21.233557671770825,False,below_interval_overprediction,1.2667722019351617,164.8606846669303,shared_semantic_recoding_50_percent,shared_publication_test,1451,115,311,25,311,25,491,491,,shared_semantic_dataset,,Ref-48-Research,Ref-48-Research
elastic_net_residual_bootstrap,Elastic Net,shared_publication_held_out,test,0.9,17,166.0,162.22504682412517,129.64678810693547,194.31950411659005,3.7749531758748276,3.7749531758748276,14.250271480047447,64.67271600965458,32.33635800482729,20.24958441414053,True,covered,0.11674020850806045,64.67271600965458,shared_semantic_recoding_50_percent,shared_publication_test,1451,115,311,25,311,25,492,492,,shared_semantic_dataset,,Ref-48-Research,Ref-48-Research
elastic_net_residual_bootstrap,Elastic Net,shared_publication_held_out,test,0.9,18,158.0,168.50197719243977,128.2303329798145,197.7223827499754,-10.501977192439767,10.501977192439767,110.29152495052506,69.49204977016089,34.746024885080445,21.01021603630742,True,covered,0.30224974589680903,69.49204977016089,shared_semantic_recoding_50_percent,shared_publication_test,1451,115,311,25,311,25,493,493,,shared_semantic_dataset,,Ref-48-Research,Ref-48-Research
elastic_net_residual_bootstrap,Elastic Net,shared_publication_held_out,test,0.9,19,116.0,170.64115199462032,142.0481611584126,214.79902178287526,-54.641151994620316,54.641151994620316,2985.6554912991996,72.75086062446266,36.37543031223133,22.27814855779392,False,below_interval_overprediction,1.5021444839443479,593.7140837927147,shared_semantic_recoding_50_percent,shared_publication_test,1451,115,311,25,311,25,494,494,,shared_semantic_dataset,,Ref-48-Research,Ref-48-Research
elastic_net_residual_bootstrap,Elastic Net,shared_publication_held_out,test,0.9,20,118.0,161.1423040871519,123.07502937456371,197.1187116225884,-43.1423040871519,43.1423040871519,1861.2584019482836,74.04368224802468,37.02184112401234,23.498481266576572,False,below_interval_overprediction,1.1653203292250593,175.54426973929895,shared_semantic_recoding_50_percent,shared_publication_test,1451,115,311,25,311,25,495,495,,shared_semantic_dataset,,Ref-48-Research,Ref-48-Research
elastic_net_residual_bootstrap,Elastic Net,shared_publication_held_out,test,0.9,21,170.0,178.26351608056606,144.42510550671025,216.6486838929735,-8.263516080566063,8.263516080566063,68.28569801377391,72.22357838626326,36.11178919313163,22.721246515429485,True,covered,0.22883153300357,72.22357838626326,shared_semantic_recoding_50_percent,shared_publication_test,1451,115,311,25,311,25,496,496,,shared_semantic_dataset,,Ref-48-Research,Ref-48-Research
elastic_net_residual_bootstrap,Elastic Net,shared_publication_held_out,test,0.9,22,170.0,184.54044644888066,152.33909562890202,216.05255851997558,-14.540446448880658,14.540446448880658,211.42458293276616,63.71346289107356,31.85673144553678,20.84466672815115,True,covered,0.4564324646343408,63.71346289107356,shared_semantic_recoding_50_percent,shared_publication_test,1451,115,311,25,311,25,497,497,,shared_semantic_dataset,,Ref-48-Research,Ref-48-Research
elastic_net_residual_bootstrap,Elastic Net,shared_publication_held_out,test,0.9,23,130.0,185.56802686042545,152.26241618463197,220.3607998140149,-55.56802686042545,55.56802686042545,3087.805609160964,68.09838362938294,34.04919181469147,22.159794767114374,False,below_interval_overprediction,1.6319925348844575,513.3467073220224,shared_semantic_recoding_50_percent,shared_publication_test,1451,115,311,25,311,25,498,498,,shared_semantic_dataset,,Ref-48-Research,Ref-48-Research
elastic_net_residual_bootstrap,Elastic Net,shared_publication_held_out,test,0.9,24,144.0,176.06917895295703,144.98125461860784,206.0561840490149,-32.06917895295703,32.06917895295703,1028.4322387167822,61.07492943040705,30.537464715203527,20.027943641080732,False,below_interval_overprediction,1.0501585266504105,80.70002180256375,shared_semantic_recoding_50_percent,shared_publication_test,1451,115,311,25,311,25,499,499,,shared_semantic_dataset,,Ref-48-Research,Ref-48-Research
elastic_net_residual_bootstrap,Elastic Net,shared_publication_held_out,test,0.9,25,184.0,193.1903909463712,161.08825524674995,225.25030475051446,-9.190390946371195,9.190390946371195,84.46328574714164,64.16204950376451,32.081024751882254,19.766910748705573,True,covered,0.28647435727039794,64.16204950376451,shared_semantic_recoding_50_percent,shared_publication_test,1451,115,311,25,311,25,500,500,,shared_semantic_dataset,,Ref-48-Research,Ref-48-Research
elastic_net_residual_bootstrap,Elastic Net,shared_publication_held_out,test,0.9,26,182.0,199.4673213146858,167.16661762755786,233.13445019189527,-17.46732131468579,17.46732131468579,305.10731391047653,65.96783256433741,32.98391628216871,20.97390794474234,True,covered,0.5295708722171577,65.96783256433741,shared_semantic_recoding_50_percent,shared_publication_test,1451,115,311,25,311,25,501,501,,shared_semantic_dataset,,Ref-48-Research,Ref-48-Research
elastic_net_residual_bootstrap,Elastic Net,shared_publication_held_out,test,0.9,27,185.0,159.93271125771497,127.89822336592438,196.95564305165925,25.06728874228503,25.06728874228503,628.3689648890897,69.05741968573487,34.528709842867435,21.553691960543592,True,covered,0.7259839378986573,69.05741968573487,shared_semantic_recoding_50_percent,shared_publication_test,1451,115,311,25,311,25,502,502,,shared_semantic_dataset,,Ref-48-Research,Ref-48-Research
elastic_net_residual_bootstrap,Elastic Net,shared_publication_held_out,test,0.9,28,188.0,158.14627114663028,122.24328092982844,188.34299815451206,29.853728853369716,29.853728853369716,891.2451264505195,66.09971722468362,33.04985861234181,20.874552731550285,True,covered,0.9032936934326684,66.09971722468362,shared_semantic_recoding_50_percent,shared_publication_test,1451,115,311,25,311,25,503,503,,shared_semantic_dataset,,Ref-48-Research,Ref-48-Research
elastic_net_residual_bootstrap,Elastic Net,shared_publication_held_out,test,0.9,29,192.0,156.35983103554557,121.90274839104818,189.23898778088306,35.64016896445443,35.64016896445443,1270.221643814861,67.33623938983489,33.66811969491744,22.474625299408164,False,above_interval_underprediction,1.0585731929019693,122.5564837721736,shared_semantic_recoding_50_percent,shared_publication_test,1451,115,311,25,311,25,504,504,,shared_semantic_dataset,,Ref-48-Research,Ref-48-Research
elastic_net_residual_bootstrap,Elastic Net,shared_publication_held_out,test,0.9,30,196.0,154.57339092446088,120.87323286563723,193.8379479553019,41.42660907553912,41.42660907553912,1716.16393949754,72.96471508966467,36.48235754483233,22.712676564853044,False,above_interval_underprediction,1.13552445245982,116.20575598362669,shared_semantic_recoding_50_percent,shared_publication_test,1451,115,311,25,311,25,505,505,,shared_semantic_dataset,,Ref-48-Research,Ref-48-Research
elastic_net_residual_bootstrap,Elastic Net,shared_publication_held_out,test,0.9,31,198.0,152.78695081337617,121.78781140887854,194.18378568140142,45.213049186623834,45.213049186623834,2044.2198167520662,72.39597427252288,36.19798713626144,21.276796966554404,False,above_interval_underprediction,1.2490487113669237,148.72026064449454,shared_semantic_recoding_50_percent,shared_publication_test,1451,115,311,25,311,25,506,506,,shared_semantic_dataset,,Ref-48-Research,Ref-48-Research
elastic_net_residual_bootstrap,Elastic Net,shared_publication_held_out,test,0.9,32,205.0,151.00051070229145,116.52599547343189,188.16911511289325,53.99948929770855,53.99948929770855,2915.9448444133404,71.64311963946136,35.82155981973068,22.800288584164658,False,above_interval_underprediction,1.5074577871387214,408.2608173815964,shared_semantic_recoding_50_percent,shared_publication_test,1451,115,311,25,311,25,507,507,,shared_semantic_dataset,,Ref-48-Research,Ref-48-Research
elastic_net_residual_bootstrap,Elastic Net,shared_publication_held_out,test,0.9,33,201.0,149.21407059120676,116.31336755266263,188.1585625732936,51.78592940879324,51.78592940879324,2681.7824847325164,71.84519502063098,35.92259751031549,22.320528629192914,False,above_interval_underprediction,1.4415975736142814,328.67394355475886,shared_semantic_recoding_50_percent,shared_publication_test,1451,115,311,25,311,25,508,508,,shared_semantic_dataset,,Ref-48-Research,Ref-48-Research
elastic_net_residual_bootstrap,Elastic Net,shared_publication_held_out,test,0.9,34,196.0,147.42763048012205,110.01874514454325,183.028282537017,48.57236951987795,48.57236951987795,2359.2750807755688,73.00953739247375,36.50476869623687,22.761991950309426,False,above_interval_underprediction,1.330576011152348,332.443886652134,shared_semantic_recoding_50_percent,shared_publication_test,1451,115,311,25,311,25,509,509,,shared_semantic_dataset,,Ref-48-Research,Ref-48-Research
elastic_net_residual_bootstrap,Elastic Net,shared_publication_held_out,test,0.9,35,191.0,145.64119036903736,106.94124703577097,183.57827437034916,45.35880963096264,45.35880963096264,2057.421611137909,76.63702733457819,38.318513667289096,23.394103352559448,False,above_interval_underprediction,1.1837309250771788,225.07153992759496,shared_semantic_recoding_50_percent,shared_publication_test,1451,115,311,25,311,25,510,510,,shared_semantic_dataset,,Ref-48-Research,Ref-48-Research
elastic_net_residual_bootstrap,Elastic Net,shared_publication_held_out,test,0.9,36,189.0,125.68359233505726,92.30522065769111,165.7751338423727,63.316407664942744,63.316407664942744,4008.96747959322,73.46991318468159,36.734956592340794,22.97043704593492,False,above_interval_underprediction,1.723600993124466,537.9672363372277,shared_semantic_recoding_50_percent,shared_publication_test,1451,115,311,25,311,25,511,511,,shared_semantic_dataset,,Ref-48-Research,Ref-48-Research
elastic_net_residual_bootstrap,Elastic Net,shared_publication_held_out,test,0.9,37,182.0,159.93271125771497,129.22778614310116,193.6357046764619,22.06728874228503,22.06728874228503,486.9652324353796,64.40791853336074,32.20395926668037,20.45612605286364,True,covered,0.6852352705934768,64.40791853336074,shared_semantic_recoding_50_percent,shared_publication_test,1451,115,311,25,311,25,512,512,,shared_semantic_dataset,,Ref-48-Research,Ref-48-Research
elastic_net_residual_bootstrap,Elastic Net,shared_publication_held_out,test,0.9,38,185.0,158.14627114663028,124.13106452375202,192.99219549615682,26.853728853369716,26.853728853369716,721.1227533303012,68.86113097240481,34.430565486202404,21.456089425651008,True,covered,0.7799386525943349,68.86113097240481,shared_semantic_recoding_50_percent,shared_publication_test,1451,115,311,25,311,25,513,513,,shared_semantic_dataset,,Ref-48-Research,Ref-48-Research
elastic_net_residual_bootstrap,Elastic Net,shared_publication_held_out,test,0.9,39,185.5,156.35983103554557,121.52168355347308,189.82770942520898,29.140168964454432,29.140168964454432,849.1494472769533,68.3060258717359,34.15301293586795,21.491963064711364,True,covered,0.8532239606260635,68.3060258717359,shared_semantic_recoding_50_percent,shared_publication_test,1451,115,311,25,311,25,514,514,,shared_semantic_dataset,,Ref-48-Research,Ref-48-Research
elastic_net_residual_bootstrap,Elastic Net,shared_publication_held_out,test,0.9,40,186.0,154.57339092446088,125.0504774820886,192.7022098633657,31.42660907553912,31.42660907553912,987.6317579867577,67.65173238127711,33.82586619063856,21.687207814380773,True,covered,0.9290703421583497,67.65173238127711,shared_semantic_recoding_50_percent,shared_publication_test,1451,115,311,25,311,25,515,515,,shared_semantic_dataset,,Ref-48-Research,Ref-48-Research
elastic_net_residual_bootstrap,Elastic Net,shared_publication_held_out,test,0.9,41,172.0,152.78695081337617,115.21630796926604,184.38013127549914,19.213049186623834,19.213049186623834,369.14125904762676,69.1638233062331,34.58191165311655,20.747823785802264,True,covered,0.555580888047649,69.1638233062331,shared_semantic_recoding_50_percent,shared_publication_test,1451,115,311,25,311,25,516,516,,shared_semantic_dataset,,Ref-48-Research,Ref-48-Research
elastic_net_residual_bootstrap,Elastic Net,shared_publication_held_out,test,0.9,42,170.5,151.00051070229145,115.84712674460677,181.32071778750515,19.49948929770855,19.49948929770855,380.2300828714503,65.47359104289838,32.73679552144919,20.43657875152042,True,covered,0.5956444113454068,65.47359104289838,shared_semantic_recoding_50_percent,shared_publication_test,1451,115,311,25,311,25,517,517,,shared_semantic_dataset,,Ref-48-Research,Ref-48-Research
elastic_net_residual_bootstrap,Elastic Net,shared_publication_held_out,test,0.9,43,162.0,149.21407059120676,114.82223107878252,193.17576401742824,12.785929408793237,12.785929408793237,163.47999084664377,78.35353293864571,39.17676646932286,23.646644870893713,True,covered,0.3263651026126719,78.35353293864571,shared_semantic_recoding_50_percent,shared_publication_test,1451,115,311,25,311,25,518,518,,shared_semantic_dataset,,Ref-48-Research,Ref-48-Research
elastic_net_residual_bootstrap,Elastic Net,shared_publication_held_out,test,0.9,44,159.0,147.42763048012205,112.66701770394218,186.28049351494678,11.572369519877952,11.572369519877952,133.91973630460026,73.6134758110046,36.8067379055023,22.899088594929008,True,covered,0.31440899624380947,73.6134758110046,shared_semantic_recoding_50_percent,shared_publication_test,1451,115,311,25,311,25,519,519,,shared_semantic_dataset,,Ref-48-Research,Ref-48-Research
elastic_net_residual_bootstrap,Elastic Net,shared_publication_held_out,test,0.9,45,169.0,145.64119036903736,110.47770694845444,187.7465325605419,23.35880963096264,23.35880963096264,545.6339873755529,77.26882561208747,38.634412806043734,23.377688013505164,True,covered,0.6046114832450237,77.26882561208747,shared_semantic_recoding_50_percent,shared_publication_test,1451,115,311,25,311,25,520,520,,shared_semantic_dataset,,Ref-48-Research,Ref-48-Research
elastic_net_residual_bootstrap,Elastic Net,shared_publication_held_out,test,0.9,46,157.0,125.68359233505726,85.81409205889136,161.02577630021497,31.316407664942744,31.316407664942744,980.7173890368847,75.21168424132361,37.605842120661805,22.102800412739402,True,covered,0.8327537930000655,75.21168424132361,shared_semantic_recoding_50_percent,shared_publication_test,1451,115,311,25,311,25,521,521,,shared_semantic_dataset,,Ref-48-Research,Ref-48-Research
elastic_net_residual_bootstrap,Elastic Net,shared_publication_held_out,test,0.9,47,199.0,175.97118051415586,146.47970686119157,214.4318774421846,23.02881948584414,23.02881948584414,530.3265269115947,67.95217058099303,33.97608529049651,20.730245606181217,True,covered,0.6777949633969619,67.95217058099303,shared_semantic_recoding_50_percent,shared_publication_test,1451,115,311,25,311,25,522,522,,shared_semantic_dataset,,Ref-48-Research,Ref-48-Research
elastic_net_residual_bootstrap,Elastic Net,shared_publication_held_out,test,0.9,48,202.0,174.18474040307117,140.843533732149,212.29758677165154,27.815259596928826,27.815259596928826,773.6886664445411,71.45405303950253,35.72702651975126,22.230044388989253,True,covered,0.7785495269680921,71.45405303950253,shared_semantic_recoding_50_percent,shared_publication_test,1451,115,311,25,311,25,523,523,,shared_semantic_dataset,,Ref-48-Research,Ref-48-Research
elastic_net_residual_bootstrap,Elastic Net,shared_publication_held_out,test,0.9,49,203.0,172.39830029198646,137.058850059812,205.73121380924803,30.60169970801354,30.60169970801354,936.464025019436,68.67236374943604,34.33618187471802,20.596401437104603,True,covered,0.8912376984625012,68.67236374943604,shared_semantic_recoding_50_percent,shared_publication_test,1451,115,311,25,311,25,524,524,,shared_semantic_dataset,,Ref-48-Research,Ref-48-Research
elastic_net_residual_bootstrap,Elastic Net,shared_publication_held_out,test,0.9,50,209.0,170.61186018090177,137.99260116607195,201.64751225990733,38.38813981909823,38.38813981909823,1473.649278770635,63.65491109383538,31.82745554691769,19.144729102761126,False,above_interval_underprediction,1.206132854777199,210.7046658956888,shared_semantic_recoding_50_percent,shared_publication_test,1451,115,311,25,311,25,525,525,,shared_semantic_dataset,,Ref-48-Research,Ref-48-Research
elastic_net_residual_bootstrap,Elastic Net,shared_publication_held_out,test,0.9,51,212.0,168.82542006981706,136.15307329830256,203.1079005259435,43.174579930182944,43.174579930182944,1864.044352147756,66.95482722764095,33.477413613820474,22.087879359593114,False,above_interval_underprediction,1.289662947927351,244.79681670877085,shared_semantic_recoding_50_percent,shared_publication_test,1451,115,311,25,311,25,526,526,,shared_semantic_dataset,,Ref-48-Research,Ref-48-Research
elastic_net_residual_bootstrap,Elastic Net,shared_publication_held_out,test,0.9,52,218.0,167.03897995873234,129.83261882232722,194.93127629414968,50.96102004126766,50.96102004126766,2597.025563646484,65.09865747182246,32.54932873591123,22.09100284286674,False,above_interval_underprediction,1.5656550233259667,526.4731315888289,shared_semantic_recoding_50_percent,shared_publication_test,1451,115,311,25,311,25,527,527,,shared_semantic_dataset,,Ref-48-Research,Ref-48-Research
elastic_net_residual_bootstrap,Elastic Net,shared_publication_held_out,test,0.9,53,216.0,165.25253984764765,132.8888711206157,202.4637737845169,50.747460152352346,50.747460152352346,2575.304711914589,69.57490266390118,34.78745133195059,21.202161896445055,False,above_interval_underprediction,1.458786378688894,340.29942697356347,shared_semantic_recoding_50_percent,shared_publication_test,1451,115,311,25,311,25,528,528,,shared_semantic_dataset,,Ref-48-Research,Ref-48-Research
elastic_net_residual_bootstrap,Elastic Net,shared_publication_held_out,test,0.9,54,212.0,163.46609973656294,120.60862610917097,203.46482233483772,48.53390026343706,48.53390026343706,2355.539474781256,82.85619622566675,41.428098112833375,23.74899229592446,False,above_interval_underprediction,1.1715213218634937,253.5597495289124,shared_semantic_recoding_50_percent,shared_publication_test,1451,115,311,25,311,25,529,529,,shared_semantic_dataset,,Ref-48-Research,Ref-48-Research
elastic_net_residual_bootstrap,Elastic Net,shared_publication_held_out,test,0.9,55,210.0,161.67965962547825,120.21714961691849,191.920487803783,48.32034037452175,48.32034037452175,2334.8552939096367,71.70333818686451,35.85166909343226,22.247597397873143,False,above_interval_underprediction,1.3477849594281135,433.2935821112045,shared_semantic_recoding_50_percent,shared_publication_test,1451,115,311,25,311,25,530,530,,shared_semantic_dataset,,Ref-48-Research,Ref-48-Research
elastic_net_residual_bootstrap,Elastic Net,shared_publication_held_out,test,0.9,56,208.0,141.72206159149815,101.53479419009852,175.10169471756078,66.27793840850185,66.27793840850185,4392.765119681165,73.56690052746225,36.783450263731126,24.406895009327513,False,above_interval_underprediction,1.801841261037239,731.5330061762469,shared_semantic_recoding_50_percent,shared_publication_test,1451,115,311,25,311,25,531,531,,shared_semantic_dataset,,Ref-48-Research,Ref-48-Research
elastic_net_residual_bootstrap,Elastic Net,shared_publication_held_out,test,0.9,57,194.0,175.97118051415586,142.32749046531802,210.0983568847251,18.02881948584414,18.02881948584414,325.0383320531533,67.77086641940707,33.885433209703535,22.057250155982466,True,covered,0.5320522058629414,67.77086641940707,shared_semantic_recoding_50_percent,shared_publication_test,1451,115,311,25,311,25,532,532,,shared_semantic_dataset,,Ref-48-Research,Ref-48-Research
elastic_net_residual_bootstrap,Elastic Net,shared_publication_held_out,test,0.9,58,197.0,174.18474040307117,139.87024584708672,209.4434248929365,22.815259596928826,22.815259596928826,520.5360704752529,69.57317904584977,34.786589522924885,21.20918420415654,True,covered,0.6558636506143618,69.57317904584977,shared_semantic_recoding_50_percent,shared_publication_test,1451,115,311,25,311,25,533,533,,shared_semantic_dataset,,Ref-48-Research,Ref-48-Research
elastic_net_residual_bootstrap,Elastic Net,shared_publication_held_out,test,0.9,59,198.0,172.39830029198646,136.27218481906934,204.0899682657664,25.60169970801354,25.60169970801354,655.4470279393006,67.81778344669706,33.90889172334853,20.53881729668627,True,covered,0.7550143459977804,67.81778344669706,shared_semantic_recoding_50_percent,shared_publication_test,1451,115,311,25,311,25,534,534,,shared_semantic_dataset,,Ref-48-Research,Ref-48-Research
elastic_net_residual_bootstrap,Elastic Net,shared_publication_held_out,test,0.9,60,200.0,170.61186018090177,135.34942933465382,201.6567473685345,29.388139819098228,29.388139819098228,863.6627620268669,66.30731803388068,33.15365901694034,20.657231175230205,True,covered,0.8864222137315805,66.30731803388068,shared_semantic_recoding_50_percent,shared_publication_test,1451,115,311,25,311,25,535,535,,shared_semantic_dataset,,Ref-48-Research,Ref-48-Research
elastic_net_residual_bootstrap,Elastic Net,shared_publication_held_out,test,0.9,61,182.0,168.82542006981706,129.31509191727906,204.98389489661457,13.174579930182944,13.174579930182944,173.56955633677921,75.66880297933551,37.834401489667755,22.117933333005084,True,covered,0.3482169510142986,75.66880297933551,shared_semantic_recoding_50_percent,shared_publication_test,1451,115,311,25,311,25,536,536,,shared_semantic_dataset,,Ref-48-Research,Ref-48-Research
elastic_net_residual_bootstrap,Elastic Net,shared_publication_held_out,test,0.9,62,181.0,167.03897995873234,132.5472272717083,197.0313872124357,13.961020041267659,13.961020041267659,194.91008059267722,64.48415994072741,32.242079970363704,21.302096125093016,True,covered,0.43300618490185366,64.48415994072741,shared_semantic_recoding_50_percent,shared_publication_test,1451,115,311,25,311,25,537,537,,shared_semantic_dataset,,Ref-48-Research,Ref-48-Research
elastic_net_residual_bootstrap,Elastic Net,shared_publication_held_out,test,0.9,63,178.0,165.25253984764765,126.84313548429118,203.25450523840547,12.747460152352346,12.747460152352346,162.4977403358109,76.41136975411429,38.205684877057145,21.611980804761384,True,covered,0.33365349144695766,76.41136975411429,shared_semantic_recoding_50_percent,shared_publication_test,1451,115,311,25,311,25,538,538,,shared_semantic_dataset,,Ref-48-Research,Ref-48-Research
elastic_net_residual_bootstrap,Elastic Net,shared_publication_held_out,test,0.9,64,176.0,163.46609973656294,122.15182578614906,202.00855936717016,12.533900263437062,12.533900263437062,157.09865581378764,79.8567335810211,39.92836679051055,24.192050687550836,True,covered,0.3139096655066766,79.8567335810211,shared_semantic_recoding_50_percent,shared_publication_test,1451,115,311,25,311,25,539,539,,shared_semantic_dataset,,Ref-48-Research,Ref-48-Research
elastic_net_residual_bootstrap,Elastic Net,shared_publication_held_out,test,0.9,65,175.0,161.67965962547825,126.06990048147844,200.54199659011624,13.320340374521749,13.320340374521749,177.4314676931142,74.4720961086378,37.2360480543189,24.352059585953842,True,covered,0.3577270164409072,74.4720961086378,shared_semantic_recoding_50_percent,shared_publication_test,1451,115,311,25,311,25,540,540,,shared_semantic_dataset,,Ref-48-Research,Ref-48-Research
elastic_net_residual_bootstrap,Elastic Net,shared_publication_held_out,test,0.9,66,171.0,141.72206159149815,103.51043358668471,178.57631178264614,29.277938408501853,29.277938408501853,857.1976774520281,75.06587819596143,37.532939097980716,22.82432426458919,True,covered,0.7800598384280814,75.06587819596143,shared_semantic_recoding_50_percent,shared_publication_test,1451,115,311,25,311,25,541,541,,shared_semantic_dataset,,Ref-48-Research,Ref-48-Research
elastic_net_residual_bootstrap,Elastic Net,shared_publication_held_out,test,0.9,67,210.0,190.898055379961,155.34085714130256,232.426056612657,19.101944620039006,19.101944620039006,364.88428826703716,77.08519947135443,38.542599735677214,22.820744954341222,True,covered,0.49560602427026124,77.08519947135443,shared_semantic_recoding_50_percent,shared_publication_test,1451,115,311,25,311,25,542,542,,shared_semantic_dataset,,Ref-48-Research,Ref-48-Research
elastic_net_residual_bootstrap,Elastic Net,shared_publication_held_out,test,0.9,68,212.0,189.11161526887628,151.4895939958893,228.23450007388954,22.888384731123722,22.888384731123722,523.8781555999375,76.74490607800024,38.37245303900012,22.512482827236923,True,covered,0.5964795815336837,76.74490607800024,shared_semantic_recoding_50_percent,shared_publication_test,1451,115,311,25,311,25,543,543,,shared_semantic_dataset,,Ref-48-Research,Ref-48-Research
elastic_net_residual_bootstrap,Elastic Net,shared_publication_held_out,test,0.9,69,217.0,187.3251751577916,152.4497355977972,221.5569802534146,29.67482484220841,29.67482484220841,880.5952294157494,69.1072446556174,34.5536223278087,20.765494714669128,True,covered,0.8588050352777676,69.1072446556174,shared_semantic_recoding_50_percent,shared_publication_test,1451,115,311,25,311,25,544,544,,shared_semantic_dataset,,Ref-48-Research,Ref-48-Research
elastic_net_residual_bootstrap,Elastic Net,shared_publication_held_out,test,0.9,70,225.0,185.53873504670688,149.82546773093046,216.69297151582933,39.461264953293124,39.461264953293124,1557.1914317140001,66.86750378489887,33.433751892449436,21.93932469916043,False,above_interval_underprediction,1.1802822812178888,233.00807346831235,shared_semantic_recoding_50_percent,shared_publication_test,1451,115,311,25,311,25,545,545,,shared_semantic_dataset,,Ref-48-Research,Ref-48-Research
elastic_net_residual_bootstrap,Elastic Net,shared_publication_held_out,test,0.9,71,227.0,183.7522949356222,145.88818378205605,222.13444878972066,43.24770506437781,43.24770506437781,1870.3639933354102,76.24626500766462,38.12313250383231,23.064150059207936,False,above_interval_underprediction,1.1344216024228952,173.55728921325135,shared_semantic_recoding_50_percent,shared_publication_test,1451,115,311,25,311,25,546,546,,shared_semantic_dataset,,Ref-48-Research,Ref-48-Research
elastic_net_residual_bootstrap,Elastic Net,shared_publication_held_out,test,0.9,72,234.0,181.96585482453747,146.83450474584197,211.19430236211997,52.03414517546253,52.03414517546253,2707.5522641411103,64.359797616278,32.179898808139,21.436014050426202,False,above_interval_underprediction,1.6169766563188184,520.4737503738786,shared_semantic_recoding_50_percent,shared_publication_test,1451,115,311,25,311,25,547,547,,shared_semantic_dataset,,Ref-48-Research,Ref-48-Research
elastic_net_residual_bootstrap,Elastic Net,shared_publication_held_out,test,0.9,73,232.0,180.1794147134528,144.16209295284457,214.26316336434627,51.820585286547214,51.820585286547214,2685.3730594403137,70.1010704115017,35.05053520575085,22.992336748650672,False,above_interval_underprediction,1.4784534667546205,424.83780312457634,shared_semantic_recoding_50_percent,shared_publication_test,1451,115,311,25,311,25,548,548,,shared_semantic_dataset,,Ref-48-Research,Ref-48-Research
elastic_net_residual_bootstrap,Elastic Net,shared_publication_held_out,test,0.9,74,227.0,178.39297460236807,140.67615930758814,209.2735758078323,48.60702539763193,48.60702539763193,2362.6429180060354,68.59741650024415,34.298708250122075,20.0673131322932,False,above_interval_underprediction,1.417167814110286,423.12590034359846,shared_semantic_recoding_50_percent,shared_publication_test,1451,115,311,25,311,25,549,549,,shared_semantic_dataset,,Ref-48-Research,Ref-48-Research
elastic_net_residual_bootstrap,Elastic Net,shared_publication_held_out,test,0.9,75,221.0,176.60653449128336,139.54403502375365,213.06937484484143,44.393465508716645,44.393465508716645,1970.7797798736144,73.52533982108778,36.76266991054389,23.53857105429356,False,above_interval_underprediction,1.207569135123784,232.13784292425913,shared_semantic_recoding_50_percent,shared_publication_test,1451,115,311,25,311,25,550,550,,shared_semantic_dataset,,Ref-48-Research,Ref-48-Research
elastic_net_residual_bootstrap,Elastic Net,shared_publication_held_out,test,0.9,76,219.0,156.64893645730328,121.21826639290387,192.30221081496074,62.35106354269672,62.35106354269672,3887.655124905404,71.08394442205687,35.54197221102844,22.613430479795877,False,above_interval_underprediction,1.7542938577659908,605.0397281228421,shared_semantic_recoding_50_percent,shared_publication_test,1451,115,311,25,311,25,551,551,,shared_semantic_dataset,,Ref-48-Research,Ref-48-Research
elastic_net_residual_bootstrap,Elastic Net,shared_publication_held_out,test,0.9,77,209.0,190.898055379961,158.20273788307816,226.0272339838327,18.101944620039006,18.101944620039006,327.68039902695915,67.82449610075454,33.91224805037727,20.816488871437393,True,covered,0.5337878100310022,67.82449610075454,shared_semantic_recoding_50_percent,shared_publication_test,1451,115,311,25,311,25,552,552,,shared_semantic_dataset,,Ref-48-Research,Ref-48-Research
elastic_net_residual_bootstrap,Elastic Net,shared_publication_held_out,test,0.9,78,210.0,189.11161526887628,151.6683709378893,219.22444341885722,20.888384731123722,20.888384731123722,436.32461667544266,67.55607248096791,33.77803624048396,20.651547957108306,True,covered,0.6184013949895757,67.55607248096791,shared_semantic_recoding_50_percent,shared_publication_test,1451,115,311,25,311,25,553,553,,shared_semantic_dataset,,Ref-48-Research,Ref-48-Research
elastic_net_residual_bootstrap,Elastic Net,shared_publication_held_out,test,0.9,79,213.0,187.3251751577916,153.57005776580056,213.79667699116598,25.67482484220841,25.67482484220841,659.1966306780821,60.226619225365425,30.113309612682713,19.011004070090983,True,covered,0.8526072083220981,60.226619225365425,shared_semantic_recoding_50_percent,shared_publication_test,1451,115,311,25,311,25,554,554,,shared_semantic_dataset,,Ref-48-Research,Ref-48-Research
elastic_net_residual_bootstrap,Elastic Net,shared_publication_held_out,test,0.9,80,215.0,185.53873504670688,152.71030458141396,222.2418228631369,29.461264953293124,29.461264953293124,867.9661326481378,69.53151828172292,34.76575914086146,21.023333400038346,True,covered,0.8474218794971236,69.53151828172292,shared_semantic_recoding_50_percent,shared_publication_test,1451,115,311,25,311,25,555,555,,shared_semantic_dataset,,Ref-48-Research,Ref-48-Research
elastic_net_residual_bootstrap,Elastic Net,shared_publication_held_out,test,0.9,81,198.0,183.7522949356222,151.68826278372,217.5834350950866,14.247705064377811,14.247705064377811,202.99709960149713,65.8951723113666,32.9475861556833,20.781434679039336,True,covered,0.4324354748495028,65.8951723113666,shared_semantic_recoding_50_percent,shared_publication_test,1451,115,311,25,311,25,556,556,,shared_semantic_dataset,,Ref-48-Research,Ref-48-Research
elastic_net_residual_bootstrap,Elastic Net,shared_publication_held_out,test,0.9,82,192.0,181.96585482453747,145.85654664960717,213.36033667980803,10.034145175462527,10.034145175462527,100.6840694022579,67.50379003020086,33.75189501510043,21.989413131624374,True,covered,0.2972913127092064,67.50379003020086,shared_semantic_recoding_50_percent,shared_publication_test,1451,115,311,25,311,25,557,557,,shared_semantic_dataset,,Ref-48-Research,Ref-48-Research
elastic_net_residual_bootstrap,Elastic Net,shared_publication_held_out,test,0.9,83,186.5,180.1794147134528,143.00575665695993,210.92918389363578,6.320585286547214,6.320585286547214,39.94979836451713,67.92342723667585,33.961713618337924,21.573909831678815,True,covered,0.18610913917884161,67.92342723667585,shared_semantic_recoding_50_percent,shared_publication_test,1451,115,311,25,311,25,558,558,,shared_semantic_dataset,,Ref-48-Research,Ref-48-Research
elastic_net_residual_bootstrap,Elastic Net,shared_publication_held_out,test,0.9,84,185.0,178.39297460236807,143.12897685683706,216.1051688411341,6.607025397631929,6.607025397631929,43.652784604953354,72.97619198429703,36.488095992148516,21.730214305087934,True,covered,0.18107344924365537,72.97619198429703,shared_semantic_recoding_50_percent,shared_publication_test,1451,115,311,25,311,25,559,559,,shared_semantic_dataset,,Ref-48-Research,Ref-48-Research
elastic_net_residual_bootstrap,Elastic Net,shared_publication_held_out,test,0.9,85,183.0,176.60653449128336,139.69474863091276,215.34121774260277,6.393465508716645,6.393465508716645,40.876401211149386,75.64646911169001,37.823234555845005,22.112742726771693,True,covered,0.16903539805081616,75.64646911169001,shared_semantic_recoding_50_percent,shared_publication_test,1451,115,311,25,311,25,560,560,,shared_semantic_dataset,,Ref-48-Research,Ref-48-Research
elastic_net_residual_bootstrap,Elastic Net,shared_publication_held_out,test,0.9,86,178.0,156.64893645730328,117.97294973805792,192.66415786050786,21.35106354269672,21.35106354269672,455.86791440427305,74.69120812244994,37.34560406122497,22.067236617443957,True,covered,0.5717155761543836,74.69120812244994,shared_semantic_recoding_50_percent,shared_publication_test,1451,115,311,25,311,25,561,561,,shared_semantic_dataset,,Ref-48-Research,Ref-48-Research
elastic_net_residual_bootstrap,Elastic Net,shared_publication_held_out,test,0.9,87,90.0,142.22194635895522,106.16075814173483,183.21950972060256,-52.22194635895522,52.22194635895522,2727.1316815175965,77.05875157886773,38.529375789433864,22.047267915273782,False,below_interval_overprediction,1.3553800259924365,400.2739144135644,shared_semantic_recoding_50_percent,shared_publication_test,1451,115,311,25,311,25,633,633,,shared_semantic_dataset,,Ref-55-Research,Ref-55-Research
elastic_net_residual_bootstrap,Elastic Net,shared_publication_held_out,test,0.9,88,106.0,145.74399100794844,115.45880679534234,186.03477334414765,-39.74399100794844,39.74399100794844,1579.5848212398862,70.57596654880531,35.287983274402656,22.504513899069153,False,below_interval_overprediction,1.1262755000447446,259.75210245565216,shared_semantic_recoding_50_percent,shared_publication_test,1451,115,311,25,311,25,634,634,,shared_semantic_dataset,,Ref-55-Research,Ref-55-Research
elastic_net_residual_bootstrap,Elastic Net,shared_publication_held_out,test,0.9,89,112.0,147.50501333244503,116.43477327407658,185.01624340699058,-35.50501333244503,35.50501333244503,1260.6059717370995,68.581470132914,34.290735066457,21.629429100377727,False,below_interval_overprediction,1.0354112638190667,157.27693561444556,shared_semantic_recoding_50_percent,shared_publication_test,1451,115,311,25,311,25,635,635,,shared_semantic_dataset,,Ref-55-Research,Ref-55-Research
elastic_net_residual_bootstrap,Elastic Net,shared_publication_held_out,test,0.9,90,115.0,149.26603565694163,116.90511306561159,186.9092472690759,-34.266035656941625,34.266035656941625,1174.1611996427948,70.00413420346432,35.00206710173216,21.31093626023184,False,below_interval_overprediction,0.9789717720770237,108.10639551569608,shared_semantic_recoding_50_percent,shared_publication_test,1451,115,311,25,311,25,636,636,,shared_semantic_dataset,,Ref-55-Research,Ref-55-Research
elastic_net_residual_bootstrap,Elastic Net,shared_publication_held_out,test,0.9,91,101.0,151.02705798143825,121.08171403315731,184.27832283039578,-50.02705798143825,50.02705798143825,2502.7065302781843,63.19660879723847,31.598304398619234,18.972353142588865,False,below_interval_overprediction,1.5832196990805716,464.83088946038475,shared_semantic_recoding_50_percent,shared_publication_test,1451,115,311,25,311,25,637,637,,shared_semantic_dataset,,Ref-55-Research,Ref-55-Research
elastic_net_residual_bootstrap,Elastic Net,shared_publication_held_out,test,0.9,92,115.0,125.25163015602455,99.54114426055636,167.0331923097725,-10.251630156024547,10.251630156024547,105.09592085591187,67.49204804921612,33.74602402460806,20.187164188320292,True,covered,0.30378779285372753,67.49204804921612,shared_semantic_recoding_50_percent,shared_publication_test,1451,115,311,25,311,25,643,643,,shared_semantic_dataset,,Ref-57-Research,Ref-57-Research
elastic_net_residual_bootstrap,Elastic Net,shared_publication_held_out,test,0.9,93,120.0,125.2005359123838,99.17179494317914,168.94060057156315,-5.200535912383799,5.200535912383799,27.045573775993592,69.76880562838402,34.88440281419201,21.671713308499577,True,covered,0.14907911538815471,69.76880562838402,shared_semantic_recoding_50_percent,shared_publication_test,1451,115,311,25,311,25,644,644,,shared_semantic_dataset,,Ref-57-Research,Ref-57-Research
elastic_net_residual_bootstrap,Elastic Net,shared_publication_held_out,test,0.9,94,127.0,125.14944166874304,98.86737480612379,165.75822328086983,1.8505583312569627,1.8505583312569627,3.4245661373845544,66.89084847474604,33.44542423737302,19.897618782421834,True,covered,0.055330687932763245,66.89084847474604,shared_semantic_recoding_50_percent,shared_publication_test,1451,115,311,25,311,25,645,645,,shared_semantic_dataset,,Ref-57-Research,Ref-57-Research
elastic_net_residual_bootstrap,Elastic Net,shared_publication_held_out,test,0.9,95,133.0,125.09834742510228,97.13480835383417,165.39993986500633,7.901652574897724,7.901652574897724,62.43611341438784,68.26513151117216,34.13256575558608,21.337207991131955,True,covered,0.23149893364241314,68.26513151117216,shared_semantic_recoding_50_percent,shared_publication_test,1451,115,311,25,311,25,646,646,,shared_semantic_dataset,,Ref-57-Research,Ref-57-Research
elastic_net_residual_bootstrap,Elastic Net,shared_publication_held_out,test,0.9,96,135.0,125.04725318146151,95.67097518372533,166.12248349314098,9.952746818538486,9.952746818538486,99.05716923392797,70.45150830941564,35.22575415470782,21.45223424081014,True,covered,0.28254176687962634,70.45150830941564,shared_semantic_recoding_50_percent,shared_publication_test,1451,115,311,25,311,25,647,647,,shared_semantic_dataset,,Ref-57-Research,Ref-57-Research
elastic_net_residual_bootstrap,Elastic Net,shared_publication_held_out,test,0.9,97,130.0,124.99615893782075,97.17802390341532,165.48264194611627,5.003841062179248,5.003841062179248,25.038425375551146,68.30461804270095,34.152309021350476,21.665434129223158,True,covered,0.14651545402248128,68.30461804270095,shared_semantic_recoding_50_percent,shared_publication_test,1451,115,311,25,311,25,648,648,,shared_semantic_dataset,,Ref-57-Research,Ref-57-Research
elastic_net_residual_bootstrap,Elastic Net,shared_publication_held_out,test,0.9,98,141.0,174.5623725143017,139.2289840831081,209.14507537453682,-33.5623725143017,33.5623725143017,1126.4328487887542,69.91609129142873,34.958045645714364,21.685367982618914,True,covered,0.9600757678058651,69.91609129142873,shared_semantic_recoding_50_percent,shared_publication_test,1451,115,311,25,311,25,758,758,,shared_semantic_dataset,,Ref-64-Research,Ref-64-Research
elastic_net_residual_bootstrap,Elastic Net,shared_publication_held_out,test,0.9,99,148.0,165.36995134738444,125.6389346652289,197.56241168057676,-17.369951347384443,17.369951347384443,301.71520981050264,71.92347701534786,35.96173850767393,22.965429955020838,True,covered,0.4830120029841673,71.92347701534786,shared_semantic_recoding_50_percent,shared_publication_test,1451,115,311,25,311,25,759,759,,shared_semantic_dataset,,Ref-64-Research,Ref-64-Research
elastic_net_residual_bootstrap,Elastic Net,shared_publication_held_out,test,0.9,100,151.0,163.4243285398786,129.48036033426936,193.89046781001323,-12.424328539878587,12.424328539878587,154.3639396668416,64.41010747574387,32.205053737871935,20.88492613402028,True,covered,0.3857881635908604,64.41010747574387,shared_semantic_recoding_50_percent,shared_publication_test,1451,115,311,25,311,25,760,760,,shared_semantic_dataset,,Ref-64-Research,Ref-64-Research
elastic_net_residual_bootstrap,Elastic Net,shared_publication_held_out,test,0.9,101,146.0,161.4787057323727,129.18273964685,193.23914977324853,-15.478705732372703,15.478705732372703,239.59033114938757,64.05641012639853,32.028205063199266,20.713030529196438,True,covered,0.48328358401070354,64.05641012639853,shared_semantic_recoding_50_percent,shared_publication_test,1451,115,311,25,311,25,761,761,,shared_semantic_dataset,,Ref-64-Research,Ref-64-Research
elastic_net_residual_bootstrap,Elastic Net,shared_publication_held_out,test,0.9,102,145.0,160.41041050638225,122.9493482536347,196.00214405607204,-15.410410506382249,15.410410506382249,237.4807519752164,73.05279580243734,36.52639790121867,22.16522461257211,True,covered,0.4218978982832603,73.05279580243734,shared_semantic_recoding_50_percent,shared_publication_test,1451,115,311,25,311,25,762,762,,shared_semantic_dataset,,Ref-64-Research,Ref-64-Research
elastic_net_residual_bootstrap,Elastic Net,shared_publication_held_out,test,0.9,103,145.0,157.3964924728859,125.24191427058688,186.0406741985317,-12.39649247288591,12.39649247288591,153.67302563031703,60.798759927944815,30.399379963972407,19.94357333892238,True,covered,0.4077876748663137,60.798759927944815,shared_semantic_recoding_50_percent,shared_publication_test,1451,115,311,25,311,25,763,763,,shared_semantic_dataset,,Ref-64-Research,Ref-64-Research
elastic_net_residual_bootstrap,Elastic Net,shared_publication_held_out,test,0.9,104,139.0,154.38257443938957,117.24429934611629,185.65503765906806,-15.382574439389572,15.382574439389572,236.6235963833614,68.41073831295176,34.20536915647588,22.230941485548723,True,covered,0.4497122767194953,68.41073831295176,shared_semantic_recoding_50_percent,shared_publication_test,1451,115,311,25,311,25,764,764,,shared_semantic_dataset,,Ref-64-Research,Ref-64-Research
elastic_net_residual_bootstrap,Elastic Net,shared_publication_held_out,test,0.9,105,139.0,133.19749848299784,92.8743952330475,166.16624842117878,5.802501517002156,5.802501517002156,33.66902385481232,73.29185318813128,36.64592659406564,22.67242075972873,True,covered,0.15833960432431254,73.29185318813128,shared_semantic_recoding_50_percent,shared_publication_test,1451,115,311,25,311,25,765,765,,shared_semantic_dataset,,Ref-64-Research,Ref-64-Research
elastic_net_residual_bootstrap,Elastic Net,shared_publication_held_out,test,0.9,106,262.0,216.37242022749888,179.13531100527553,250.88088201103926,45.62757977250112,45.62757977250112,2081.8760358959535,71.74557100576374,35.87278550288187,22.450505276313553,False,above_interval_underprediction,1.271927427236884,294.1279307849785,shared_semantic_recoding_50_percent,shared_publication_test,1451,115,311,25,311,25,766,766,,shared_semantic_dataset,,Ref-65-Research,Ref-65-Research
elastic_net_residual_bootstrap,Elastic Net,shared_publication_held_out,test,0.9,107,248.0,219.83462611109462,182.82956822953804,251.34878667205288,28.16537388890538,28.16537388890538,793.2882863018328,68.51921844251484,34.25960922125742,20.759773295761992,True,covered,0.8221160290243273,68.51921844251484,shared_semantic_recoding_50_percent,shared_publication_test,1451,115,311,25,311,25,767,767,,shared_semantic_dataset,,Ref-65-Research,Ref-65-Research
elastic_net_residual_bootstrap,Elastic Net,shared_publication_held_out,test,0.9,108,229.0,213.70801723354492,178.70536427411784,240.7805955464001,15.291982766455078,15.291982766455078,233.8447369295591,62.07523127228225,31.037615636141126,20.126705606316236,True,covered,0.4926919305182914,62.07523127228225,shared_semantic_recoding_50_percent,shared_publication_test,1451,115,311,25,311,25,768,768,,shared_semantic_dataset,,Ref-65-Research,Ref-65-Research
elastic_net_residual_bootstrap,Elastic Net,shared_publication_held_out,test,0.9,109,167.0,207.73168901424935,171.9803996577592,240.80728259240252,-40.731689014249355,40.731689014249355,1659.0704899535215,68.82688293464332,34.41344146732166,21.072182056407357,False,below_interval_overprediction,1.1835982475896047,168.43487608982718,shared_semantic_recoding_50_percent,shared_publication_test,1451,115,311,25,311,25,769,769,,shared_semantic_dataset,,Ref-65-Research,Ref-65-Research
elastic_net_residual_bootstrap,Elastic Net,shared_publication_held_out,test,0.9,110,254.0,212.82092122111547,174.78223709304993,251.11896841052555,41.17907877888453,41.17907877888453,1695.7165290775783,76.33673131747562,38.16836565873781,22.675743408885953,False,above_interval_underprediction,1.0788798018512349,133.95736310696455,shared_semantic_recoding_50_percent,shared_publication_test,1451,115,311,25,311,25,770,770,,shared_semantic_dataset,,Ref-65-Research,Ref-65-Research
elastic_net_residual_bootstrap,Elastic Net,shared_publication_held_out,test,0.9,111,244.0,209.2694222147321,174.97301224470434,242.48061369006314,34.73057778526791,34.73057778526791,1206.213033298545,67.5076014453588,33.7538007226794,21.47759727417588,False,above_interval_underprediction,1.0289382837391763,97.89532764409606,shared_semantic_recoding_50_percent,shared_publication_test,1451,115,311,25,311,25,771,771,,shared_semantic_dataset,,Ref-65-Research,Ref-65-Research
elastic_net_residual_bootstrap,Elastic Net,shared_publication_held_out,test,0.9,112,202.0,205.71792320834868,170.8523663711834,241.1028122230651,-3.7179232083486795,3.7179232083486795,13.82295298317774,70.2504458518817,35.12522292594085,21.581054772456227,True,covered,0.10584767579091722,70.2504458518817,shared_semantic_recoding_50_percent,shared_publication_test,1451,115,311,25,311,25,772,772,,shared_semantic_dataset,,Ref-65-Research,Ref-65-Research
elastic_net_residual_bootstrap,Elastic Net,shared_publication_held_out,test,0.9,113,171.0,206.64057663126692,171.9012663264812,240.51477342242063,-35.640576631266924,35.640576631266924,1270.25070260921,68.61350709593944,34.30675354796972,21.622755896603095,False,below_interval_overprediction,1.0388793151596865,86.63883362556328,shared_semantic_recoding_50_percent,shared_publication_test,1451,115,311,25,311,25,773,773,,shared_semantic_dataset,,Ref-65-Research,Ref-65-Research
elastic_net_residual_bootstrap,Elastic Net,shared_publication_held_out,test,0.9,114,204.0,209.49904854473417,177.76549440619203,247.18099810950974,-5.4990485447341655,5.4990485447341655,30.239534897342942,69.41550370331771,34.707751851658855,21.41990321314029,True,covered,0.15843862685883928,69.41550370331771,shared_semantic_recoding_50_percent,shared_publication_test,1451,115,311,25,311,25,774,774,,shared_semantic_dataset,,Ref-65-Research,Ref-65-Research
elastic_net_residual_bootstrap,Elastic Net,shared_publication_held_out,test,0.9,115,239.0,212.35752045820138,180.60882011789758,250.6120509310195,26.64247954179862,26.64247954179862,709.8217161351581,70.00323081312192,35.00161540656096,22.324460669843102,True,covered,0.7611785693983872,70.00323081312192,shared_semantic_recoding_50_percent,shared_publication_test,1451,115,311,25,311,25,775,775,,shared_semantic_dataset,,Ref-65-Research,Ref-65-Research
elastic_net_residual_bootstrap,Elastic Net,shared_publication_held_out,test,0.9,116,249.0,213.36570342002616,180.93399001298013,243.42954975934936,35.634296579973835,35.634296579973835,1269.803092749535,62.495559746369224,31.247779873184612,20.260916772580632,False,above_interval_underprediction,1.1403785076761095,173.9045645593821,shared_semantic_recoding_50_percent,shared_publication_test,1451,115,311,25,311,25,776,776,,shared_semantic_dataset,,Ref-65-Research,Ref-65-Research
elastic_net_residual_bootstrap,Elastic Net,shared_publication_held_out,test,0.9,117,250.0,214.7712576896521,176.02086168913632,247.2464829048385,35.22874231034791,35.22874231034791,1241.064284768897,71.22562121570218,35.61281060785109,22.351185301734844,False,above_interval_underprediction,0.9892154454830222,126.29596311893215,shared_semantic_recoding_50_percent,shared_publication_test,1451,115,311,25,311,25,777,777,,shared_semantic_dataset,,Ref-65-Research,Ref-65-Research
elastic_net_residual_bootstrap,Elastic Net,shared_publication_held_out,test,0.9,118,259.0,216.37242022749888,182.01912190582047,259.18862999114333,42.62757977250112,42.62757977250112,1817.1105572609467,77.16950808532286,38.58475404266143,23.603814093158533,True,covered,1.1047778022731394,77.16950808532286,shared_semantic_recoding_50_percent,shared_publication_test,1451,115,311,25,311,25,778,778,,shared_semantic_dataset,,Ref-65-Research,Ref-65-Research
elastic_net_residual_bootstrap,Elastic Net,shared_publication_held_out,test,0.9,119,248.0,217.9262193911303,182.6880764350284,248.4073758121593,30.073780608869697,30.073780608869697,904.432280110427,65.71929937713091,32.859649688565455,21.438599946095483,True,covered,0.9152191485271619,65.71929937713091,shared_semantic_recoding_50_percent,shared_publication_test,1451,115,311,25,311,25,779,779,,shared_semantic_dataset,,Ref-65-Research,Ref-65-Research
elastic_net_residual_bootstrap,Elastic Net,shared_publication_held_out,test,0.9,120,246.0,219.52432828260424,182.5038725109432,253.2491405201202,26.475671717395755,26.475671717395755,700.9611928873095,70.74526800917698,35.37263400458849,21.45370749459266,True,covered,0.7484789431841962,70.74526800917698,shared_semantic_recoding_50_percent,shared_publication_test,1451,115,311,25,311,25,780,780,,shared_semantic_dataset,,Ref-65-Research,Ref-65-Research
elastic_net_residual_bootstrap,Elastic Net,shared_publication_held_out,test,0.9,121,262.0,216.37242022749888,182.52042798272154,246.99993966569747,45.62757977250112,45.62757977250112,2081.8760358959535,64.47951168297593,32.23975584148796,21.872626993151613,False,above_interval_underprediction,1.4152582295237155,364.4807183690266,shared_semantic_recoding_50_percent,shared_publication_test,1451,115,311,25,311,25,781,781,,shared_semantic_dataset,,Ref-65-Research,Ref-65-Research
elastic_net_residual_bootstrap,Elastic Net,shared_publication_held_out,test,0.9,122,262.0,220.82416443548033,180.8361172474401,250.08815339540158,41.17583556451967,41.17583556451967,1695.4494344363632,69.25203614796149,34.626018073980745,21.013395110580742,False,above_interval_underprediction,1.1891588422481851,307.48896823993,shared_semantic_recoding_50_percent,shared_publication_test,1451,115,311,25,311,25,782,782,,shared_semantic_dataset,,Ref-65-Research,Ref-65-Research
elastic_net_residual_bootstrap,Elastic Net,shared_publication_held_out,test,0.9,123,253.0,217.7623868198919,175.13080077584627,243.67440682808882,35.2376131801081,35.2376131801081,1241.689382630928,68.54360605224255,34.271803026121276,22.010845278860838,False,above_interval_underprediction,1.0281808970847173,255.05546949046618,shared_semantic_recoding_50_percent,shared_publication_test,1451,115,311,25,311,25,783,783,,shared_semantic_dataset,,Ref-65-Research,Ref-65-Research
elastic_net_residual_bootstrap,Elastic Net,shared_publication_held_out,test,0.9,124,234.0,214.69959132217923,177.03138144625004,238.9786642448972,19.30040867782077,19.30040867782077,372.5057751308993,61.947282798647166,30.973641399323583,21.082417772267043,True,covered,0.6231236563048174,61.947282798647166,shared_semantic_recoding_50_percent,shared_publication_test,1451,115,311,25,311,25,784,784,,shared_semantic_dataset,,Ref-65-Research,Ref-65-Research
elastic_net_residual_bootstrap,Elastic Net,shared_publication_held_out,test,0.9,125,239.0,219.0484149322886,173.16126973169833,247.4541019778337,19.95158506771139,19.95158506771139,398.0657467141242,74.29283224613536,37.14641612306768,21.790134956968636,True,covered,0.537106594660732,74.29283224613536,shared_semantic_recoding_50_percent,shared_publication_test,1451,115,311,25,311,25,785,785,,shared_semantic_dataset,,Ref-65-Research,Ref-65-Research
elastic_net_residual_bootstrap,Elastic Net,shared_publication_held_out,test,0.9,126,240.0,215.98663731670018,177.1132094317443,245.38330700189883,24.013362683299817,24.013362683299817,576.6415873596962,68.27009757015452,34.13504878507726,22.83463149344048,True,covered,0.703481129747138,68.27009757015452,shared_semantic_recoding_50_percent,shared_publication_test,1451,115,311,25,311,25,786,786,,shared_semantic_dataset,,Ref-65-Research,Ref-65-Research
elastic_net_residual_bootstrap,Elastic Net,shared_publication_held_out,test,0.9,127,230.0,217.27266542909692,176.41869630681418,245.24265750025847,12.727334570903082,12.727334570903082,161.98504527970474,68.82396119344429,34.411980596722145,20.596476314728093,True,covered,0.36985184665934057,68.82396119344429,shared_semantic_recoding_50_percent,shared_publication_test,1451,115,311,25,311,25,787,787,,shared_semantic_dataset,,Ref-65-Research,Ref-65-Research
elastic_net_residual_bootstrap,Elastic Net,shared_publication_held_out,test,0.9,128,189.0,211.14809231579582,169.1893637020623,239.13025909761072,-22.14809231579582,22.14809231579582,490.5379932290139,69.94089539554841,34.970447697774205,21.46170498709742,True,covered,0.6333373969703425,69.94089539554841,shared_semantic_recoding_50_percent,shared_publication_test,1451,115,311,25,311,25,788,788,,shared_semantic_dataset,,Ref-65-Research,Ref-65-Research
elastic_net_residual_bootstrap,Elastic Net,shared_publication_held_out,test,0.9,129,270.0,216.37242022749888,185.7946404395897,247.73430623338407,53.62757977250112,53.62757977250112,2875.9173122559714,61.939665793794376,30.969832896897188,19.88904003690201,False,above_interval_underprediction,1.7316070109591704,507.25354112611296,shared_semantic_recoding_50_percent,shared_publication_test,1451,115,311,25,311,25,789,789,,shared_semantic_dataset,,Ref-65-Research,Ref-65-Research
elastic_net_residual_bootstrap,Elastic Net,shared_publication_held_out,test,0.9,130,281.0,220.35089077233062,180.60582456778036,245.42014273796525,60.649109227669385,60.649109227669385,3678.3144501097718,64.81431817018489,32.407159085092445,20.478711769405336,False,above_interval_underprediction,1.871472567787297,776.4114634108801,shared_semantic_recoding_50_percent,shared_publication_test,1451,115,311,25,311,25,790,790,,shared_semantic_dataset,,Ref-65-Research,Ref-65-Research
elastic_net_residual_bootstrap,Elastic Net,shared_publication_held_out,test,0.9,131,250.0,215.56321197097617,175.0806272474199,241.920520262532,34.43678802902383,34.43678802902383,1185.892369755919,66.8398930151121,33.41994650755605,21.384199967995748,False,above_interval_underprediction,1.0304261863865605,228.42948776447224,shared_semantic_recoding_50_percent,shared_publication_test,1451,115,311,25,311,25,791,791,,shared_semantic_dataset,,Ref-65-Research,Ref-65-Research
elastic_net_residual_bootstrap,Elastic Net,shared_publication_held_out,test,0.9,132,224.0,210.82493230808558,174.32819448499953,244.11663808963118,13.175067691914421,13.175067691914421,173.5824086865272,69.78844360463165,34.894221802315826,21.939213996339756,True,covered,0.3775716153394781,69.78844360463165,shared_semantic_recoding_50_percent,shared_publication_test,1451,115,311,25,311,25,792,792,,shared_semantic_dataset,,Ref-65-Research,Ref-65-Research
elastic_net_residual_bootstrap,Elastic Net,shared_publication_held_out,test,0.9,133,214.0,211.5244864978627,169.4509636849116,239.97424211153813,2.4755135021372894,2.4755135021372894,6.128167099264028,70.52327842662652,35.26163921331326,21.661972912083048,True,covered,0.07020415265330726,70.52327842662652,shared_semantic_recoding_50_percent,shared_publication_test,1451,115,311,25,311,25,793,793,,shared_semantic_dataset,,Ref-65-Research,Ref-65-Research
elastic_net_residual_bootstrap,Elastic Net,shared_publication_held_out,test,0.9,134,268.0,218.46232378413663,179.67120464110715,250.93157653012025,49.53767621586337,49.53767621586337,2453.9813648677155,71.2603718890131,35.63018594450655,22.654420267537432,False,above_interval_underprediction,1.3903288715084876,412.6288412866081,shared_semantic_recoding_50_percent,shared_publication_test,1451,115,311,25,311,25,794,794,,shared_semantic_dataset,,Ref-65-Research,Ref-65-Research
elastic_net_residual_bootstrap,Elastic Net,shared_publication_held_out,test,0.9,135,232.0,205.45960777081248,166.21117969209158,242.16333101169587,26.540392229187518,26.540392229187518,704.3924196791172,75.9521513196043,37.97607565980215,23.50089341758778,True,covered,0.6988713754138806,75.9521513196043,shared_semantic_recoding_50_percent,shared_publication_test,1451,115,311,25,311,25,795,795,,shared_semantic_dataset,,Ref-65-Research,Ref-65-Research
elastic_net_residual_bootstrap,Elastic Net,shared_publication_held_out,test,0.9,136,155.0,146.688076909764,115.81464207767281,184.7973840034122,8.311923090236007,8.311923090236007,69.0880654579985,68.98274192573938,34.49137096286969,21.231444037105224,True,covered,0.24098558155846797,68.98274192573938,shared_semantic_recoding_50_percent,shared_publication_test,1451,115,311,25,311,25,829,829,,shared_semantic_dataset,,Ref-68-Research,Ref-68-Research
elastic_net_residual_bootstrap,Elastic Net,shared_publication_held_out,test,0.9,137,146.0,142.30465360321332,107.93803052966918,181.4498325205978,3.6953463967866753,3.6953463967866753,13.655584992244265,73.51180199092862,36.75590099546431,21.837828979063804,True,covered,0.10053750001238393,73.51180199092862,shared_semantic_recoding_50_percent,shared_publication_test,1451,115,311,25,311,25,830,830,,shared_semantic_dataset,,Ref-68-Research,Ref-68-Research
elastic_net_residual_bootstrap,Elastic Net,shared_publication_held_out,test,0.9,138,130.94,110.61592556646484,81.5648518197396,150.79748631096058,20.32407443353516,20.32407443353516,413.0680015798775,69.23263449122098,34.61631724561049,21.767568223817495,True,covered,0.5871241093999492,69.23263449122098,shared_semantic_recoding_50_percent,shared_publication_test,1451,115,311,25,311,25,910,910,,shared_semantic_dataset,,Ref-75-Research,Ref-75-Research
elastic_net_residual_bootstrap,Elastic Net,shared_publication_held_out,test,0.9,139,128.35,112.30257696258407,78.83596130466378,151.97219841853868,16.047423037415925,16.047423037415925,257.51978614178734,73.1362371138749,36.56811855693745,22.03710900057175,True,covered,0.43883644197963584,73.1362371138749,shared_semantic_recoding_50_percent,shared_publication_test,1451,115,311,25,311,25,911,911,,shared_semantic_dataset,,Ref-75-Research,Ref-75-Research
elastic_net_residual_bootstrap,Elastic Net,shared_publication_held_out,test,0.9,140,128.73,113.98922835870329,84.69390397811709,145.63692336931916,14.740771641296703,14.740771641296703,217.2903485808571,60.94301939120207,30.471509695601036,19.652686871700578,True,covered,0.4837558686311078,60.94301939120207,shared_semantic_recoding_50_percent,shared_publication_test,1451,115,311,25,311,25,912,912,,shared_semantic_dataset,,Ref-75-Research,Ref-75-Research
elastic_net_residual_bootstrap,Elastic Net,shared_publication_held_out,test,0.9,141,130.18,115.67587975482252,83.98626867896023,148.60238678596477,14.50412024517749,14.50412024517749,210.3695040865675,64.61611810700454,32.30805905350227,19.52488469607165,True,covered,0.44893195908669753,64.61611810700454,shared_semantic_recoding_50_percent,shared_publication_test,1451,115,311,25,311,25,913,913,,shared_semantic_dataset,,Ref-75-Research,Ref-75-Research
elastic_net_residual_bootstrap,Elastic Net,shared_publication_held_out,test,0.9,142,130.9,117.86842660626725,87.30655556071852,154.52626374301886,13.031573393732756,13.031573393732756,169.82190511624347,67.21970818230034,33.60985409115017,21.424336230546132,True,covered,0.38773073392080293,67.21970818230034,shared_semantic_recoding_50_percent,shared_publication_test,1451,115,311,25,311,25,914,914,,shared_semantic_dataset,,Ref-75-Research,Ref-75-Research
elastic_net_residual_bootstrap,Elastic Net,shared_publication_held_out,test,0.9,143,122.0,124.83371020135944,100.32485178949524,168.10570807601928,-2.8337102013594375,2.8337102013594375,8.029913505288544,67.78085628652404,33.89042814326202,21.051059047188502,True,covered,0.0836138802785478,67.78085628652404,shared_semantic_recoding_50_percent,shared_publication_test,1451,115,311,25,311,25,980,980,,shared_semantic_dataset,,Ref-83-Research,Ref-83-Research
elastic_net_residual_bootstrap,Elastic Net,shared_publication_held_out,test,0.9,144,128.0,124.83371020135944,100.99924668424663,164.08438329636041,3.1662897986405625,3.1662897986405625,10.025391088975294,63.085136612113786,31.542568306056893,20.102955438922002,True,covered,0.10038148345810391,63.085136612113786,shared_semantic_recoding_50_percent,shared_publication_test,1451,115,311,25,311,25,981,981,,shared_semantic_dataset,,Ref-83-Research,Ref-83-Research
elastic_net_residual_bootstrap,Elastic Net,shared_publication_held_out,test,0.9,145,188.0,142.4015189908702,104.76768638786861,173.27248561316102,45.59848100912981,45.59848100912981,2079.2214703399723,68.50479922529242,34.25239961264621,20.844507170703228,False,above_interval_underprediction,1.331249241652972,363.055086962072,shared_semantic_recoding_50_percent,shared_publication_test,1451,115,311,25,311,25,1069,1069,,shared_semantic_dataset,,Ref-89-Research,Ref-89-Research
elastic_net_residual_bootstrap,Elastic Net,shared_publication_held_out,test,0.9,146,185.0,140.905435177849,109.78483885638903,179.67909774353615,44.094564822151,44.094564822151,1944.3306468548765,69.89425888714712,34.94712944357356,21.062163350710158,False,above_interval_underprediction,1.2617506938115504,176.3123040164242,shared_semantic_recoding_50_percent,shared_publication_test,1451,115,311,25,311,25,1070,1070,,shared_semantic_dataset,,Ref-89-Research,Ref-89-Research
elastic_net_residual_bootstrap,Elastic Net,shared_publication_held_out,test,0.9,147,150.0,138.29933229471973,104.04994588107544,171.6289670013268,11.700667705280267,11.700667705280267,136.9056247493886,67.57902112025135,33.78951056012568,21.26475345070022,True,covered,0.34628106507964607,67.57902112025135,shared_semantic_recoding_50_percent,shared_publication_test,1451,115,311,25,311,25,1111,1111,,shared_semantic_dataset,,Ref-95-Research,Ref-95-Research
elastic_net_residual_bootstrap,Elastic Net,shared_publication_held_out,test,0.9,148,152.0,139.12136023247572,107.68263167147913,178.8263765607822,12.878639767524277,12.878639767524277,165.85936226165776,71.14374488930306,35.57187244465153,22.876165550835612,True,covered,0.36204559620984095,71.14374488930306,shared_semantic_recoding_50_percent,shared_publication_test,1451,115,311,25,311,25,1112,1112,,shared_semantic_dataset,,Ref-95-Research,Ref-95-Research
elastic_net_residual_bootstrap,Elastic Net,shared_publication_held_out,test,0.9,149,142.0,139.94338817023169,106.22990559234832,174.5548955229617,2.0566118297683147,2.0566118297683147,4.2296522183429754,68.32498993061337,34.162494965306685,21.40981627156929,True,covered,0.06020086740903679,68.32498993061337,shared_semantic_recoding_50_percent,shared_publication_test,1451,115,311,25,311,25,1113,1113,,shared_semantic_dataset,,Ref-95-Research,Ref-95-Research
elastic_net_residual_bootstrap,Elastic Net,shared_publication_held_out,test,0.9,150,136.0,140.76541610798768,113.27653060003173,168.64044647733786,-4.765416107987676,4.765416107987676,22.709190682268407,55.36391587730613,27.681957938653063,18.949102062968088,True,covered,0.17214880965242696,55.36391587730613,shared_semantic_recoding_50_percent,shared_publication_test,1451,115,311,25,311,25,1114,1114,,shared_semantic_dataset,,Ref-95-Research,Ref-95-Research
elastic_net_residual_bootstrap,Elastic Net,shared_publication_held_out,test,0.9,151,119.6,120.62444025371799,86.89816599297271,156.83729637319152,-1.024440253717998,1.024440253717998,1.049477833437796,69.93913038021881,34.96956519010941,22.030842601953587,True,covered,0.029295195640800957,69.93913038021881,shared_semantic_recoding_50_percent,shared_publication_test,1451,115,311,25,311,25,1123,1123,,shared_semantic_dataset,,Ref-97-Research,Ref-97-Research
elastic_net_residual_bootstrap,Elastic Net,shared_publication_held_out,test,0.9,152,138.0,169.07229188612246,139.0866653881135,203.9046644716983,-31.072291886122457,31.072291886122457,965.4873230563915,64.81799908358482,32.40899954179241,20.786790314713492,False,below_interval_overprediction,0.9587550472224164,86.55130684585458,shared_semantic_recoding_50_percent,shared_publication_test,1451,115,311,25,311,25,1251,1251,,shared_semantic_dataset,,Ref-108-Research,Ref-108-Research
elastic_net_residual_bootstrap,Elastic Net,shared_publication_held_out,test,0.9,153,122.0,160.35489685878875,131.4050230823995,200.3245506114015,-38.35489685878875,38.35489685878875,1471.098113048323,68.91952752900198,34.45976376450099,22.02190627401436,False,below_interval_overprediction,1.1130342367088528,257.0199891769922,shared_semantic_recoding_50_percent,shared_publication_test,1451,115,311,25,311,25,1252,1252,,shared_semantic_dataset,,Ref-108-Research,Ref-108-Research
elastic_net_residual_bootstrap,Elastic Net,shared_publication_held_out,test,0.9,154,105.0,162.10037046583037,122.83368902234625,190.9954605483644,-57.100370465830366,57.100370465830366,3260.452307335073,68.16177152601816,34.08088576300908,21.80369323866996,False,below_interval_overprediction,1.6754368082711724,424.8355519729432,shared_semantic_recoding_50_percent,shared_publication_test,1451,115,311,25,311,25,1253,1253,,shared_semantic_dataset,,Ref-108-Research,Ref-108-Research
elastic_net_residual_bootstrap,Elastic Net,shared_publication_held_out,test,0.9,155,230.0,147.37409241930482,115.05984155542502,188.7134049763035,82.62590758069518,82.62590758069518,6827.040603533582,73.65356342087848,36.82678171043924,22.202397957403367,False,above_interval_underprediction,2.2436363902326364,899.3854638948085,shared_semantic_recoding_50_percent,shared_publication_test,1451,115,311,25,311,25,1254,1254,,shared_semantic_dataset,,Ref-109-Research,Ref-109-Research
elastic_net_residual_bootstrap,Elastic Net,shared_publication_held_out,test,0.9,156,250.0,171.86061755598038,140.81305879868407,207.49789088778678,78.13938244401962,78.13938244401962,6105.763088732761,66.68483208910271,33.342416044551356,20.034700056236595,False,above_interval_underprediction,2.343542901618515,916.7270143333672,shared_semantic_recoding_50_percent,shared_publication_test,1451,115,311,25,311,25,1255,1255,,shared_semantic_dataset,,Ref-109-Research,Ref-109-Research
elastic_net_residual_bootstrap,Elastic Net,shared_publication_held_out,test,0.9,157,192.0,128.78414225890876,94.03639858158732,166.05042083699553,63.21585774109124,63.21585774109124,3996.2446699418856,72.01402225540821,36.007011127704104,21.118421420738642,False,above_interval_underprediction,1.755654128494226,591.0056055154978,shared_semantic_recoding_50_percent,shared_publication_test,1451,115,311,25,311,25,1274,1274,,shared_semantic_dataset,,Ref-111-Research,Ref-111-Research
elastic_net_residual_bootstrap,Elastic Net,shared_publication_held_out,test,0.9,158,201.0,149.98311505154817,114.73714634823625,192.0661373818596,51.01688494845183,51.01688494845183,2602.722549843571,77.32899103362334,38.66449551681167,22.20053993339672,False,above_interval_underprediction,1.319476286099976,256.00624339643156,shared_semantic_recoding_50_percent,shared_publication_test,1451,115,311,25,311,25,1275,1275,,shared_semantic_dataset,,Ref-111-Research,Ref-111-Research
elastic_net_residual_bootstrap,Elastic Net,shared_publication_held_out,test,0.9,159,202.0,184.31822318205442,151.467786233575,226.03715469684593,17.681776817945575,17.681776817945575,312.64523143963754,74.56936846327093,37.28468423163547,22.71248688967895,True,covered,0.47423700058971846,74.56936846327093,shared_semantic_recoding_50_percent,shared_publication_test,1451,115,311,25,311,25,1485,1485,,shared_semantic_dataset,,Ref-128-Research,Ref-128-Research
elastic_net_residual_bootstrap,Elastic Net,shared_publication_held_out,test,0.9,160,204.5,184.00211420087408,147.20218053821046,216.59148280199807,20.497885799125925,20.497885799125925,420.16332223400826,69.38930226378761,34.69465113189381,21.614754198272603,True,covered,0.5908082407631648,69.38930226378761,shared_semantic_recoding_50_percent,shared_publication_test,1451,115,311,25,311,25,1486,1486,,shared_semantic_dataset,,Ref-128-Research,Ref-128-Research
elastic_net_residual_bootstrap,Elastic Net,shared_publication_held_out,test,0.9,161,197.3,183.7311636455766,147.74806297636528,216.7533719921512,13.56883635442341,13.56883635442341,184.1133200131224,69.00530901578591,34.502654507892956,21.364763029705973,True,covered,0.3932693454446919,69.00530901578591,shared_semantic_recoding_50_percent,shared_publication_test,1451,115,311,25,311,25,1487,1487,,shared_semantic_dataset,,Ref-128-Research,Ref-128-Research
elastic_net_residual_bootstrap,Elastic Net,shared_publication_held_out,test,0.9,162,121.5,119.92835637945775,89.53961383036959,160.54799020210737,1.5716436205422468,1.5716436205422468,2.470063669991142,71.00837637173778,35.50418818586889,21.723194645746958,True,covered,0.04426642885944877,71.00837637173778,shared_semantic_recoding_50_percent,shared_publication_test,1451,115,311,25,311,25,1507,1507,,shared_semantic_dataset,,Ref-133-Research,Ref-133-Research
elastic_net_residual_bootstrap,Elastic Net,shared_publication_held_out,test,0.9,163,112.69,119.92835637945775,88.40050204452602,156.07896193424637,-7.2383563794577555,7.2383563794577555,52.39380307603678,67.67845988972034,33.83922994486017,20.14363660327195,True,covered,0.21390428775277692,67.67845988972034,shared_semantic_recoding_50_percent,shared_publication_test,1451,115,311,25,311,25,1508,1508,,shared_semantic_dataset,,Ref-133-Research,Ref-133-Research
elastic_net_residual_bootstrap,Elastic Net,shared_publication_held_out,test,0.9,164,172.0,143.83519903357143,115.12749767178644,185.63744739593304,28.164800966428572,28.164800966428572,793.2560134785358,70.5099497241466,35.2549748620733,22.450191772813927,True,covered,0.7988886980239429,70.5099497241466,shared_semantic_recoding_50_percent,shared_publication_test,1451,115,311,25,311,25,1736,1736,,shared_semantic_dataset,,Ref-144-Research,Ref-144-Research
elastic_net_residual_bootstrap,Elastic Net,shared_publication_held_out,test,0.9,165,149.0,132.9676391086692,103.61033322397627,171.29994803482464,16.032360891330796,16.032360891330796,257.0365957498732,67.68961481084837,33.844807405424184,21.46120751785162,True,covered,0.4737022344160643,67.68961481084837,shared_semantic_recoding_50_percent,shared_publication_test,1451,115,311,25,311,25,1737,1737,,shared_semantic_dataset,,Ref-144-Research,Ref-144-Research
elastic_net_residual_bootstrap,Elastic Net,shared_publication_held_out,test,0.9,166,154.0,130.88445220671994,97.75444480829515,174.08507049023825,23.115547793280058,23.115547793280058,534.3285497834146,76.3306256819431,38.16531284097155,23.539392878346238,True,covered,0.6056690243729604,76.3306256819431,shared_semantic_recoding_50_percent,shared_publication_test,1451,115,311,25,311,25,1738,1738,,shared_semantic_dataset,,Ref-144-Research,Ref-144-Research
elastic_net_residual_bootstrap,Elastic Net,shared_publication_held_out,test,0.9,167,135.0,129.45669917430925,101.02511669725465,170.02197935992913,5.54330082569075,5.54330082569075,30.72818404410375,68.99686266267449,34.498431331337244,20.279209881443574,True,covered,0.16068269227810938,68.99686266267449,shared_semantic_recoding_50_percent,shared_publication_test,1451,115,311,25,311,25,1739,1739,,shared_semantic_dataset,,Ref-144-Research,Ref-144-Research
elastic_net_residual_bootstrap,Elastic Net,shared_publication_held_out,test,0.9,168,142.0,143.83519903357143,113.38358044890414,183.56663316669358,-1.8351990335714277,1.8351990335714277,3.367955492821502,70.18305271778944,35.09152635889472,21.596786756381462,True,covered,0.05229749811399287,70.18305271778944,shared_semantic_recoding_50_percent,shared_publication_test,1451,115,311,25,311,25,1740,1740,,shared_semantic_dataset,,Ref-144-Research,Ref-144-Research
elastic_net_residual_bootstrap,Elastic Net,shared_publication_held_out,test,0.9,169,141.0,131.88050144665135,100.81081425917338,173.77440890254852,9.119498553348649,9.119498553348649,83.1652538645281,72.96359464337513,36.481797321687566,22.822801199516146,True,covered,0.24997393831600842,72.96359464337513,shared_semantic_recoding_50_percent,shared_publication_test,1451,115,311,25,311,25,1741,1741,,shared_semantic_dataset,,Ref-144-Research,Ref-144-Research
elastic_net_residual_bootstrap,Elastic Net,shared_publication_held_out,test,0.9,170,149.0,129.8227615978093,101.03102844986577,165.65279502111773,19.17723840219071,19.17723840219071,367.7664727344581,64.62176657125195,32.31088328562598,21.703752303875138,True,covered,0.5935225673858943,64.62176657125195,shared_semantic_recoding_50_percent,shared_publication_test,1451,115,311,25,311,25,1742,1742,,shared_semantic_dataset,,Ref-144-Research,Ref-144-Research
elastic_net_residual_bootstrap,Elastic Net,shared_publication_held_out,test,0.9,171,179.0,144.1332101148977,114.84239823424325,184.46457298755527,34.86678988510229,34.86678988510229,1215.6930368918715,69.62217475331202,34.81108737665601,21.858986679531085,True,covered,1.0016001369863452,69.62217475331202,shared_semantic_recoding_50_percent,shared_publication_test,1451,115,311,25,311,25,1743,1743,,shared_semantic_dataset,,Ref-144-Research,Ref-144-Research
elastic_net_residual_bootstrap,Elastic Net,shared_publication_held_out,test,0.9,172,90.0,127.24891476354234,98.96406054648244,173.71522663598935,-37.248914763542345,37.248914763542345,1387.4816510616429,74.75116608950691,37.375583044753455,22.618718837773677,False,below_interval_overprediction,0.9966109349770026,254.0323770191558,shared_semantic_recoding_50_percent,shared_publication_test,1451,115,311,25,311,25,1744,1744,,shared_semantic_dataset,,Ref-144-Research,Ref-144-Research
elastic_net_residual_bootstrap,Elastic Net,shared_publication_held_out,test,0.9,173,151.0,132.48389724068633,102.77852111789659,175.53251806578086,18.516102759313668,18.516102759313668,342.84606139346323,72.75399694788427,36.37699847394214,21.633882515918046,True,covered,0.509005787615415,72.75399694788427,shared_semantic_recoding_50_percent,shared_publication_test,1451,115,311,25,311,25,1745,1745,,shared_semantic_dataset,,Ref-144-Research,Ref-144-Research
elastic_net_residual_bootstrap,Elastic Net,shared_publication_held_out,test,0.9,174,125.0,132.6039844704101,96.4541657212841,169.07446747683403,-7.603984470410097,7.603984470410097,57.820579826237925,72.62030175554993,36.310150877774966,22.10570782759407,True,covered,0.20941759498621115,72.62030175554993,shared_semantic_recoding_50_percent,shared_publication_test,1451,115,311,25,311,25,1746,1746,,shared_semantic_dataset,,Ref-144-Research,Ref-144-Research
elastic_net_residual_bootstrap,Elastic Net,shared_publication_held_out,test,0.9,175,116.0,133.77103730965564,97.65972877772587,166.98861474426832,-17.77103730965564,17.77103730965564,315.80976706117275,69.32888596654244,34.66444298327122,21.990138795763915,True,covered,0.5126589606021305,69.32888596654244,shared_semantic_recoding_50_percent,shared_publication_test,1451,115,311,25,311,25,1747,1747,,shared_semantic_dataset,,Ref-144-Research,Ref-144-Research
elastic_net_residual_bootstrap,Elastic Net,shared_publication_held_out,test,0.9,176,108.0,130.8735045574314,101.30355546686162,167.29535709197657,-22.873504557431403,22.873504557431403,523.1972107388351,65.99180162511495,32.99590081255747,21.203229488835316,True,covered,0.6932226123290527,65.99180162511495,shared_semantic_recoding_50_percent,shared_publication_test,1451,115,311,25,311,25,1748,1748,,shared_semantic_dataset,,Ref-144-Research,Ref-144-Research
elastic_net_residual_bootstrap,Elastic Net,shared_publication_held_out,test,0.9,177,128.0,129.71359975399807,99.11324975484756,170.7085328193683,-1.7135997539980679,1.7135997539980679,2.9364241169022387,71.59528306452073,35.797641532260364,22.419689354853027,True,covered,0.0478690684818941,71.59528306452073,shared_semantic_recoding_50_percent,shared_publication_test,1451,115,311,25,311,25,1749,1749,,shared_semantic_dataset,,Ref-144-Research,Ref-144-Research
elastic_net_residual_bootstrap,Elastic Net,shared_publication_held_out,test,0.9,178,125.0,131.2007644932948,101.33795584474164,169.82337259304077,-6.200764493294798,6.200764493294798,38.4494803013055,68.48541674829913,34.242708374149565,22.049111625049452,True,covered,0.18108277025119504,68.48541674829913,shared_semantic_recoding_50_percent,shared_publication_test,1451,115,311,25,311,25,1750,1750,,shared_semantic_dataset,,Ref-144-Research,Ref-144-Research
elastic_net_residual_bootstrap,Elastic Net,shared_publication_held_out,test,0.9,179,114.0,130.00446498746575,95.8955413395021,168.23811957656164,-16.004464987465752,16.004464987465752,256.14289953501714,72.34257823705954,36.17128911852977,22.111410038307948,True,covered,0.44246321813471146,72.34257823705954,shared_semantic_recoding_50_percent,shared_publication_test,1451,115,311,25,311,25,1751,1751,,shared_semantic_dataset,,Ref-144-Research,Ref-144-Research
elastic_net_residual_bootstrap,Elastic Net,shared_publication_held_out,test,0.9,180,182.0,146.8445378040049,118.88254865664878,182.6306102254196,35.15546219599511,35.15546219599511,1235.9065222140416,63.74806156877081,31.874030784385404,19.06332134350627,True,covered,1.1029499981915445,63.74806156877081,shared_semantic_recoding_50_percent,shared_publication_test,1451,115,311,25,311,25,1752,1752,,shared_semantic_dataset,,Ref-144-Research,Ref-144-Research
elastic_net_residual_bootstrap,Elastic Net,shared_publication_held_out,test,0.9,181,142.0,133.75273829236065,100.67673885011513,173.74591295066742,8.247261707639353,8.247261707639353,68.01732567429438,73.06917410055229,36.534587050276144,21.268112877165425,True,covered,0.22573846794244845,73.06917410055229,shared_semantic_recoding_50_percent,shared_publication_test,1451,115,311,25,311,25,1753,1753,,shared_semantic_dataset,,Ref-144-Research,Ref-144-Research
elastic_net_residual_bootstrap,Elastic Net,shared_publication_held_out,test,0.9,182,150.0,133.75273829236065,107.77618367072465,173.76721516727397,16.247261707639353,16.247261707639353,263.97351299652405,65.99103149654933,32.99551574827466,21.722194562440468,True,covered,0.49240817544999044,65.99103149654933,shared_semantic_recoding_50_percent,shared_publication_test,1451,115,311,25,311,25,1754,1754,,shared_semantic_dataset,,Ref-144-Research,Ref-144-Research
elastic_net_residual_bootstrap,Elastic Net,shared_publication_held_out,test,0.9,183,155.0,132.80735537511978,104.32062180337496,168.8271067996203,22.192644624880216,22.192644624880216,492.5134754462248,64.50648499624535,32.253242498122674,21.242701673199196,True,covered,0.6880748385583855,64.50648499624535,shared_semantic_recoding_50_percent,shared_publication_test,1451,115,311,25,311,25,1755,1755,,shared_semantic_dataset,,Ref-144-Research,Ref-144-Research
elastic_net_residual_bootstrap,Elastic Net,shared_publication_held_out,test,0.9,184,132.0,131.5824903653251,102.40644621566351,168.5929006295867,0.4175096346749001,0.4175096346749001,0.17431429504636856,66.18645441392319,33.09322720696159,21.351102602007202,True,covered,0.012616165599801988,66.18645441392319,shared_semantic_recoding_50_percent,shared_publication_test,1451,115,311,25,311,25,1756,1756,,shared_semantic_dataset,,Ref-144-Research,Ref-144-Research
elastic_net_residual_bootstrap,Elastic Net,shared_publication_held_out,test,0.9,185,143.0,132.42228326870725,101.44749351136069,169.80935578002777,10.577716731292753,10.577716731292753,111.88809124747064,68.36186226866708,34.18093113433354,21.611843563125266,True,covered,0.3094625096584279,68.36186226866708,shared_semantic_recoding_50_percent,shared_publication_test,1451,115,311,25,311,25,1757,1757,,shared_semantic_dataset,,Ref-144-Research,Ref-144-Research
elastic_net_residual_bootstrap,Elastic Net,shared_publication_held_out,test,0.9,186,151.0,142.7228421019702,112.90910635122452,183.3913334696727,8.277157898029799,8.277157898029799,68.51134286891708,70.48222711844818,35.24111355922409,22.708449418230625,True,covered,0.23487220073564663,70.48222711844818,shared_semantic_recoding_50_percent,shared_publication_test,1451,115,311,25,311,25,1758,1758,,shared_semantic_dataset,,Ref-144-Research,Ref-144-Research
elastic_net_residual_bootstrap,Elastic Net,shared_publication_held_out,test,0.9,187,111.0,132.06600444978415,102.4790121097479,168.36182266006927,-21.066004449784145,21.066004449784145,443.77654347832544,65.88281055032137,32.94140527516068,20.72120850949628,True,covered,0.6394992646433596,65.88281055032137,shared_semantic_recoding_50_percent,shared_publication_test,1451,115,311,25,311,25,1759,1759,,shared_semantic_dataset,,Ref-144-Research,Ref-144-Research
elastic_net_residual_bootstrap,Elastic Net,shared_publication_held_out,test,0.9,188,166.0,147.40370683349755,116.63614930391783,183.09129586557262,18.59629316650245,18.59629316650245,345.82211953450565,66.45514656165479,33.22757328082739,20.350860831672115,True,covered,0.5596644994003421,66.45514656165479,shared_semantic_recoding_50_percent,shared_publication_test,1451,115,311,25,311,25,1760,1760,,shared_semantic_dataset,,Ref-144-Research,Ref-144-Research
elastic_net_residual_bootstrap,Elastic Net,shared_publication_held_out,test,0.9,189,132.0,131.2007644932948,101.51872289149782,174.03854273551127,0.7992355067052017,0.7992355067052017,0.6387773951783206,72.51981984401345,36.25990992200673,22.179185701143883,True,covered,0.02204185030862784,72.51981984401345,shared_semantic_recoding_50_percent,shared_publication_test,1451,115,311,25,311,25,1761,1761,,shared_semantic_dataset,,Ref-144-Research,Ref-144-Research
elastic_net_residual_bootstrap,Elastic Net,shared_publication_held_out,test,0.9,190,105.0,131.3643944612265,102.86446280661096,166.99958345799297,-26.36439446122651,26.36439446122651,695.0812953071511,64.13512065138201,32.067560325691005,20.47710841075234,True,covered,0.8221515510833736,64.13512065138201,shared_semantic_recoding_50_percent,shared_publication_test,1451,115,311,25,311,25,1762,1762,,shared_semantic_dataset,,Ref-144-Research,Ref-144-Research
elastic_net_residual_bootstrap,Elastic Net,shared_publication_held_out,test,0.9,191,106.0,132.39326438564754,105.68528832533818,169.14500437348957,-26.39326438564754,26.39326438564754,696.6044049306909,63.45971604815139,31.729858024075696,20.90214189760361,True,covered,0.8318116130750127,63.45971604815139,shared_semantic_recoding_50_percent,shared_publication_test,1451,115,311,25,311,25,1763,1763,,shared_semantic_dataset,,Ref-144-Research,Ref-144-Research
elastic_net_residual_bootstrap,Elastic Net,shared_publication_held_out,test,0.9,192,123.0,134.45100423448963,99.86689728719999,171.08012413745982,-11.45100423448963,11.45100423448963,131.12549797829945,71.21322685025983,35.606613425129915,22.466199602892832,True,covered,0.3215976789976861,71.21322685025983,shared_semantic_recoding_50_percent,shared_publication_test,1451,115,311,25,311,25,1764,1764,,shared_semantic_dataset,,Ref-144-Research,Ref-144-Research
elastic_net_residual_bootstrap,Elastic Net,shared_publication_held_out,test,0.9,193,135.0,133.51253938158354,105.72370691755184,177.44687583265994,1.4874606184164634,1.4874606184164634,2.2125390913398877,71.7231689151081,35.86158445755405,22.118693479717916,True,covered,0.041477827622954835,71.7231689151081,shared_semantic_recoding_50_percent,shared_publication_test,1451,115,311,25,311,25,1765,1765,,shared_semantic_dataset,,Ref-144-Research,Ref-144-Research
elastic_net_residual_bootstrap,Elastic Net,shared_publication_held_out,test,0.9,194,96.0,129.30665461238442,93.64031505521407,169.77709268492444,-33.30665461238442,33.30665461238442,1109.3332414686683,76.13677762971037,38.06838881485518,23.33669211555969,True,covered,0.8749163190060563,76.13677762971037,shared_semantic_recoding_50_percent,shared_publication_test,1451,115,311,25,311,25,1766,1766,,shared_semantic_dataset,,Ref-144-Research,Ref-144-Research
elastic_net_residual_bootstrap,Elastic Net,shared_publication_held_out,test,0.9,195,134.0,143.83519903357143,109.44530459495085,184.08311379478798,-9.835199033571428,9.835199033571428,96.73114002996435,74.63780919983712,37.31890459991856,22.5528602748359,True,covered,0.2635446870429549,74.63780919983712,shared_semantic_recoding_50_percent,shared_publication_test,1451,115,311,25,311,25,1767,1767,,shared_semantic_dataset,,Ref-144-Research,Ref-144-Research
elastic_net_residual_bootstrap,Elastic Net,shared_publication_held_out,test,0.9,196,153.0,133.73086306920595,102.76587966248363,171.52537363810828,19.269136930794048,19.269136930794048,371.299638057691,68.75949397562465,34.379746987812325,21.87439453830096,True,covered,0.5604793117769304,68.75949397562465,shared_semantic_recoding_50_percent,shared_publication_test,1451,115,311,25,311,25,1768,1768,,shared_semantic_dataset,,Ref-144-Research,Ref-144-Research
elastic_net_residual_bootstrap,Elastic Net,shared_publication_held_out,test,0.9,197,145.0,131.61508326629087,102.54244620490152,166.36134291895104,13.384916733709133,13.384916733709133,179.15599596832678,63.818896714049515,31.909448357024758,19.357269259451723,True,covered,0.41946562610389,63.818896714049515,shared_semantic_recoding_50_percent,shared_publication_test,1451,115,311,25,311,25,1769,1769,,shared_semantic_dataset,,Ref-144-Research,Ref-144-Research
elastic_net_residual_bootstrap,Elastic Net,shared_publication_held_out,test,0.9,198,140.0,131.82960734043698,103.84398786348977,173.1985906184008,8.17039265956302,8.17039265956302,66.7553162114413,69.35460275491103,34.677301377455514,21.50706044328123,True,covered,0.23561212479108237,69.35460275491103,shared_semantic_recoding_50_percent,shared_publication_test,1451,115,311,25,311,25,1770,1770,,shared_semantic_dataset,,Ref-144-Research,Ref-144-Research
elastic_net_residual_bootstrap,Elastic Net,shared_publication_held_out,test,0.9,199,181.0,147.18895497582764,119.51209957391325,186.66454814243917,33.81104502417236,33.81104502417236,1143.1867656266104,67.15244856852593,33.57622428426296,20.635503502611698,True,covered,1.0069936612860741,67.15244856852593,shared_semantic_recoding_50_percent,shared_publication_test,1451,115,311,25,311,25,1771,1771,,shared_semantic_dataset,,Ref-144-Research,Ref-144-Research
elastic_net_residual_bootstrap,Elastic Net,shared_publication_held_out,test,0.9,200,138.0,131.61508326629087,100.00131145205435,166.82362308623624,6.384916733709133,6.384916733709133,40.7671616963989,66.82231163418189,33.41115581709094,20.57118818087887,True,covered,0.19110134257741035,66.82231163418189,shared_semantic_recoding_50_percent,shared_publication_test,1451,115,311,25,311,25,1772,1772,,shared_semantic_dataset,,Ref-144-Research,Ref-144-Research
elastic_net_residual_bootstrap,Elastic Net,shared_publication_held_out,test,0.9,201,146.0,144.1332101148977,117.23490227288892,183.2079003500568,1.8667898851022926,1.8667898851022926,3.484904475120231,65.97299807716789,32.98649903858394,21.66112794058436,True,covered,0.05659254360151191,65.97299807716789,shared_semantic_recoding_50_percent,shared_publication_test,1451,115,311,25,311,25,1773,1773,,shared_semantic_dataset,,Ref-144-Research,Ref-144-Research
elastic_net_residual_bootstrap,Elastic Net,shared_publication_held_out,test,0.9,202,141.0,133.51253938158354,101.16093898429217,173.05851442936336,7.487460618416463,7.487460618416463,56.062066512337445,71.89757544507118,35.94878772253559,21.55471085159878,True,covered,0.20828131051892804,71.89757544507118,shared_semantic_recoding_50_percent,shared_publication_test,1451,115,311,25,311,25,1774,1774,,shared_semantic_dataset,,Ref-144-Research,Ref-144-Research
elastic_net_residual_bootstrap,Elastic Net,shared_publication_held_out,test,0.9,203,156.0,142.7228421019702,115.0473808098926,183.4421975775457,13.277157898029799,13.277157898029799,176.28292184921506,68.3948167676531,34.19740838382655,21.464702605636973,True,covered,0.3882504121075195,68.3948167676531,shared_semantic_recoding_50_percent,shared_publication_test,1451,115,311,25,311,25,1775,1775,,shared_semantic_dataset,,Ref-144-Research,Ref-144-Research
elastic_net_residual_bootstrap,Elastic Net,shared_publication_held_out,test,0.9,204,157.0,131.93831361720052,106.98185540407377,175.17627290419634,25.06168638279948,25.06168638279948,628.0881243497969,68.19441750012257,34.097208750061284,21.22779632664166,True,covered,0.7350069786212173,68.19441750012257,shared_semantic_recoding_50_percent,shared_publication_test,1451,115,311,25,311,25,1776,1776,,shared_semantic_dataset,,Ref-144-Research,Ref-144-Research
elastic_net_residual_bootstrap,Elastic Net,shared_publication_held_out,test,0.9,205,135.0,132.04413141458306,103.76749676677899,170.12073364478687,2.955868585416937,2.955868585416937,8.737159094254723,66.35323687800788,33.17661843900394,21.384579400543817,True,covered,0.08909493265117953,66.35323687800788,shared_semantic_recoding_50_percent,shared_publication_test,1451,115,311,25,311,25,1777,1777,,shared_semantic_dataset,,Ref-144-Research,Ref-144-Research
elastic_net_residual_bootstrap,Elastic Net,shared_publication_held_out,test,0.9,206,200.0,148.30131190742887,120.86916849627087,192.1916914254748,51.69868809257113,51.69868809257113,2672.7543504929563,71.32252292920393,35.661261464601964,21.40476319952157,False,above_interval_underprediction,1.4497156289293978,227.48869441970794,shared_semantic_recoding_50_percent,shared_publication_test,1451,115,311,25,311,25,1778,1778,,shared_semantic_dataset,,Ref-144-Research,Ref-144-Research
elastic_net_residual_bootstrap,Elastic Net,shared_publication_held_out,test,0.9,207,144.0,132.12761842176323,103.01082504500424,171.6048706593016,11.87238157823677,11.87238157823677,140.9534443392558,68.59404561429737,34.297022807148686,21.613904407269917,True,covered,0.3461636202359277,68.59404561429737,shared_semantic_recoding_50_percent,shared_publication_test,1451,115,311,25,311,25,1779,1779,,shared_semantic_dataset,,Ref-144-Research,Ref-144-Research
elastic_net_residual_bootstrap,Elastic Net,shared_publication_held_out,test,0.9,208,166.0,147.40370683349755,119.12591674272039,191.87186008396074,18.59629316650245,18.59629316650245,345.82211953450565,72.74594334124035,36.372971670620174,23.32630796280527,True,covered,0.5112668091819228,72.74594334124035,shared_semantic_recoding_50_percent,shared_publication_test,1451,115,311,25,311,25,1780,1780,,shared_semantic_dataset,,Ref-144-Research,Ref-144-Research
elastic_net_residual_bootstrap,Elastic Net,shared_publication_held_out,test,0.9,209,143.0,132.48389724068633,104.11340829876576,176.70640356371874,10.516102759313668,10.516102759313668,110.58841724444454,72.59299526495298,36.29649763247649,22.057497651750996,True,covered,0.28972775461135203,72.59299526495298,shared_semantic_recoding_50_percent,shared_publication_test,1451,115,311,25,311,25,1781,1781,,shared_semantic_dataset,,Ref-144-Research,Ref-144-Research
elastic_net_residual_bootstrap,Elastic Net,shared_publication_held_out,test,0.9,210,93.0,128.2777846879634,93.76072898966628,169.242716241216,-35.27778468796339,35.27778468796339,1244.5220924903042,75.48198725154971,37.740993625774856,22.941470059207603,False,below_interval_overprediction,0.9347338609514181,90.69656704487524,shared_semantic_recoding_50_percent,shared_publication_test,1451,115,311,25,311,25,1782,1782,,shared_semantic_dataset,,Ref-144-Research,Ref-144-Research
elastic_net_residual_bootstrap,Elastic Net,shared_publication_held_out,test,0.9,211,194.0,146.8445378040049,117.08908333971927,185.3846418697769,47.15546219599511,47.15546219599511,2223.637614917924,68.29555853005765,34.147779265028824,22.60671125785056,False,above_interval_underprediction,1.380923246282303,240.6027211345194,shared_semantic_recoding_50_percent,shared_publication_test,1451,115,311,25,311,25,1783,1783,,shared_semantic_dataset,,Ref-144-Research,Ref-144-Research
elastic_net_residual_bootstrap,Elastic Net,shared_publication_held_out,test,0.9,212,185.0,150.8171187876228,119.83479162353014,187.63895160536396,34.1828812123772,34.1828812123772,1168.46936797949,67.80415998183382,33.90207999091691,22.005313366597647,True,covered,1.0082827136723034,67.80415998183382,shared_semantic_recoding_50_percent,shared_publication_test,1451,115,311,25,311,25,1784,1784,,shared_semantic_dataset,,Ref-144-Research,Ref-144-Research
elastic_net_residual_bootstrap,Elastic Net,shared_publication_held_out,test,0.9,213,174.0,147.40370683349755,118.81543189221436,187.6941115045016,26.59629316650245,26.59629316650245,707.3628101985448,68.87867961228723,34.439339806143614,21.009610908395192,True,covered,0.7722648957910032,68.87867961228723,shared_semantic_recoding_50_percent,shared_publication_test,1451,115,311,25,311,25,1785,1785,,shared_semantic_dataset,,Ref-144-Research,Ref-144-Research
elastic_net_residual_bootstrap,Elastic Net,shared_publication_held_out,test,0.9,214,147.0,143.40257905532675,115.64376216402192,185.73420038391188,3.597420944673246,3.597420944673246,12.94143745317375,70.09043821988996,35.04521910994498,21.94342832910577,True,covered,0.10265083329589984,70.09043821988996,shared_semantic_recoding_50_percent,shared_publication_test,1451,115,311,25,311,25,1786,1786,,shared_semantic_dataset,,Ref-144-Research,Ref-144-Research
elastic_net_residual_bootstrap,Elastic Net,shared_publication_held_out,test,0.9,215,114.0,133.42213431006857,100.95067246183194,174.8068563209789,-19.42213431006857,19.42213431006857,377.2193011583428,73.85618385914697,36.92809192957348,22.79758441284243,True,covered,0.5259447021283695,73.85618385914697,shared_semantic_recoding_50_percent,shared_publication_test,1451,115,311,25,311,25,1787,1787,,shared_semantic_dataset,,Ref-144-Research,Ref-144-Research
elastic_net_residual_bootstrap,Elastic Net,shared_publication_held_out,test,0.9,216,196.0,149.27928772563553,121.64662390975758,192.88059171213237,46.72071227436447,46.72071227436447,2182.824955423951,71.23396780237479,35.616983901187396,21.288423566520624,False,above_interval_underprediction,1.3117537521981726,133.6221335597274,shared_semantic_recoding_50_percent,shared_publication_test,1451,115,311,25,311,25,1788,1788,,shared_semantic_dataset,,Ref-144-Research,Ref-144-Research
elastic_net_residual_bootstrap,Elastic Net,shared_publication_held_out,test,0.9,217,201.0,160.45123789077746,132.58515338087972,202.87930603673638,40.54876210922254,40.54876210922254,1644.2021085903214,70.29415265585666,35.14707632792833,22.209249186500877,True,covered,1.1536880544741628,70.29415265585666,shared_semantic_recoding_50_percent,shared_publication_test,1451,115,311,25,311,25,1789,1789,,shared_semantic_dataset,,Ref-144-Research,Ref-144-Research
elastic_net_residual_bootstrap,Elastic Net,shared_publication_held_out,test,0.9,218,173.0,149.58367796587524,122.02928053823004,188.79528050127252,23.41632203412476,23.41632203412476,548.3241376058368,66.76599996304247,33.38299998152124,21.215867037347294,True,covered,0.7014445090940475,66.76599996304247,shared_semantic_recoding_50_percent,shared_publication_test,1451,115,311,25,311,25,1790,1790,,shared_semantic_dataset,,Ref-144-Research,Ref-144-Research
elastic_net_residual_bootstrap,Elastic Net,shared_publication_held_out,test,0.9,219,178.0,147.50049106392595,111.02498210000324,184.9110425975028,30.49950893607405,30.49950893607405,930.2200453416609,73.88606049749957,36.943030248749785,22.20150593417262,True,covered,0.8255822202648416,73.88606049749957,shared_semantic_recoding_50_percent,shared_publication_test,1451,115,311,25,311,25,1791,1791,,shared_semantic_dataset,,Ref-144-Research,Ref-144-Research
elastic_net_residual_bootstrap,Elastic Net,shared_publication_held_out,test,0.9,220,159.0,146.07273803151529,113.32538857239379,183.13913143381833,12.927261968484714,12.927261968484714,167.1141020018313,69.81374286142454,34.90687143071227,21.447485414717146,True,covered,0.3703357373101865,69.81374286142454,shared_semantic_recoding_50_percent,shared_publication_test,1451,115,311,25,311,25,1792,1792,,shared_semantic_dataset,,Ref-144-Research,Ref-144-Research
elastic_net_residual_bootstrap,Elastic Net,shared_publication_held_out,test,0.9,221,171.0,160.45123789077746,132.31856093878963,197.866119628301,10.548762109222537,10.548762109222537,111.2763820369691,65.54755868951136,32.77377934475568,20.66771649839838,True,covered,0.32186590378416347,65.54755868951136,shared_semantic_recoding_50_percent,shared_publication_test,1451,115,311,25,311,25,1793,1793,,shared_semantic_dataset,,Ref-144-Research,Ref-144-Research
elastic_net_residual_bootstrap,Elastic Net,shared_publication_held_out,test,0.9,222,165.0,148.49654030385736,119.482523555668,182.8841662859398,16.50345969614264,16.50345969614264,272.3641819422046,63.40164273027182,31.70082136513591,20.07629534551862,True,covered,0.520600381487052,63.40164273027182,shared_semantic_recoding_50_percent,shared_publication_test,1451,115,311,25,311,25,1794,1794,,shared_semantic_dataset,,Ref-144-Research,Ref-144-Research
elastic_net_residual_bootstrap,Elastic Net,shared_publication_held_out,test,0.9,223,173.0,146.4388004550153,118.24273118544552,182.0078250825544,26.561199544984703,26.561199544984703,705.4973212684956,63.76509389710888,31.88254694855444,20.108218805589782,True,covered,0.8330952852619885,63.76509389710888,shared_semantic_recoding_50_percent,shared_publication_test,1451,115,311,25,311,25,1795,1795,,shared_semantic_dataset,,Ref-144-Research,Ref-144-Research
elastic_net_residual_bootstrap,Elastic Net,shared_publication_held_out,test,0.9,224,208.0,160.74924897210371,132.8462499842627,196.3407346432141,47.250751027896285,47.250751027896285,2232.633472700242,63.49448465895139,31.747242329475696,20.30358662113733,False,above_interval_underprediction,1.4883419018736745,296.6797917946696,shared_semantic_recoding_50_percent,shared_publication_test,1451,115,311,25,311,25,1796,1796,,shared_semantic_dataset,,Ref-144-Research,Ref-144-Research
elastic_net_residual_bootstrap,Elastic Net,shared_publication_held_out,test,0.9,225,104.0,143.86495362074837,112.2342201425505,182.69760013384155,-39.864953620748366,39.864953620748366,1589.2145271844183,70.46337999129105,35.231689995645525,21.50172799324576,False,below_interval_overprediction,1.1315084126159003,235.14778284230104,shared_semantic_recoding_50_percent,shared_publication_test,1451,115,311,25,311,25,1797,1797,,shared_semantic_dataset,,Ref-144-Research,Ref-144-Research
elastic_net_residual_bootstrap,Elastic Net,shared_publication_held_out,test,0.9,226,175.0,149.09993609789234,121.26787558447468,185.90740522577184,25.90006390210766,25.90006390210766,670.8133101332603,64.63952964129716,32.31976482064858,19.784045717949173,True,covered,0.801369194541927,64.63952964129716,shared_semantic_recoding_50_percent,shared_publication_test,1451,115,311,25,311,25,1798,1798,,shared_semantic_dataset,,Ref-144-Research,Ref-144-Research
elastic_net_residual_bootstrap,Elastic Net,shared_publication_held_out,test,0.9,227,149.0,149.2200233276161,112.62776181993154,185.6183034535703,-0.22002332761610432,0.22002332761610432,0.04841026469526358,72.99054163363876,36.49527081681938,23.043019024517704,True,covered,0.006028817506807029,72.99054163363876,shared_semantic_recoding_50_percent,shared_publication_test,1451,115,311,25,311,25,1799,1799,,shared_semantic_dataset,,Ref-144-Research,Ref-144-Research
elastic_net_residual_bootstrap,Elastic Net,shared_publication_held_out,test,0.9,228,140.0,150.38707616686165,114.84030188198508,182.73627354481076,-10.387076166861647,10.387076166861647,107.89135129618523,67.89597166282567,33.947985831412836,20.344108253917415,True,covered,0.30597032231733323,67.89597166282567,shared_semantic_recoding_50_percent,shared_publication_test,1451,115,311,25,311,25,1800,1800,,shared_semantic_dataset,,Ref-144-Research,Ref-144-Research
elastic_net_residual_bootstrap,Elastic Net,shared_publication_held_out,test,0.9,229,132.0,147.4895434146374,114.40875993193083,180.73060560830254,-15.48954341463741,15.48954341463741,239.92595519393714,66.32184567637171,33.160922838185854,20.668524772174838,True,covered,0.46710230261748653,66.32184567637171,shared_semantic_recoding_50_percent,shared_publication_test,1451,115,311,25,311,25,1801,1801,,shared_semantic_dataset,,Ref-144-Research,Ref-144-Research
elastic_net_residual_bootstrap,Elastic Net,shared_publication_held_out,test,0.9,230,152.0,146.32963861120408,113.3717531331773,182.91291960341354,5.670361388795925,5.670361388795925,32.15299827954765,69.54116647023625,34.770583235118124,21.581840677856444,True,covered,0.16307927164905553,69.54116647023625,shared_semantic_recoding_50_percent,shared_publication_test,1451,115,311,25,311,25,1802,1802,,shared_semantic_dataset,,Ref-144-Research,Ref-144-Research
elastic_net_residual_bootstrap,Elastic Net,shared_publication_held_out,test,0.9,231,149.0,147.8168033505008,116.82109548366972,181.90327277465343,1.1831966494991946,1.1831966494991946,1.39995431138612,65.08217729098371,32.541088645491854,21.159857830295984,True,covered,0.03636008193791977,65.08217729098371,shared_semantic_recoding_50_percent,shared_publication_test,1451,115,311,25,311,25,1803,1803,,shared_semantic_dataset,,Ref-144-Research,Ref-144-Research
elastic_net_residual_bootstrap,Elastic Net,shared_publication_held_out,test,0.9,232,138.0,146.62050384467176,120.87220001234726,188.50202909956468,-8.62050384467176,8.62050384467176,74.31308653600058,67.62982908721742,33.81491454360871,21.672593235892823,True,covered,0.25493200148574985,67.62982908721742,shared_semantic_recoding_50_percent,shared_publication_test,1451,115,311,25,311,25,1804,1804,,shared_semantic_dataset,,Ref-144-Research,Ref-144-Research
elastic_net_residual_bootstrap,Elastic Net,shared_publication_held_out,test,0.9,233,211.0,163.4605766612109,136.35843777570142,194.47089458781747,47.539423338789106,47.539423338789106,2259.9967713846063,58.11245681211605,29.056228406058025,20.4038064057191,False,above_interval_underprediction,1.6361181731651537,388.6945650557667,shared_semantic_recoding_50_percent,shared_publication_test,1451,115,311,25,311,25,1805,1805,,shared_semantic_dataset,,Ref-144-Research,Ref-144-Research
elastic_net_residual_bootstrap,Elastic Net,shared_publication_held_out,test,0.9,234,166.0,150.36877714956665,120.37331280912927,187.19164033202463,15.631222850433346,15.631222850433346,244.33512779990957,66.81832752289536,33.40916376144768,21.62137865301813,True,covered,0.4678723167704937,66.81832752289536,shared_semantic_recoding_50_percent,shared_publication_test,1451,115,311,25,311,25,1806,1806,,shared_semantic_dataset,,Ref-144-Research,Ref-144-Research
elastic_net_residual_bootstrap,Elastic Net,shared_publication_held_out,test,0.9,235,174.0,150.36877714956665,120.7601822504455,187.74310513108796,23.631222850433346,23.631222850433346,558.4346934068432,66.98292288064246,33.49146144032123,21.108904784224226,True,covered,0.7055894796511659,66.98292288064246,shared_semantic_recoding_50_percent,shared_publication_test,1451,115,311,25,311,25,1807,1807,,shared_semantic_dataset,,Ref-144-Research,Ref-144-Research
elastic_net_residual_bootstrap,Elastic Net,shared_publication_held_out,test,0.9,236,179.0,149.42339423232582,118.36341235818232,189.47331480605183,29.57660576767418,29.57660576767418,874.7756087364177,71.10990244786952,35.55495122393476,22.062242298182962,True,covered,0.8318561761312137,71.10990244786952,shared_semantic_recoding_50_percent,shared_publication_test,1451,115,311,25,311,25,1808,1808,,shared_semantic_dataset,,Ref-144-Research,Ref-144-Research
elastic_net_residual_bootstrap,Elastic Net,shared_publication_held_out,test,0.9,237,156.0,148.1985292225311,118.74305921632158,187.35433339278404,7.801470777468893,7.801470777468893,60.86294629170109,68.61127417646246,34.30563708823123,21.697907976565034,True,covered,0.22741075343985487,68.61127417646246,shared_semantic_recoding_50_percent,shared_publication_test,1451,115,311,25,311,25,1809,1809,,shared_semantic_dataset,,Ref-144-Research,Ref-144-Research
elastic_net_residual_bootstrap,Elastic Net,shared_publication_held_out,test,0.9,238,167.0,149.03832212591325,120.14479208109296,181.1327312450712,17.961677874086746,17.961677874086746,322.6218720524574,60.98793916397824,30.49396958198912,20.939984382153018,True,covered,0.5890239322825187,60.98793916397824,shared_semantic_recoding_50_percent,shared_publication_test,1451,115,311,25,311,25,1810,1810,,shared_semantic_dataset,,Ref-144-Research,Ref-144-Research
elastic_net_residual_bootstrap,Elastic Net,shared_publication_held_out,test,0.9,239,180.0,159.33888095917624,129.32293453555255,200.59590111522752,20.661119040823763,20.661119040823763,426.88184001909025,71.27296657967497,35.636483289837486,23.347993408245983,True,covered,0.5797743529512557,71.27296657967497,shared_semantic_recoding_50_percent,shared_publication_test,1451,115,311,25,311,25,1811,1811,,shared_semantic_dataset,,Ref-144-Research,Ref-144-Research
elastic_net_residual_bootstrap,Elastic Net,shared_publication_held_out,test,0.9,240,135.0,148.68204330699015,118.72821252568873,182.6900443587761,-13.682043306990153,13.682043306990153,187.19830905435404,63.96183183308737,31.980915916543687,20.441653680848265,True,covered,0.4278189950123489,63.96183183308737,shared_semantic_recoding_50_percent,shared_publication_test,1451,115,311,25,311,25,1812,1812,,shared_semantic_dataset,,Ref-144-Research,Ref-144-Research
elastic_net_residual_bootstrap,Elastic Net,shared_publication_held_out,test,0.9,241,195.0,164.01974569070356,133.24555282166352,204.39225475842358,30.98025430929644,30.98025430929644,959.7761570686807,71.14670193676005,35.573350968380026,20.741702421712496,True,covered,0.8708837786137652,71.14670193676005,shared_semantic_recoding_50_percent,shared_publication_test,1451,115,311,25,311,25,1813,1813,,shared_semantic_dataset,,Ref-144-Research,Ref-144-Research
elastic_net_residual_bootstrap,Elastic Net,shared_publication_held_out,test,0.9,242,156.0,147.8168033505008,117.10740566166923,183.66532105086776,8.183196649499195,8.183196649499195,66.96470740437485,66.55791538919853,33.278957694599264,20.158136027866103,True,covered,0.24589702371679806,66.55791538919853,shared_semantic_recoding_50_percent,shared_publication_test,1451,115,311,25,311,25,1814,1814,,shared_semantic_dataset,,Ref-144-Research,Ref-144-Research
elastic_net_residual_bootstrap,Elastic Net,shared_publication_held_out,test,0.9,243,129.0,147.98043331843252,115.13520850647481,190.65642850675738,-18.980433318432517,18.980433318432517,360.2568489554632,75.52122000028257,37.760610000141284,24.07907470867033,True,covered,0.5026516605097614,75.52122000028257,shared_semantic_recoding_50_percent,shared_publication_test,1451,115,311,25,311,25,1815,1815,,shared_semantic_dataset,,Ref-144-Research,Ref-144-Research
elastic_net_residual_bootstrap,Elastic Net,shared_publication_held_out,test,0.9,244,130.0,149.00930324285355,113.08680071923588,179.8707077424913,-19.009303242853548,19.009303242853548,361.3536097787624,66.78390702325542,33.39195351162771,20.850214174386558,True,covered,0.5692779620166322,66.78390702325542,shared_semantic_recoding_50_percent,shared_publication_test,1451,115,311,25,311,25,1816,1816,,shared_semantic_dataset,,Ref-144-Research,Ref-144-Research
elastic_net_residual_bootstrap,Elastic Net,shared_publication_held_out,test,0.9,245,147.0,151.06704309169564,122.14029476591459,185.11865300378878,-4.067043091695638,4.067043091695638,16.540839509709212,62.97835823787419,31.489179118937095,21.392118998472643,True,covered,0.12915684706591105,62.97835823787419,shared_semantic_recoding_50_percent,shared_publication_test,1451,115,311,25,311,25,1817,1817,,shared_semantic_dataset,,Ref-144-Research,Ref-144-Research
elastic_net_residual_bootstrap,Elastic Net,shared_publication_held_out,test,0.9,246,159.0,150.12857823878954,120.10700817278027,186.09031772988823,8.871421761210456,8.871421761210456,78.70212406527844,65.98330955710796,32.99165477855398,20.324171586818917,True,covered,0.2688989631092184,65.98330955710796,shared_semantic_recoding_50_percent,shared_publication_test,1451,115,311,25,311,25,1818,1818,,shared_semantic_dataset,,Ref-144-Research,Ref-144-Research
elastic_net_residual_bootstrap,Elastic Net,shared_publication_held_out,test,0.9,247,120.0,145.92269346959043,112.29301138355747,179.87184521807217,-25.922693469590428,25.922693469590428,671.9860367183462,67.5788338345147,33.78941691725735,20.621033379505253,True,covered,0.7671838058960665,67.5788338345147,shared_semantic_recoding_50_percent,shared_publication_test,1451,115,311,25,311,25,1819,1819,,shared_semantic_dataset,,Ref-144-Research,Ref-144-Research
elastic_net_residual_bootstrap,Elastic Net,shared_publication_held_out,test,0.9,248,163.0,160.45123789077746,128.0596074764981,201.31119566716032,2.5487621092225368,2.5487621092225368,6.496188289408514,73.25158819066223,36.625794095331116,22.583305621592103,True,covered,0.06958926549383515,73.25158819066223,shared_semantic_recoding_50_percent,shared_publication_test,1451,115,311,25,311,25,1820,1820,,shared_semantic_dataset,,Ref-144-Research,Ref-144-Research
elastic_net_residual_bootstrap,Elastic Net,shared_publication_held_out,test,0.9,249,177.0,150.34690192641196,121.23281114646667,189.74461771736935,26.65309807358804,26.65309807358804,710.3876369203025,68.51180657090268,34.25590328545134,20.837560104693274,True,covered,0.7780585393264976,68.51180657090268,shared_semantic_recoding_50_percent,shared_publication_test,1451,115,311,25,311,25,1821,1821,,shared_semantic_dataset,,Ref-144-Research,Ref-144-Research
elastic_net_residual_bootstrap,Elastic Net,shared_publication_held_out,test,0.9,250,169.0,148.2311221234969,109.80228565560861,184.67531742287707,20.768877876503097,20.768877876503097,431.3462882490998,74.87303176726846,37.43651588363423,21.118859930811222,True,covered,0.5547759289635826,74.87303176726846,shared_semantic_recoding_50_percent,shared_publication_test,1451,115,311,25,311,25,1822,1822,,shared_semantic_dataset,,Ref-144-Research,Ref-144-Research
elastic_net_residual_bootstrap,Elastic Net,shared_publication_held_out,test,0.9,251,164.0,148.445646197643,119.54605629903922,182.82693724676912,15.554353802357014,15.554353802357014,241.93792220889807,63.2808809477299,31.64044047386495,19.102194838125328,True,covered,0.4915972587424923,63.2808809477299,shared_semantic_recoding_50_percent,shared_publication_test,1451,115,311,25,311,25,1823,1823,,shared_semantic_dataset,,Ref-144-Research,Ref-144-Research
elastic_net_residual_bootstrap,Elastic Net,shared_publication_held_out,test,0.9,252,210.0,163.80499383303365,134.56519385039408,199.08955801749678,46.19500616696635,46.19500616696635,2133.9785947660594,64.5243641671027,32.26218208355135,22.07956659407644,False,above_interval_underprediction,1.431862421684073,282.733203817167,shared_semantic_recoding_50_percent,shared_publication_test,1451,115,311,25,311,25,1824,1824,,shared_semantic_dataset,,Ref-144-Research,Ref-144-Research
elastic_net_residual_bootstrap,Elastic Net,shared_publication_held_out,test,0.9,253,162.0,148.2311221234969,119.16377780587845,181.44727249462593,13.768877876503097,13.768877876503097,189.58199797805645,62.28349468874748,31.14174734437374,20.98452899674809,True,covered,0.44213568764280237,62.28349468874748,shared_semantic_recoding_50_percent,shared_publication_test,1451,115,311,25,311,25,1825,1825,,shared_semantic_dataset,,Ref-144-Research,Ref-144-Research
elastic_net_residual_bootstrap,Elastic Net,shared_publication_held_out,test,0.9,254,175.0,160.74924897210371,129.86761174382002,197.76778306624672,14.250751027896285,14.250751027896285,203.08390485908703,67.9001713224267,33.95008566121335,22.618866859669552,True,covered,0.4197559667478899,67.9001713224267,shared_semantic_recoding_50_percent,shared_publication_test,1451,115,311,25,311,25,1826,1826,,shared_semantic_dataset,,Ref-144-Research,Ref-144-Research
elastic_net_residual_bootstrap,Elastic Net,shared_publication_held_out,test,0.9,255,165.0,150.12857823878954,120.95758099515075,189.0381844363389,14.871421761210456,14.871421761210456,221.15918519980391,68.08060344118815,34.04030172059407,20.844892540680075,True,covered,0.4368769079450721,68.08060344118815,shared_semantic_recoding_50_percent,shared_publication_test,1451,115,311,25,311,25,1827,1827,,shared_semantic_dataset,,Ref-144-Research,Ref-144-Research
elastic_net_residual_bootstrap,Elastic Net,shared_publication_held_out,test,0.9,256,185.0,159.33888095917624,130.5996984064163,202.80260145579484,25.661119040823763,25.661119040823763,658.4930304273279,72.20290304937853,36.10145152468927,22.61761947504336,True,covered,0.7108057420703566,72.20290304937853,shared_semantic_recoding_50_percent,shared_publication_test,1451,115,311,25,311,25,1828,1828,,shared_semantic_dataset,,Ref-144-Research,Ref-144-Research
elastic_net_residual_bootstrap,Elastic Net,shared_publication_held_out,test,0.9,257,181.0,148.55435247440653,116.40283075178498,189.179109552399,32.44564752559347,32.44564752559347,1052.7200433550497,72.77627880061404,36.38813940030702,23.385202648791026,True,covered,0.8916544802870497,72.77627880061404,shared_semantic_recoding_50_percent,shared_publication_test,1451,115,311,25,311,25,1829,1829,,shared_semantic_dataset,,Ref-144-Research,Ref-144-Research
elastic_net_residual_bootstrap,Elastic Net,shared_publication_held_out,test,0.9,258,159.0,148.66017027178907,120.14444114698367,182.97791712346378,10.33982972821093,10.33982972821093,106.91207880839451,62.833475976480116,31.416737988240058,20.4714247482033,True,covered,0.329118501484188,62.833475976480116,shared_semantic_recoding_50_percent,shared_publication_test,1451,115,311,25,311,25,1830,1830,,shared_semantic_dataset,,Ref-144-Research,Ref-144-Research
elastic_net_residual_bootstrap,Elastic Net,shared_publication_held_out,test,0.9,259,229.0,164.91735076463488,135.70898016051942,198.86326833742962,64.08264923536512,64.08264923536512,4106.585933022842,63.1542881769102,31.5771440884551,20.924929116790445,False,above_interval_underprediction,2.029399779025436,665.888921428318,shared_semantic_recoding_50_percent,shared_publication_test,1451,115,311,25,311,25,1831,1831,,shared_semantic_dataset,,Ref-144-Research,Ref-144-Research
elastic_net_residual_bootstrap,Elastic Net,shared_publication_held_out,test,0.9,260,168.0,148.74365727896927,118.33162786061855,189.38305876536452,19.256342721030734,19.256342721030734,370.8067349897933,71.05143090474597,35.525715452372985,22.168601836552618,True,covered,0.5420395472920583,71.05143090474597,shared_semantic_recoding_50_percent,shared_publication_test,1451,115,311,25,311,25,1832,1832,,shared_semantic_dataset,,Ref-144-Research,Ref-144-Research
elastic_net_residual_bootstrap,Elastic Net,shared_publication_held_out,test,0.9,261,195.0,164.01974569070356,130.27490715813641,207.11910412702045,30.98025430929644,30.98025430929644,959.7761570686807,76.84419696888403,38.42209848444202,22.966251023312722,True,covered,0.8063134376130198,76.84419696888403,shared_semantic_recoding_50_percent,shared_publication_test,1451,115,311,25,311,25,1833,1833,,shared_semantic_dataset,,Ref-144-Research,Ref-144-Research
elastic_net_residual_bootstrap,Elastic Net,shared_publication_held_out,test,0.9,262,167.0,149.09993609789234,114.10084152677526,185.10992044140977,17.90006390210766,17.90006390210766,320.4122876995377,71.00907891463451,35.50453945731726,21.484894144442688,True,covered,0.5041626838626285,71.00907891463451,shared_semantic_recoding_50_percent,shared_publication_test,1451,115,311,25,311,25,1834,1834,,shared_semantic_dataset,,Ref-144-Research,Ref-144-Research
elastic_net_residual_bootstrap,Elastic Net,shared_publication_held_out,test,0.9,263,117.0,144.8938235451694,113.14248118560042,181.18906361249495,-27.893823545169397,27.893823545169397,778.0653919690466,68.04658242689453,34.023291213447266,21.281762858109545,True,covered,0.819844951805977,68.04658242689453,shared_semantic_recoding_50_percent,shared_publication_test,1451,115,311,25,311,25,1835,1835,,shared_semantic_dataset,,Ref-144-Research,Ref-144-Research
elastic_net_residual_bootstrap,Elastic Net,shared_publication_held_out,test,0.9,264,223.0,163.4605766612109,131.15474679735354,200.12272854601682,59.539423338789106,59.539423338789106,3544.942931515545,68.96798174866328,34.48399087433164,22.62738956963278,False,above_interval_underprediction,1.7265815768182338,526.513410828327,shared_semantic_recoding_50_percent,shared_publication_test,1451,115,311,25,311,25,1836,1836,,shared_semantic_dataset,,Ref-144-Research,Ref-144-Research
elastic_net_residual_bootstrap,Elastic Net,shared_publication_held_out,test,0.9,265,214.0,167.43315764482884,136.02045186711058,207.10534722988848,46.56684235517116,46.56684235517116,2168.470806931363,71.0848953627779,35.54244768138895,21.171688152661403,False,above_interval_underprediction,1.3101754491589195,208.97795076500833,shared_semantic_recoding_50_percent,shared_publication_test,1451,115,311,25,311,25,1837,1837,,shared_semantic_dataset,,Ref-144-Research,Ref-144-Research
elastic_net_residual_bootstrap,Elastic Net,shared_publication_held_out,test,0.9,266,203.0,164.01974569070356,133.08272116984833,205.61641421693204,38.98025430929644,38.98025430929644,1519.4602260174238,72.53369304708372,36.26684652354186,23.14399429612233,True,covered,1.0748178583432455,72.53369304708372,shared_semantic_recoding_50_percent,shared_publication_test,1451,115,311,25,311,25,1838,1838,,shared_semantic_dataset,,Ref-144-Research,Ref-144-Research
elastic_net_residual_bootstrap,Elastic Net,shared_publication_held_out,test,0.9,267,176.0,160.0186179125328,129.2141091169712,199.71557144312047,15.98138208746721,15.98138208746721,255.4045734256178,70.50146232614927,35.25073116307463,21.630363375194282,True,covered,0.4533631377328085,70.50146232614927,shared_semantic_recoding_50_percent,shared_publication_test,1451,115,311,25,311,25,1839,1839,,shared_semantic_dataset,,Ref-144-Research,Ref-144-Research
elastic_net_residual_bootstrap,Elastic Net,shared_publication_held_out,test,0.9,268,138.0,150.0381731672746,118.3963274207021,184.09231086927034,-12.038173167274607,12.038173167274607,144.91761320529034,65.69598344856824,32.84799172428412,20.94427831881854,True,covered,0.3664812530494804,65.69598344856824,shared_semantic_recoding_50_percent,shared_publication_test,1451,115,311,25,311,25,1840,1840,,shared_semantic_dataset,,Ref-144-Research,Ref-144-Research
elastic_net_residual_bootstrap,Elastic Net,shared_publication_held_out,test,0.9,269,225.0,165.89532658284153,138.02511074943345,204.3709638304692,59.104673417158466,59.104673417158466,3493.3624197489585,66.34585308103576,33.17292654051788,20.670880377312816,False,above_interval_underprediction,1.781714174206704,478.92657647165163,shared_semantic_recoding_50_percent,shared_publication_test,1451,115,311,25,311,25,1841,1841,,shared_semantic_dataset,,Ref-144-Research,Ref-144-Research
elastic_net_residual_bootstrap,Elastic Net,shared_publication_held_out,test,0.9,270,156.0,151.254439946382,118.75766690792943,192.5545596561291,4.745560053617993,4.745560053617993,22.52034022249481,73.79689274819967,36.898446374099834,22.91446148451143,True,covered,0.12861137852538554,73.79689274819967,shared_semantic_recoding_50_percent,shared_publication_test,1451,115,311,25,311,25,1842,1842,,shared_semantic_dataset,,Ref-144-Research,Ref-144-Research
elastic_net_residual_bootstrap,Elastic Net,shared_publication_held_out,test,0.9,271,150.0,149.18997850158667,121.12695602788938,182.42822891412212,0.8100214984133345,0.8100214984133345,0.6561348278917837,61.30127288623274,30.65063644311637,19.228503700919124,True,covered,0.026427558850747847,61.30127288623274,shared_semantic_recoding_50_percent,shared_publication_test,1451,115,311,25,311,25,1843,1843,,shared_semantic_dataset,,Ref-144-Research,Ref-144-Research
elastic_net_residual_bootstrap,Elastic Net,shared_publication_held_out,test,0.9,272,151.0,149.16376372403514,111.54501366179838,186.98054548269823,1.8362362759648647,1.8362362759648647,3.371763661169315,75.43553182089985,37.71776591044993,22.53075215036373,True,covered,0.048683590653923775,75.43553182089985,shared_semantic_recoding_50_percent,shared_publication_test,1451,115,311,25,311,25,1844,1844,,shared_semantic_dataset,,Ref-144-Research,Ref-144-Research
elastic_net_residual_bootstrap,Elastic Net,shared_publication_held_out,test,0.9,273,210.0,167.87047880358801,138.749462631176,203.5478558227566,42.129521196411986,42.129521196411986,1774.896556238927,64.7983931915806,32.3991965957903,20.144876401297182,False,above_interval_underprediction,1.3003261075271837,193.84127673644886,shared_semantic_recoding_50_percent,shared_publication_test,1451,115,311,25,311,25,1845,1845,,shared_semantic_dataset,,Ref-144-Research,Ref-144-Research
elastic_net_residual_bootstrap,Elastic Net,shared_publication_held_out,test,0.9,274,205.0,165.8060173587927,138.26369051398626,200.86644398299507,39.1939826412073,39.1939826412073,1536.168275279259,62.6027534690088,31.3013767345044,20.483109786659085,False,above_interval_underprediction,1.2521488423224099,145.2738738091075,shared_semantic_recoding_50_percent,shared_publication_test,1451,115,311,25,311,25,1846,1846,,shared_semantic_dataset,,Ref-144-Research,Ref-144-Research
elastic_net_residual_bootstrap,Elastic Net,shared_publication_held_out,test,0.9,275,193.0,165.77980258124117,132.45923527804248,200.26829490690682,27.22019741875883,27.22019741875883,740.9391475162048,67.80905962886433,33.904529814432166,20.480704243384395,True,covered,0.8028483971829625,67.80905962886433,shared_semantic_recoding_50_percent,shared_publication_test,1451,115,311,25,311,25,1847,1847,,shared_semantic_dataset,,Ref-144-Research,Ref-144-Research
elastic_net_residual_bootstrap,Elastic Net,shared_publication_held_out,test,0.9,276,112.0,150.9695348122121,121.83105388757392,190.27107512113855,-38.96953481221209,38.96953481221209,1518.62464348021,68.44002123356464,34.22001061678232,22.066972351237336,False,below_interval_overprediction,1.138793767442623,265.061098985043,shared_semantic_recoding_50_percent,shared_publication_test,1451,115,311,25,311,25,1999,1999,,shared_semantic_dataset,,Ref-160-Research,Ref-160-Research
elastic_net_residual_bootstrap,Elastic Net,shared_publication_held_out,test,0.9,277,115.0,150.69858425691464,123.36614915052176,185.3179677823244,-35.69858425691464,35.69858425691464,1274.388917948034,61.951818631802624,30.975909315901312,19.97270828681502,False,below_interval_overprediction,1.1524628346774302,229.27480164223795,shared_semantic_recoding_50_percent,shared_publication_test,1451,115,311,25,311,25,2000,2000,,shared_semantic_dataset,,Ref-160-Research,Ref-160-Research
elastic_net_residual_bootstrap,Elastic Net,shared_publication_held_out,test,0.9,278,135.0,150.33731684985133,117.38169150094409,185.1327758678056,-15.337316849851334,15.337316849851334,235.23328815273365,67.75108436686152,33.87554218343076,21.763997391300066,True,covered,0.45275487449919366,67.75108436686152,shared_semantic_recoding_50_percent,shared_publication_test,1451,115,311,25,311,25,2001,2001,,shared_semantic_dataset,,Ref-160-Research,Ref-160-Research
elastic_net_residual_bootstrap,Elastic Net,shared_publication_held_out,test,0.9,279,152.0,150.0663662945539,120.60994675907489,191.1342856540529,1.9336337054461126,1.9336337054461126,3.738939306837264,70.524338894978,35.262169447489,20.572598120237313,True,covered,0.054835925745453686,70.524338894978,shared_semantic_recoding_50_percent,shared_publication_test,1451,115,311,25,311,25,2002,2002,,shared_semantic_dataset,,Ref-160-Research,Ref-160-Research
elastic_net_residual_bootstrap,Elastic Net,shared_publication_held_out,test,0.9,280,148.0,149.7954157392564,121.12075825554639,183.8531400320123,-1.7954157392564127,1.7954157392564127,3.223517676769651,62.732381776465914,31.366190888232957,20.86422549319498,True,covered,0.05724047735518832,62.732381776465914,shared_semantic_recoding_50_percent,shared_publication_test,1451,115,311,25,311,25,2003,2003,,shared_semantic_dataset,,Ref-160-Research,Ref-160-Research
elastic_net_residual_bootstrap,Elastic Net,shared_publication_held_out,test,0.9,281,115.0,150.93553886217566,117.4986122495706,196.624277748805,-35.93553886217566,35.93553886217566,1291.3629533149372,79.12566549923442,39.56283274961721,23.952342639535917,False,below_interval_overprediction,0.9083156175798195,129.0979104906464,shared_semantic_recoding_50_percent,shared_publication_test,1451,115,311,25,311,25,2004,2004,,shared_semantic_dataset,,Ref-160-Research,Ref-160-Research
elastic_net_residual_bootstrap,Elastic Net,shared_publication_held_out,test,0.9,282,125.0,150.6645883068782,121.83114128280961,183.0739450327773,-25.664588306878187,25.664588306878187,658.6710929615485,61.24280374996768,30.62140187498384,21.405059754697206,True,covered,0.8381258445206873,61.24280374996768,shared_semantic_recoding_50_percent,shared_publication_test,1451,115,311,25,311,25,2005,2005,,shared_semantic_dataset,,Ref-160-Research,Ref-160-Research
elastic_net_residual_bootstrap,Elastic Net,shared_publication_held_out,test,0.9,283,145.0,150.3033208998149,117.7275889169624,183.7799558896494,-5.303320899814906,5.303320899814906,28.125212566413587,66.05236697268698,33.02618348634349,21.766650572517786,True,covered,0.1605792840704061,66.05236697268698,shared_semantic_recoding_50_percent,shared_publication_test,1451,115,311,25,311,25,2006,2006,,shared_semantic_dataset,,Ref-160-Research,Ref-160-Research
elastic_net_residual_bootstrap,Elastic Net,shared_publication_held_out,test,0.9,284,155.0,150.03237034451746,119.73289457887546,190.00397516449996,4.96762965548254,4.96762965548254,24.67734439402958,70.2710805856245,35.13554029281225,21.867429053097535,True,covered,0.14138475213653617,70.2710805856245,shared_semantic_recoding_50_percent,shared_publication_test,1451,115,311,25,311,25,2007,2007,,shared_semantic_dataset,,Ref-160-Research,Ref-160-Research
elastic_net_residual_bootstrap,Elastic Net,shared_publication_held_out,test,0.9,285,155.0,149.76141978921999,119.57398289253265,182.57215889809007,5.238580210780015,5.238580210780015,27.442722624775982,62.99817600555741,31.499088002778706,20.438746427718883,True,covered,0.166308948700924,62.99817600555741,shared_semantic_recoding_50_percent,shared_publication_test,1451,115,311,25,311,25,2008,2008,,shared_semantic_dataset,,Ref-160-Research,Ref-160-Research
elastic_net_residual_bootstrap,Elastic Net,shared_publication_held_out,test,0.9,286,83.0,145.52292398387618,112.78850894902206,181.19183897560322,-62.52292398387618,62.52292398387618,3909.1160234935596,68.40333002658116,34.20166501329058,20.925711276432946,False,below_interval_overprediction,1.8280666733499704,664.1735090070224,shared_semantic_recoding_50_percent,shared_publication_test,1451,115,311,25,311,25,2009,2009,,shared_semantic_dataset,,Ref-161-Research,Ref-161-Research
elastic_net_residual_bootstrap,Elastic Net,shared_publication_held_out,test,0.9,287,100.0,144.87818329934092,116.06725081211829,183.82569721236675,-44.87818329934092,44.87818329934092,2014.051336249242,67.75844640024846,33.87922320012423,20.6121845413417,False,below_interval_overprediction,1.3246520746430914,389.1034626426143,shared_semantic_recoding_50_percent,shared_publication_test,1451,115,311,25,311,25,2010,2010,,shared_semantic_dataset,,Ref-161-Research,Ref-161-Research
elastic_net_residual_bootstrap,Elastic Net,shared_publication_held_out,test,0.9,288,114.0,146.63920562383754,115.75365271836148,185.9681664798515,-32.63920562383754,32.63920562383754,1065.317743755148,70.21451376149002,35.10725688074501,21.339988312641324,False,below_interval_overprediction,0.9296996838775774,105.28756812871961,shared_semantic_recoding_50_percent,shared_publication_test,1451,115,311,25,311,25,2011,2011,,shared_semantic_dataset,,Ref-161-Research,Ref-161-Research
elastic_net_residual_bootstrap,Elastic Net,shared_publication_held_out,test,0.9,289,118.0,148.40022794833413,110.25873450029252,190.9868895662209,-30.400227948334134,30.400227948334134,924.1738593106758,80.72815506592838,40.36407753296419,22.730288675624866,True,covered,0.7531505686834323,80.72815506592838,shared_semantic_recoding_50_percent,shared_publication_test,1451,115,311,25,311,25,2012,2012,,shared_semantic_dataset,,Ref-161-Research,Ref-161-Research
elastic_net_residual_bootstrap,Elastic Net,shared_publication_held_out,test,0.9,290,116.0,150.70463940881388,117.0746730916762,186.1592126793611,-34.704639408813875,34.704639408813875,1204.411996495797,69.0845395876849,34.54226979384245,20.80355101329575,False,below_interval_overprediction,1.0047006064147055,90.57800142120897,shared_semantic_recoding_50_percent,shared_publication_test,1451,115,311,25,311,25,2013,2013,,shared_semantic_dataset,,Ref-161-Research,Ref-161-Research
elastic_net_residual_bootstrap,Elastic Net,shared_publication_held_out,test,0.9,291,110.0,153.13256634654357,121.47298523639188,189.91744576532594,-43.13256634654357,43.13256634654357,1860.418279638983,68.44446052893406,34.22223026446703,21.42147558328393,False,below_interval_overprediction,1.2603669022509076,297.90416525677165,shared_semantic_recoding_50_percent,shared_publication_test,1451,115,311,25,311,25,2014,2014,,shared_semantic_dataset,,Ref-161-Research,Ref-161-Research
elastic_net_residual_bootstrap,Elastic Net,shared_publication_held_out,test,0.9,292,135.2,159.08196393777237,128.57149572752658,191.2542941326739,-23.881963937772383,23.881963937772383,570.3482015250606,62.68279840514731,31.341399202573655,20.43441275319109,True,covered,0.76199418486113,62.68279840514731,shared_semantic_recoding_50_percent,shared_publication_test,1451,115,311,25,311,25,2015,2015,,shared_semantic_dataset,,Ref-162-Research,Ref-162-Research
elastic_net_residual_bootstrap,Elastic Net,shared_publication_held_out,test,0.9,293,137.4,168.22949966825183,139.00973771498386,201.5739753159538,-30.829499668251827,30.829499668251827,950.4580497947395,62.56423760096993,31.282118800484966,20.01941077855751,False,below_interval_overprediction,0.9855310589695055,94.75899190064695,shared_semantic_recoding_50_percent,shared_publication_test,1451,115,311,25,311,25,2016,2016,,shared_semantic_dataset,,Ref-162-Research,Ref-162-Research
elastic_net_residual_bootstrap,Elastic Net,shared_publication_held_out,test,0.9,294,139.7,171.28268405827905,139.95835434619912,203.92559214850513,-31.582684058279057,31.582684058279057,997.465932325074,63.967237802306016,31.983618901153008,20.58681330262466,False,below_interval_overprediction,0.9874643690536377,69.13432472628855,shared_semantic_recoding_50_percent,shared_publication_test,1451,115,311,25,311,25,2017,2017,,shared_semantic_dataset,,Ref-162-Research,Ref-162-Research
elastic_net_residual_bootstrap,Elastic Net,shared_publication_held_out,test,0.9,295,149.2,174.33586844830626,141.62416785530266,209.6432790232513,-25.13586844830627,25.13586844830627,631.8118826505586,68.01911116794864,34.00955558397432,21.92910159929139,True,covered,0.7390825318561519,68.01911116794864,shared_semantic_recoding_50_percent,shared_publication_test,1451,115,311,25,311,25,2018,2018,,shared_semantic_dataset,,Ref-162-Research,Ref-162-Research
elastic_net_residual_bootstrap,Elastic Net,shared_publication_held_out,test,0.9,296,157.3,177.3890528383335,143.86391443560885,216.71562859383397,-20.089052838333487,20.089052838333487,403.5700439413547,72.85171415822512,36.42585707911256,22.154974722113586,True,covered,0.5515052890780988,72.85171415822512,shared_semantic_recoding_50_percent,shared_publication_test,1451,115,311,25,311,25,2019,2019,,shared_semantic_dataset,,Ref-162-Research,Ref-162-Research
elastic_net_residual_bootstrap,Elastic Net,shared_publication_held_out,test,0.9,297,156.0,180.4422372283607,147.83851743212827,218.20612319641347,-24.44223722836071,24.44223722836071,597.4229607274623,70.3676057642852,35.1838028821426,22.215238057505374,True,covered,0.694701403092679,70.3676057642852,shared_semantic_recoding_50_percent,shared_publication_test,1451,115,311,25,311,25,2020,2020,,shared_semantic_dataset,,Ref-162-Research,Ref-162-Research
elastic_net_residual_bootstrap,Elastic Net,shared_publication_held_out,test,0.9,298,158.1,183.49542161838792,151.31452495890892,224.04185436769117,-25.395421618387928,25.395421618387928,644.927439175685,72.72732940878225,36.36366470439113,22.93253664563539,True,covered,0.6983735502137463,72.72732940878225,shared_semantic_recoding_50_percent,shared_publication_test,1451,115,311,25,311,25,2021,2021,,shared_semantic_dataset,,Ref-162-Research,Ref-162-Research
elastic_net_residual_bootstrap,Elastic Net,shared_publication_held_out,test,0.9,299,138.3,168.14450979316075,136.82999474262647,203.70781049463193,-29.84450979316074,29.84450979316074,890.6947647940673,66.87781575200546,33.43890787600273,20.40557315914285,True,covered,0.8925085084665252,66.87781575200546,shared_semantic_recoding_50_percent,shared_publication_test,1451,115,311,25,311,25,2022,2022,,shared_semantic_dataset,,Ref-162-Research,Ref-162-Research
elastic_net_residual_bootstrap,Elastic Net,shared_publication_held_out,test,0.9,300,145.0,171.197694183188,141.23119667769822,201.23369257831928,-26.19769418318799,26.19769418318799,686.3191805158419,60.00249590062106,30.00124795031053,19.19779622534413,True,covered,0.8732201482610936,60.00249590062106,shared_semantic_recoding_50_percent,shared_publication_test,1451,115,311,25,311,25,2023,2023,,shared_semantic_dataset,,Ref-162-Research,Ref-162-Research
elastic_net_residual_bootstrap,Elastic Net,shared_publication_held_out,test,0.9,301,152.8,174.2508785732152,143.39773608319115,214.25598979291516,-21.450878573215192,21.450878573215192,460.1401915628226,70.85825370972401,35.429126854862005,22.04979400790779,True,covered,0.6054588548312319,70.85825370972401,shared_semantic_recoding_50_percent,shared_publication_test,1451,115,311,25,311,25,2024,2024,,shared_semantic_dataset,,Ref-162-Research,Ref-162-Research
elastic_net_residual_bootstrap,Elastic Net,shared_publication_held_out,test,0.9,302,162.6,177.30406296324242,142.14245571915941,216.75471436327692,-14.704062963242421,14.704062963242421,216.2094676269975,74.6122586441175,37.30612932205875,22.471784142624852,True,covered,0.39414603526150466,74.6122586441175,shared_semantic_recoding_50_percent,shared_publication_test,1451,115,311,25,311,25,2025,2025,,shared_semantic_dataset,,Ref-162-Research,Ref-162-Research
elastic_net_residual_bootstrap,Elastic Net,shared_publication_held_out,test,0.9,303,164.5,180.35724735326963,151.26227402910686,219.11867002602895,-15.857247353269628,15.857247353269628,251.4522936227766,67.85639599692209,33.928197998461044,21.422711086864872,True,covered,0.46737664505462095,67.85639599692209,shared_semantic_recoding_50_percent,shared_publication_test,1451,115,311,25,311,25,2026,2026,,shared_semantic_dataset,,Ref-162-Research,Ref-162-Research
elastic_net_residual_bootstrap,Elastic Net,shared_publication_held_out,test,0.9,304,168.7,183.41043174329684,152.38808367322332,217.12286180803474,-14.710431743296851,14.710431743296851,216.39680207419565,64.73477813481142,32.36738906740571,20.985921231645666,True,covered,0.454483113008037,64.73477813481142,shared_semantic_recoding_50_percent,shared_publication_test,1451,115,311,25,311,25,2027,2027,,shared_semantic_dataset,,Ref-162-Research,Ref-162-Research
elastic_net_residual_bootstrap,Elastic Net,shared_publication_held_out,test,0.9,305,145.3,167.51229183080002,138.3833115035182,204.37803402212063,-22.212291830800012,22.212291830800012,493.38590837662497,65.99472251860243,32.997361259301215,20.381923450507685,True,covered,0.6731535790468356,65.99472251860243,shared_semantic_recoding_50_percent,shared_publication_test,1451,115,311,25,311,25,2028,2028,,shared_semantic_dataset,,Ref-162-Research,Ref-162-Research
elastic_net_residual_bootstrap,Elastic Net,shared_publication_held_out,test,0.9,306,157.8,170.56547622082724,140.49124170563655,212.01435476425786,-12.765476220827225,12.765476220827225,162.95738314450531,71.5231130586213,35.76155652931065,22.209540746925946,True,covered,0.3569608669120559,71.5231130586213,shared_semantic_recoding_50_percent,shared_publication_test,1451,115,311,25,311,25,2029,2029,,shared_semantic_dataset,,Ref-162-Research,Ref-162-Research
elastic_net_residual_bootstrap,Elastic Net,shared_publication_held_out,test,0.9,307,165.2,173.61866061085445,143.80725929658377,212.92536752345316,-8.41866061085446,8.41866061085446,70.87384648075238,69.1181082268694,34.5590541134347,21.51443149426513,True,covered,0.2436021710322719,69.1181082268694,shared_semantic_recoding_50_percent,shared_publication_test,1451,115,311,25,311,25,2030,2030,,shared_semantic_dataset,,Ref-162-Research,Ref-162-Research
elastic_net_residual_bootstrap,Elastic Net,shared_publication_held_out,test,0.9,308,172.3,176.67184500088166,147.18128680890987,213.04144928682052,-4.371845000881649,4.371845000881649,19.113028711733865,65.86016247791065,32.930081238955324,20.864480129941718,True,covered,0.1327614398870624,65.86016247791065,shared_semantic_recoding_50_percent,shared_publication_test,1451,115,311,25,311,25,2031,2031,,shared_semantic_dataset,,Ref-162-Research,Ref-162-Research
elastic_net_residual_bootstrap,Elastic Net,shared_publication_held_out,test,0.9,309,179.8,179.72502939090887,148.74439085042331,212.88406943028556,0.07497060909113884,0.07497060909113884,0.00562059222749635,64.13967857986225,32.069839289931124,20.029036915489872,True,covered,0.0023377294913566075,64.13967857986225,shared_semantic_recoding_50_percent,shared_publication_test,1451,115,311,25,311,25,2032,2032,,shared_semantic_dataset,,Ref-162-Research,Ref-162-Research
elastic_net_residual_bootstrap,Elastic Net,shared_publication_held_out,test,0.9,310,192.2,182.77821378093608,152.04986359556156,220.26858174165218,9.421786219063904,9.421786219063904,88.7700555577425,68.21871814609062,34.10935907304531,21.585387181239902,True,covered,0.27622290406826805,68.21871814609062,shared_semantic_recoding_50_percent,shared_publication_test,1451,115,311,25,311,25,2033,2033,,shared_semantic_dataset,,Ref-162-Research,Ref-162-Research
elastic_net_bootstrap_conformalized,Elastic Net,shared_publication_held_out,test,0.9,0,156.0,141.21874893704336,101.4502458231744,186.3484907529897,14.781251062956642,14.781251062956642,218.48538298615685,84.8982449298153,42.44912246490765,19.67028383755593,True,covered,0.3482109924693068,84.8982449298153,shared_semantic_recoding_50_percent,shared_publication_test,1451,115,311,25,311,25,116,116,,shared_semantic_dataset,,Ref-9-Research,Ref-9-Research
elastic_net_bootstrap_conformalized,Elastic Net,shared_publication_held_out,test,0.9,1,156.0,141.92187824693747,99.94692790235132,194.92795066334287,14.078121753062533,14.078121753062533,198.19351209405247,94.98102276099155,47.490511380495775,21.580129895887772,True,covered,0.296440727712281,94.98102276099155,shared_semantic_recoding_50_percent,shared_publication_test,1451,115,311,25,311,25,117,117,,shared_semantic_dataset,,Ref-9-Research,Ref-9-Research
elastic_net_bootstrap_conformalized,Elastic Net,shared_publication_held_out,test,0.9,2,160.0,140.91853005432003,99.3361889914111,190.60276340282513,19.08146994567997,19.08146994567997,364.10249528788796,91.26657441141403,45.63328720570701,21.004604100318968,True,covered,0.4181480474913846,91.26657441141403,shared_semantic_recoding_50_percent,shared_publication_test,1451,115,311,25,311,25,118,118,,shared_semantic_dataset,,Ref-9-Research,Ref-9-Research
elastic_net_bootstrap_conformalized,Elastic Net,shared_publication_held_out,test,0.9,3,187.0,146.4895343755065,107.3387078883837,197.2630821615858,40.51046562449349,40.51046562449349,1641.0978251132688,89.9243742732021,44.96218713660105,20.380903730914714,True,covered,0.9009896582970343,89.9243742732021,shared_semantic_recoding_50_percent,shared_publication_test,1451,115,311,25,311,25,119,119,,shared_semantic_dataset,,Ref-9-Research,Ref-9-Research
elastic_net_bootstrap_conformalized,Elastic Net,shared_publication_held_out,test,0.9,4,145.1,135.0633647395852,89.92134757054447,191.4286297071007,10.036635260414783,10.036635260414783,100.73404735060133,101.50728213655623,50.753641068278114,25.782536037732605,True,covered,0.19775202427176897,101.50728213655623,shared_semantic_recoding_50_percent,shared_publication_test,1451,115,311,25,311,25,389,389,,shared_semantic_dataset,,Ref-32-Research,Ref-32-Research
elastic_net_bootstrap_conformalized,Elastic Net,shared_publication_held_out,test,0.9,5,149.6,144.47496257721102,94.53638122652211,188.63318874126588,5.125037422788978,5.125037422788978,26.26600858498749,94.09680751474377,47.04840375737189,20.817722933986932,True,covered,0.10893116478975017,94.09680751474377,shared_semantic_recoding_50_percent,shared_publication_test,1451,115,311,25,311,25,390,390,,shared_semantic_dataset,,Ref-32-Research,Ref-32-Research
elastic_net_bootstrap_conformalized,Elastic Net,shared_publication_held_out,test,0.9,6,143.5,144.34108712708627,105.86786103676664,198.46237623339283,-0.8410871270862685,0.8410871270862685,0.7074275553502328,92.59451519662619,46.297257598313095,21.60451462528437,True,covered,0.018167104721056194,92.59451519662619,shared_semantic_recoding_50_percent,shared_publication_test,1451,115,311,25,311,25,391,391,,shared_semantic_dataset,,Ref-32-Research,Ref-32-Research
elastic_net_bootstrap_conformalized,Elastic Net,shared_publication_held_out,test,0.9,7,162.6,144.34108712708627,99.59897450113904,197.51771226051338,18.258912872913726,18.258912872913726,333.38789930065457,97.91873775937434,48.95936887968717,22.841231391815874,True,covered,0.3729401193422899,97.91873775937434,shared_semantic_recoding_50_percent,shared_publication_test,1451,115,311,25,311,25,392,392,,shared_semantic_dataset,,Ref-32-Research,Ref-32-Research
elastic_net_bootstrap_conformalized,Elastic Net,shared_publication_held_out,test,0.9,8,150.56,158.81346064302642,115.3336425040639,208.47005677179033,-8.253460643026415,8.253460643026415,68.119612585986,93.13641426772642,46.56820713386321,21.75300159449855,True,covered,0.1772338071616399,93.13641426772642,shared_semantic_recoding_50_percent,shared_publication_test,1451,115,311,25,311,25,393,393,,shared_semantic_dataset,,Ref-33-Research,Ref-33-Research
elastic_net_bootstrap_conformalized,Elastic Net,shared_publication_held_out,test,0.9,9,121.32,140.5130748383249,99.32726171851196,182.2667682701467,-19.193074838324918,19.193074838324918,368.3741217495411,82.93950655163475,41.469753275817375,19.304876282960503,True,covered,0.46282105202485363,82.93950655163475,shared_semantic_recoding_50_percent,shared_publication_test,1451,115,311,25,311,25,394,394,,shared_semantic_dataset,,Ref-33-Research,Ref-33-Research
elastic_net_bootstrap_conformalized,Elastic Net,shared_publication_held_out,test,0.9,10,175.0,179.71046037587658,132.42100551542927,227.03633508640982,-4.710460375876579,4.710460375876579,22.188436952703324,94.61532957098055,47.307664785490275,22.497987552447896,True,covered,0.09957076505964682,94.61532957098055,shared_semantic_recoding_50_percent,shared_publication_test,1451,115,311,25,311,25,403,403,,shared_semantic_dataset,,Ref-35-Research,Ref-35-Research
elastic_net_bootstrap_conformalized,Elastic Net,shared_publication_held_out,test,0.9,11,154.0,166.0782584092388,121.48965028670224,218.31700943392264,-12.0782584092388,12.0782584092388,145.88432620034777,96.82735914722039,48.413679573610196,22.076253944468117,True,covered,0.24948028151577503,96.82735914722039,shared_semantic_recoding_50_percent,shared_publication_test,1451,115,311,25,311,25,462,462,,shared_semantic_dataset,,Ref-44-Research,Ref-44-Research
elastic_net_bootstrap_conformalized,Elastic Net,shared_publication_held_out,test,0.9,12,144.0,161.28329095350352,120.20314479150397,206.40053626349462,-17.283290953503524,17.283290953503524,298.71214618345675,86.19739147199064,43.09869573599532,20.381201505894808,True,covered,0.4010165657766948,86.19739147199064,shared_semantic_recoding_50_percent,shared_publication_test,1451,115,311,25,311,25,463,463,,shared_semantic_dataset,,Ref-44-Research,Ref-44-Research
elastic_net_bootstrap_conformalized,Elastic Net,shared_publication_held_out,test,0.9,13,141.0,159.5966395573843,117.06626605873845,209.43302128055893,-18.596639557384293,18.596639557384293,345.8350028272703,92.36675522182048,46.18337761091024,21.86554937116574,True,covered,0.40266954301304875,92.36675522182048,shared_semantic_recoding_50_percent,shared_publication_test,1451,115,311,25,311,25,464,464,,shared_semantic_dataset,,Ref-44-Research,Ref-44-Research
elastic_net_bootstrap_conformalized,Elastic Net,shared_publication_held_out,test,0.9,14,132.0,157.90998816126506,119.10761710680563,206.35926654696695,-25.909988161265062,25.909988161265062,671.3274865168956,87.25164944016132,43.62582472008066,20.328871294467394,True,covered,0.5939140022569906,87.25164944016132,shared_semantic_recoding_50_percent,shared_publication_test,1451,115,311,25,311,25,465,465,,shared_semantic_dataset,,Ref-44-Research,Ref-44-Research
elastic_net_bootstrap_conformalized,Elastic Net,shared_publication_held_out,test,0.9,15,102.0,154.60268273817945,111.98378065213738,207.68503967671327,-52.60268273817945,52.60268273817945,2767.0422312535625,95.70125902457589,47.850629512287945,21.9265932342842,False,below_interval_overprediction,1.0993101506568725,295.3768720673236,shared_semantic_recoding_50_percent,shared_publication_test,1451,115,311,25,311,25,490,490,,shared_semantic_dataset,,Ref-48-Research,Ref-48-Research
elastic_net_bootstrap_conformalized,Elastic Net,shared_publication_held_out,test,0.9,16,100.0,145.103834830711,91.96635436302026,188.60929751200467,-45.10383483071101,45.10383483071101,2034.3559164360595,96.64294314898441,48.32147157449221,21.233557671770825,True,covered,0.9334118635269437,96.64294314898441,shared_semantic_recoding_50_percent,shared_publication_test,1451,115,311,25,311,25,491,491,,shared_semantic_dataset,,Ref-48-Research,Ref-48-Research
elastic_net_bootstrap_conformalized,Elastic Net,shared_publication_held_out,test,0.9,17,166.0,162.22504682412517,116.93064064818321,207.0356515753423,3.7749531758748276,3.7749531758748276,14.250271480047447,90.1050109271591,45.05250546357955,20.24958441414053,True,covered,0.08379008308264899,90.1050109271591,shared_semantic_recoding_50_percent,shared_publication_test,1451,115,311,25,311,25,492,492,,shared_semantic_dataset,,Ref-48-Research,Ref-48-Research
elastic_net_bootstrap_conformalized,Elastic Net,shared_publication_held_out,test,0.9,18,158.0,168.50197719243977,115.51418552106225,210.43853020872766,-10.501977192439767,10.501977192439767,110.29152495052506,94.92434468766541,47.462172343832705,21.01021603630742,True,covered,0.22127047022541957,94.92434468766541,shared_semantic_recoding_50_percent,shared_publication_test,1451,115,311,25,311,25,493,493,,shared_semantic_dataset,,Ref-48-Research,Ref-48-Research
elastic_net_bootstrap_conformalized,Elastic Net,shared_publication_held_out,test,0.9,19,116.0,170.64115199462032,129.33201369966034,227.51516924162752,-54.641151994620316,54.641151994620316,2985.6554912991996,98.18315554196718,49.09157777098359,22.27814855779392,False,below_interval_overprediction,1.1130453425132507,364.823429535174,shared_semantic_recoding_50_percent,shared_publication_test,1451,115,311,25,311,25,494,494,,shared_semantic_dataset,,Ref-48-Research,Ref-48-Research
elastic_net_bootstrap_conformalized,Elastic Net,shared_publication_held_out,test,0.9,20,118.0,161.1423040871519,110.35888191581145,209.83485908134065,-43.1423040871519,43.1423040871519,1861.2584019482836,99.4759771655292,49.7379885827646,23.498481266576572,True,covered,0.8673914107998677,99.4759771655292,shared_semantic_recoding_50_percent,shared_publication_test,1451,115,311,25,311,25,495,495,,shared_semantic_dataset,,Ref-48-Research,Ref-48-Research
elastic_net_bootstrap_conformalized,Elastic Net,shared_publication_held_out,test,0.9,21,170.0,178.26351608056606,131.708958047958,229.36483135172577,-8.263516080566063,8.263516080566063,68.28569801377391,97.65587330376778,48.82793665188389,22.721246515429485,True,covered,0.1692374621414038,97.65587330376778,shared_semantic_recoding_50_percent,shared_publication_test,1451,115,311,25,311,25,496,496,,shared_semantic_dataset,,Ref-48-Research,Ref-48-Research
elastic_net_bootstrap_conformalized,Elastic Net,shared_publication_held_out,test,0.9,22,170.0,184.54044644888066,139.62294817014975,228.76870597872784,-14.540446448880658,14.540446448880658,211.42458293276616,89.14575780857808,44.57287890428904,20.84466672815115,True,covered,0.32621735024347953,89.14575780857808,shared_semantic_recoding_50_percent,shared_publication_test,1451,115,311,25,311,25,497,497,,shared_semantic_dataset,,Ref-48-Research,Ref-48-Research
elastic_net_bootstrap_conformalized,Elastic Net,shared_publication_held_out,test,0.9,23,130.0,185.56802686042545,139.5462687258797,233.07694727276717,-55.56802686042545,55.56802686042545,3087.805609160964,93.53067854688746,46.76533927344373,22.159794767114374,False,below_interval_overprediction,1.188231021601514,284.45605306448175,shared_semantic_recoding_50_percent,shared_publication_test,1451,115,311,25,311,25,498,498,,shared_semantic_dataset,,Ref-48-Research,Ref-48-Research
elastic_net_bootstrap_conformalized,Elastic Net,shared_publication_held_out,test,0.9,24,144.0,176.06917895295703,132.26510715985557,218.77233150776715,-32.06917895295703,32.06917895295703,1028.4322387167822,86.50722434791157,43.25361217395579,20.027943641080732,True,covered,0.7414219839948254,86.50722434791157,shared_semantic_recoding_50_percent,shared_publication_test,1451,115,311,25,311,25,499,499,,shared_semantic_dataset,,Ref-48-Research,Ref-48-Research
elastic_net_bootstrap_conformalized,Elastic Net,shared_publication_held_out,test,0.9,25,184.0,193.1903909463712,148.3721077879977,237.96645220926672,-9.190390946371195,9.190390946371195,84.46328574714164,89.59434442126903,44.797172210634514,19.766910748705573,True,covered,0.20515560453589224,89.59434442126903,shared_semantic_recoding_50_percent,shared_publication_test,1451,115,311,25,311,25,500,500,,shared_semantic_dataset,,Ref-48-Research,Ref-48-Research
elastic_net_bootstrap_conformalized,Elastic Net,shared_publication_held_out,test,0.9,26,182.0,199.4673213146858,154.4504701688056,245.85059765064753,-17.46732131468579,17.46732131468579,305.10731391047653,91.40012748184193,45.70006374092097,20.97390794474234,True,covered,0.38221656349781236,91.40012748184193,shared_semantic_recoding_50_percent,shared_publication_test,1451,115,311,25,311,25,501,501,,shared_semantic_dataset,,Ref-48-Research,Ref-48-Research
elastic_net_bootstrap_conformalized,Elastic Net,shared_publication_held_out,test,0.9,27,185.0,159.93271125771497,115.18207590717212,209.6717905104115,25.06728874228503,25.06728874228503,628.3689648890897,94.48971460323939,47.244857301619696,21.553691960543592,True,covered,0.5305823781464919,94.48971460323939,shared_semantic_recoding_50_percent,shared_publication_test,1451,115,311,25,311,25,502,502,,shared_semantic_dataset,,Ref-48-Research,Ref-48-Research
elastic_net_bootstrap_conformalized,Elastic Net,shared_publication_held_out,test,0.9,28,188.0,158.14627114663028,109.52713347107618,201.05914561326432,29.853728853369716,29.853728853369716,891.2451264505195,91.53201214218814,45.76600607109407,20.874552731550285,True,covered,0.6523123037433981,91.53201214218814,shared_semantic_recoding_50_percent,shared_publication_test,1451,115,311,25,311,25,503,503,,shared_semantic_dataset,,Ref-48-Research,Ref-48-Research
elastic_net_bootstrap_conformalized,Elastic Net,shared_publication_held_out,test,0.9,29,192.0,156.35983103554557,109.18660093229592,201.95513523963533,35.64016896445443,35.64016896445443,1270.221643814861,92.76853430733941,46.384267153669704,22.474625299408164,True,covered,0.7683676201324817,92.76853430733941,shared_semantic_recoding_50_percent,shared_publication_test,1451,115,311,25,311,25,504,504,,shared_semantic_dataset,,Ref-48-Research,Ref-48-Research
elastic_net_bootstrap_conformalized,Elastic Net,shared_publication_held_out,test,0.9,30,196.0,154.57339092446088,108.15708540688497,206.55409541405416,41.42660907553912,41.42660907553912,1716.16393949754,98.39701000716919,49.19850500358459,22.712676564853044,True,covered,0.8420298355106681,98.39701000716919,shared_semantic_recoding_50_percent,shared_publication_test,1451,115,311,25,311,25,505,505,,shared_semantic_dataset,,Ref-48-Research,Ref-48-Research
elastic_net_bootstrap_conformalized,Elastic Net,shared_publication_held_out,test,0.9,31,198.0,152.78695081337617,109.07166395012628,206.89993314015368,45.213049186623834,45.213049186623834,2044.2198167520662,97.8282691900274,48.9141345950137,21.276796966554404,True,covered,0.9243350528628763,97.8282691900274,shared_semantic_recoding_50_percent,shared_publication_test,1451,115,311,25,311,25,506,506,,shared_semantic_dataset,,Ref-48-Research,Ref-48-Research
elastic_net_bootstrap_conformalized,Elastic Net,shared_publication_held_out,test,0.9,32,205.0,151.00051070229145,103.80984801467963,200.8852625716455,53.99948929770855,53.99948929770855,2915.9448444133404,97.07541455696588,48.53770727848294,22.800288584164658,False,above_interval_underprediction,1.1125265762531567,179.37016312405564,shared_semantic_recoding_50_percent,shared_publication_test,1451,115,311,25,311,25,507,507,,shared_semantic_dataset,,Ref-48-Research,Ref-48-Research
elastic_net_bootstrap_conformalized,Elastic Net,shared_publication_held_out,test,0.9,33,201.0,149.21407059120676,103.59722009391037,200.87471003204587,51.78592940879324,51.78592940879324,2681.7824847325164,97.2774899381355,48.63874496906775,22.320528629192914,False,above_interval_underprediction,1.0647052970163389,99.78328929721813,shared_semantic_recoding_50_percent,shared_publication_test,1451,115,311,25,311,25,508,508,,shared_semantic_dataset,,Ref-48-Research,Ref-48-Research
elastic_net_bootstrap_conformalized,Elastic Net,shared_publication_held_out,test,0.9,34,196.0,147.42763048012205,97.30259768579099,195.74442999576925,48.57236951987795,48.57236951987795,2359.2750807755688,98.44183230997827,49.22091615498913,22.761991950309426,False,above_interval_underprediction,0.9868237593735759,103.55323239459322,shared_semantic_recoding_50_percent,shared_publication_test,1451,115,311,25,311,25,509,509,,shared_semantic_dataset,,Ref-48-Research,Ref-48-Research
elastic_net_bootstrap_conformalized,Elastic Net,shared_publication_held_out,test,0.9,35,191.0,145.64119036903736,94.22509957701871,196.29442182910142,45.35880963096264,45.35880963096264,2057.421611137909,102.06932225208271,51.03466112604136,23.394103352559448,True,covered,0.88878437967755,102.06932225208271,shared_semantic_recoding_50_percent,shared_publication_test,1451,115,311,25,311,25,510,510,,shared_semantic_dataset,,Ref-48-Research,Ref-48-Research
elastic_net_bootstrap_conformalized,Elastic Net,shared_publication_held_out,test,0.9,36,189.0,125.68359233505726,79.58907319893885,178.49128130112496,63.316407664942744,63.316407664942744,4008.96747959322,98.90220810218611,49.451104051093054,22.97043704593492,False,above_interval_underprediction,1.2803841062784769,309.076582079687,shared_semantic_recoding_50_percent,shared_publication_test,1451,115,311,25,311,25,511,511,,shared_semantic_dataset,,Ref-48-Research,Ref-48-Research
elastic_net_bootstrap_conformalized,Elastic Net,shared_publication_held_out,test,0.9,37,182.0,159.93271125771497,116.5116386843489,206.35185213521416,22.06728874228503,22.06728874228503,486.9652324353796,89.84021345086526,44.92010672543263,20.45612605286364,True,covered,0.49125637383650933,89.84021345086526,shared_semantic_recoding_50_percent,shared_publication_test,1451,115,311,25,311,25,512,512,,shared_semantic_dataset,,Ref-48-Research,Ref-48-Research
elastic_net_bootstrap_conformalized,Elastic Net,shared_publication_held_out,test,0.9,38,185.0,158.14627114663028,111.41491706499976,205.70834295490909,26.853728853369716,26.853728853369716,721.1227533303012,94.29342588990933,47.146712944954665,21.456089425651008,True,covered,0.5695779658005495,94.29342588990933,shared_semantic_recoding_50_percent,shared_publication_test,1451,115,311,25,311,25,513,513,,shared_semantic_dataset,,Ref-48-Research,Ref-48-Research
elastic_net_bootstrap_conformalized,Elastic Net,shared_publication_held_out,test,0.9,39,185.5,156.35983103554557,108.80553609472082,202.54385688396124,29.140168964454432,29.140168964454432,849.1494472769533,93.73832078924042,46.86916039462021,21.491963064711364,True,covered,0.6217343924897625,93.73832078924042,shared_semantic_recoding_50_percent,shared_publication_test,1451,115,311,25,311,25,514,514,,shared_semantic_dataset,,Ref-48-Research,Ref-48-Research
elastic_net_bootstrap_conformalized,Elastic Net,shared_publication_held_out,test,0.9,40,186.0,154.57339092446088,112.33433002333634,205.41835732211797,31.42660907553912,31.42660907553912,987.6317579867577,93.08402729878163,46.54201364939082,21.687207814380773,True,covered,0.6752309711453677,93.08402729878163,shared_semantic_recoding_50_percent,shared_publication_test,1451,115,311,25,311,25,515,515,,shared_semantic_dataset,,Ref-48-Research,Ref-48-Research
elastic_net_bootstrap_conformalized,Elastic Net,shared_publication_held_out,test,0.9,41,172.0,152.78695081337617,102.50016051051378,197.0962787342514,19.213049186623834,19.213049186623834,369.14125904762676,94.59611822373762,47.29805911186881,20.747823785802264,True,covered,0.40621221139711794,94.59611822373762,shared_semantic_recoding_50_percent,shared_publication_test,1451,115,311,25,311,25,516,516,,shared_semantic_dataset,,Ref-48-Research,Ref-48-Research
elastic_net_bootstrap_conformalized,Elastic Net,shared_publication_held_out,test,0.9,42,170.5,151.00051070229145,103.13097928585451,194.0368652462574,19.49948929770855,19.49948929770855,380.2300828714503,90.9058859604029,45.45294298020145,20.43657875152042,True,covered,0.42900388883954566,90.9058859604029,shared_semantic_recoding_50_percent,shared_publication_test,1451,115,311,25,311,25,517,517,,shared_semantic_dataset,,Ref-48-Research,Ref-48-Research
elastic_net_bootstrap_conformalized,Elastic Net,shared_publication_held_out,test,0.9,43,162.0,149.21407059120676,102.10608362003026,205.8919114761805,12.785929408793237,12.785929408793237,163.47999084664377,103.78582785615023,51.89291392807512,23.646644870893713,True,covered,0.24639066186406214,103.78582785615023,shared_semantic_recoding_50_percent,shared_publication_test,1451,115,311,25,311,25,518,518,,shared_semantic_dataset,,Ref-48-Research,Ref-48-Research
elastic_net_bootstrap_conformalized,Elastic Net,shared_publication_held_out,test,0.9,44,159.0,147.42763048012205,99.95087024518992,198.99664097369904,11.572369519877952,11.572369519877952,133.91973630460026,99.04577072850913,49.52288536425456,22.899088594929008,True,covered,0.2336772067047379,99.04577072850913,shared_semantic_recoding_50_percent,shared_publication_test,1451,115,311,25,311,25,519,519,,shared_semantic_dataset,,Ref-48-Research,Ref-48-Research
elastic_net_bootstrap_conformalized,Elastic Net,shared_publication_held_out,test,0.9,45,169.0,145.64119036903736,97.76155948970218,200.46268001929417,23.35880963096264,23.35880963096264,545.6339873755529,102.70112052959199,51.350560264795995,23.377688013505164,True,covered,0.4548890900217998,102.70112052959199,shared_semantic_recoding_50_percent,shared_publication_test,1451,115,311,25,311,25,520,520,,shared_semantic_dataset,,Ref-48-Research,Ref-48-Research
elastic_net_bootstrap_conformalized,Elastic Net,shared_publication_held_out,test,0.9,46,157.0,125.68359233505726,73.0979446001391,173.74192375896723,31.316407664942744,31.316407664942744,980.7173890368847,100.64397915882813,50.321989579414065,22.102800412739402,True,covered,0.6223205387283375,100.64397915882813,shared_semantic_recoding_50_percent,shared_publication_test,1451,115,311,25,311,25,521,521,,shared_semantic_dataset,,Ref-48-Research,Ref-48-Research
elastic_net_bootstrap_conformalized,Elastic Net,shared_publication_held_out,test,0.9,47,199.0,175.97118051415586,133.7635594024393,227.14802490093686,23.02881948584414,23.02881948584414,530.3265269115947,93.38446549849755,46.692232749248774,20.730245606181217,True,covered,0.49320450383077147,93.38446549849755,shared_semantic_recoding_50_percent,shared_publication_test,1451,115,311,25,311,25,522,522,,shared_semantic_dataset,,Ref-48-Research,Ref-48-Research
elastic_net_bootstrap_conformalized,Elastic Net,shared_publication_held_out,test,0.9,48,202.0,174.18474040307117,128.12738627339675,225.0137342304038,27.815259596928826,27.815259596928826,773.6886664445411,96.88634795700705,48.44317397850352,22.230044388989253,True,covered,0.574183260768003,96.88634795700705,shared_semantic_recoding_50_percent,shared_publication_test,1451,115,311,25,311,25,523,523,,shared_semantic_dataset,,Ref-48-Research,Ref-48-Research
elastic_net_bootstrap_conformalized,Elastic Net,shared_publication_held_out,test,0.9,49,203.0,172.39830029198646,124.34270260105973,218.4473612680003,30.60169970801354,30.60169970801354,936.464025019436,94.10465866694057,47.05232933347028,20.596401437104603,True,covered,0.650375871747656,94.10465866694057,shared_semantic_recoding_50_percent,shared_publication_test,1451,115,311,25,311,25,524,524,,shared_semantic_dataset,,Ref-48-Research,Ref-48-Research
elastic_net_bootstrap_conformalized,Elastic Net,shared_publication_held_out,test,0.9,50,209.0,170.61186018090177,125.27645370731969,214.3636597186596,38.38813981909823,38.38813981909823,1473.649278770635,89.0872060113399,44.54360300566995,19.144729102761126,True,covered,0.8618103886704407,89.0872060113399,shared_semantic_recoding_50_percent,shared_publication_test,1451,115,311,25,311,25,525,525,,shared_semantic_dataset,,Ref-48-Research,Ref-48-Research
elastic_net_bootstrap_conformalized,Elastic Net,shared_publication_held_out,test,0.9,51,212.0,168.82542006981706,123.4369258395503,215.82404798469577,43.174579930182944,43.174579930182944,1864.044352147756,92.38712214514547,46.193561072572734,22.087879359593114,True,covered,0.9346449792505324,92.38712214514547,shared_semantic_recoding_50_percent,shared_publication_test,1451,115,311,25,311,25,526,526,,shared_semantic_dataset,,Ref-48-Research,Ref-48-Research
elastic_net_bootstrap_conformalized,Elastic Net,shared_publication_held_out,test,0.9,52,218.0,167.03897995873234,117.11647136357496,207.64742375290194,50.96102004126766,50.96102004126766,2597.025563646484,90.53095238932698,45.26547619466349,22.09100284286674,False,above_interval_underprediction,1.125825338103383,297.58247733128815,shared_semantic_recoding_50_percent,shared_publication_test,1451,115,311,25,311,25,527,527,,shared_semantic_dataset,,Ref-48-Research,Ref-48-Research
elastic_net_bootstrap_conformalized,Elastic Net,shared_publication_held_out,test,0.9,53,216.0,165.25253984764765,120.17272366186344,215.17992124326915,50.747460152352346,50.747460152352346,2575.304711914589,95.0071975814057,47.50359879070285,21.202161896445055,False,above_interval_underprediction,1.0682866444696473,111.40877271602272,shared_semantic_recoding_50_percent,shared_publication_test,1451,115,311,25,311,25,528,528,,shared_semantic_dataset,,Ref-48-Research,Ref-48-Research
elastic_net_bootstrap_conformalized,Elastic Net,shared_publication_held_out,test,0.9,54,212.0,163.46609973656294,107.89247865041871,216.18096979358998,48.53390026343706,48.53390026343706,2355.539474781256,108.28849114317127,54.144245571585635,23.74899229592446,True,covered,0.8963815037235863,108.28849114317127,shared_semantic_recoding_50_percent,shared_publication_test,1451,115,311,25,311,25,529,529,,shared_semantic_dataset,,Ref-48-Research,Ref-48-Research
elastic_net_bootstrap_conformalized,Elastic Net,shared_publication_held_out,test,0.9,55,210.0,161.67965962547825,107.50100215816623,204.63663526253526,48.32034037452175,48.32034037452175,2334.8552939096367,97.13563310436903,48.56781655218452,22.247597397873143,False,above_interval_underprediction,0.994904523298945,204.40292785366375,shared_semantic_recoding_50_percent,shared_publication_test,1451,115,311,25,311,25,530,530,,shared_semantic_dataset,,Ref-48-Research,Ref-48-Research
elastic_net_bootstrap_conformalized,Elastic Net,shared_publication_held_out,test,0.9,56,208.0,141.72206159149815,88.81864673134626,187.81784217631304,66.27793840850185,66.27793840850185,4392.765119681165,98.99919544496677,49.49959772248339,24.406895009327513,False,above_interval_underprediction,1.3389591321546743,502.64235191870614,shared_semantic_recoding_50_percent,shared_publication_test,1451,115,311,25,311,25,531,531,,shared_semantic_dataset,,Ref-48-Research,Ref-48-Research
elastic_net_bootstrap_conformalized,Elastic Net,shared_publication_held_out,test,0.9,57,194.0,175.97118051415586,129.61134300656576,222.81450434347735,18.02881948584414,18.02881948584414,325.0383320531533,93.20316133691159,46.601580668455796,22.057250155982466,True,covered,0.38687141567383976,93.20316133691159,shared_semantic_recoding_50_percent,shared_publication_test,1451,115,311,25,311,25,532,532,,shared_semantic_dataset,,Ref-48-Research,Ref-48-Research
elastic_net_bootstrap_conformalized,Elastic Net,shared_publication_held_out,test,0.9,58,197.0,174.18474040307117,127.15409838833446,222.15957235168875,22.815259596928826,22.815259596928826,520.5360704752529,95.00547396335429,47.502736981677145,21.20918420415654,True,covered,0.480293579835814,95.00547396335429,shared_semantic_recoding_50_percent,shared_publication_test,1451,115,311,25,311,25,533,533,,shared_semantic_dataset,,Ref-48-Research,Ref-48-Research
elastic_net_bootstrap_conformalized,Elastic Net,shared_publication_held_out,test,0.9,59,198.0,172.39830029198646,123.55603736031708,216.80611572451866,25.60169970801354,25.60169970801354,655.4470279393006,93.25007836420158,46.62503918210079,20.53881729668627,True,covered,0.5490976556185277,93.25007836420158,shared_semantic_recoding_50_percent,shared_publication_test,1451,115,311,25,311,25,534,534,,shared_semantic_dataset,,Ref-48-Research,Ref-48-Research
elastic_net_bootstrap_conformalized,Elastic Net,shared_publication_held_out,test,0.9,60,200.0,170.61186018090177,122.63328187590156,214.37289482728676,29.388139819098228,29.388139819098228,863.6627620268669,91.7396129513852,45.8698064756926,20.657231175230205,True,covered,0.6406859343230854,91.7396129513852,shared_semantic_recoding_50_percent,shared_publication_test,1451,115,311,25,311,25,535,535,,shared_semantic_dataset,,Ref-48-Research,Ref-48-Research
elastic_net_bootstrap_conformalized,Elastic Net,shared_publication_held_out,test,0.9,61,182.0,168.82542006981706,116.5989444585268,217.70004235536683,13.174579930182944,13.174579930182944,173.56955633677921,101.10109789684003,50.550548948420015,22.117933333005084,True,covered,0.26062189638387145,101.10109789684003,shared_semantic_recoding_50_percent,shared_publication_test,1451,115,311,25,311,25,536,536,,shared_semantic_dataset,,Ref-48-Research,Ref-48-Research
elastic_net_bootstrap_conformalized,Elastic Net,shared_publication_held_out,test,0.9,62,181.0,167.03897995873234,119.83107981295603,209.74753467118796,13.961020041267659,13.961020041267659,194.91008059267722,89.91645485823193,44.958227429115965,21.302096125093016,True,covered,0.31053315131873255,89.91645485823193,shared_semantic_recoding_50_percent,shared_publication_test,1451,115,311,25,311,25,537,537,,shared_semantic_dataset,,Ref-48-Research,Ref-48-Research
elastic_net_bootstrap_conformalized,Elastic Net,shared_publication_held_out,test,0.9,63,178.0,165.25253984764765,114.12698802553892,215.97065269715773,12.747460152352346,12.747460152352346,162.4977403358109,101.84366467161881,50.921832335809405,21.611980804761384,True,covered,0.25033388563647657,101.84366467161881,shared_semantic_recoding_50_percent,shared_publication_test,1451,115,311,25,311,25,538,538,,shared_semantic_dataset,,Ref-48-Research,Ref-48-Research
elastic_net_bootstrap_conformalized,Elastic Net,shared_publication_held_out,test,0.9,64,176.0,163.46609973656294,109.4356783273968,214.72470682592242,12.533900263437062,12.533900263437062,157.09865581378764,105.28902849852562,52.64451424926281,24.192050687550836,True,covered,0.23808559053448908,105.28902849852562,shared_semantic_recoding_50_percent,shared_publication_test,1451,115,311,25,311,25,539,539,,shared_semantic_dataset,,Ref-48-Research,Ref-48-Research
elastic_net_bootstrap_conformalized,Elastic Net,shared_publication_held_out,test,0.9,65,175.0,161.67965962547825,113.35375302272618,213.2581440488685,13.320340374521749,13.320340374521749,177.4314676931142,99.90439102614232,49.95219551307116,24.352059585953842,True,covered,0.26666176006290193,99.90439102614232,shared_semantic_recoding_50_percent,shared_publication_test,1451,115,311,25,311,25,540,540,,shared_semantic_dataset,,Ref-48-Research,Ref-48-Research
elastic_net_bootstrap_conformalized,Elastic Net,shared_publication_held_out,test,0.9,66,171.0,141.72206159149815,90.79428612793245,191.2924592413984,29.277938408501853,29.277938408501853,857.1976774520281,100.49817311346595,50.249086556732976,22.82432426458919,True,covered,0.5826561319765691,100.49817311346595,shared_semantic_recoding_50_percent,shared_publication_test,1451,115,311,25,311,25,541,541,,shared_semantic_dataset,,Ref-48-Research,Ref-48-Research
elastic_net_bootstrap_conformalized,Elastic Net,shared_publication_held_out,test,0.9,67,210.0,190.898055379961,142.6247096825503,245.14220407140925,19.101944620039006,19.101944620039006,364.88428826703716,102.51749438885895,51.258747194429475,22.820744954341222,True,covered,0.37265726662384957,102.51749438885895,shared_semantic_recoding_50_percent,shared_publication_test,1451,115,311,25,311,25,542,542,,shared_semantic_dataset,,Ref-48-Research,Ref-48-Research
elastic_net_bootstrap_conformalized,Elastic Net,shared_publication_held_out,test,0.9,68,212.0,189.11161526887628,138.77344653713703,240.9506475326418,22.888384731123722,22.888384731123722,523.8781555999375,102.17720099550476,51.08860049775238,22.512482827236923,True,covered,0.44801353938303096,102.17720099550476,shared_semantic_recoding_50_percent,shared_publication_test,1451,115,311,25,311,25,543,543,,shared_semantic_dataset,,Ref-48-Research,Ref-48-Research
elastic_net_bootstrap_conformalized,Elastic Net,shared_publication_held_out,test,0.9,69,217.0,187.3251751577916,139.73358813904494,234.27312771216685,29.67482484220841,29.67482484220841,880.5952294157494,94.53953957312191,47.26976978656096,20.765494714669128,True,covered,0.6277759544038465,94.53953957312191,shared_semantic_recoding_50_percent,shared_publication_test,1451,115,311,25,311,25,544,544,,shared_semantic_dataset,,Ref-48-Research,Ref-48-Research
elastic_net_bootstrap_conformalized,Elastic Net,shared_publication_held_out,test,0.9,70,225.0,185.53873504670688,137.1093202721782,229.4091189745816,39.461264953293124,39.461264953293124,1557.1914317140001,92.2997987024034,46.1498993512017,21.93932469916043,True,covered,0.8550671942530594,92.2997987024034,shared_semantic_recoding_50_percent,shared_publication_test,1451,115,311,25,311,25,545,545,,shared_semantic_dataset,,Ref-48-Research,Ref-48-Research
elastic_net_bootstrap_conformalized,Elastic Net,shared_publication_held_out,test,0.9,71,227.0,183.7522949356222,133.1720363233038,234.85059624847293,43.24770506437781,43.24770506437781,1870.3639933354102,101.67855992516914,50.83927996258457,23.064150059207936,True,covered,0.8506750114518967,101.67855992516914,shared_semantic_recoding_50_percent,shared_publication_test,1451,115,311,25,311,25,546,546,,shared_semantic_dataset,,Ref-48-Research,Ref-48-Research
elastic_net_bootstrap_conformalized,Elastic Net,shared_publication_held_out,test,0.9,72,234.0,181.96585482453747,134.1183572870897,223.91044982087223,52.03414517546253,52.03414517546253,2707.5522641411103,89.79209253378252,44.89604626689126,21.436014050426202,False,above_interval_underprediction,1.1589917042168427,291.58309611633797,shared_semantic_recoding_50_percent,shared_publication_test,1451,115,311,25,311,25,547,547,,shared_semantic_dataset,,Ref-48-Research,Ref-48-Research
elastic_net_bootstrap_conformalized,Elastic Net,shared_publication_held_out,test,0.9,73,232.0,180.1794147134528,131.4459454940923,226.97931082309853,51.820585286547214,51.820585286547214,2685.3730594403137,95.53336532900622,47.76668266450311,22.992336748650672,False,above_interval_underprediction,1.0848688331680334,195.94714886703565,shared_semantic_recoding_50_percent,shared_publication_test,1451,115,311,25,311,25,548,548,,shared_semantic_dataset,,Ref-48-Research,Ref-48-Research
elastic_net_bootstrap_conformalized,Elastic Net,shared_publication_held_out,test,0.9,74,227.0,178.39297460236807,127.96001184883588,221.98972326658455,48.60702539763193,48.60702539763193,2362.6429180060354,94.02971141774867,47.014855708874336,20.0673131322932,False,above_interval_underprediction,1.0338652467342797,194.2352460860577,shared_semantic_recoding_50_percent,shared_publication_test,1451,115,311,25,311,25,549,549,,shared_semantic_dataset,,Ref-48-Research,Ref-48-Research
elastic_net_bootstrap_conformalized,Elastic Net,shared_publication_held_out,test,0.9,75,221.0,176.60653449128336,126.82788756500139,225.7855223035937,44.393465508716645,44.393465508716645,1970.7797798736144,98.9576347385923,49.47881736929615,23.53857105429356,True,covered,0.8972216368345295,98.9576347385923,shared_semantic_recoding_50_percent,shared_publication_test,1451,115,311,25,311,25,550,550,,shared_semantic_dataset,,Ref-48-Research,Ref-48-Research
elastic_net_bootstrap_conformalized,Elastic Net,shared_publication_held_out,test,0.9,76,219.0,156.64893645730328,108.50211893415161,205.018358273713,62.35106354269672,62.35106354269672,3887.655124905404,96.5162393395614,48.2581196697807,22.613430479795877,False,above_interval_underprediction,1.2920325940867738,376.1490738653014,shared_semantic_recoding_50_percent,shared_publication_test,1451,115,311,25,311,25,551,551,,shared_semantic_dataset,,Ref-48-Research,Ref-48-Research
elastic_net_bootstrap_conformalized,Elastic Net,shared_publication_held_out,test,0.9,77,209.0,190.898055379961,145.4865904243259,238.74338144258496,18.101944620039006,18.101944620039006,327.68039902695915,93.25679101825907,46.62839550912953,20.816488871437393,True,covered,0.3882171887405983,93.25679101825907,shared_semantic_recoding_50_percent,shared_publication_test,1451,115,311,25,311,25,552,552,,shared_semantic_dataset,,Ref-48-Research,Ref-48-Research
elastic_net_bootstrap_conformalized,Elastic Net,shared_publication_held_out,test,0.9,78,210.0,189.11161526887628,138.95222347913705,231.94059087760948,20.888384731123722,20.888384731123722,436.32461667544266,92.98836739847243,46.49418369923622,20.651547957108306,True,covered,0.44926877018096495,92.98836739847243,shared_semantic_recoding_50_percent,shared_publication_test,1451,115,311,25,311,25,553,553,,shared_semantic_dataset,,Ref-48-Research,Ref-48-Research
elastic_net_bootstrap_conformalized,Elastic Net,shared_publication_held_out,test,0.9,79,213.0,187.3251751577916,140.8539103070483,226.51282444991824,25.67482484220841,25.67482484220841,659.1966306780821,85.65891414286995,42.82945707143497,19.011004070090983,True,covered,0.5994665026779474,85.65891414286995,shared_semantic_recoding_50_percent,shared_publication_test,1451,115,311,25,311,25,554,554,,shared_semantic_dataset,,Ref-48-Research,Ref-48-Research
elastic_net_bootstrap_conformalized,Elastic Net,shared_publication_held_out,test,0.9,80,215.0,185.53873504670688,139.9941571226617,234.95797032188915,29.461264953293124,29.461264953293124,867.9661326481378,94.96381319922745,47.48190659961372,21.023333400038346,True,covered,0.6204735037647541,94.96381319922745,shared_semantic_recoding_50_percent,shared_publication_test,1451,115,311,25,311,25,555,555,,shared_semantic_dataset,,Ref-48-Research,Ref-48-Research
elastic_net_bootstrap_conformalized,Elastic Net,shared_publication_held_out,test,0.9,81,198.0,183.7522949356222,138.97211532496775,230.29958255383886,14.247705064377811,14.247705064377811,202.99709960149713,91.32746722887111,45.66373361443556,20.781434679039336,True,covered,0.3120135813834049,91.32746722887111,shared_semantic_recoding_50_percent,shared_publication_test,1451,115,311,25,311,25,556,556,,shared_semantic_dataset,,Ref-48-Research,Ref-48-Research
elastic_net_bootstrap_conformalized,Elastic Net,shared_publication_held_out,test,0.9,82,192.0,181.96585482453747,133.1403991908549,226.0764841385603,10.034145175462527,10.034145175462527,100.6840694022579,92.93608494770538,46.46804247385269,21.989413131624374,True,covered,0.21593647249308348,92.93608494770538,shared_semantic_recoding_50_percent,shared_publication_test,1451,115,311,25,311,25,557,557,,shared_semantic_dataset,,Ref-48-Research,Ref-48-Research
elastic_net_bootstrap_conformalized,Elastic Net,shared_publication_held_out,test,0.9,83,186.5,180.1794147134528,130.28960919820767,223.64533135238804,6.320585286547214,6.320585286547214,39.94979836451713,93.35572215418037,46.677861077090185,21.573909831678815,True,covered,0.13540863143040205,93.35572215418037,shared_semantic_recoding_50_percent,shared_publication_test,1451,115,311,25,311,25,558,558,,shared_semantic_dataset,,Ref-48-Research,Ref-48-Research
elastic_net_bootstrap_conformalized,Elastic Net,shared_publication_held_out,test,0.9,84,185.0,178.39297460236807,130.4128293980848,228.82131629988635,6.607025397631929,6.607025397631929,43.652784604953354,98.40848690180155,49.204243450900776,21.730214305087934,True,covered,0.13427755279328404,98.40848690180155,shared_semantic_recoding_50_percent,shared_publication_test,1451,115,311,25,311,25,559,559,,shared_semantic_dataset,,Ref-48-Research,Ref-48-Research
elastic_net_bootstrap_conformalized,Elastic Net,shared_publication_held_out,test,0.9,85,183.0,176.60653449128336,126.9786011721605,228.05736520135503,6.393465508716645,6.393465508716645,40.876401211149386,101.07876402919453,50.539382014597265,22.112742726771693,True,covered,0.1265046237975372,101.07876402919453,shared_semantic_recoding_50_percent,shared_publication_test,1451,115,311,25,311,25,560,560,,shared_semantic_dataset,,Ref-48-Research,Ref-48-Research
elastic_net_bootstrap_conformalized,Elastic Net,shared_publication_held_out,test,0.9,86,178.0,156.64893645730328,105.25680227930566,205.38030531926012,21.35106354269672,21.35106354269672,455.86791440427305,100.12350303995446,50.06175151997723,22.067236617443957,True,covered,0.4264945371353326,100.12350303995446,shared_semantic_recoding_50_percent,shared_publication_test,1451,115,311,25,311,25,561,561,,shared_semantic_dataset,,Ref-48-Research,Ref-48-Research
elastic_net_bootstrap_conformalized,Elastic Net,shared_publication_held_out,test,0.9,87,90.0,142.22194635895522,93.44461068298257,195.93565717935482,-52.22194635895522,52.22194635895522,2727.1316815175965,102.49104649637225,51.245523248186124,22.047267915273782,False,below_interval_overprediction,1.019053822634227,171.38326015602368,shared_semantic_recoding_50_percent,shared_publication_test,1451,115,311,25,311,25,633,633,,shared_semantic_dataset,,Ref-55-Research,Ref-55-Research
elastic_net_bootstrap_conformalized,Elastic Net,shared_publication_held_out,test,0.9,88,106.0,145.74399100794844,102.74265933659008,198.7509208028999,-39.74399100794844,39.74399100794844,1579.5848212398862,96.00826146630983,48.004130733154916,22.504513899069153,True,covered,0.8279285636662624,96.00826146630983,shared_semantic_recoding_50_percent,shared_publication_test,1451,115,311,25,311,25,634,634,,shared_semantic_dataset,,Ref-55-Research,Ref-55-Research
elastic_net_bootstrap_conformalized,Elastic Net,shared_publication_held_out,test,0.9,89,112.0,147.50501333244503,103.71862581532432,197.73239086574284,-35.50501333244503,35.50501333244503,1260.6059717370995,94.01376505041853,47.006882525209264,21.629429100377727,True,covered,0.7553152097121968,94.01376505041853,shared_semantic_recoding_50_percent,shared_publication_test,1451,115,311,25,311,25,635,635,,shared_semantic_dataset,,Ref-55-Research,Ref-55-Research
elastic_net_bootstrap_conformalized,Elastic Net,shared_publication_held_out,test,0.9,90,115.0,149.26603565694163,104.18896560685933,199.62539472782817,-34.266035656941625,34.266035656941625,1174.1611996427948,95.43642912096884,47.71821456048442,21.31093626023184,True,covered,0.7180913194794472,95.43642912096884,shared_semantic_recoding_50_percent,shared_publication_test,1451,115,311,25,311,25,636,636,,shared_semantic_dataset,,Ref-55-Research,Ref-55-Research
elastic_net_bootstrap_conformalized,Elastic Net,shared_publication_held_out,test,0.9,91,101.0,151.02705798143825,108.36556657440505,196.99447028914804,-50.02705798143825,50.02705798143825,2502.7065302781843,88.62890371474299,44.314451857371495,18.972353142588865,False,below_interval_overprediction,1.128910680029465,235.94023520284404,shared_semantic_recoding_50_percent,shared_publication_test,1451,115,311,25,311,25,637,637,,shared_semantic_dataset,,Ref-55-Research,Ref-55-Research
elastic_net_bootstrap_conformalized,Elastic Net,shared_publication_held_out,test,0.9,92,115.0,125.25163015602455,86.8249968018041,179.74933976852475,-10.251630156024547,10.251630156024547,105.09592085591187,92.92434296672064,46.46217148336032,20.187164188320292,True,covered,0.22064466271655,92.92434296672064,shared_semantic_recoding_50_percent,shared_publication_test,1451,115,311,25,311,25,643,643,,shared_semantic_dataset,,Ref-57-Research,Ref-57-Research
elastic_net_bootstrap_conformalized,Elastic Net,shared_publication_held_out,test,0.9,93,120.0,125.2005359123838,86.45564748442688,181.6567480303154,-5.200535912383799,5.200535912383799,27.045573775993592,95.20110054588854,47.60055027294427,21.671713308499577,True,covered,0.10925369313093293,95.20110054588854,shared_semantic_recoding_50_percent,shared_publication_test,1451,115,311,25,311,25,644,644,,shared_semantic_dataset,,Ref-57-Research,Ref-57-Research
elastic_net_bootstrap_conformalized,Elastic Net,shared_publication_held_out,test,0.9,94,127.0,125.14944166874304,86.15122734737153,178.4743707396221,1.8505583312569627,1.8505583312569627,3.4245661373845544,92.32314339225056,46.16157169612528,19.897618782421834,True,covered,0.04008872019000807,92.32314339225056,shared_semantic_recoding_50_percent,shared_publication_test,1451,115,311,25,311,25,645,645,,shared_semantic_dataset,,Ref-57-Research,Ref-57-Research
elastic_net_bootstrap_conformalized,Elastic Net,shared_publication_held_out,test,0.9,95,133.0,125.09834742510228,84.41866089508191,178.1160873237586,7.901652574897724,7.901652574897724,62.43611341438784,93.69742642867668,46.84871321433834,21.337207991131955,True,covered,0.16866317200104813,93.69742642867668,shared_semantic_recoding_50_percent,shared_publication_test,1451,115,311,25,311,25,646,646,,shared_semantic_dataset,,Ref-57-Research,Ref-57-Research
elastic_net_bootstrap_conformalized,Elastic Net,shared_publication_held_out,test,0.9,96,135.0,125.04725318146151,82.95482772497307,178.83863095189324,9.952746818538486,9.952746818538486,99.05716923392797,95.88380322692016,47.94190161346008,21.45223424081014,True,covered,0.20760016777774562,95.88380322692016,shared_semantic_recoding_50_percent,shared_publication_test,1451,115,311,25,311,25,647,647,,shared_semantic_dataset,,Ref-57-Research,Ref-57-Research
elastic_net_bootstrap_conformalized,Elastic Net,shared_publication_held_out,test,0.9,97,130.0,124.99615893782075,84.46187644466306,178.19878940486853,5.003841062179248,5.003841062179248,25.038425375551146,93.73691296020547,46.868456480102736,21.665434129223158,True,covered,0.1067635129888169,93.73691296020547,shared_semantic_recoding_50_percent,shared_publication_test,1451,115,311,25,311,25,648,648,,shared_semantic_dataset,,Ref-57-Research,Ref-57-Research
elastic_net_bootstrap_conformalized,Elastic Net,shared_publication_held_out,test,0.9,98,141.0,174.5623725143017,126.51283662435583,221.86122283328908,-33.5623725143017,33.5623725143017,1126.4328487887542,95.34838620893325,47.674193104466625,21.685367982618914,True,covered,0.7039945582457529,95.34838620893325,shared_semantic_recoding_50_percent,shared_publication_test,1451,115,311,25,311,25,758,758,,shared_semantic_dataset,,Ref-64-Research,Ref-64-Research
elastic_net_bootstrap_conformalized,Elastic Net,shared_publication_held_out,test,0.9,99,148.0,165.36995134738444,112.92278720647664,210.27855913932902,-17.369951347384443,17.369951347384443,301.71520981050264,97.35577193285238,48.67788596642619,22.965429955020838,True,covered,0.35683454617081645,97.35577193285238,shared_semantic_recoding_50_percent,shared_publication_test,1451,115,311,25,311,25,759,759,,shared_semantic_dataset,,Ref-64-Research,Ref-64-Research
elastic_net_bootstrap_conformalized,Elastic Net,shared_publication_held_out,test,0.9,100,151.0,163.4243285398786,116.7642128755171,206.6066152687655,-12.424328539878587,12.424328539878587,154.3639396668416,89.84240239324839,44.921201196624196,20.88492613402028,True,covered,0.27658050561685044,89.84240239324839,shared_semantic_recoding_50_percent,shared_publication_test,1451,115,311,25,311,25,760,760,,shared_semantic_dataset,,Ref-64-Research,Ref-64-Research
elastic_net_bootstrap_conformalized,Elastic Net,shared_publication_held_out,test,0.9,101,146.0,161.4787057323727,116.46659218809774,205.9552972320008,-15.478705732372703,15.478705732372703,239.59033114938757,89.48870504390305,44.74435252195153,20.713030529196438,True,covered,0.3459365229339025,89.48870504390305,shared_semantic_recoding_50_percent,shared_publication_test,1451,115,311,25,311,25,761,761,,shared_semantic_dataset,,Ref-64-Research,Ref-64-Research
elastic_net_bootstrap_conformalized,Elastic Net,shared_publication_held_out,test,0.9,102,145.0,160.41041050638225,110.23320079488244,208.7182915148243,-15.410410506382249,15.410410506382249,237.4807519752164,98.48509071994187,49.24254535997093,22.16522461257211,True,covered,0.31294910516362767,98.48509071994187,shared_semantic_recoding_50_percent,shared_publication_test,1451,115,311,25,311,25,762,762,,shared_semantic_dataset,,Ref-64-Research,Ref-64-Research
elastic_net_bootstrap_conformalized,Elastic Net,shared_publication_held_out,test,0.9,103,145.0,157.3964924728859,112.52576681183461,198.75682165728395,-12.39649247288591,12.39649247288591,153.67302563031703,86.23105484544934,43.11552742272467,19.94357333892238,True,covered,0.28751805240244277,86.23105484544934,shared_semantic_recoding_50_percent,shared_publication_test,1451,115,311,25,311,25,763,763,,shared_semantic_dataset,,Ref-64-Research,Ref-64-Research
elastic_net_bootstrap_conformalized,Elastic Net,shared_publication_held_out,test,0.9,104,139.0,154.38257443938957,104.52815188736403,198.37118511782032,-15.382574439389572,15.382574439389572,236.6235963833614,93.84303323045629,46.92151661522814,22.230941485548723,True,covered,0.327836258267859,93.84303323045629,shared_semantic_recoding_50_percent,shared_publication_test,1451,115,311,25,311,25,764,764,,shared_semantic_dataset,,Ref-64-Research,Ref-64-Research
elastic_net_bootstrap_conformalized,Elastic Net,shared_publication_held_out,test,0.9,105,139.0,133.19749848299784,80.15824777429523,178.88239587993104,5.802501517002156,5.802501517002156,33.66902385481232,98.7241481056358,49.3620740528179,22.67242075972873,True,covered,0.1175497915827731,98.7241481056358,shared_semantic_recoding_50_percent,shared_publication_test,1451,115,311,25,311,25,765,765,,shared_semantic_dataset,,Ref-64-Research,Ref-64-Research
elastic_net_bootstrap_conformalized,Elastic Net,shared_publication_held_out,test,0.9,106,262.0,216.37242022749888,166.41916354652327,263.59702946979155,45.62757977250112,45.62757977250112,2081.8760358959535,97.17786592326829,48.58893296163414,22.450505276313553,True,covered,0.9390529281334228,97.17786592326829,shared_semantic_recoding_50_percent,shared_publication_test,1451,115,311,25,311,25,766,766,,shared_semantic_dataset,,Ref-65-Research,Ref-65-Research
elastic_net_bootstrap_conformalized,Elastic Net,shared_publication_held_out,test,0.9,107,248.0,219.83462611109462,170.11342077078578,264.0649341308051,28.16537388890538,28.16537388890538,793.2882863018328,93.95151336001933,46.97575668000967,20.759773295761992,True,covered,0.5995725429344927,93.95151336001933,shared_semantic_recoding_50_percent,shared_publication_test,1451,115,311,25,311,25,767,767,,shared_semantic_dataset,,Ref-65-Research,Ref-65-Research
elastic_net_bootstrap_conformalized,Elastic Net,shared_publication_held_out,test,0.9,108,229.0,213.70801723354492,165.98921681536558,253.49674300515235,15.291982766455078,15.291982766455078,233.8447369295591,87.50752618978677,43.75376309489339,20.126705606316236,True,covered,0.3495009728258058,87.50752618978677,shared_semantic_recoding_50_percent,shared_publication_test,1451,115,311,25,311,25,768,768,,shared_semantic_dataset,,Ref-65-Research,Ref-65-Research
elastic_net_bootstrap_conformalized,Elastic Net,shared_publication_held_out,test,0.9,109,167.0,207.73168901424935,159.26425219900693,253.52343005115478,-40.731689014249355,40.731689014249355,1659.0704899535215,94.25917785214784,47.12958892607392,21.072182056407357,True,covered,0.8642487647863825,94.25917785214784,shared_semantic_recoding_50_percent,shared_publication_test,1451,115,311,25,311,25,769,769,,shared_semantic_dataset,,Ref-65-Research,Ref-65-Research
elastic_net_bootstrap_conformalized,Elastic Net,shared_publication_held_out,test,0.9,110,254.0,212.82092122111547,162.06608963429767,263.83511586927784,41.17907877888453,41.17907877888453,1695.7165290775783,101.76902623498017,50.88451311749009,22.675743408885953,True,covered,0.8092654573269447,101.76902623498017,shared_semantic_recoding_50_percent,shared_publication_test,1451,115,311,25,311,25,770,770,,shared_semantic_dataset,,Ref-65-Research,Ref-65-Research
elastic_net_bootstrap_conformalized,Elastic Net,shared_publication_held_out,test,0.9,111,244.0,209.2694222147321,162.25686478595208,255.1967611488154,34.73057778526791,34.73057778526791,1206.213033298545,92.93989636286332,46.46994818143166,21.47759727417588,True,covered,0.7473771575916124,92.93989636286332,shared_semantic_recoding_50_percent,shared_publication_test,1451,115,311,25,311,25,771,771,,shared_semantic_dataset,,Ref-65-Research,Ref-65-Research
elastic_net_bootstrap_conformalized,Elastic Net,shared_publication_held_out,test,0.9,112,202.0,205.71792320834868,158.13621891243113,253.81895968181735,-3.7179232083486795,3.7179232083486795,13.82295298317774,95.68274076938621,47.84137038469311,21.581054772456227,True,covered,0.07771356000994137,95.68274076938621,shared_semantic_recoding_50_percent,shared_publication_test,1451,115,311,25,311,25,772,772,,shared_semantic_dataset,,Ref-65-Research,Ref-65-Research
elastic_net_bootstrap_conformalized,Elastic Net,shared_publication_held_out,test,0.9,113,171.0,206.64057663126692,159.18511886772893,253.2309208811729,-35.640576631266924,35.640576631266924,1270.25070260921,94.04580201344396,47.02290100672198,21.622755896603095,True,covered,0.7579408302812296,94.04580201344396,shared_semantic_recoding_50_percent,shared_publication_test,1451,115,311,25,311,25,773,773,,shared_semantic_dataset,,Ref-65-Research,Ref-65-Research
elastic_net_bootstrap_conformalized,Elastic Net,shared_publication_held_out,test,0.9,114,204.0,209.49904854473417,165.04934694743977,259.897145568262,-5.4990485447341655,5.4990485447341655,30.239534897342942,94.8477986208222,47.4238993104111,21.41990321314029,True,covered,0.11595521719419102,94.8477986208222,shared_semantic_recoding_50_percent,shared_publication_test,1451,115,311,25,311,25,774,774,,shared_semantic_dataset,,Ref-65-Research,Ref-65-Research
elastic_net_bootstrap_conformalized,Elastic Net,shared_publication_held_out,test,0.9,115,239.0,212.35752045820138,167.89267265914532,263.3281983897717,26.64247954179862,26.64247954179862,709.8217161351581,95.43552573062641,47.717762865313205,22.324460669843102,True,covered,0.5583346314243383,95.43552573062641,shared_semantic_recoding_50_percent,shared_publication_test,1451,115,311,25,311,25,775,775,,shared_semantic_dataset,,Ref-65-Research,Ref-65-Research
elastic_net_bootstrap_conformalized,Elastic Net,shared_publication_held_out,test,0.9,116,249.0,213.36570342002616,168.21784255422787,256.14569721810165,35.634296579973835,35.634296579973835,1269.803092749535,87.92785466387377,43.96392733193689,20.260916772580632,True,covered,0.8105348803560567,87.92785466387377,shared_semantic_recoding_50_percent,shared_publication_test,1451,115,311,25,311,25,776,776,,shared_semantic_dataset,,Ref-65-Research,Ref-65-Research
elastic_net_bootstrap_conformalized,Elastic Net,shared_publication_held_out,test,0.9,117,250.0,214.7712576896521,163.30471423038406,259.96263036359073,35.22874231034791,35.22874231034791,1241.064284768897,96.65791613320667,48.328958066603334,22.351185301734844,True,covered,0.7289365159041564,96.65791613320667,shared_semantic_recoding_50_percent,shared_publication_test,1451,115,311,25,311,25,777,777,,shared_semantic_dataset,,Ref-65-Research,Ref-65-Research
elastic_net_bootstrap_conformalized,Elastic Net,shared_publication_held_out,test,0.9,118,259.0,216.37242022749888,169.3029744470682,271.9047774498956,42.62757977250112,42.62757977250112,1817.1105572609467,102.60180300282741,51.300901501413705,23.603814093158533,True,covered,0.8309323720427492,102.60180300282741,shared_semantic_recoding_50_percent,shared_publication_test,1451,115,311,25,311,25,778,778,,shared_semantic_dataset,,Ref-65-Research,Ref-65-Research
elastic_net_bootstrap_conformalized,Elastic Net,shared_publication_held_out,test,0.9,119,248.0,217.9262193911303,169.97192897627613,261.12352327091156,30.073780608869697,30.073780608869697,904.432280110427,91.15159429463543,45.575797147317715,21.438599946095483,True,covered,0.6598629643637431,91.15159429463543,shared_semantic_recoding_50_percent,shared_publication_test,1451,115,311,25,311,25,779,779,,shared_semantic_dataset,,Ref-65-Research,Ref-65-Research
elastic_net_bootstrap_conformalized,Elastic Net,shared_publication_held_out,test,0.9,120,246.0,219.52432828260424,169.78772505219095,265.9652879788724,26.475671717395755,26.475671717395755,700.9611928873095,96.17756292668147,48.08878146334074,21.45370749459266,True,covered,0.5505581741050938,96.17756292668147,shared_semantic_recoding_50_percent,shared_publication_test,1451,115,311,25,311,25,780,780,,shared_semantic_dataset,,Ref-65-Research,Ref-65-Research
elastic_net_bootstrap_conformalized,Elastic Net,shared_publication_held_out,test,0.9,121,262.0,216.37242022749888,169.80428052396928,259.7160871244497,45.62757977250112,45.62757977250112,2081.8760358959535,89.91180660048042,44.95590330024021,21.872626993151613,False,above_interval_underprediction,1.0149407847012903,135.5900641114864,shared_semantic_recoding_50_percent,shared_publication_test,1451,115,311,25,311,25,781,781,,shared_semantic_dataset,,Ref-65-Research,Ref-65-Research
elastic_net_bootstrap_conformalized,Elastic Net,shared_publication_held_out,test,0.9,122,262.0,220.82416443548033,168.11996978868783,262.80430085415384,41.17583556451967,41.17583556451967,1695.4494344363632,94.68433106546601,47.342165532733006,21.013395110580742,True,covered,0.8697497273556308,94.68433106546601,shared_semantic_recoding_50_percent,shared_publication_test,1451,115,311,25,311,25,782,782,,shared_semantic_dataset,,Ref-65-Research,Ref-65-Research
elastic_net_bootstrap_conformalized,Elastic Net,shared_publication_held_out,test,0.9,123,253.0,217.7623868198919,162.414653317094,256.39055428684105,35.2376131801081,35.2376131801081,1241.689382630928,93.97590096974704,46.98795048487352,22.010845278860838,True,covered,0.749928711860967,93.97590096974704,shared_semantic_recoding_50_percent,shared_publication_test,1451,115,311,25,311,25,783,783,,shared_semantic_dataset,,Ref-65-Research,Ref-65-Research
elastic_net_bootstrap_conformalized,Elastic Net,shared_publication_held_out,test,0.9,124,234.0,214.69959132217923,164.31523398749778,251.69481170364946,19.30040867782077,19.30040867782077,372.5057751308993,87.37957771615169,43.68978885807584,21.082417772267043,True,covered,0.44176017285222435,87.37957771615169,shared_semantic_recoding_50_percent,shared_publication_test,1451,115,311,25,311,25,784,784,,shared_semantic_dataset,,Ref-65-Research,Ref-65-Research
elastic_net_bootstrap_conformalized,Elastic Net,shared_publication_held_out,test,0.9,125,239.0,219.0484149322886,160.44512227294607,260.17024943658595,19.95158506771139,19.95158506771139,398.0657467141242,99.72512716363988,49.86256358181994,21.790134956968636,True,covered,0.40013155430672254,99.72512716363988,shared_semantic_recoding_50_percent,shared_publication_test,1451,115,311,25,311,25,785,785,,shared_semantic_dataset,,Ref-65-Research,Ref-65-Research
elastic_net_bootstrap_conformalized,Elastic Net,shared_publication_held_out,test,0.9,126,240.0,215.98663731670018,164.39706197299205,258.0994544606511,24.013362683299817,24.013362683299817,576.6415873596962,93.70239248765904,46.85119624382952,22.83463149344048,True,covered,0.5125453480061882,93.70239248765904,shared_semantic_recoding_50_percent,shared_publication_test,1451,115,311,25,311,25,786,786,,shared_semantic_dataset,,Ref-65-Research,Ref-65-Research
elastic_net_bootstrap_conformalized,Elastic Net,shared_publication_held_out,test,0.9,127,230.0,217.27266542909692,163.70254884806192,257.95880495901076,12.727334570903082,12.727334570903082,161.98504527970474,94.25625611094884,47.12812805547442,20.596476314728093,True,covered,0.27005813929044165,94.25625611094884,shared_semantic_recoding_50_percent,shared_publication_test,1451,115,311,25,311,25,787,787,,shared_semantic_dataset,,Ref-65-Research,Ref-65-Research
elastic_net_bootstrap_conformalized,Elastic Net,shared_publication_held_out,test,0.9,128,189.0,211.14809231579582,156.47321624331005,251.84640655636298,-22.14809231579582,22.14809231579582,490.5379932290139,95.37319031305293,47.686595156526465,21.46170498709742,True,covered,0.46445111551992607,95.37319031305293,shared_semantic_recoding_50_percent,shared_publication_test,1451,115,311,25,311,25,788,788,,shared_semantic_dataset,,Ref-65-Research,Ref-65-Research
elastic_net_bootstrap_conformalized,Elastic Net,shared_publication_held_out,test,0.9,129,270.0,216.37242022749888,173.07849298083744,260.4504536921363,53.62757977250112,53.62757977250112,2875.9173122559714,87.37196071129887,43.685980355649434,19.88904003690201,False,above_interval_underprediction,1.2275695620406524,278.3628868685728,shared_semantic_recoding_50_percent,shared_publication_test,1451,115,311,25,311,25,789,789,,shared_semantic_dataset,,Ref-65-Research,Ref-65-Research
elastic_net_bootstrap_conformalized,Elastic Net,shared_publication_held_out,test,0.9,130,281.0,220.35089077233062,167.8896771090281,258.1362901967175,60.649109227669385,60.649109227669385,3678.3144501097718,90.24661308768938,45.12330654384469,20.478711769405336,False,above_interval_underprediction,1.344075021823563,547.5208091533398,shared_semantic_recoding_50_percent,shared_publication_test,1451,115,311,25,311,25,790,790,,shared_semantic_dataset,,Ref-65-Research,Ref-65-Research
elastic_net_bootstrap_conformalized,Elastic Net,shared_publication_held_out,test,0.9,131,250.0,215.56321197097617,162.36447978866764,254.63666772128425,34.43678802902383,34.43678802902383,1185.892369755919,92.27218793261662,46.13609396630831,21.384199967995748,True,covered,0.7464175024043409,92.27218793261662,shared_semantic_recoding_50_percent,shared_publication_test,1451,115,311,25,311,25,791,791,,shared_semantic_dataset,,Ref-65-Research,Ref-65-Research
elastic_net_bootstrap_conformalized,Elastic Net,shared_publication_held_out,test,0.9,132,224.0,210.82493230808558,161.61204702624727,256.8327855483834,13.175067691914421,13.175067691914421,173.5824086865272,95.22073852213614,47.61036926106807,21.939213996339756,True,covered,0.2767268537588918,95.22073852213614,shared_semantic_recoding_50_percent,shared_publication_test,1451,115,311,25,311,25,792,792,,shared_semantic_dataset,,Ref-65-Research,Ref-65-Research
elastic_net_bootstrap_conformalized,Elastic Net,shared_publication_held_out,test,0.9,133,214.0,211.5244864978627,156.73481622615935,252.6903895702904,2.4755135021372894,2.4755135021372894,6.128167099264028,95.95557334413104,47.97778667206552,21.661972912083048,True,covered,0.05159707593553137,95.95557334413104,shared_semantic_recoding_50_percent,shared_publication_test,1451,115,311,25,311,25,793,793,,shared_semantic_dataset,,Ref-65-Research,Ref-65-Research
elastic_net_bootstrap_conformalized,Elastic Net,shared_publication_held_out,test,0.9,134,268.0,218.46232378413663,166.9550571823549,263.6477239888725,49.53767621586337,49.53767621586337,2453.9813648677155,96.6926668065176,48.3463334032588,22.654420267537432,False,above_interval_underprediction,1.0246418441429164,183.7381870290679,shared_semantic_recoding_50_percent,shared_publication_test,1451,115,311,25,311,25,794,794,,shared_semantic_dataset,,Ref-65-Research,Ref-65-Research
elastic_net_bootstrap_conformalized,Elastic Net,shared_publication_held_out,test,0.9,135,232.0,205.45960777081248,153.49503223333932,254.87947847044813,26.540392229187518,26.540392229187518,704.3924196791172,101.38444623710882,50.69222311855441,23.50089341758778,True,covered,0.5235594455409311,101.38444623710882,shared_semantic_recoding_50_percent,shared_publication_test,1451,115,311,25,311,25,795,795,,shared_semantic_dataset,,Ref-65-Research,Ref-65-Research
elastic_net_bootstrap_conformalized,Elastic Net,shared_publication_held_out,test,0.9,136,155.0,146.688076909764,103.09849461892055,197.51353146216445,8.311923090236007,8.311923090236007,69.0880654579985,94.4150368432439,47.20751842162195,21.231444037105224,True,covered,0.17607201920677507,94.4150368432439,shared_semantic_recoding_50_percent,shared_publication_test,1451,115,311,25,311,25,829,829,,shared_semantic_dataset,,Ref-68-Research,Ref-68-Research
elastic_net_bootstrap_conformalized,Elastic Net,shared_publication_held_out,test,0.9,137,146.0,142.30465360321332,95.22188307091692,194.16597997935006,3.6953463967866753,3.6953463967866753,13.655584992244265,98.94409690843314,49.47204845421657,21.837828979063804,True,covered,0.07469564152384954,98.94409690843314,shared_semantic_recoding_50_percent,shared_publication_test,1451,115,311,25,311,25,830,830,,shared_semantic_dataset,,Ref-68-Research,Ref-68-Research
elastic_net_bootstrap_conformalized,Elastic Net,shared_publication_held_out,test,0.9,138,130.94,110.61592556646484,68.84870436098734,163.51363376971284,20.32407443353516,20.32407443353516,413.0680015798775,94.6649294087255,47.33246470436275,21.767568223817495,True,covered,0.42938973409643383,94.6649294087255,shared_semantic_recoding_50_percent,shared_publication_test,1451,115,311,25,311,25,910,910,,shared_semantic_dataset,,Ref-75-Research,Ref-75-Research
elastic_net_bootstrap_conformalized,Elastic Net,shared_publication_held_out,test,0.9,139,128.35,112.30257696258407,66.11981384591152,164.68834587729094,16.047423037415925,16.047423037415925,257.51978614178734,98.56853203137942,49.28426601568971,22.03710900057175,True,covered,0.3256094558110535,98.56853203137942,shared_semantic_recoding_50_percent,shared_publication_test,1451,115,311,25,311,25,911,911,,shared_semantic_dataset,,Ref-75-Research,Ref-75-Research
elastic_net_bootstrap_conformalized,Elastic Net,shared_publication_held_out,test,0.9,140,128.73,113.98922835870329,71.97775651936483,158.35307082807142,14.740771641296703,14.740771641296703,217.2903485808571,86.37531430870659,43.187657154353296,19.652686871700578,True,covered,0.34131908541861805,86.37531430870659,shared_semantic_recoding_50_percent,shared_publication_test,1451,115,311,25,311,25,912,912,,shared_semantic_dataset,,Ref-75-Research,Ref-75-Research
elastic_net_bootstrap_conformalized,Elastic Net,shared_publication_held_out,test,0.9,141,130.18,115.67587975482252,71.27012122020797,161.31853424471703,14.50412024517749,14.50412024517749,210.3695040865675,90.04841302450906,45.02420651225453,19.52488469607165,True,covered,0.3221404966066378,90.04841302450906,shared_semantic_recoding_50_percent,shared_publication_test,1451,115,311,25,311,25,913,913,,shared_semantic_dataset,,Ref-75-Research,Ref-75-Research
elastic_net_bootstrap_conformalized,Elastic Net,shared_publication_held_out,test,0.9,142,130.9,117.86842660626725,74.59040810196626,167.24241120177112,13.031573393732756,13.031573393732756,169.82190511624347,92.65200309980486,46.32600154990243,21.424336230546132,True,covered,0.28130149284943423,92.65200309980486,shared_semantic_recoding_50_percent,shared_publication_test,1451,115,311,25,311,25,914,914,,shared_semantic_dataset,,Ref-75-Research,Ref-75-Research
elastic_net_bootstrap_conformalized,Elastic Net,shared_publication_held_out,test,0.9,143,122.0,124.83371020135944,87.60870433074298,180.82185553477154,-2.8337102013594375,2.8337102013594375,8.029913505288544,93.21315120402856,46.60657560201428,21.051059047188502,True,covered,0.060800652370541636,93.21315120402856,shared_semantic_recoding_50_percent,shared_publication_test,1451,115,311,25,311,25,980,980,,shared_semantic_dataset,,Ref-83-Research,Ref-83-Research
elastic_net_bootstrap_conformalized,Elastic Net,shared_publication_held_out,test,0.9,144,128.0,124.83371020135944,88.28309922549437,176.80053075511267,3.1662897986405625,3.1662897986405625,10.025391088975294,88.5174315296183,44.25871576480915,20.102955438922002,True,covered,0.07154048064716176,88.5174315296183,shared_semantic_recoding_50_percent,shared_publication_test,1451,115,311,25,311,25,981,981,,shared_semantic_dataset,,Ref-83-Research,Ref-83-Research
elastic_net_bootstrap_conformalized,Elastic Net,shared_publication_held_out,test,0.9,145,188.0,142.4015189908702,92.05153892911635,185.98863307191328,45.59848100912981,45.59848100912981,2079.2214703399723,93.93709414279694,46.96854707139847,20.844507170703228,False,above_interval_underprediction,0.9708301374495155,134.16443270453127,shared_semantic_recoding_50_percent,shared_publication_test,1451,115,311,25,311,25,1069,1069,,shared_semantic_dataset,,Ref-89-Research,Ref-89-Research
elastic_net_bootstrap_conformalized,Elastic Net,shared_publication_held_out,test,0.9,146,185.0,140.905435177849,97.06869139763677,192.3952452022884,44.094564822151,44.094564822151,1944.3306468548765,95.32655380465164,47.66327690232582,21.062163350710158,True,covered,0.9251265898589386,95.32655380465164,shared_semantic_recoding_50_percent,shared_publication_test,1451,115,311,25,311,25,1070,1070,,shared_semantic_dataset,,Ref-89-Research,Ref-89-Research
elastic_net_bootstrap_conformalized,Elastic Net,shared_publication_held_out,test,0.9,147,150.0,138.29933229471973,91.33379842232318,184.34511446007906,11.700667705280267,11.700667705280267,136.9056247493886,93.01131603775588,46.50565801887794,21.26475345070022,True,covered,0.2515966487460653,93.01131603775588,shared_semantic_recoding_50_percent,shared_publication_test,1451,115,311,25,311,25,1111,1111,,shared_semantic_dataset,,Ref-95-Research,Ref-95-Research
elastic_net_bootstrap_conformalized,Elastic Net,shared_publication_held_out,test,0.9,148,152.0,139.12136023247572,94.96648421272687,191.54252401953445,12.878639767524277,12.878639767524277,165.85936226165776,96.57603980680759,48.28801990340379,22.876165550835612,True,covered,0.2667046566267769,96.57603980680759,shared_semantic_recoding_50_percent,shared_publication_test,1451,115,311,25,311,25,1112,1112,,shared_semantic_dataset,,Ref-95-Research,Ref-95-Research
elastic_net_bootstrap_conformalized,Elastic Net,shared_publication_held_out,test,0.9,149,142.0,139.94338817023169,93.51375813359606,187.27104298171395,2.0566118297683147,2.0566118297683147,4.2296522183429754,93.75728484811789,46.878642424058945,21.40981627156929,True,covered,0.04387097670543517,93.75728484811789,shared_semantic_recoding_50_percent,shared_publication_test,1451,115,311,25,311,25,1113,1113,,shared_semantic_dataset,,Ref-95-Research,Ref-95-Research
elastic_net_bootstrap_conformalized,Elastic Net,shared_publication_held_out,test,0.9,150,136.0,140.76541610798768,100.56038314127947,181.35659393609012,-4.765416107987676,4.765416107987676,22.709190682268407,80.79621079481065,40.398105397405324,18.949102062968088,True,covered,0.11796137618606607,80.79621079481065,shared_semantic_recoding_50_percent,shared_publication_test,1451,115,311,25,311,25,1114,1114,,shared_semantic_dataset,,Ref-95-Research,Ref-95-Research
elastic_net_bootstrap_conformalized,Elastic Net,shared_publication_held_out,test,0.9,151,119.6,120.62444025371799,74.18201853422045,169.55344383194378,-1.024440253717998,1.024440253717998,1.049477833437796,95.37142529772333,47.68571264886167,22.030842601953587,True,covered,0.02148316962905771,95.37142529772333,shared_semantic_recoding_50_percent,shared_publication_test,1451,115,311,25,311,25,1123,1123,,shared_semantic_dataset,,Ref-97-Research,Ref-97-Research
elastic_net_bootstrap_conformalized,Elastic Net,shared_publication_held_out,test,0.9,152,138.0,169.07229188612246,126.37051792936123,216.62081193045057,-31.072291886122457,31.072291886122457,965.4873230563915,90.25029400108934,45.12514700054467,20.786790314713492,True,covered,0.6885804025358058,90.25029400108934,shared_semantic_recoding_50_percent,shared_publication_test,1451,115,311,25,311,25,1251,1251,,shared_semantic_dataset,,Ref-108-Research,Ref-108-Research
elastic_net_bootstrap_conformalized,Elastic Net,shared_publication_held_out,test,0.9,153,122.0,160.35489685878875,118.68887562364725,213.04069807015375,-38.35489685878875,38.35489685878875,1471.098113048323,94.3518224465065,47.17591122325325,22.02190627401436,True,covered,0.8130186755117391,94.3518224465065,shared_semantic_recoding_50_percent,shared_publication_test,1451,115,311,25,311,25,1252,1252,,shared_semantic_dataset,,Ref-108-Research,Ref-108-Research
elastic_net_bootstrap_conformalized,Elastic Net,shared_publication_held_out,test,0.9,154,105.0,162.10037046583037,110.11754156359399,203.71160800711667,-57.100370465830366,57.100370465830366,3260.452307335073,93.59406644352268,46.79703322176134,21.80369323866996,False,below_interval_overprediction,1.2201707359362648,195.94489771540248,shared_semantic_recoding_50_percent,shared_publication_test,1451,115,311,25,311,25,1253,1253,,shared_semantic_dataset,,Ref-108-Research,Ref-108-Research
elastic_net_bootstrap_conformalized,Elastic Net,shared_publication_held_out,test,0.9,155,230.0,147.37409241930482,102.34369409667276,201.42955243505577,82.62590758069518,82.62590758069518,6827.040603533582,99.085858338383,49.5429291691915,22.202397957403367,False,above_interval_underprediction,1.6677638760220195,670.4948096372677,shared_semantic_recoding_50_percent,shared_publication_test,1451,115,311,25,311,25,1254,1254,,shared_semantic_dataset,,Ref-109-Research,Ref-109-Research
elastic_net_bootstrap_conformalized,Elastic Net,shared_publication_held_out,test,0.9,156,250.0,171.86061755598038,128.0969113399318,220.21403834653904,78.13938244401962,78.13938244401962,6105.763088732761,92.11712700660723,46.05856350330362,20.034700056236595,False,above_interval_underprediction,1.6965223511240197,687.8363600758265,shared_semantic_recoding_50_percent,shared_publication_test,1451,115,311,25,311,25,1255,1255,,shared_semantic_dataset,,Ref-109-Research,Ref-109-Research
elastic_net_bootstrap_conformalized,Elastic Net,shared_publication_held_out,test,0.9,157,192.0,128.78414225890876,81.32025112283506,178.7665682957478,63.21585774109124,63.21585774109124,3996.2446699418856,97.44631717291273,48.723158586456364,21.118421420738642,False,above_interval_underprediction,1.2974499103730814,362.11495125795705,shared_semantic_recoding_50_percent,shared_publication_test,1451,115,311,25,311,25,1274,1274,,shared_semantic_dataset,,Ref-111-Research,Ref-111-Research
elastic_net_bootstrap_conformalized,Elastic Net,shared_publication_held_out,test,0.9,158,201.0,149.98311505154817,102.02099888948399,204.78228484061185,51.01688494845183,51.01688494845183,2602.722549843571,102.76128595112786,51.38064297556393,22.20053993339672,True,covered,0.9929203294072225,102.76128595112786,shared_semantic_recoding_50_percent,shared_publication_test,1451,115,311,25,311,25,1275,1275,,shared_semantic_dataset,,Ref-111-Research,Ref-111-Research
elastic_net_bootstrap_conformalized,Elastic Net,shared_publication_held_out,test,0.9,159,202.0,184.31822318205442,138.75163877482274,238.7533021555982,17.681776817945575,17.681776817945575,312.64523143963754,100.00166338077545,50.00083169038773,22.71248688967895,True,covered,0.35362965415122805,100.00166338077545,shared_semantic_recoding_50_percent,shared_publication_test,1451,115,311,25,311,25,1485,1485,,shared_semantic_dataset,,Ref-128-Research,Ref-128-Research
elastic_net_bootstrap_conformalized,Elastic Net,shared_publication_held_out,test,0.9,160,204.5,184.00211420087408,134.4860330794582,229.30763026075033,20.497885799125925,20.497885799125925,420.16332223400826,94.82159718129213,47.41079859064607,21.614754198272603,True,covered,0.4323463516425573,94.82159718129213,shared_semantic_recoding_50_percent,shared_publication_test,1451,115,311,25,311,25,1486,1486,,shared_semantic_dataset,,Ref-128-Research,Ref-128-Research
elastic_net_bootstrap_conformalized,Elastic Net,shared_publication_held_out,test,0.9,161,197.3,183.7311636455766,135.03191551761302,229.46951945090345,13.56883635442341,13.56883635442341,184.1133200131224,94.43760393329043,47.218801966645216,21.364763029705973,True,covered,0.2873608772202283,94.43760393329043,shared_semantic_recoding_50_percent,shared_publication_test,1451,115,311,25,311,25,1487,1487,,shared_semantic_dataset,,Ref-128-Research,Ref-128-Research
elastic_net_bootstrap_conformalized,Elastic Net,shared_publication_held_out,test,0.9,162,121.5,119.92835637945775,76.82346637161733,173.26413766085963,1.5716436205422468,1.5716436205422468,2.470063669991142,96.4406712892423,48.22033564462115,21.723194645746958,True,covered,0.032592963104303055,96.4406712892423,shared_semantic_recoding_50_percent,shared_publication_test,1451,115,311,25,311,25,1507,1507,,shared_semantic_dataset,,Ref-133-Research,Ref-133-Research
elastic_net_bootstrap_conformalized,Elastic Net,shared_publication_held_out,test,0.9,163,112.69,119.92835637945775,75.68435458577376,168.79510939299863,-7.2383563794577555,7.2383563794577555,52.39380307603678,93.11075480722486,46.55537740361243,20.14363660327195,True,covered,0.15547841695503256,93.11075480722486,shared_semantic_recoding_50_percent,shared_publication_test,1451,115,311,25,311,25,1508,1508,,shared_semantic_dataset,,Ref-133-Research,Ref-133-Research
elastic_net_bootstrap_conformalized,Elastic Net,shared_publication_held_out,test,0.9,164,172.0,143.83519903357143,102.41135021303418,198.3535948546853,28.164800966428572,28.164800966428572,793.2560134785358,95.94224464165111,47.97112232082556,22.450191772813927,True,covered,0.5871199088915515,95.94224464165111,shared_semantic_recoding_50_percent,shared_publication_test,1451,115,311,25,311,25,1736,1736,,shared_semantic_dataset,,Ref-144-Research,Ref-144-Research
elastic_net_bootstrap_conformalized,Elastic Net,shared_publication_held_out,test,0.9,165,149.0,132.9676391086692,90.89418576522401,184.0160954935769,16.032360891330796,16.032360891330796,257.0365957498732,93.12190972835289,46.560954864176445,21.46120751785162,True,covered,0.34433058639151626,93.12190972835289,shared_semantic_recoding_50_percent,shared_publication_test,1451,115,311,25,311,25,1737,1737,,shared_semantic_dataset,,Ref-144-Research,Ref-144-Research
elastic_net_bootstrap_conformalized,Elastic Net,shared_publication_held_out,test,0.9,166,154.0,130.88445220671994,85.03829734954289,186.8012179489905,23.115547793280058,23.115547793280058,534.3285497834146,101.76292059944763,50.88146029972381,23.539392878346238,True,covered,0.4543019728033539,101.76292059944763,shared_semantic_recoding_50_percent,shared_publication_test,1451,115,311,25,311,25,1738,1738,,shared_semantic_dataset,,Ref-144-Research,Ref-144-Research
elastic_net_bootstrap_conformalized,Elastic Net,shared_publication_held_out,test,0.9,167,135.0,129.45669917430925,88.30896923850239,182.7381268186814,5.54330082569075,5.54330082569075,30.72818404410375,94.42915758017901,47.214578790089504,20.279209881443574,True,covered,0.11740655042874823,94.42915758017901,shared_semantic_recoding_50_percent,shared_publication_test,1451,115,311,25,311,25,1739,1739,,shared_semantic_dataset,,Ref-144-Research,Ref-144-Research
elastic_net_bootstrap_conformalized,Elastic Net,shared_publication_held_out,test,0.9,168,142.0,143.83519903357143,100.66743299015188,196.28278062544584,-1.8351990335714277,1.8351990335714277,3.367955492821502,95.61534763529396,47.80767381764698,21.596786756381462,True,covered,0.03838712254797076,95.61534763529396,shared_semantic_recoding_50_percent,shared_publication_test,1451,115,311,25,311,25,1740,1740,,shared_semantic_dataset,,Ref-144-Research,Ref-144-Research
elastic_net_bootstrap_conformalized,Elastic Net,shared_publication_held_out,test,0.9,169,141.0,131.88050144665135,88.09466680042112,186.49055636130078,9.119498553348649,9.119498553348649,83.1652538645281,98.39588956087965,49.197944780439826,22.822801199516146,True,covered,0.18536340479357563,98.39588956087965,shared_semantic_recoding_50_percent,shared_publication_test,1451,115,311,25,311,25,1741,1741,,shared_semantic_dataset,,Ref-144-Research,Ref-144-Research
elastic_net_bootstrap_conformalized,Elastic Net,shared_publication_held_out,test,0.9,170,149.0,129.8227615978093,88.31488099111351,178.36894247987,19.17723840219071,19.17723840219071,367.7664727344581,90.05406148875647,45.02703074437824,21.703752303875138,True,covered,0.42590501938849357,90.05406148875647,shared_semantic_recoding_50_percent,shared_publication_test,1451,115,311,25,311,25,1742,1742,,shared_semantic_dataset,,Ref-144-Research,Ref-144-Research
elastic_net_bootstrap_conformalized,Elastic Net,shared_publication_held_out,test,0.9,171,179.0,144.1332101148977,102.12625077549099,197.18072044630753,34.86678988510229,34.86678988510229,1215.6930368918715,95.05446967081654,47.52723483540827,21.858986679531085,True,covered,0.7336170514832093,95.05446967081654,shared_semantic_recoding_50_percent,shared_publication_test,1451,115,311,25,311,25,1743,1743,,shared_semantic_dataset,,Ref-144-Research,Ref-144-Research
elastic_net_bootstrap_conformalized,Elastic Net,shared_publication_held_out,test,0.9,172,90.0,127.24891476354234,86.24791308773018,186.4313740947416,-37.248914763542345,37.248914763542345,1387.4816510616429,100.18346100701143,50.091730503505715,22.618718837773677,True,covered,0.7436140534401271,100.18346100701143,shared_semantic_recoding_50_percent,shared_publication_test,1451,115,311,25,311,25,1744,1744,,shared_semantic_dataset,,Ref-144-Research,Ref-144-Research
elastic_net_bootstrap_conformalized,Elastic Net,shared_publication_held_out,test,0.9,173,151.0,132.48389724068633,90.06237365914433,188.24866552453312,18.516102759313668,18.516102759313668,342.84606139346323,98.1862918653888,49.0931459326944,21.633882515918046,True,covered,0.37716268549379234,98.1862918653888,shared_semantic_recoding_50_percent,shared_publication_test,1451,115,311,25,311,25,1745,1745,,shared_semantic_dataset,,Ref-144-Research,Ref-144-Research
elastic_net_bootstrap_conformalized,Elastic Net,shared_publication_held_out,test,0.9,174,125.0,132.6039844704101,83.73801826253184,181.7906149355863,-7.603984470410097,7.603984470410097,57.820579826237925,98.05259667305445,49.026298336527226,22.10570782759407,True,covered,0.15510011419207476,98.05259667305445,shared_semantic_recoding_50_percent,shared_publication_test,1451,115,311,25,311,25,1746,1746,,shared_semantic_dataset,,Ref-144-Research,Ref-144-Research
elastic_net_bootstrap_conformalized,Elastic Net,shared_publication_held_out,test,0.9,175,116.0,133.77103730965564,84.94358131897361,179.70476220302058,-17.77103730965564,17.77103730965564,315.80976706117275,94.76118088404696,47.38059044202348,21.990138795763915,True,covered,0.3750699842248883,94.76118088404696,shared_semantic_recoding_50_percent,shared_publication_test,1451,115,311,25,311,25,1747,1747,,shared_semantic_dataset,,Ref-144-Research,Ref-144-Research
elastic_net_bootstrap_conformalized,Elastic Net,shared_publication_held_out,test,0.9,176,108.0,130.8735045574314,88.58740800810936,180.01150455072883,-22.873504557431403,22.873504557431403,523.1972107388351,91.42409654261947,45.71204827130973,21.203229488835316,True,covered,0.5003824029427163,91.42409654261947,shared_semantic_recoding_50_percent,shared_publication_test,1451,115,311,25,311,25,1748,1748,,shared_semantic_dataset,,Ref-144-Research,Ref-144-Research
elastic_net_bootstrap_conformalized,Elastic Net,shared_publication_held_out,test,0.9,177,128.0,129.71359975399807,86.3971022960953,183.42468027812055,-1.7135997539980679,1.7135997539980679,2.9364241169022387,97.02757798202525,48.513788991012625,22.419689354853027,True,covered,0.03532191135010129,97.02757798202525,shared_semantic_recoding_50_percent,shared_publication_test,1451,115,311,25,311,25,1749,1749,,shared_semantic_dataset,,Ref-144-Research,Ref-144-Research
elastic_net_bootstrap_conformalized,Elastic Net,shared_publication_held_out,test,0.9,178,125.0,131.2007644932948,88.62180838598938,182.53952005179303,-6.200764493294798,6.200764493294798,38.4494803013055,93.91771166580365,46.958855832901826,22.049111625049452,True,covered,0.13204675419178802,93.91771166580365,shared_semantic_recoding_50_percent,shared_publication_test,1451,115,311,25,311,25,1750,1750,,shared_semantic_dataset,,Ref-144-Research,Ref-144-Research
elastic_net_bootstrap_conformalized,Elastic Net,shared_publication_held_out,test,0.9,179,114.0,130.00446498746575,83.17939388074984,180.9542670353139,-16.004464987465752,16.004464987465752,256.14289953501714,97.77487315456406,48.88743657728203,22.111410038307948,True,covered,0.32737378164972186,97.77487315456406,shared_semantic_recoding_50_percent,shared_publication_test,1451,115,311,25,311,25,1751,1751,,shared_semantic_dataset,,Ref-144-Research,Ref-144-Research
elastic_net_bootstrap_conformalized,Elastic Net,shared_publication_held_out,test,0.9,180,182.0,146.8445378040049,106.16640119789652,195.34675768417185,35.15546219599511,35.15546219599511,1235.9065222140416,89.18035648627533,44.590178243137665,19.06332134350627,True,covered,0.7884126859574836,89.18035648627533,shared_semantic_recoding_50_percent,shared_publication_test,1451,115,311,25,311,25,1752,1752,,shared_semantic_dataset,,Ref-144-Research,Ref-144-Research
elastic_net_bootstrap_conformalized,Elastic Net,shared_publication_held_out,test,0.9,181,142.0,133.75273829236065,87.96059139136287,186.46206040941968,8.247261707639353,8.247261707639353,68.01732567429438,98.50146901805681,49.250734509028405,21.268112877165425,True,covered,0.167454593111246,98.50146901805681,shared_semantic_recoding_50_percent,shared_publication_test,1451,115,311,25,311,25,1753,1753,,shared_semantic_dataset,,Ref-144-Research,Ref-144-Research
elastic_net_bootstrap_conformalized,Elastic Net,shared_publication_held_out,test,0.9,182,150.0,133.75273829236065,95.06003621197239,186.48336262602623,16.247261707639353,16.247261707639353,263.97351299652405,91.42332641405385,45.71166320702692,21.722194562440468,True,covered,0.3554292398868956,91.42332641405385,shared_semantic_recoding_50_percent,shared_publication_test,1451,115,311,25,311,25,1754,1754,,shared_semantic_dataset,,Ref-144-Research,Ref-144-Research
elastic_net_bootstrap_conformalized,Elastic Net,shared_publication_held_out,test,0.9,183,155.0,132.80735537511978,91.6044743446227,181.54325425837257,22.192644624880216,22.192644624880216,492.5134754462248,89.93877991374987,44.969389956874934,21.242701673199196,True,covered,0.4935055744843921,89.93877991374987,shared_semantic_recoding_50_percent,shared_publication_test,1451,115,311,25,311,25,1755,1755,,shared_semantic_dataset,,Ref-144-Research,Ref-144-Research
elastic_net_bootstrap_conformalized,Elastic Net,shared_publication_held_out,test,0.9,184,132.0,131.5824903653251,89.69029875691125,181.30904808833895,0.4175096346749001,0.4175096346749001,0.17431429504636856,91.61874933142771,45.809374665713854,21.351102602007202,True,covered,0.009114065357180836,91.61874933142771,shared_semantic_recoding_50_percent,shared_publication_test,1451,115,311,25,311,25,1756,1756,,shared_semantic_dataset,,Ref-144-Research,Ref-144-Research
elastic_net_bootstrap_conformalized,Elastic Net,shared_publication_held_out,test,0.9,185,143.0,132.42228326870725,88.73134605260843,182.52550323878003,10.577716731292753,10.577716731292753,111.88809124747064,93.7941571861716,46.8970785930858,21.611843563125266,True,covered,0.22555171982188807,93.7941571861716,shared_semantic_recoding_50_percent,shared_publication_test,1451,115,311,25,311,25,1757,1757,,shared_semantic_dataset,,Ref-144-Research,Ref-144-Research
elastic_net_bootstrap_conformalized,Elastic Net,shared_publication_held_out,test,0.9,186,151.0,142.7228421019702,100.19295889247226,196.10748092842496,8.277157898029799,8.277157898029799,68.51134286891708,95.9145220359527,47.95726101797635,22.708449418230625,True,covered,0.17259446687180863,95.9145220359527,shared_semantic_recoding_50_percent,shared_publication_test,1451,115,311,25,311,25,1758,1758,,shared_semantic_dataset,,Ref-144-Research,Ref-144-Research
elastic_net_bootstrap_conformalized,Elastic Net,shared_publication_held_out,test,0.9,187,111.0,132.06600444978415,89.76286465099564,181.07797011882153,-21.066004449784145,21.066004449784145,443.77654347832544,91.31510546782589,45.657552733912944,20.72120850949628,True,covered,0.4613914497904528,91.31510546782589,shared_semantic_recoding_50_percent,shared_publication_test,1451,115,311,25,311,25,1759,1759,,shared_semantic_dataset,,Ref-144-Research,Ref-144-Research
elastic_net_bootstrap_conformalized,Elastic Net,shared_publication_held_out,test,0.9,188,166.0,147.40370683349755,103.92000184516557,195.80744332432488,18.59629316650245,18.59629316650245,345.82211953450565,91.8874414791593,45.94372073957965,20.350860831672115,True,covered,0.40476245430601554,91.8874414791593,shared_semantic_recoding_50_percent,shared_publication_test,1451,115,311,25,311,25,1760,1760,,shared_semantic_dataset,,Ref-144-Research,Ref-144-Research
elastic_net_bootstrap_conformalized,Elastic Net,shared_publication_held_out,test,0.9,189,132.0,131.2007644932948,88.80257543274556,186.75469019426353,0.7992355067052017,0.7992355067052017,0.6387773951783206,97.95211476151798,48.97605738075899,22.179185701143883,True,covered,0.016318902530100227,97.95211476151798,shared_semantic_recoding_50_percent,shared_publication_test,1451,115,311,25,311,25,1761,1761,,shared_semantic_dataset,,Ref-144-Research,Ref-144-Research
elastic_net_bootstrap_conformalized,Elastic Net,shared_publication_held_out,test,0.9,190,105.0,131.3643944612265,90.1483153478587,179.71573091674523,-26.36439446122651,26.36439446122651,695.0812953071511,89.56741556888653,44.783707784443266,20.47710841075234,True,covered,0.5887050395229856,89.56741556888653,shared_semantic_recoding_50_percent,shared_publication_test,1451,115,311,25,311,25,1762,1762,,shared_semantic_dataset,,Ref-144-Research,Ref-144-Research
elastic_net_bootstrap_conformalized,Elastic Net,shared_publication_held_out,test,0.9,191,106.0,132.39326438564754,92.96914086658592,181.86115183224183,-26.39326438564754,26.39326438564754,696.6044049306909,88.89201096565591,44.44600548282796,20.90214189760361,True,covered,0.593827591454642,88.89201096565591,shared_semantic_recoding_50_percent,shared_publication_test,1451,115,311,25,311,25,1763,1763,,shared_semantic_dataset,,Ref-144-Research,Ref-144-Research
elastic_net_bootstrap_conformalized,Elastic Net,shared_publication_held_out,test,0.9,192,123.0,134.45100423448963,87.15074982844773,183.79627159621208,-11.45100423448963,11.45100423448963,131.12549797829945,96.64552176776435,48.322760883882175,22.466199602892832,True,covered,0.23696916370333174,96.64552176776435,shared_semantic_recoding_50_percent,shared_publication_test,1451,115,311,25,311,25,1764,1764,,shared_semantic_dataset,,Ref-144-Research,Ref-144-Research
elastic_net_bootstrap_conformalized,Elastic Net,shared_publication_held_out,test,0.9,193,135.0,133.51253938158354,93.00755945879958,190.1630232914122,1.4874606184164634,1.4874606184164634,2.2125390913398877,97.15546383261263,48.57773191630631,22.118693479717916,True,covered,0.030620215471961146,97.15546383261263,shared_semantic_recoding_50_percent,shared_publication_test,1451,115,311,25,311,25,1765,1765,,shared_semantic_dataset,,Ref-144-Research,Ref-144-Research
elastic_net_bootstrap_conformalized,Elastic Net,shared_publication_held_out,test,0.9,194,96.0,129.30665461238442,80.92416759646181,182.4932401436767,-33.30665461238442,33.30665461238442,1109.3332414686683,101.56907254721489,50.78453627360744,23.33669211555969,True,covered,0.6558424484362926,101.56907254721489,shared_semantic_recoding_50_percent,shared_publication_test,1451,115,311,25,311,25,1766,1766,,shared_semantic_dataset,,Ref-144-Research,Ref-144-Research
elastic_net_bootstrap_conformalized,Elastic Net,shared_publication_held_out,test,0.9,195,134.0,143.83519903357143,96.7291571361986,196.79926125354024,-9.835199033571428,9.835199033571428,96.73114002996435,100.07010411734164,50.03505205867082,22.5528602748359,True,covered,0.19656617968616738,100.07010411734164,shared_semantic_recoding_50_percent,shared_publication_test,1451,115,311,25,311,25,1767,1767,,shared_semantic_dataset,,Ref-144-Research,Ref-144-Research
elastic_net_bootstrap_conformalized,Elastic Net,shared_publication_held_out,test,0.9,196,153.0,133.73086306920595,90.04973220373137,184.24152109686054,19.269136930794048,19.269136930794048,371.299638057691,94.19178889312917,47.095894446564586,21.87439453830096,True,covered,0.40914685148738345,94.19178889312917,shared_semantic_recoding_50_percent,shared_publication_test,1451,115,311,25,311,25,1768,1768,,shared_semantic_dataset,,Ref-144-Research,Ref-144-Research
elastic_net_bootstrap_conformalized,Elastic Net,shared_publication_held_out,test,0.9,197,145.0,131.61508326629087,89.82629874614926,179.0774903777033,13.384916733709133,13.384916733709133,179.15599596832678,89.25119163155404,44.62559581577702,19.357269259451723,True,covered,0.29993810702191237,89.25119163155404,shared_semantic_recoding_50_percent,shared_publication_test,1451,115,311,25,311,25,1769,1769,,shared_semantic_dataset,,Ref-144-Research,Ref-144-Research
elastic_net_bootstrap_conformalized,Elastic Net,shared_publication_held_out,test,0.9,198,140.0,131.82960734043698,91.12784040473751,185.91473807715306,8.17039265956302,8.17039265956302,66.7553162114413,94.78689767241555,47.393448836207774,21.50706044328123,True,covered,0.1723949799011247,94.78689767241555,shared_semantic_recoding_50_percent,shared_publication_test,1451,115,311,25,311,25,1770,1770,,shared_semantic_dataset,,Ref-144-Research,Ref-144-Research
elastic_net_bootstrap_conformalized,Elastic Net,shared_publication_held_out,test,0.9,199,181.0,147.18895497582764,106.79595211516099,199.38069560119143,33.81104502417236,33.81104502417236,1143.1867656266104,92.58474348603045,46.292371743015224,20.635503502611698,True,covered,0.7303804871322866,92.58474348603045,shared_semantic_recoding_50_percent,shared_publication_test,1451,115,311,25,311,25,1771,1771,,shared_semantic_dataset,,Ref-144-Research,Ref-144-Research
elastic_net_bootstrap_conformalized,Elastic Net,shared_publication_held_out,test,0.9,200,138.0,131.61508326629087,87.28516399330209,179.5397705449885,6.384916733709133,6.384916733709133,40.7671616963989,92.25460655168641,46.127303275843204,20.57118818087887,True,covered,0.13841946700259203,92.25460655168641,shared_semantic_recoding_50_percent,shared_publication_test,1451,115,311,25,311,25,1772,1772,,shared_semantic_dataset,,Ref-144-Research,Ref-144-Research
elastic_net_bootstrap_conformalized,Elastic Net,shared_publication_held_out,test,0.9,201,146.0,144.1332101148977,104.51875481413666,195.92404780880906,1.8667898851022926,1.8667898851022926,3.484904475120231,91.40529299467241,45.702646497336204,21.66112794058436,True,covered,0.040846428558816594,91.40529299467241,shared_semantic_recoding_50_percent,shared_publication_test,1451,115,311,25,311,25,1773,1773,,shared_semantic_dataset,,Ref-144-Research,Ref-144-Research
elastic_net_bootstrap_conformalized,Elastic Net,shared_publication_held_out,test,0.9,202,141.0,133.51253938158354,88.44479152553991,185.77466188811562,7.487460618416463,7.487460618416463,56.062066512337445,97.3298703625757,48.66493518128785,21.55471085159878,True,covered,0.1538574045259484,97.3298703625757,shared_semantic_recoding_50_percent,shared_publication_test,1451,115,311,25,311,25,1774,1774,,shared_semantic_dataset,,Ref-144-Research,Ref-144-Research
elastic_net_bootstrap_conformalized,Elastic Net,shared_publication_held_out,test,0.9,203,156.0,142.7228421019702,102.33123335114034,196.15834503629796,13.277157898029799,13.277157898029799,176.28292184921506,93.82711168515762,46.91355584257881,21.464702605636973,True,covered,0.2830132497860977,93.82711168515762,shared_semantic_recoding_50_percent,shared_publication_test,1451,115,311,25,311,25,1775,1775,,shared_semantic_dataset,,Ref-144-Research,Ref-144-Research
elastic_net_bootstrap_conformalized,Elastic Net,shared_publication_held_out,test,0.9,204,157.0,131.93831361720052,94.26570794532151,187.8924203629486,25.06168638279948,25.06168638279948,628.0881243497969,93.62671241762709,46.813356208813545,21.22779632664166,True,covered,0.5353533352962443,93.62671241762709,shared_semantic_recoding_50_percent,shared_publication_test,1451,115,311,25,311,25,1776,1776,,shared_semantic_dataset,,Ref-144-Research,Ref-144-Research
elastic_net_bootstrap_conformalized,Elastic Net,shared_publication_held_out,test,0.9,205,135.0,132.04413141458306,91.05134930802673,182.83688110353913,2.955868585416937,2.955868585416937,8.737159094254723,91.7855317955124,45.8927658977562,21.384579400543817,True,covered,0.06440815949080672,91.7855317955124,shared_semantic_recoding_50_percent,shared_publication_test,1451,115,311,25,311,25,1777,1777,,shared_semantic_dataset,,Ref-144-Research,Ref-144-Research
elastic_net_bootstrap_conformalized,Elastic Net,shared_publication_held_out,test,0.9,206,200.0,148.30131190742887,108.15302103751861,204.90783888422706,51.69868809257113,51.69868809257113,2672.7543504929563,96.75481784670845,48.377408923354224,21.40476319952157,True,covered,1.06865351500075,96.75481784670845,shared_semantic_recoding_50_percent,shared_publication_test,1451,115,311,25,311,25,1778,1778,,shared_semantic_dataset,,Ref-144-Research,Ref-144-Research
elastic_net_bootstrap_conformalized,Elastic Net,shared_publication_held_out,test,0.9,207,144.0,132.12761842176323,90.29467758625198,184.32101811805387,11.87238157823677,11.87238157823677,140.9534443392558,94.02634053180189,47.013170265900946,21.613904407269917,True,covered,0.25253309893989234,94.02634053180189,shared_semantic_recoding_50_percent,shared_publication_test,1451,115,311,25,311,25,1779,1779,,shared_semantic_dataset,,Ref-144-Research,Ref-144-Research
elastic_net_bootstrap_conformalized,Elastic Net,shared_publication_held_out,test,0.9,208,166.0,147.40370683349755,106.40976928396813,204.588007542713,18.59629316650245,18.59629316650245,345.82211953450565,98.17823825874487,49.089119129372435,23.32630796280527,True,covered,0.37882719218270455,98.17823825874487,shared_semantic_recoding_50_percent,shared_publication_test,1451,115,311,25,311,25,1780,1780,,shared_semantic_dataset,,Ref-144-Research,Ref-144-Research
elastic_net_bootstrap_conformalized,Elastic Net,shared_publication_held_out,test,0.9,209,143.0,132.48389724068633,91.3972608400135,189.422551022471,10.516102759313668,10.516102759313668,110.58841724444454,98.0252901824575,49.01264509122875,22.057497651750996,True,covered,0.2145589722762304,98.0252901824575,shared_semantic_recoding_50_percent,shared_publication_test,1451,115,311,25,311,25,1781,1781,,shared_semantic_dataset,,Ref-144-Research,Ref-144-Research
elastic_net_bootstrap_conformalized,Elastic Net,shared_publication_held_out,test,0.9,210,93.0,128.2777846879634,81.04458153091402,181.95886369996825,-35.27778468796339,35.27778468796339,1244.5220924903042,100.91428216905423,50.457141084527116,22.941470059207603,True,covered,0.6991633677553218,100.91428216905423,shared_semantic_recoding_50_percent,shared_publication_test,1451,115,311,25,311,25,1782,1782,,shared_semantic_dataset,,Ref-144-Research,Ref-144-Research
elastic_net_bootstrap_conformalized,Elastic Net,shared_publication_held_out,test,0.9,211,194.0,146.8445378040049,104.372935880967,198.10078932852917,47.15546219599511,47.15546219599511,2223.637614917924,93.72785344756217,46.863926723781084,22.60671125785056,True,covered,1.006220892968111,93.72785344756217,shared_semantic_recoding_50_percent,shared_publication_test,1451,115,311,25,311,25,1783,1783,,shared_semantic_dataset,,Ref-144-Research,Ref-144-Research
elastic_net_bootstrap_conformalized,Elastic Net,shared_publication_held_out,test,0.9,212,185.0,150.8171187876228,107.11864416477788,200.35509906411622,34.1828812123772,34.1828812123772,1168.46936797949,93.23645489933834,46.61822744966917,22.005313366597647,True,covered,0.7332514143589511,93.23645489933834,shared_semantic_recoding_50_percent,shared_publication_test,1451,115,311,25,311,25,1784,1784,,shared_semantic_dataset,,Ref-144-Research,Ref-144-Research
elastic_net_bootstrap_conformalized,Elastic Net,shared_publication_held_out,test,0.9,213,174.0,147.40370683349755,106.0992844334621,200.41025896325385,26.59629316650245,26.59629316650245,707.3628101985448,94.31097452979175,47.155487264895875,21.009610908395192,True,covered,0.5640126888541691,94.31097452979175,shared_semantic_recoding_50_percent,shared_publication_test,1451,115,311,25,311,25,1785,1785,,shared_semantic_dataset,,Ref-144-Research,Ref-144-Research
elastic_net_bootstrap_conformalized,Elastic Net,shared_publication_held_out,test,0.9,214,147.0,143.40257905532675,102.92761470526966,198.45034784266414,3.597420944673246,3.597420944673246,12.94143745317375,95.52273313739448,47.76136656869724,21.94342832910577,True,covered,0.07532072893054514,95.52273313739448,shared_semantic_recoding_50_percent,shared_publication_test,1451,115,311,25,311,25,1786,1786,,shared_semantic_dataset,,Ref-144-Research,Ref-144-Research
elastic_net_bootstrap_conformalized,Elastic Net,shared_publication_held_out,test,0.9,215,114.0,133.42213431006857,88.23452500307968,187.52300377973117,-19.42213431006857,19.42213431006857,377.2193011583428,99.28847877665149,49.644239388325744,22.79758441284243,True,covered,0.3912263446750651,99.28847877665149,shared_semantic_recoding_50_percent,shared_publication_test,1451,115,311,25,311,25,1787,1787,,shared_semantic_dataset,,Ref-144-Research,Ref-144-Research
elastic_net_bootstrap_conformalized,Elastic Net,shared_publication_held_out,test,0.9,216,196.0,149.27928772563553,108.93047645100532,205.59673917088463,46.72071227436447,46.72071227436447,2182.824955423951,96.66626271987931,48.33313135993966,21.288423566520624,True,covered,0.9666394657203689,96.66626271987931,shared_semantic_recoding_50_percent,shared_publication_test,1451,115,311,25,311,25,1788,1788,,shared_semantic_dataset,,Ref-144-Research,Ref-144-Research
elastic_net_bootstrap_conformalized,Elastic Net,shared_publication_held_out,test,0.9,217,201.0,160.45123789077746,119.86900592212746,215.59545349548864,40.54876210922254,40.54876210922254,1644.2021085903214,95.72644757336118,47.86322378668059,22.209249186500877,True,covered,0.8471799202231437,95.72644757336118,shared_semantic_recoding_50_percent,shared_publication_test,1451,115,311,25,311,25,1789,1789,,shared_semantic_dataset,,Ref-144-Research,Ref-144-Research
elastic_net_bootstrap_conformalized,Elastic Net,shared_publication_held_out,test,0.9,218,173.0,149.58367796587524,109.31313307947778,201.51142796002478,23.41632203412476,23.41632203412476,548.3241376058368,92.198294880547,46.0991474402735,21.215867037347294,True,covered,0.5079556420097178,92.198294880547,shared_semantic_recoding_50_percent,shared_publication_test,1451,115,311,25,311,25,1790,1790,,shared_semantic_dataset,,Ref-144-Research,Ref-144-Research
elastic_net_bootstrap_conformalized,Elastic Net,shared_publication_held_out,test,0.9,219,178.0,147.50049106392595,98.30883464125098,197.62719005625507,30.49950893607405,30.49950893607405,930.2200453416609,99.31835541500409,49.659177707502046,22.20150593417262,True,covered,0.61417668080852,99.31835541500409,shared_semantic_recoding_50_percent,shared_publication_test,1451,115,311,25,311,25,1791,1791,,shared_semantic_dataset,,Ref-144-Research,Ref-144-Research
elastic_net_bootstrap_conformalized,Elastic Net,shared_publication_held_out,test,0.9,220,159.0,146.07273803151529,100.60924111364153,195.8552788925706,12.927261968484714,12.927261968484714,167.1141020018313,95.24603777892906,47.62301888946453,21.447485414717146,True,covered,0.27144986332112947,95.24603777892906,shared_semantic_recoding_50_percent,shared_publication_test,1451,115,311,25,311,25,1792,1792,,shared_semantic_dataset,,Ref-144-Research,Ref-144-Research
elastic_net_bootstrap_conformalized,Elastic Net,shared_publication_held_out,test,0.9,221,171.0,160.45123789077746,119.60241348003737,210.58226708705325,10.548762109222537,10.548762109222537,111.2763820369691,90.97985360701588,45.48992680350794,20.66771649839838,True,covered,0.23189226385849168,90.97985360701588,shared_semantic_recoding_50_percent,shared_publication_test,1451,115,311,25,311,25,1793,1793,,shared_semantic_dataset,,Ref-144-Research,Ref-144-Research
elastic_net_bootstrap_conformalized,Elastic Net,shared_publication_held_out,test,0.9,222,165.0,148.49654030385736,106.76637609691574,195.60031374469207,16.50345969614264,16.50345969614264,272.3641819422046,88.83393764777634,44.41696882388817,20.07629534551862,True,covered,0.3715575405782038,88.83393764777634,shared_semantic_recoding_50_percent,shared_publication_test,1451,115,311,25,311,25,1794,1794,,shared_semantic_dataset,,Ref-144-Research,Ref-144-Research
elastic_net_bootstrap_conformalized,Elastic Net,shared_publication_held_out,test,0.9,223,173.0,146.4388004550153,105.52658372669326,194.72397254130667,26.561199544984703,26.561199544984703,705.4973212684956,89.1973888146134,44.5986944073067,20.108218805589782,True,covered,0.5955600247489111,89.1973888146134,shared_semantic_recoding_50_percent,shared_publication_test,1451,115,311,25,311,25,1795,1795,,shared_semantic_dataset,,Ref-144-Research,Ref-144-Research
elastic_net_bootstrap_conformalized,Elastic Net,shared_publication_held_out,test,0.9,224,208.0,160.74924897210371,120.13010252551044,209.05688210196635,47.250751027896285,47.250751027896285,2232.633472700242,88.92677957645591,44.46338978822796,20.30358662113733,True,covered,1.0626889054780593,88.92677957645591,shared_semantic_recoding_50_percent,shared_publication_test,1451,115,311,25,311,25,1796,1796,,shared_semantic_dataset,,Ref-144-Research,Ref-144-Research
elastic_net_bootstrap_conformalized,Elastic Net,shared_publication_held_out,test,0.9,225,104.0,143.86495362074837,99.51807268379824,195.4137475925938,-39.864953620748366,39.864953620748366,1589.2145271844183,95.89567490879557,47.947837454397785,21.50172799324576,True,covered,0.8314233912773045,95.89567490879557,shared_semantic_recoding_50_percent,shared_publication_test,1451,115,311,25,311,25,1797,1797,,shared_semantic_dataset,,Ref-144-Research,Ref-144-Research
elastic_net_bootstrap_conformalized,Elastic Net,shared_publication_held_out,test,0.9,226,175.0,149.09993609789234,108.55172812572242,198.6235526845241,25.90006390210766,25.90006390210766,670.8133101332603,90.07182455880168,45.03591227940084,19.784045717949173,True,covered,0.5750980182531841,90.07182455880168,shared_semantic_recoding_50_percent,shared_publication_test,1451,115,311,25,311,25,1798,1798,,shared_semantic_dataset,,Ref-144-Research,Ref-144-Research
elastic_net_bootstrap_conformalized,Elastic Net,shared_publication_held_out,test,0.9,227,149.0,149.2200233276161,99.91161436117928,198.33445091232255,-0.22002332761610432,0.22002332761610432,0.04841026469526358,98.42283655114328,49.21141827557164,23.043019024517704,True,covered,0.004470981234152381,98.42283655114328,shared_semantic_recoding_50_percent,shared_publication_test,1451,115,311,25,311,25,1799,1799,,shared_semantic_dataset,,Ref-144-Research,Ref-144-Research
elastic_net_bootstrap_conformalized,Elastic Net,shared_publication_held_out,test,0.9,228,140.0,150.38707616686165,102.12415442323282,195.45242100356302,-10.387076166861647,10.387076166861647,107.89135129618523,93.3282665803302,46.6641332901651,20.344108253917415,True,covered,0.22259228736282605,93.3282665803302,shared_semantic_recoding_50_percent,shared_publication_test,1451,115,311,25,311,25,1800,1800,,shared_semantic_dataset,,Ref-144-Research,Ref-144-Research
elastic_net_bootstrap_conformalized,Elastic Net,shared_publication_held_out,test,0.9,229,132.0,147.4895434146374,101.69261247317857,193.4467530670548,-15.48954341463741,15.48954341463741,239.92595519393714,91.75414059387623,45.877070296938115,20.668524772174838,True,covered,0.33763148593364295,91.75414059387623,shared_semantic_recoding_50_percent,shared_publication_test,1451,115,311,25,311,25,1801,1801,,shared_semantic_dataset,,Ref-144-Research,Ref-144-Research
elastic_net_bootstrap_conformalized,Elastic Net,shared_publication_held_out,test,0.9,230,152.0,146.32963861120408,100.65560567442503,195.6290670621658,5.670361388795925,5.670361388795925,32.15299827954765,94.97346138774077,47.486730693870385,21.581840677856444,True,covered,0.11940938670532353,94.97346138774077,shared_semantic_recoding_50_percent,shared_publication_test,1451,115,311,25,311,25,1802,1802,,shared_semantic_dataset,,Ref-144-Research,Ref-144-Research
elastic_net_bootstrap_conformalized,Elastic Net,shared_publication_held_out,test,0.9,231,149.0,147.8168033505008,104.10494802491746,194.6194202334057,1.1831966494991946,1.1831966494991946,1.39995431138612,90.51447220848823,45.257236104244114,21.159857830295984,True,covered,0.026143811495113314,90.51447220848823,shared_semantic_recoding_50_percent,shared_publication_test,1451,115,311,25,311,25,1803,1803,,shared_semantic_dataset,,Ref-144-Research,Ref-144-Research
elastic_net_bootstrap_conformalized,Elastic Net,shared_publication_held_out,test,0.9,232,138.0,146.62050384467176,108.156052553595,201.21817655831694,-8.62050384467176,8.62050384467176,74.31308653600058,93.06212400472194,46.53106200236097,21.672593235892823,True,covered,0.1852634234790162,93.06212400472194,shared_semantic_recoding_50_percent,shared_publication_test,1451,115,311,25,311,25,1804,1804,,shared_semantic_dataset,,Ref-144-Research,Ref-144-Research
elastic_net_bootstrap_conformalized,Elastic Net,shared_publication_held_out,test,0.9,233,211.0,163.4605766612109,123.64229031694916,207.18704204656973,47.539423338789106,47.539423338789106,2259.9967713846063,83.54475172962057,41.772375864810286,20.4038064057191,False,above_interval_underprediction,1.1380588811285948,159.803910798226,shared_semantic_recoding_50_percent,shared_publication_test,1451,115,311,25,311,25,1805,1805,,shared_semantic_dataset,,Ref-144-Research,Ref-144-Research
elastic_net_bootstrap_conformalized,Elastic Net,shared_publication_held_out,test,0.9,234,166.0,150.36877714956665,107.65716535037701,199.9077877907769,15.631222850433346,15.631222850433346,244.33512779990957,92.25062244039988,46.12531122019994,21.62137865301813,True,covered,0.3388860137075426,92.25062244039988,shared_semantic_recoding_50_percent,shared_publication_test,1451,115,311,25,311,25,1806,1806,,shared_semantic_dataset,,Ref-144-Research,Ref-144-Research
elastic_net_bootstrap_conformalized,Elastic Net,shared_publication_held_out,test,0.9,235,174.0,150.36877714956665,108.04403479169324,200.45925258984022,23.631222850433346,23.631222850433346,558.4346934068432,92.41521779814698,46.20760889907349,21.108904784224226,True,covered,0.5114141028601715,92.41521779814698,shared_semantic_recoding_50_percent,shared_publication_test,1451,115,311,25,311,25,1807,1807,,shared_semantic_dataset,,Ref-144-Research,Ref-144-Research
elastic_net_bootstrap_conformalized,Elastic Net,shared_publication_held_out,test,0.9,236,179.0,149.42339423232582,105.64726489943006,202.1894622648041,29.57660576767418,29.57660576767418,874.7756087364177,96.54219736537404,48.27109868268702,22.062242298182962,True,covered,0.6127187193748745,96.54219736537404,shared_semantic_recoding_50_percent,shared_publication_test,1451,115,311,25,311,25,1808,1808,,shared_semantic_dataset,,Ref-144-Research,Ref-144-Research
elastic_net_bootstrap_conformalized,Elastic Net,shared_publication_held_out,test,0.9,237,156.0,148.1985292225311,106.02691175756932,200.0704808515363,7.801470777468893,7.801470777468893,60.86294629170109,94.04356909396698,47.02178454698349,21.697907976565034,True,covered,0.16591183964261874,94.04356909396698,shared_semantic_recoding_50_percent,shared_publication_test,1451,115,311,25,311,25,1809,1809,,shared_semantic_dataset,,Ref-144-Research,Ref-144-Research
elastic_net_bootstrap_conformalized,Elastic Net,shared_publication_held_out,test,0.9,238,167.0,149.03832212591325,107.4286446223407,193.84887870382346,17.961677874086746,17.961677874086746,322.6218720524574,86.42023408148276,43.21011704074138,20.939984382153018,True,covered,0.4156822314818374,86.42023408148276,shared_semantic_recoding_50_percent,shared_publication_test,1451,115,311,25,311,25,1810,1810,,shared_semantic_dataset,,Ref-144-Research,Ref-144-Research
elastic_net_bootstrap_conformalized,Elastic Net,shared_publication_held_out,test,0.9,239,180.0,159.33888095917624,116.60678707680029,213.31204857397978,20.661119040823763,20.661119040823763,426.88184001909025,96.70526149717949,48.352630748589746,23.347993408245983,True,covered,0.4273008256417644,96.70526149717949,shared_semantic_recoding_50_percent,shared_publication_test,1451,115,311,25,311,25,1811,1811,,shared_semantic_dataset,,Ref-144-Research,Ref-144-Research
elastic_net_bootstrap_conformalized,Elastic Net,shared_publication_held_out,test,0.9,240,135.0,148.68204330699015,106.01206506693647,195.40619181752837,-13.682043306990153,13.682043306990153,187.19830905435404,89.3941267505919,44.69706337529595,20.441653680848265,True,covered,0.3061060900603196,89.3941267505919,shared_semantic_recoding_50_percent,shared_publication_test,1451,115,311,25,311,25,1812,1812,,shared_semantic_dataset,,Ref-144-Research,Ref-144-Research
elastic_net_bootstrap_conformalized,Elastic Net,shared_publication_held_out,test,0.9,241,195.0,164.01974569070356,120.52940536291126,217.10840221717584,30.98025430929644,30.98025430929644,959.7761570686807,96.57899685426457,48.28949842713229,20.741702421712496,True,covered,0.6415526215507273,96.57899685426457,shared_semantic_recoding_50_percent,shared_publication_test,1451,115,311,25,311,25,1813,1813,,shared_semantic_dataset,,Ref-144-Research,Ref-144-Research
elastic_net_bootstrap_conformalized,Elastic Net,shared_publication_held_out,test,0.9,242,156.0,147.8168033505008,104.39125820291697,196.38146850962002,8.183196649499195,8.183196649499195,66.96470740437485,91.99021030670305,45.995105153351524,20.158136027866103,True,covered,0.17791451116843265,91.99021030670305,shared_semantic_recoding_50_percent,shared_publication_test,1451,115,311,25,311,25,1814,1814,,shared_semantic_dataset,,Ref-144-Research,Ref-144-Research
elastic_net_bootstrap_conformalized,Elastic Net,shared_publication_held_out,test,0.9,243,129.0,147.98043331843252,102.41906104772255,203.37257596550964,-18.980433318432517,18.980433318432517,360.2568489554632,100.95351491778709,50.476757458893545,24.07907470867033,True,covered,0.37602322878781386,100.95351491778709,shared_semantic_recoding_50_percent,shared_publication_test,1451,115,311,25,311,25,1815,1815,,shared_semantic_dataset,,Ref-144-Research,Ref-144-Research
elastic_net_bootstrap_conformalized,Elastic Net,shared_publication_held_out,test,0.9,244,130.0,149.00930324285355,100.37065326048362,192.58685520124357,-19.009303242853548,19.009303242853548,361.3536097787624,92.21620194075994,46.10810097037997,20.850214174386558,True,covered,0.41227686334479924,92.21620194075994,shared_semantic_recoding_50_percent,shared_publication_test,1451,115,311,25,311,25,1816,1816,,shared_semantic_dataset,,Ref-144-Research,Ref-144-Research
elastic_net_bootstrap_conformalized,Elastic Net,shared_publication_held_out,test,0.9,245,147.0,151.06704309169564,109.42414730716233,197.83480046254104,-4.067043091695638,4.067043091695638,16.540839509709212,88.41065315537871,44.205326577689355,21.392118998472643,True,covered,0.09200346217435919,88.41065315537871,shared_semantic_recoding_50_percent,shared_publication_test,1451,115,311,25,311,25,1817,1817,,shared_semantic_dataset,,Ref-144-Research,Ref-144-Research
elastic_net_bootstrap_conformalized,Elastic Net,shared_publication_held_out,test,0.9,246,159.0,150.12857823878954,107.39086071402801,198.8064651886405,8.871421761210456,8.871421761210456,78.70212406527844,91.41560447461248,45.70780223730624,20.324171586818917,True,covered,0.194089878028957,91.41560447461248,shared_semantic_recoding_50_percent,shared_publication_test,1451,115,311,25,311,25,1818,1818,,shared_semantic_dataset,,Ref-144-Research,Ref-144-Research
elastic_net_bootstrap_conformalized,Elastic Net,shared_publication_held_out,test,0.9,247,120.0,145.92269346959043,99.57686392480521,192.58799267682443,-25.922693469590428,25.922693469590428,671.9860367183462,93.01112875201922,46.50556437600961,20.621033379505253,True,covered,0.5574105769365295,93.01112875201922,shared_semantic_recoding_50_percent,shared_publication_test,1451,115,311,25,311,25,1819,1819,,shared_semantic_dataset,,Ref-144-Research,Ref-144-Research
elastic_net_bootstrap_conformalized,Elastic Net,shared_publication_held_out,test,0.9,248,163.0,160.45123789077746,115.34346001774583,214.02734312591258,2.5487621092225368,2.5487621092225368,6.496188289408514,98.68388310816675,49.34194155408338,22.583305621592103,True,covered,0.05165508346340315,98.68388310816675,shared_semantic_recoding_50_percent,shared_publication_test,1451,115,311,25,311,25,1820,1820,,shared_semantic_dataset,,Ref-144-Research,Ref-144-Research
elastic_net_bootstrap_conformalized,Elastic Net,shared_publication_held_out,test,0.9,249,177.0,150.34690192641196,108.51666368771441,202.4607651761216,26.65309807358804,26.65309807358804,710.3876369203025,93.9441014884072,46.9720507442036,20.837560104693274,True,covered,0.5674246206267045,93.9441014884072,shared_semantic_recoding_50_percent,shared_publication_test,1451,115,311,25,311,25,1821,1821,,shared_semantic_dataset,,Ref-144-Research,Ref-144-Research
elastic_net_bootstrap_conformalized,Elastic Net,shared_publication_held_out,test,0.9,250,169.0,148.2311221234969,97.08613819685635,197.39146488162933,20.768877876503097,20.768877876503097,431.3462882490998,100.30532668477298,50.15266334238649,21.118859930811222,True,covered,0.41411315954880296,100.30532668477298,shared_semantic_recoding_50_percent,shared_publication_test,1451,115,311,25,311,25,1822,1822,,shared_semantic_dataset,,Ref-144-Research,Ref-144-Research
elastic_net_bootstrap_conformalized,Elastic Net,shared_publication_held_out,test,0.9,251,164.0,148.445646197643,106.82990884028696,195.54308470552138,15.554353802357014,15.554353802357014,241.93792220889807,88.71317586523442,44.35658793261721,19.102194838125328,True,covered,0.3506661474048878,88.71317586523442,shared_semantic_recoding_50_percent,shared_publication_test,1451,115,311,25,311,25,1823,1823,,shared_semantic_dataset,,Ref-144-Research,Ref-144-Research
elastic_net_bootstrap_conformalized,Elastic Net,shared_publication_held_out,test,0.9,252,210.0,163.80499383303365,121.84904639164182,211.80570547624905,46.19500616696635,46.19500616696635,2133.9785947660594,89.95665908460722,44.97832954230361,22.07956659407644,True,covered,1.0270502848159004,89.95665908460722,shared_semantic_recoding_50_percent,shared_publication_test,1451,115,311,25,311,25,1824,1824,,shared_semantic_dataset,,Ref-144-Research,Ref-144-Research
elastic_net_bootstrap_conformalized,Elastic Net,shared_publication_held_out,test,0.9,253,162.0,148.2311221234969,106.44763034712619,194.1634199533782,13.768877876503097,13.768877876503097,189.58199797805645,87.715789606252,43.857894803126,20.98452899674809,True,covered,0.3139429728287303,87.715789606252,shared_semantic_recoding_50_percent,shared_publication_test,1451,115,311,25,311,25,1825,1825,,shared_semantic_dataset,,Ref-144-Research,Ref-144-Research
elastic_net_bootstrap_conformalized,Elastic Net,shared_publication_held_out,test,0.9,254,175.0,160.74924897210371,117.15146428506776,210.48393052499898,14.250751027896285,14.250751027896285,203.08390485908703,93.33246623993122,46.66623311996561,22.618866859669552,True,covered,0.30537607334325995,93.33246623993122,shared_semantic_recoding_50_percent,shared_publication_test,1451,115,311,25,311,25,1826,1826,,shared_semantic_dataset,,Ref-144-Research,Ref-144-Research
elastic_net_bootstrap_conformalized,Elastic Net,shared_publication_held_out,test,0.9,255,165.0,150.12857823878954,108.24143353639849,201.75433189509116,14.871421761210456,14.871421761210456,221.15918519980391,93.51289835869267,46.75644917934633,20.844892540680075,True,covered,0.3180614016296941,93.51289835869267,shared_semantic_recoding_50_percent,shared_publication_test,1451,115,311,25,311,25,1827,1827,,shared_semantic_dataset,,Ref-144-Research,Ref-144-Research
elastic_net_bootstrap_conformalized,Elastic Net,shared_publication_held_out,test,0.9,256,185.0,159.33888095917624,117.88355094766405,215.5187489145471,25.661119040823763,25.661119040823763,658.4930304273279,97.63519796688306,48.81759898344153,22.61761947504336,True,covered,0.5256530344625875,97.63519796688306,shared_semantic_recoding_50_percent,shared_publication_test,1451,115,311,25,311,25,1828,1828,,shared_semantic_dataset,,Ref-144-Research,Ref-144-Research
elastic_net_bootstrap_conformalized,Elastic Net,shared_publication_held_out,test,0.9,257,181.0,148.55435247440653,103.68668329303271,201.89525701115127,32.44564752559347,32.44564752559347,1052.7200433550497,98.20857371811856,49.10428685905928,23.385202648791026,True,covered,0.660749796015163,98.20857371811856,shared_semantic_recoding_50_percent,shared_publication_test,1451,115,311,25,311,25,1829,1829,,shared_semantic_dataset,,Ref-144-Research,Ref-144-Research
elastic_net_bootstrap_conformalized,Elastic Net,shared_publication_held_out,test,0.9,258,159.0,148.66017027178907,107.4282936882314,195.69406458221604,10.33982972821093,10.33982972821093,106.91207880839451,88.26577089398464,44.13288544699232,20.4714247482033,True,covered,0.23428854976251265,88.26577089398464,shared_semantic_recoding_50_percent,shared_publication_test,1451,115,311,25,311,25,1830,1830,,shared_semantic_dataset,,Ref-144-Research,Ref-144-Research
elastic_net_bootstrap_conformalized,Elastic Net,shared_publication_held_out,test,0.9,259,229.0,164.91735076463488,122.99283270176716,211.57941579618188,64.08264923536512,64.08264923536512,4106.585933022842,88.58658309441472,44.29329154720736,20.924929116790445,False,above_interval_underprediction,1.4467800201090601,436.99826717077724,shared_semantic_recoding_50_percent,shared_publication_test,1451,115,311,25,311,25,1831,1831,,shared_semantic_dataset,,Ref-144-Research,Ref-144-Research
elastic_net_bootstrap_conformalized,Elastic Net,shared_publication_held_out,test,0.9,260,168.0,148.74365727896927,105.6154804018663,202.09920622411678,19.256342721030734,19.256342721030734,370.8067349897933,96.48372582225049,48.241862911125246,22.168601836552618,True,covered,0.39916250242048495,96.48372582225049,shared_semantic_recoding_50_percent,shared_publication_test,1451,115,311,25,311,25,1832,1832,,shared_semantic_dataset,,Ref-144-Research,Ref-144-Research
elastic_net_bootstrap_conformalized,Elastic Net,shared_publication_held_out,test,0.9,261,195.0,164.01974569070356,117.55875969938415,219.8352515857727,30.98025430929644,30.98025430929644,959.7761570686807,102.27649188638856,51.13824594319428,22.966251023312722,True,covered,0.6058137845343802,102.27649188638856,shared_semantic_recoding_50_percent,shared_publication_test,1451,115,311,25,311,25,1833,1833,,shared_semantic_dataset,,Ref-144-Research,Ref-144-Research
elastic_net_bootstrap_conformalized,Elastic Net,shared_publication_held_out,test,0.9,262,167.0,149.09993609789234,101.384694068023,197.82606790016203,17.90006390210766,17.90006390210766,320.4122876995377,96.44137383213904,48.22068691606952,21.484894144442688,True,covered,0.3712113005205339,96.44137383213904,shared_semantic_recoding_50_percent,shared_publication_test,1451,115,311,25,311,25,1834,1834,,shared_semantic_dataset,,Ref-144-Research,Ref-144-Research
elastic_net_bootstrap_conformalized,Elastic Net,shared_publication_held_out,test,0.9,263,117.0,144.8938235451694,100.42633372684816,193.9052110712472,-27.893823545169397,27.893823545169397,778.0653919690466,93.47887734439905,46.739438672199526,21.281762858109545,True,covered,0.5967941493863202,93.47887734439905,shared_semantic_recoding_50_percent,shared_publication_test,1451,115,311,25,311,25,1835,1835,,shared_semantic_dataset,,Ref-144-Research,Ref-144-Research
elastic_net_bootstrap_conformalized,Elastic Net,shared_publication_held_out,test,0.9,264,223.0,163.4605766612109,118.43859933860128,212.83887600476908,59.539423338789106,59.539423338789106,3544.942931515545,94.4002766661678,47.2001383330839,22.62738956963278,False,above_interval_underprediction,1.2614247636019376,297.6227565707863,shared_semantic_recoding_50_percent,shared_publication_test,1451,115,311,25,311,25,1836,1836,,shared_semantic_dataset,,Ref-144-Research,Ref-144-Research
elastic_net_bootstrap_conformalized,Elastic Net,shared_publication_held_out,test,0.9,265,214.0,167.43315764482884,123.30430440835832,219.82149468864074,46.56684235517116,46.56684235517116,2168.470806931363,96.51719028028242,48.25859514014121,21.171688152661403,True,covered,0.9649440109050572,96.51719028028242,shared_semantic_recoding_50_percent,shared_publication_test,1451,115,311,25,311,25,1837,1837,,shared_semantic_dataset,,Ref-144-Research,Ref-144-Research
elastic_net_bootstrap_conformalized,Elastic Net,shared_publication_held_out,test,0.9,266,203.0,164.01974569070356,120.36657371109607,218.3325616756843,38.98025430929644,38.98025430929644,1519.4602260174238,97.96598796458824,48.98299398229412,23.14399429612233,True,covered,0.7957915827559792,97.96598796458824,shared_semantic_recoding_50_percent,shared_publication_test,1451,115,311,25,311,25,1838,1838,,shared_semantic_dataset,,Ref-144-Research,Ref-144-Research
elastic_net_bootstrap_conformalized,Elastic Net,shared_publication_held_out,test,0.9,267,176.0,160.0186179125328,116.49796165821894,212.43171890187273,15.98138208746721,15.98138208746721,255.4045734256178,95.93375724365379,47.96687862182689,21.630363375194282,True,covered,0.33317536072057496,95.93375724365379,shared_semantic_recoding_50_percent,shared_publication_test,1451,115,311,25,311,25,1839,1839,,shared_semantic_dataset,,Ref-144-Research,Ref-144-Research
elastic_net_bootstrap_conformalized,Elastic Net,shared_publication_held_out,test,0.9,268,138.0,150.0381731672746,105.68017996194983,196.8084583280226,-12.038173167274607,12.038173167274607,144.91761320529034,91.12827836607276,45.56413918303638,20.94427831881854,True,covered,0.26420280034076543,91.12827836607276,shared_semantic_recoding_50_percent,shared_publication_test,1451,115,311,25,311,25,1840,1840,,shared_semantic_dataset,,Ref-144-Research,Ref-144-Research
elastic_net_bootstrap_conformalized,Elastic Net,shared_publication_held_out,test,0.9,269,225.0,165.89532658284153,125.30896329068119,217.08711128922147,59.104673417158466,59.104673417158466,3493.3624197489585,91.77814799854028,45.88907399927014,20.670880377312816,False,above_interval_underprediction,1.2879901088895043,250.03592221411094,shared_semantic_recoding_50_percent,shared_publication_test,1451,115,311,25,311,25,1841,1841,,shared_semantic_dataset,,Ref-144-Research,Ref-144-Research
elastic_net_bootstrap_conformalized,Elastic Net,shared_publication_held_out,test,0.9,270,156.0,151.254439946382,106.04151944917717,205.27070711488136,4.745560053617993,4.745560053617993,22.52034022249481,99.22918766570419,49.614593832852094,22.91446148451143,True,covered,0.09564847128660238,99.22918766570419,shared_semantic_recoding_50_percent,shared_publication_test,1451,115,311,25,311,25,1842,1842,,shared_semantic_dataset,,Ref-144-Research,Ref-144-Research
elastic_net_bootstrap_conformalized,Elastic Net,shared_publication_held_out,test,0.9,271,150.0,149.18997850158667,108.41080856913712,195.14437637287438,0.8100214984133345,0.8100214984133345,0.6561348278917837,86.73356780373726,43.36678390186863,19.228503700919124,True,covered,0.018678385287833887,86.73356780373726,shared_semantic_recoding_50_percent,shared_publication_test,1451,115,311,25,311,25,1843,1843,,shared_semantic_dataset,,Ref-144-Research,Ref-144-Research
elastic_net_bootstrap_conformalized,Elastic Net,shared_publication_held_out,test,0.9,272,151.0,149.16376372403514,98.82886620304612,199.6966929414505,1.8362362759648647,1.8362362759648647,3.371763661169315,100.86782673840437,50.43391336920219,22.53075215036373,True,covered,0.036408760560035676,100.86782673840437,shared_semantic_recoding_50_percent,shared_publication_test,1451,115,311,25,311,25,1844,1844,,shared_semantic_dataset,,Ref-144-Research,Ref-144-Research
elastic_net_bootstrap_conformalized,Elastic Net,shared_publication_held_out,test,0.9,273,210.0,167.87047880358801,126.03331517242373,216.26400328150885,42.129521196411986,42.129521196411986,1774.896556238927,90.23068810908512,45.11534405454256,20.144876401297182,True,covered,0.9338180186652053,90.23068810908512,shared_semantic_recoding_50_percent,shared_publication_test,1451,115,311,25,311,25,1845,1845,,shared_semantic_dataset,,Ref-144-Research,Ref-144-Research
elastic_net_bootstrap_conformalized,Elastic Net,shared_publication_held_out,test,0.9,274,205.0,165.8060173587927,125.547543055234,213.58259144174733,39.1939826412073,39.1939826412073,1536.168275279259,88.03504838651332,44.01752419325666,20.483109786659085,True,covered,0.8904176997581269,88.03504838651332,shared_semantic_recoding_50_percent,shared_publication_test,1451,115,311,25,311,25,1846,1846,,shared_semantic_dataset,,Ref-144-Research,Ref-144-Research
elastic_net_bootstrap_conformalized,Elastic Net,shared_publication_held_out,test,0.9,275,193.0,165.77980258124117,119.74308781929022,212.98444236565908,27.22019741875883,27.22019741875883,740.9391475162048,93.24135454636885,46.62067727318443,20.480704243384395,True,covered,0.5838653363883135,93.24135454636885,shared_semantic_recoding_50_percent,shared_publication_test,1451,115,311,25,311,25,1847,1847,,shared_semantic_dataset,,Ref-144-Research,Ref-144-Research
elastic_net_bootstrap_conformalized,Elastic Net,shared_publication_held_out,test,0.9,276,112.0,150.9695348122121,109.11490642882166,202.9872225798908,-38.96953481221209,38.96953481221209,1518.62464348021,93.87231615106916,46.93615807553458,22.066972351237336,True,covered,0.8302668222119551,93.87231615106916,shared_semantic_recoding_50_percent,shared_publication_test,1451,115,311,25,311,25,1999,1999,,shared_semantic_dataset,,Ref-160-Research,Ref-160-Research
elastic_net_bootstrap_conformalized,Elastic Net,shared_publication_held_out,test,0.9,277,115.0,150.69858425691464,110.6500016917695,198.03411524107665,-35.69858425691464,35.69858425691464,1274.388917948034,87.38411354930714,43.69205677465357,19.97270828681502,True,covered,0.8170497543989262,87.38411354930714,shared_semantic_recoding_50_percent,shared_publication_test,1451,115,311,25,311,25,2000,2000,,shared_semantic_dataset,,Ref-160-Research,Ref-160-Research
elastic_net_bootstrap_conformalized,Elastic Net,shared_publication_held_out,test,0.9,278,135.0,150.33731684985133,104.66554404219183,197.84892332655787,-15.337316849851334,15.337316849851334,235.23328815273365,93.18337928436604,46.59168964218302,21.763997391300066,True,covered,0.3291856759786897,93.18337928436604,shared_semantic_recoding_50_percent,shared_publication_test,1451,115,311,25,311,25,2001,2001,,shared_semantic_dataset,,Ref-160-Research,Ref-160-Research
elastic_net_bootstrap_conformalized,Elastic Net,shared_publication_held_out,test,0.9,279,152.0,150.0663662945539,107.89379930032263,203.85043311280515,1.9336337054461126,1.9336337054461126,3.738939306837264,95.95663381248252,47.97831690624126,20.572598120237313,True,covered,0.04030224130673028,95.95663381248252,shared_semantic_recoding_50_percent,shared_publication_test,1451,115,311,25,311,25,2002,2002,,shared_semantic_dataset,,Ref-160-Research,Ref-160-Research
elastic_net_bootstrap_conformalized,Elastic Net,shared_publication_held_out,test,0.9,280,148.0,149.7954157392564,108.40461079679413,196.56928749076457,-1.7954157392564127,1.7954157392564127,3.223517676769651,88.16467669397043,44.08233834698522,20.86422549319498,True,covered,0.040728686512139185,88.16467669397043,shared_semantic_recoding_50_percent,shared_publication_test,1451,115,311,25,311,25,2003,2003,,shared_semantic_dataset,,Ref-160-Research,Ref-160-Research
elastic_net_bootstrap_conformalized,Elastic Net,shared_publication_held_out,test,0.9,281,115.0,150.93553886217566,104.78246479081834,209.34042520755727,-35.93553886217566,35.93553886217566,1291.3629533149372,104.55796041673894,52.27898020836947,23.952342639535917,True,covered,0.6873802572075164,104.55796041673894,shared_semantic_recoding_50_percent,shared_publication_test,1451,115,311,25,311,25,2004,2004,,shared_semantic_dataset,,Ref-160-Research,Ref-160-Research
elastic_net_bootstrap_conformalized,Elastic Net,shared_publication_held_out,test,0.9,282,125.0,150.6645883068782,109.11499382405735,195.79009249152955,-25.664588306878187,25.664588306878187,658.6710929615485,86.6750986674722,43.3375493337361,21.405059754697206,True,covered,0.592202113442986,86.6750986674722,shared_semantic_recoding_50_percent,shared_publication_test,1451,115,311,25,311,25,2005,2005,,shared_semantic_dataset,,Ref-160-Research,Ref-160-Research
elastic_net_bootstrap_conformalized,Elastic Net,shared_publication_held_out,test,0.9,283,145.0,150.3033208998149,105.01144145821014,196.49610334840165,-5.303320899814906,5.303320899814906,28.125212566413587,91.4846618901915,45.74233094509575,21.766650572517786,True,covered,0.1159390173224983,91.4846618901915,shared_semantic_recoding_50_percent,shared_publication_test,1451,115,311,25,311,25,2006,2006,,shared_semantic_dataset,,Ref-160-Research,Ref-160-Research
elastic_net_bootstrap_conformalized,Elastic Net,shared_publication_held_out,test,0.9,284,155.0,150.03237034451746,107.0167471201232,202.72012262325222,4.96762965548254,4.96762965548254,24.67734439402958,95.70337550312902,47.85168775156451,21.867429053097535,True,covered,0.10381305004900529,95.70337550312902,shared_semantic_recoding_50_percent,shared_publication_test,1451,115,311,25,311,25,2007,2007,,shared_semantic_dataset,,Ref-160-Research,Ref-160-Research
elastic_net_bootstrap_conformalized,Elastic Net,shared_publication_held_out,test,0.9,285,155.0,149.76141978921999,106.8578354337804,195.28830635684233,5.238580210780015,5.238580210780015,27.442722624775982,88.43047092306193,44.215235461530966,20.438746427718883,True,covered,0.11847907528023435,88.43047092306193,shared_semantic_recoding_50_percent,shared_publication_test,1451,115,311,25,311,25,2008,2008,,shared_semantic_dataset,,Ref-160-Research,Ref-160-Research
elastic_net_bootstrap_conformalized,Elastic Net,shared_publication_held_out,test,0.9,286,83.0,145.52292398387618,100.0723614902698,193.90798643435548,-62.52292398387618,62.52292398387618,3909.1160234935596,93.83562494408568,46.91781247204284,20.925711276432946,False,below_interval_overprediction,1.3326052663075894,435.2828547494817,shared_semantic_recoding_50_percent,shared_publication_test,1451,115,311,25,311,25,2009,2009,,shared_semantic_dataset,,Ref-161-Research,Ref-161-Research
elastic_net_bootstrap_conformalized,Elastic Net,shared_publication_held_out,test,0.9,287,100.0,144.87818329934092,103.35110335336603,196.541844671119,-44.87818329934092,44.87818329934092,2014.051336249242,93.19074131775298,46.59537065887649,20.6121845413417,False,below_interval_overprediction,0.9631468247756402,160.21280838507357,shared_semantic_recoding_50_percent,shared_publication_test,1451,115,311,25,311,25,2010,2010,,shared_semantic_dataset,,Ref-161-Research,Ref-161-Research
elastic_net_bootstrap_conformalized,Elastic Net,shared_publication_held_out,test,0.9,288,114.0,146.63920562383754,103.03750525960922,198.68431393860376,-32.63920562383754,32.63920562383754,1065.317743755148,95.64680867899455,47.82340433949727,21.339988312641324,True,covered,0.6824943994394994,95.64680867899455,shared_semantic_recoding_50_percent,shared_publication_test,1451,115,311,25,311,25,2011,2011,,shared_semantic_dataset,,Ref-161-Research,Ref-161-Research
elastic_net_bootstrap_conformalized,Elastic Net,shared_publication_held_out,test,0.9,289,118.0,148.40022794833413,97.54258704154026,203.70303702497316,-30.400227948334134,30.400227948334134,924.1738593106758,106.1604499834329,53.08022499171645,22.730288675624866,True,covered,0.5727222888199571,106.1604499834329,shared_semantic_recoding_50_percent,shared_publication_test,1451,115,311,25,311,25,2012,2012,,shared_semantic_dataset,,Ref-161-Research,Ref-161-Research
elastic_net_bootstrap_conformalized,Elastic Net,shared_publication_held_out,test,0.9,290,116.0,150.70463940881388,104.35852563292394,198.87536013811336,-34.704639408813875,34.704639408813875,1204.411996495797,94.51683450518942,47.25841725259471,20.80355101329575,True,covered,0.7343589021045437,94.51683450518942,shared_semantic_recoding_50_percent,shared_publication_test,1451,115,311,25,311,25,2013,2013,,shared_semantic_dataset,,Ref-161-Research,Ref-161-Research
elastic_net_bootstrap_conformalized,Elastic Net,shared_publication_held_out,test,0.9,291,110.0,153.13256634654357,108.75683777763962,202.6335932240782,-43.13256634654357,43.13256634654357,1860.418279638983,93.87675544643858,46.93837772321929,21.42147558328393,True,covered,0.9189189835422651,93.87675544643858,shared_semantic_recoding_50_percent,shared_publication_test,1451,115,311,25,311,25,2014,2014,,shared_semantic_dataset,,Ref-161-Research,Ref-161-Research
elastic_net_bootstrap_conformalized,Elastic Net,shared_publication_held_out,test,0.9,292,135.2,159.08196393777237,115.85534826877432,203.97044159142615,-23.881963937772383,23.881963937772383,570.3482015250606,88.11509332265183,44.057546661325915,20.43441275319109,True,covered,0.5420629551017686,88.11509332265183,shared_semantic_recoding_50_percent,shared_publication_test,1451,115,311,25,311,25,2015,2015,,shared_semantic_dataset,,Ref-162-Research,Ref-162-Research
elastic_net_bootstrap_conformalized,Elastic Net,shared_publication_held_out,test,0.9,293,137.4,168.22949966825183,126.2935902562316,214.29012277470605,-30.829499668251827,30.829499668251827,950.4580497947395,87.99653251847445,43.99826625923723,20.01941077855751,True,covered,0.7006980567508003,87.99653251847445,shared_semantic_recoding_50_percent,shared_publication_test,1451,115,311,25,311,25,2016,2016,,shared_semantic_dataset,,Ref-162-Research,Ref-162-Research
elastic_net_bootstrap_conformalized,Elastic Net,shared_publication_held_out,test,0.9,294,139.7,171.28268405827905,127.24220688744686,216.6417396072574,-31.582684058279057,31.582684058279057,997.465932325074,89.39953271981054,44.69976635990527,20.58681330262466,True,covered,0.7065514348327343,89.39953271981054,shared_semantic_recoding_50_percent,shared_publication_test,1451,115,311,25,311,25,2017,2017,,shared_semantic_dataset,,Ref-162-Research,Ref-162-Research
elastic_net_bootstrap_conformalized,Elastic Net,shared_publication_held_out,test,0.9,295,149.2,174.33586844830626,128.9080203965504,222.35942648200356,-25.13586844830627,25.13586844830627,631.8118826505586,93.45140608545316,46.72570304272658,21.92910159929139,True,covered,0.5379452166898743,93.45140608545316,shared_semantic_recoding_50_percent,shared_publication_test,1451,115,311,25,311,25,2018,2018,,shared_semantic_dataset,,Ref-162-Research,Ref-162-Research
elastic_net_bootstrap_conformalized,Elastic Net,shared_publication_held_out,test,0.9,296,157.3,177.3890528383335,131.1477669768566,229.43177605258623,-20.089052838333487,20.089052838333487,403.5700439413547,98.28400907572964,49.14200453786482,22.154974722113586,True,covered,0.4087959583100543,98.28400907572964,shared_semantic_recoding_50_percent,shared_publication_test,1451,115,311,25,311,25,2019,2019,,shared_semantic_dataset,,Ref-162-Research,Ref-162-Research
elastic_net_bootstrap_conformalized,Elastic Net,shared_publication_held_out,test,0.9,297,156.0,180.4422372283607,135.122369973376,230.92227065516573,-24.44223722836071,24.44223722836071,597.4229607274623,95.79990068178972,47.89995034089486,22.215238057505374,True,covered,0.5102768803393312,95.79990068178972,shared_semantic_recoding_50_percent,shared_publication_test,1451,115,311,25,311,25,2020,2020,,shared_semantic_dataset,,Ref-162-Research,Ref-162-Research
elastic_net_bootstrap_conformalized,Elastic Net,shared_publication_held_out,test,0.9,298,158.1,183.49542161838792,138.59837750015666,236.75800182644343,-25.395421618387928,25.395421618387928,644.927439175685,98.15962432628677,49.07981216314339,22.93253664563539,True,covered,0.5174311086190074,98.15962432628677,shared_semantic_recoding_50_percent,shared_publication_test,1451,115,311,25,311,25,2021,2021,,shared_semantic_dataset,,Ref-162-Research,Ref-162-Research
elastic_net_bootstrap_conformalized,Elastic Net,shared_publication_held_out,test,0.9,299,138.3,168.14450979316075,124.11384728387421,216.4239579533842,-29.84450979316074,29.84450979316074,890.6947647940673,92.31011066950998,46.15505533475499,20.40557315914285,True,covered,0.6466141049274763,92.31011066950998,shared_semantic_recoding_50_percent,shared_publication_test,1451,115,311,25,311,25,2022,2022,,shared_semantic_dataset,,Ref-162-Research,Ref-162-Research
elastic_net_bootstrap_conformalized,Elastic Net,shared_publication_held_out,test,0.9,300,145.0,171.197694183188,128.51504921894596,213.94984003707154,-26.19769418318799,26.19769418318799,686.3191805158419,85.43479081812558,42.71739540906279,19.19779622534413,True,covered,0.613279295994483,85.43479081812558,shared_semantic_recoding_50_percent,shared_publication_test,1451,115,311,25,311,25,2023,2023,,shared_semantic_dataset,,Ref-162-Research,Ref-162-Research
elastic_net_bootstrap_conformalized,Elastic Net,shared_publication_held_out,test,0.9,301,152.8,174.2508785732152,130.6815886244389,226.97213725166742,-21.450878573215192,21.450878573215192,460.1401915628226,96.29054862722853,48.145274313614266,22.04979400790779,True,covered,0.4455448406729594,96.29054862722853,shared_semantic_recoding_50_percent,shared_publication_test,1451,115,311,25,311,25,2024,2024,,shared_semantic_dataset,,Ref-162-Research,Ref-162-Research
elastic_net_bootstrap_conformalized,Elastic Net,shared_publication_held_out,test,0.9,302,162.6,177.30406296324242,129.42630826040715,229.47086182202918,-14.704062963242421,14.704062963242421,216.2094676269975,100.04455356162202,50.02227678081101,22.471784142624852,True,covered,0.29395029393949995,100.04455356162202,shared_semantic_recoding_50_percent,shared_publication_test,1451,115,311,25,311,25,2025,2025,,shared_semantic_dataset,,Ref-162-Research,Ref-162-Research
elastic_net_bootstrap_conformalized,Elastic Net,shared_publication_held_out,test,0.9,303,164.5,180.35724735326963,138.5461265703546,231.8348174847812,-15.857247353269628,15.857247353269628,251.4522936227766,93.28869091442661,46.644345457213305,21.422711086864872,True,covered,0.33996076475797965,93.28869091442661,shared_semantic_recoding_50_percent,shared_publication_test,1451,115,311,25,311,25,2026,2026,,shared_semantic_dataset,,Ref-162-Research,Ref-162-Research
elastic_net_bootstrap_conformalized,Elastic Net,shared_publication_held_out,test,0.9,304,168.7,183.41043174329684,139.67193621447106,229.839009266787,-14.710431743296851,14.710431743296851,216.39680207419565,90.16707305231594,45.08353652615797,20.985921231645666,True,covered,0.32629276398406976,90.16707305231594,shared_semantic_recoding_50_percent,shared_publication_test,1451,115,311,25,311,25,2027,2027,,shared_semantic_dataset,,Ref-162-Research,Ref-162-Research
elastic_net_bootstrap_conformalized,Elastic Net,shared_publication_held_out,test,0.9,305,145.3,167.51229183080002,125.66716404476594,217.0941814808729,-22.212291830800012,22.212291830800012,493.38590837662497,91.42701743610695,45.713508718053475,20.381923450507685,True,covered,0.4859021425766819,91.42701743610695,shared_semantic_recoding_50_percent,shared_publication_test,1451,115,311,25,311,25,2028,2028,,shared_semantic_dataset,,Ref-162-Research,Ref-162-Research
elastic_net_bootstrap_conformalized,Elastic Net,shared_publication_held_out,test,0.9,306,157.8,170.56547622082724,127.7750942468843,224.73050222301012,-12.765476220827225,12.765476220827225,162.95738314450531,96.95540797612583,48.47770398806291,22.209540746925946,True,covered,0.2633267496325853,96.95540797612583,shared_semantic_recoding_50_percent,shared_publication_test,1451,115,311,25,311,25,2029,2029,,shared_semantic_dataset,,Ref-162-Research,Ref-162-Research
elastic_net_bootstrap_conformalized,Elastic Net,shared_publication_held_out,test,0.9,307,165.2,173.61866061085445,131.0911118378315,225.64151498220542,-8.41866061085446,8.41866061085446,70.87384648075238,94.55040314437392,47.27520157218696,21.51443149426513,True,covered,0.17807773062584556,94.55040314437392,shared_semantic_recoding_50_percent,shared_publication_test,1451,115,311,25,311,25,2030,2030,,shared_semantic_dataset,,Ref-162-Research,Ref-162-Research
elastic_net_bootstrap_conformalized,Elastic Net,shared_publication_held_out,test,0.9,308,172.3,176.67184500088166,134.4651393501576,225.75759674557278,-4.371845000881649,4.371845000881649,19.113028711733865,91.29245739541517,45.646228697707585,20.864480129941718,True,covered,0.09577669668690962,91.29245739541517,shared_semantic_recoding_50_percent,shared_publication_test,1451,115,311,25,311,25,2031,2031,,shared_semantic_dataset,,Ref-162-Research,Ref-162-Research
elastic_net_bootstrap_conformalized,Elastic Net,shared_publication_held_out,test,0.9,309,179.8,179.72502939090887,136.02824339167105,225.60021688903782,0.07497060909113884,0.07497060909113884,0.00562059222749635,89.57197349736677,44.785986748683385,20.029036915489872,True,covered,0.0016739747080227684,89.57197349736677,shared_semantic_recoding_50_percent,shared_publication_test,1451,115,311,25,311,25,2032,2032,,shared_semantic_dataset,,Ref-162-Research,Ref-162-Research
elastic_net_bootstrap_conformalized,Elastic Net,shared_publication_held_out,test,0.9,310,192.2,182.77821378093608,139.3337161368093,232.98472920040444,9.421786219063904,9.421786219063904,88.7700555577425,93.65101306359514,46.82550653179757,21.585387181239902,True,covered,0.20121055631647886,93.65101306359514,shared_semantic_recoding_50_percent,shared_publication_test,1451,115,311,25,311,25,2033,2033,,shared_semantic_dataset,,Ref-162-Research,Ref-162-Research
