policy,experiment,exploratory,model,split,row_position,Actual,Predicted,Residual,AbsoluteError,SquaredError,semantic_row_id,modeling_row_id,publication_country,publication_source,publication_year,publication_reference_id,publication_group
shared_semantic_recoding_50_percent,leave_one_publication_out,False,Elastic Net,held_out_publication,0,172.0,139.82208161480042,32.177918385199575,32.177918385199575,1035.4184316045648,1736,1736,,shared_semantic_dataset,,Ref-144-Research,Ref-144-Research
shared_semantic_recoding_50_percent,leave_one_publication_out,False,Elastic Net,held_out_publication,1,149.0,128.82616047694876,20.173839523051242,20.173839523051242,406.9838011018244,1737,1737,,shared_semantic_dataset,,Ref-144-Research,Ref-144-Research
shared_semantic_recoding_50_percent,leave_one_publication_out,False,Elastic Net,held_out_publication,2,154.0,126.21954645576932,27.78045354423068,27.78045354423068,771.753599123159,1738,1738,,shared_semantic_dataset,,Ref-144-Research,Ref-144-Research
shared_semantic_recoding_50_percent,leave_one_publication_out,False,Elastic Net,held_out_publication,3,135.0,125.18767304777366,9.812326952226343,9.812326952226343,96.28176021738751,1739,1739,,shared_semantic_dataset,,Ref-144-Research,Ref-144-Research
shared_semantic_recoding_50_percent,leave_one_publication_out,False,Elastic Net,held_out_publication,4,142.0,139.82208161480042,2.1779183851995754,2.1779183851995754,4.743328492590326,1740,1740,,shared_semantic_dataset,,Ref-144-Research,Ref-144-Research
shared_semantic_recoding_50_percent,leave_one_publication_out,False,Elastic Net,held_out_publication,5,141.0,127.68435360503213,13.315646394967871,13.315646394967871,177.30643891582085,1741,1741,,shared_semantic_dataset,,Ref-144-Research,Ref-144-Research
shared_semantic_recoding_50_percent,leave_one_publication_out,False,Elastic Net,held_out_publication,6,149.0,125.08318910271515,23.916810897284847,23.916810897284847,572.0138434964832,1742,1742,,shared_semantic_dataset,,Ref-144-Research,Ref-144-Research
shared_semantic_recoding_50_percent,leave_one_publication_out,False,Elastic Net,held_out_publication,7,179.0,140.3648734406616,38.6351265593384,38.6351265593384,1492.6730042560957,1743,1743,,shared_semantic_dataset,,Ref-144-Research,Ref-144-Research
shared_semantic_recoding_50_percent,leave_one_publication_out,False,Elastic Net,held_out_publication,8,90.0,122.00635551097938,-32.006355510979375,32.006355510979375,1024.4067930951999,1744,1744,,shared_semantic_dataset,,Ref-144-Research,Ref-144-Research
shared_semantic_recoding_50_percent,leave_one_publication_out,False,Elastic Net,held_out_publication,9,151.0,128.5137357541456,22.486264245854386,22.486264245854386,505.6320797343893,1745,1745,,shared_semantic_dataset,,Ref-144-Research,Ref-144-Research
shared_semantic_recoding_50_percent,leave_one_publication_out,False,Elastic Net,held_out_publication,10,125.0,127.59901141301145,-2.5990114130114534,2.5990114130114534,6.754860324963792,1746,1746,,shared_semantic_dataset,,Ref-144-Research,Ref-144-Research
shared_semantic_recoding_50_percent,leave_one_publication_out,False,Elastic Net,held_out_publication,11,116.0,129.30746930441057,-13.307469304410574,13.307469304410574,177.08873928782967,1747,1747,,shared_semantic_dataset,,Ref-144-Research,Ref-144-Research
shared_semantic_recoding_50_percent,leave_one_publication_out,False,Elastic Net,held_out_publication,12,108.0,125.88218195266202,-17.882181952662023,17.882181952662023,319.7724313881114,1748,1748,,shared_semantic_dataset,,Ref-144-Research,Ref-144-Research
shared_semantic_recoding_50_percent,leave_one_publication_out,False,Elastic Net,held_out_publication,13,128.0,125.20222308235144,2.7977769176485623,2.7977769176485623,7.82755568092709,1749,1749,,shared_semantic_dataset,,Ref-144-Research,Ref-144-Research
shared_semantic_recoding_50_percent,leave_one_publication_out,False,Elastic Net,held_out_publication,14,125.0,126.76651699462955,-1.766516994629555,1.766516994629555,3.120582292315035,1750,1750,,shared_semantic_dataset,,Ref-144-Research,Ref-144-Research
shared_semantic_recoding_50_percent,leave_one_publication_out,False,Elastic Net,held_out_publication,15,114.0,125.7725864642299,-11.772586464229903,11.772586464229903,138.59379205776912,1751,1751,,shared_semantic_dataset,,Ref-144-Research,Ref-144-Research
shared_semantic_recoding_50_percent,leave_one_publication_out,False,Elastic Net,held_out_publication,16,182.0,142.83664980573528,39.16335019426472,39.16335019426472,1533.7679984386148,1752,1752,,shared_semantic_dataset,,Ref-144-Research,Ref-144-Research
shared_semantic_recoding_50_percent,leave_one_publication_out,False,Elastic Net,held_out_publication,17,142.0,130.344939987577,11.655060012423007,11.655060012423007,135.8404238931818,1753,1753,,shared_semantic_dataset,,Ref-144-Research,Ref-144-Research
shared_semantic_recoding_50_percent,leave_one_publication_out,False,Elastic Net,held_out_publication,18,150.0,130.344939987577,19.655060012423007,19.655060012423007,386.3213840919499,1754,1754,,shared_semantic_dataset,,Ref-144-Research,Ref-144-Research
shared_semantic_recoding_50_percent,leave_one_publication_out,False,Elastic Net,held_out_publication,19,155.0,129.09081946074994,25.90918053925006,25.90918053925006,671.285636215454,1755,1755,,shared_semantic_dataset,,Ref-144-Research,Ref-144-Research
shared_semantic_recoding_50_percent,leave_one_publication_out,False,Elastic Net,held_out_publication,20,132.0,127.14156177917096,4.8584382208290435,4.8584382208290435,23.604421945612483,1756,1756,,shared_semantic_dataset,,Ref-144-Research,Ref-144-Research
shared_semantic_recoding_50_percent,leave_one_publication_out,False,Elastic Net,held_out_publication,21,143.0,127.99452699048322,15.005473009516777,15.005473009516777,225.1642202393365,1757,1757,,shared_semantic_dataset,,Ref-144-Research,Ref-144-Research
shared_semantic_recoding_50_percent,leave_one_publication_out,False,Elastic Net,held_out_publication,22,151.0,138.4894588202508,12.510541179749197,12.510541179749197,156.5136406102004,1758,1758,,shared_semantic_dataset,,Ref-144-Research,Ref-144-Research
shared_semantic_recoding_50_percent,leave_one_publication_out,False,Elastic Net,held_out_publication,23,111.0,127.62493172480427,-16.62493172480427,16.62493172480427,276.3883548544035,1759,1759,,shared_semantic_dataset,,Ref-144-Research,Ref-144-Research
shared_semantic_recoding_50_percent,leave_one_publication_out,False,Elastic Net,held_out_publication,24,166.0,143.34493137493672,22.65506862506328,22.65506862506328,513.2521344063266,1760,1760,,shared_semantic_dataset,,Ref-144-Research,Ref-144-Research
shared_semantic_recoding_50_percent,leave_one_publication_out,False,Elastic Net,held_out_publication,25,132.0,126.76651699462955,5.233483005370445,5.233483005370445,27.389344367501266,1761,1761,,shared_semantic_dataset,,Ref-144-Research,Ref-144-Research
shared_semantic_recoding_50_percent,leave_one_publication_out,False,Elastic Net,held_out_publication,26,105.0,127.20868451561333,-22.208684515613328,22.208684515613328,493.2256679140432,1762,1762,,shared_semantic_dataset,,Ref-144-Research,Ref-144-Research
shared_semantic_recoding_50_percent,leave_one_publication_out,False,Elastic Net,held_out_publication,27,106.0,128.50926676677182,-22.509266766771816,22.509266766771816,506.6670903776981,1763,1763,,shared_semantic_dataset,,Ref-144-Research,Ref-144-Research
shared_semantic_recoding_50_percent,leave_one_publication_out,False,Elastic Net,held_out_publication,28,123.0,131.1104312690888,-8.110431269088792,8.110431269088792,65.77909537061323,1764,1764,,shared_semantic_dataset,,Ref-144-Research,Ref-144-Research
shared_semantic_recoding_50_percent,leave_one_publication_out,False,Elastic Net,held_out_publication,29,135.0,130.02852677095532,4.971473229044676,4.971473229044676,24.715546067107898,1765,1765,,shared_semantic_dataset,,Ref-144-Research,Ref-144-Research
shared_semantic_recoding_50_percent,leave_one_publication_out,False,Elastic Net,held_out_publication,30,96.0,124.60752001329635,-28.60752001329635,28.60752001329635,818.3902013111513,1766,1766,,shared_semantic_dataset,,Ref-144-Research,Ref-144-Research
shared_semantic_recoding_50_percent,leave_one_publication_out,False,Elastic Net,held_out_publication,31,134.0,139.82208161480042,-5.822081614800425,5.822081614800425,33.89663432939712,1767,1767,,shared_semantic_dataset,,Ref-144-Research,Ref-144-Research
shared_semantic_recoding_50_percent,leave_one_publication_out,False,Elastic Net,held_out_publication,32,153.0,129.79045881168278,23.209541188317218,23.209541188317218,538.6828021721934,1768,1768,,shared_semantic_dataset,,Ref-144-Research,Ref-144-Research
shared_semantic_recoding_50_percent,leave_one_publication_out,False,Elastic Net,held_out_publication,33,145.0,127.16270328483716,17.837296715162836,17.837296715162836,318.1691541047589,1769,1769,,shared_semantic_dataset,,Ref-144-Research,Ref-144-Research
shared_semantic_recoding_50_percent,leave_one_publication_out,False,Elastic Net,held_out_publication,34,140.0,127.64461220542654,12.35538779457346,12.35538779457346,152.65560755429482,1770,1770,,shared_semantic_dataset,,Ref-144-Research,Ref-144-Research
shared_semantic_recoding_50_percent,leave_one_publication_out,False,Elastic Net,held_out_publication,35,181.0,143.04838885811787,37.951611141882125,37.951611141882125,1440.3247882646315,1771,1771,,shared_semantic_dataset,,Ref-144-Research,Ref-144-Research
shared_semantic_recoding_50_percent,leave_one_publication_out,False,Elastic Net,held_out_publication,36,138.0,127.16270328483716,10.837296715162836,10.837296715162836,117.44700009247919,1772,1772,,shared_semantic_dataset,,Ref-144-Research,Ref-144-Research
shared_semantic_recoding_50_percent,leave_one_publication_out,False,Elastic Net,held_out_publication,37,146.0,140.3648734406616,5.635126559338403,5.635126559338403,31.754651339761065,1773,1773,,shared_semantic_dataset,,Ref-144-Research,Ref-144-Research
shared_semantic_recoding_50_percent,leave_one_publication_out,False,Elastic Net,held_out_publication,38,141.0,130.02852677095532,10.971473229044676,10.971473229044676,120.37322481564401,1774,1774,,shared_semantic_dataset,,Ref-144-Research,Ref-144-Research
shared_semantic_recoding_50_percent,leave_one_publication_out,False,Elastic Net,held_out_publication,39,156.0,138.4894588202508,17.510541179749197,17.510541179749197,306.6190524076924,1775,1775,,shared_semantic_dataset,,Ref-144-Research,Ref-144-Research
shared_semantic_recoding_50_percent,leave_one_publication_out,False,Elastic Net,held_out_publication,40,157.0,127.89631103333133,29.10368896666867,29.10368896666867,847.0247114685917,1776,1776,,shared_semantic_dataset,,Ref-144-Research,Ref-144-Research
shared_semantic_recoding_50_percent,leave_one_publication_out,False,Elastic Net,held_out_publication,41,135.0,128.12652112601592,6.873478873984084,6.873478873984084,47.244711831105505,1777,1777,,shared_semantic_dataset,,Ref-144-Research,Ref-144-Research
shared_semantic_recoding_50_percent,leave_one_publication_out,False,Elastic Net,held_out_publication,42,200.0,144.38101165266747,55.61898834733253,55.61898834733253,3093.471864780712,1778,1778,,shared_semantic_dataset,,Ref-144-Research,Ref-144-Research
shared_semantic_recoding_50_percent,leave_one_publication_out,False,Elastic Net,held_out_publication,43,144.0,128.17298285034735,15.827017149652647,15.827017149652647,250.494471855399,1779,1779,,shared_semantic_dataset,,Ref-144-Research,Ref-144-Research
shared_semantic_recoding_50_percent,leave_one_publication_out,False,Elastic Net,held_out_publication,44,166.0,143.34493137493672,22.65506862506328,22.65506862506328,513.2521344063266,1780,1780,,shared_semantic_dataset,,Ref-144-Research,Ref-144-Research
shared_semantic_recoding_50_percent,leave_one_publication_out,False,Elastic Net,held_out_publication,45,143.0,128.5137357541456,14.486264245854386,14.486264245854386,209.85185180071915,1781,1781,,shared_semantic_dataset,,Ref-144-Research,Ref-144-Research
shared_semantic_recoding_50_percent,leave_one_publication_out,False,Elastic Net,held_out_publication,46,93.0,123.30693776213786,-30.306937762137864,30.306937762137864,918.510476518098,1782,1782,,shared_semantic_dataset,,Ref-144-Research,Ref-144-Research
shared_semantic_recoding_50_percent,leave_one_publication_out,False,Elastic Net,held_out_publication,47,194.0,142.83664980573528,51.16335019426472,51.16335019426472,2617.688403100968,1783,1783,,shared_semantic_dataset,,Ref-144-Research,Ref-144-Research
shared_semantic_recoding_50_percent,leave_one_publication_out,False,Elastic Net,held_out_publication,48,185.0,147.44567540081496,37.55432459918504,37.55432459918504,1410.3272961009543,1784,1784,,shared_semantic_dataset,,Ref-144-Research,Ref-144-Research
shared_semantic_recoding_50_percent,leave_one_publication_out,False,Elastic Net,held_out_publication,49,174.0,143.34493137493672,30.65506862506328,30.65506862506328,939.7332324073391,1785,1785,,shared_semantic_dataset,,Ref-144-Research,Ref-144-Research
shared_semantic_recoding_50_percent,leave_one_publication_out,False,Elastic Net,held_out_publication,50,147.0,139.39287424971306,7.60712575028694,7.60712575028694,57.86836218067864,1786,1786,,shared_semantic_dataset,,Ref-144-Research,Ref-144-Research
shared_semantic_recoding_50_percent,leave_one_publication_out,False,Elastic Net,held_out_publication,51,114.0,129.8098490179303,-15.809849017930304,15.809849017930304,249.9513259697518,1787,1787,,shared_semantic_dataset,,Ref-144-Research,Ref-144-Research
shared_semantic_recoding_50_percent,leave_one_publication_out,False,Elastic Net,held_out_publication,52,196.0,145.62743132328,50.37256867671999,50.37256867671999,2537.3956750908724,1788,1788,,shared_semantic_dataset,,Ref-144-Research,Ref-144-Research
shared_semantic_recoding_50_percent,leave_one_publication_out,False,Elastic Net,held_out_publication,53,201.0,157.424382833436,43.575617166564,43.575617166564,1898.8344114469473,1789,1789,,shared_semantic_dataset,,Ref-144-Research,Ref-144-Research
shared_semantic_recoding_50_percent,leave_one_publication_out,False,Elastic Net,held_out_publication,54,173.0,146.42846169558433,26.571538304415668,26.571538304415668,706.0466478630291,1790,1790,,shared_semantic_dataset,,Ref-144-Research,Ref-144-Research
shared_semantic_recoding_50_percent,leave_one_publication_out,False,Elastic Net,held_out_publication,55,178.0,143.8218476744049,34.17815232559511,34.17815232559511,1168.1460963915822,1791,1791,,shared_semantic_dataset,,Ref-144-Research,Ref-144-Research
shared_semantic_recoding_50_percent,leave_one_publication_out,False,Elastic Net,held_out_publication,56,159.0,142.78997426640925,16.210025733590754,16.210025733590754,262.76493428367445,1792,1792,,shared_semantic_dataset,,Ref-144-Research,Ref-144-Research
shared_semantic_recoding_50_percent,leave_one_publication_out,False,Elastic Net,held_out_publication,57,171.0,157.424382833436,13.575617166564001,13.575617166564001,184.2973814531072,1793,1793,,shared_semantic_dataset,,Ref-144-Research,Ref-144-Research
shared_semantic_recoding_50_percent,leave_one_publication_out,False,Elastic Net,held_out_publication,58,165.0,145.28665482366773,19.71334517633227,19.71334517633227,388.6159780412227,1794,1794,,shared_semantic_dataset,,Ref-144-Research,Ref-144-Research
shared_semantic_recoding_50_percent,leave_one_publication_out,False,Elastic Net,held_out_publication,59,173.0,142.68549032135076,30.314509678649245,30.314509678649245,918.9694970569187,1795,1795,,shared_semantic_dataset,,Ref-144-Research,Ref-144-Research
shared_semantic_recoding_50_percent,leave_one_publication_out,False,Elastic Net,held_out_publication,60,208.0,157.96717465929717,50.03282534070283,50.03282534070283,2503.2836115732753,1796,1796,,shared_semantic_dataset,,Ref-144-Research,Ref-144-Research
shared_semantic_recoding_50_percent,leave_one_publication_out,False,Elastic Net,held_out_publication,61,104.0,139.60865672961495,-35.60865672961495,35.60865672961495,1267.976434087552,1797,1797,,shared_semantic_dataset,,Ref-144-Research,Ref-144-Research
shared_semantic_recoding_50_percent,leave_one_publication_out,False,Elastic Net,held_out_publication,62,175.0,146.11603697278122,28.883963027218783,28.883963027218783,834.2833201577416,1798,1798,,shared_semantic_dataset,,Ref-144-Research,Ref-144-Research
shared_semantic_recoding_50_percent,leave_one_publication_out,False,Elastic Net,held_out_publication,63,149.0,145.20131263164703,3.7986873683529723,3.7986873683529723,14.43002572248443,1799,1799,,shared_semantic_dataset,,Ref-144-Research,Ref-144-Research
shared_semantic_recoding_50_percent,leave_one_publication_out,False,Elastic Net,held_out_publication,64,140.0,146.90977052304615,-6.909770523046149,6.909770523046149,47.74492868115745,1800,1800,,shared_semantic_dataset,,Ref-144-Research,Ref-144-Research
shared_semantic_recoding_50_percent,leave_one_publication_out,False,Elastic Net,held_out_publication,65,132.0,143.4844831712976,-11.484483171297597,11.484483171297597,131.89335371181772,1801,1801,,shared_semantic_dataset,,Ref-144-Research,Ref-144-Research
shared_semantic_recoding_50_percent,leave_one_publication_out,False,Elastic Net,held_out_publication,66,152.0,142.80452430098703,9.195475699012974,9.195475699012974,84.55677333113815,1802,1802,,shared_semantic_dataset,,Ref-144-Research,Ref-144-Research
shared_semantic_recoding_50_percent,leave_one_publication_out,False,Elastic Net,held_out_publication,67,149.0,144.36881821326514,4.631181786734857,4.631181786734857,21.44784474178466,1803,1803,,shared_semantic_dataset,,Ref-144-Research,Ref-144-Research
shared_semantic_recoding_50_percent,leave_one_publication_out,False,Elastic Net,held_out_publication,68,138.0,143.37488768286548,-5.374887682865477,5.374887682865477,28.88941760341902,1804,1804,,shared_semantic_dataset,,Ref-144-Research,Ref-144-Research
shared_semantic_recoding_50_percent,leave_one_publication_out,False,Elastic Net,held_out_publication,69,211.0,160.43895102437085,50.56104897562915,50.56104897562915,2556.4196735159694,1805,1805,,shared_semantic_dataset,,Ref-144-Research,Ref-144-Research
shared_semantic_recoding_50_percent,leave_one_publication_out,False,Elastic Net,held_out_publication,70,166.0,147.94724120621257,18.052758793787433,18.052758793787433,325.9021000666695,1806,1806,,shared_semantic_dataset,,Ref-144-Research,Ref-144-Research
shared_semantic_recoding_50_percent,leave_one_publication_out,False,Elastic Net,held_out_publication,71,174.0,147.94724120621257,26.052758793787433,26.052758793787433,678.7462407672684,1807,1807,,shared_semantic_dataset,,Ref-144-Research,Ref-144-Research
shared_semantic_recoding_50_percent,leave_one_publication_out,False,Elastic Net,held_out_publication,72,179.0,146.69312067938552,32.306879320614485,32.306879320614485,1043.7344514367478,1808,1808,,shared_semantic_dataset,,Ref-144-Research,Ref-144-Research
shared_semantic_recoding_50_percent,leave_one_publication_out,False,Elastic Net,held_out_publication,73,156.0,144.74386299780656,11.25613700219344,11.25613700219344,126.70062021214834,1809,1809,,shared_semantic_dataset,,Ref-144-Research,Ref-144-Research
shared_semantic_recoding_50_percent,leave_one_publication_out,False,Elastic Net,held_out_publication,74,167.0,145.5968282091188,21.403171790881203,21.403171790881203,458.09576270997286,1810,1810,,shared_semantic_dataset,,Ref-144-Research,Ref-144-Research
shared_semantic_recoding_50_percent,leave_one_publication_out,False,Elastic Net,held_out_publication,75,180.0,156.0917600388864,23.908239961113594,23.908239961113594,571.603938038189,1811,1811,,shared_semantic_dataset,,Ref-144-Research,Ref-144-Research
shared_semantic_recoding_50_percent,leave_one_publication_out,False,Elastic Net,held_out_publication,76,135.0,145.22723294343984,-10.227232943439844,10.227232943439844,104.59629367938122,1812,1812,,shared_semantic_dataset,,Ref-144-Research,Ref-144-Research
shared_semantic_recoding_50_percent,leave_one_publication_out,False,Elastic Net,held_out_publication,77,195.0,160.94723259357232,34.05276740642768,34.05276740642768,1159.5909680362631,1813,1813,,shared_semantic_dataset,,Ref-144-Research,Ref-144-Research
shared_semantic_recoding_50_percent,leave_one_publication_out,False,Elastic Net,held_out_publication,78,156.0,144.36881821326514,11.631181786734857,11.631181786734857,135.28438975607264,1814,1814,,shared_semantic_dataset,,Ref-144-Research,Ref-144-Research
shared_semantic_recoding_50_percent,leave_one_publication_out,False,Elastic Net,held_out_publication,79,129.0,144.8109857342489,-15.810985734248902,15.810985734248902,249.9872698886223,1815,1815,,shared_semantic_dataset,,Ref-144-Research,Ref-144-Research
shared_semantic_recoding_50_percent,leave_one_publication_out,False,Elastic Net,held_out_publication,80,130.0,146.1115679854074,-16.11156798540739,16.11156798540739,259.5826229484044,1816,1816,,shared_semantic_dataset,,Ref-144-Research,Ref-144-Research
shared_semantic_recoding_50_percent,leave_one_publication_out,False,Elastic Net,held_out_publication,81,147.0,148.71273248772437,-1.7127324877243666,1.7127324877243666,2.9334525745064974,1817,1817,,shared_semantic_dataset,,Ref-144-Research,Ref-144-Research
shared_semantic_recoding_50_percent,leave_one_publication_out,False,Elastic Net,held_out_publication,82,159.0,147.63082798959093,11.369172010409073,11.369172010409073,129.2580722022691,1818,1818,,shared_semantic_dataset,,Ref-144-Research,Ref-144-Research
shared_semantic_recoding_50_percent,leave_one_publication_out,False,Elastic Net,held_out_publication,83,120.0,142.20982123193193,-22.209821231931926,22.209821231931926,493.27615915437417,1819,1819,,shared_semantic_dataset,,Ref-144-Research,Ref-144-Research
shared_semantic_recoding_50_percent,leave_one_publication_out,False,Elastic Net,held_out_publication,84,163.0,157.424382833436,5.575617166564001,5.575617166564001,31.08750678808318,1820,1820,,shared_semantic_dataset,,Ref-144-Research,Ref-144-Research
shared_semantic_recoding_50_percent,leave_one_publication_out,False,Elastic Net,held_out_publication,85,177.0,147.39276003031836,29.607239969681643,29.607239969681643,876.5886586223143,1821,1821,,shared_semantic_dataset,,Ref-144-Research,Ref-144-Research
shared_semantic_recoding_50_percent,leave_one_publication_out,False,Elastic Net,held_out_publication,86,169.0,144.76500450347274,24.23499549652726,24.23499549652726,587.3350067166966,1822,1822,,shared_semantic_dataset,,Ref-144-Research,Ref-144-Research
shared_semantic_recoding_50_percent,leave_one_publication_out,False,Elastic Net,held_out_publication,87,164.0,145.24691342406211,18.753086575937886,18.753086575937886,351.6782561246217,1823,1823,,shared_semantic_dataset,,Ref-144-Research,Ref-144-Research
shared_semantic_recoding_50_percent,leave_one_publication_out,False,Elastic Net,held_out_publication,88,210.0,160.65069007675348,49.34930992324652,49.34930992324652,2435.3543899006377,1824,1824,,shared_semantic_dataset,,Ref-144-Research,Ref-144-Research
shared_semantic_recoding_50_percent,leave_one_publication_out,False,Elastic Net,held_out_publication,89,162.0,144.76500450347274,17.23499549652726,17.23499549652726,297.04506976531496,1825,1825,,shared_semantic_dataset,,Ref-144-Research,Ref-144-Research
shared_semantic_recoding_50_percent,leave_one_publication_out,False,Elastic Net,held_out_publication,90,175.0,157.96717465929717,17.03282534070283,17.03282534070283,290.1171390868884,1826,1826,,shared_semantic_dataset,,Ref-144-Research,Ref-144-Research
shared_semantic_recoding_50_percent,leave_one_publication_out,False,Elastic Net,held_out_publication,91,165.0,147.63082798959093,17.369172010409073,17.369172010409073,301.688136327178,1827,1827,,shared_semantic_dataset,,Ref-144-Research,Ref-144-Research
shared_semantic_recoding_50_percent,leave_one_publication_out,False,Elastic Net,held_out_publication,92,185.0,156.0917600388864,28.908239961113594,28.908239961113594,835.6863376493249,1828,1828,,shared_semantic_dataset,,Ref-144-Research,Ref-144-Research
shared_semantic_recoding_50_percent,leave_one_publication_out,False,Elastic Net,held_out_publication,93,181.0,145.4986122519669,35.501387748033096,35.501387748033096,1260.3485320361945,1829,1829,,shared_semantic_dataset,,Ref-144-Research,Ref-144-Research
shared_semantic_recoding_50_percent,leave_one_publication_out,False,Elastic Net,held_out_publication,94,159.0,145.7288223446515,13.27117765534851,13.27117765534851,176.12415635982157,1830,1830,,shared_semantic_dataset,,Ref-144-Research,Ref-144-Research
shared_semantic_recoding_50_percent,leave_one_publication_out,False,Elastic Net,held_out_publication,95,229.0,161.98331287130307,67.01668712869693,67.01668712869693,4491.236353705653,1831,1831,,shared_semantic_dataset,,Ref-144-Research,Ref-144-Research
shared_semantic_recoding_50_percent,leave_one_publication_out,False,Elastic Net,held_out_publication,96,168.0,145.77528406898296,22.224715931017045,22.224715931017045,493.9379982144028,1832,1832,,shared_semantic_dataset,,Ref-144-Research,Ref-144-Research
shared_semantic_recoding_50_percent,leave_one_publication_out,False,Elastic Net,held_out_publication,97,195.0,160.94723259357232,34.05276740642768,34.05276740642768,1159.5909680362631,1833,1833,,shared_semantic_dataset,,Ref-144-Research,Ref-144-Research
shared_semantic_recoding_50_percent,leave_one_publication_out,False,Elastic Net,held_out_publication,98,167.0,146.11603697278122,20.883963027218783,20.883963027218783,436.13991172224115,1834,1834,,shared_semantic_dataset,,Ref-144-Research,Ref-144-Research
shared_semantic_recoding_50_percent,leave_one_publication_out,False,Elastic Net,held_out_publication,99,117.0,140.90923898077344,-23.909238980773438,23.909238980773438,571.6517086397361,1835,1835,,shared_semantic_dataset,,Ref-144-Research,Ref-144-Research
shared_semantic_recoding_50_percent,leave_one_publication_out,False,Elastic Net,held_out_publication,100,223.0,160.43895102437085,62.56104897562915,62.56104897562915,3913.884848931069,1836,1836,,shared_semantic_dataset,,Ref-144-Research,Ref-144-Research
shared_semantic_recoding_50_percent,leave_one_publication_out,False,Elastic Net,held_out_publication,101,214.0,165.04797661945054,48.95202338054946,48.95202338054946,2396.300593049861,1837,1837,,shared_semantic_dataset,,Ref-144-Research,Ref-144-Research
shared_semantic_recoding_50_percent,leave_one_publication_out,False,Elastic Net,held_out_publication,102,203.0,160.94723259357232,42.05276740642768,42.05276740642768,1768.435246539106,1838,1838,,shared_semantic_dataset,,Ref-144-Research,Ref-144-Research
shared_semantic_recoding_50_percent,leave_one_publication_out,False,Elastic Net,held_out_publication,103,176.0,156.99517546834863,19.004824531651366,19.004824531651366,361.18335547885755,1839,1839,,shared_semantic_dataset,,Ref-144-Research,Ref-144-Research
shared_semantic_recoding_50_percent,leave_one_publication_out,False,Elastic Net,held_out_publication,104,138.0,147.41215023656588,-9.412150236565878,9.412150236565878,88.58857207568713,1840,1840,,shared_semantic_dataset,,Ref-144-Research,Ref-144-Research
shared_semantic_recoding_50_percent,leave_one_publication_out,False,Elastic Net,held_out_publication,105,225.0,163.2297325419156,61.77026745808439,61.77026745808439,3815.5659418432792,1841,1841,,shared_semantic_dataset,,Ref-144-Research,Ref-144-Research
shared_semantic_recoding_50_percent,leave_one_publication_out,False,Elastic Net,held_out_publication,106,156.0,148.08388066997958,7.916119330020422,7.916119330020422,62.66494524712297,1842,1842,,shared_semantic_dataset,,Ref-144-Research,Ref-144-Research
shared_semantic_recoding_50_percent,leave_one_publication_out,False,Elastic Net,held_out_publication,107,150.0,145.4416420107321,4.558357989267904,4.558357989267904,20.77862755832253,1843,1843,,shared_semantic_dataset,,Ref-144-Research,Ref-144-Research
shared_semantic_recoding_50_percent,leave_one_publication_out,False,Elastic Net,held_out_publication,108,151.0,145.40708512702082,5.592914872979179,5.592914872979179,31.280696776391707,1844,1844,,shared_semantic_dataset,,Ref-144-Research,Ref-144-Research
shared_semantic_recoding_50_percent,leave_one_publication_out,False,Elastic Net,held_out_publication,109,210.0,165.68618188861515,44.31381811138485,44.31381811138485,1963.7144756088996,1845,1845,,shared_semantic_dataset,,Ref-144-Research,Ref-144-Research
shared_semantic_recoding_50_percent,leave_one_publication_out,False,Elastic Net,held_out_publication,110,205.0,163.0439432293677,41.9560567706323,41.9560567706323,1760.3106997405205,1846,1846,,shared_semantic_dataset,,Ref-144-Research,Ref-144-Research
shared_semantic_recoding_50_percent,leave_one_publication_out,False,Elastic Net,held_out_publication,111,193.0,163.0093863456564,29.990613654343605,29.990613654343605,899.4369073641011,1847,1847,,shared_semantic_dataset,,Ref-144-Research,Ref-144-Research
shared_semantic_recoding_50_percent,leave_one_publication_out,False,Elastic Net,held_out_publication,0,159.0,198.20963506229424,-39.20963506229424,39.20963506229424,1537.3954817182937,1342,1342,,shared_semantic_dataset,,Ref-121-Research,Ref-121-Research
shared_semantic_recoding_50_percent,leave_one_publication_out,False,Elastic Net,held_out_publication,1,173.0,176.30521088961885,-3.3052108896188486,3.3052108896188486,10.92441902485502,1343,1343,,shared_semantic_dataset,,Ref-121-Research,Ref-121-Research
shared_semantic_recoding_50_percent,leave_one_publication_out,False,Elastic Net,held_out_publication,2,159.0,183.04487447883113,-24.044874478831133,24.044874478831133,578.1559887027447,1344,1344,,shared_semantic_dataset,,Ref-121-Research,Ref-121-Research
shared_semantic_recoding_50_percent,leave_one_publication_out,False,Elastic Net,held_out_publication,3,150.0,201.3693148046783,-51.36931480467831,51.36931480467831,2638.8065035021423,1345,1345,,shared_semantic_dataset,,Ref-121-Research,Ref-121-Research
shared_semantic_recoding_50_percent,leave_one_publication_out,False,Elastic Net,held_out_publication,4,134.0,187.26617227134,-53.26617227134,53.26617227134,2837.28510844007,1346,1346,,shared_semantic_dataset,,Ref-121-Research,Ref-121-Research
shared_semantic_recoding_50_percent,leave_one_publication_out,False,Elastic Net,held_out_publication,5,139.0,205.75350506162215,-66.75350506162215,66.75350506162215,4456.030438012014,1347,1347,,shared_semantic_dataset,,Ref-121-Research,Ref-121-Research
shared_semantic_recoding_50_percent,leave_one_publication_out,False,Elastic Net,held_out_publication,6,132.0,212.09842265921608,-80.09842265921608,80.09842265921608,6415.75731249442,1348,1348,,shared_semantic_dataset,,Ref-121-Research,Ref-121-Research
shared_semantic_recoding_50_percent,leave_one_publication_out,False,Elastic Net,held_out_publication,7,132.0,190.93028137341105,-58.93028137341105,58.93028137341105,3472.778062749397,1349,1349,,shared_semantic_dataset,,Ref-121-Research,Ref-121-Research
shared_semantic_recoding_50_percent,leave_one_publication_out,False,Elastic Net,held_out_publication,8,141.0,169.8318348561023,-28.83183485610229,28.83183485610229,831.274701169555,1350,1350,,shared_semantic_dataset,,Ref-121-Research,Ref-121-Research
shared_semantic_recoding_50_percent,leave_one_publication_out,False,Elastic Net,held_out_publication,9,133.0,187.36972477988775,-54.36972477988775,54.36972477988775,2956.0669726407396,1351,1351,,shared_semantic_dataset,,Ref-121-Research,Ref-121-Research
shared_semantic_recoding_50_percent,leave_one_publication_out,False,Elastic Net,held_out_publication,10,149.0,194.30357335509677,-45.30357335509677,45.30357335509677,2052.4137587406344,1352,1352,,shared_semantic_dataset,,Ref-121-Research,Ref-121-Research
shared_semantic_recoding_50_percent,leave_one_publication_out,False,Elastic Net,held_out_publication,11,142.0,173.67742693841546,-31.677426938415465,31.677426938415465,1003.4593774386498,1353,1353,,shared_semantic_dataset,,Ref-121-Research,Ref-121-Research
shared_semantic_recoding_50_percent,leave_one_publication_out,False,Elastic Net,held_out_publication,12,123.0,197.98554267842465,-74.98554267842465,74.98554267842465,5622.831610777845,1354,1354,,shared_semantic_dataset,,Ref-121-Research,Ref-121-Research
shared_semantic_recoding_50_percent,leave_one_publication_out,False,Elastic Net,held_out_publication,13,116.0,177.4762482276913,-61.476248227691286,61.476248227691286,3779.329096152716,1355,1355,,shared_semantic_dataset,,Ref-121-Research,Ref-121-Research
shared_semantic_recoding_50_percent,leave_one_publication_out,False,Elastic Net,held_out_publication,14,131.0,183.92182548843084,-52.92182548843084,52.92182548843084,2800.719613027928,1356,1356,,shared_semantic_dataset,,Ref-121-Research,Ref-121-Research
shared_semantic_recoding_50_percent,leave_one_publication_out,False,Elastic Net,held_out_publication,15,110.0,199.30088458332747,-89.30088458332747,89.30088458332747,7974.647987364774,1357,1357,,shared_semantic_dataset,,Ref-121-Research,Ref-121-Research
shared_semantic_recoding_50_percent,leave_one_publication_out,False,Elastic Net,held_out_publication,16,149.0,189.88209678705076,-40.882096787050756,40.882096787050756,1671.3458377057857,1358,1358,,shared_semantic_dataset,,Ref-121-Research,Ref-121-Research
shared_semantic_recoding_50_percent,leave_one_publication_out,False,Elastic Net,held_out_publication,17,149.0,189.88209678705076,-40.882096787050756,40.882096787050756,1671.3458377057857,1359,1359,,shared_semantic_dataset,,Ref-121-Research,Ref-121-Research
shared_semantic_recoding_50_percent,leave_one_publication_out,False,Elastic Net,held_out_publication,18,146.0,189.88209678705076,-43.882096787050756,43.882096787050756,1925.6384184280903,1360,1360,,shared_semantic_dataset,,Ref-121-Research,Ref-121-Research
shared_semantic_recoding_50_percent,leave_one_publication_out,False,Elastic Net,held_out_publication,19,149.0,179.49426761986783,-30.494267619867827,30.494267619867827,929.9003576721194,1361,1361,,shared_semantic_dataset,,Ref-121-Research,Ref-121-Research
shared_semantic_recoding_50_percent,leave_one_publication_out,False,Elastic Net,held_out_publication,20,146.0,184.5081498382703,-38.5081498382703,38.5081498382703,1482.8776039666768,1362,1362,,shared_semantic_dataset,,Ref-121-Research,Ref-121-Research
shared_semantic_recoding_50_percent,leave_one_publication_out,False,Elastic Net,held_out_publication,21,131.0,179.49426761986783,-48.49426761986783,48.49426761986783,2351.693991987361,1363,1363,,shared_semantic_dataset,,Ref-121-Research,Ref-121-Research
shared_semantic_recoding_50_percent,leave_one_publication_out,False,Elastic Net,held_out_publication,22,142.0,168.32730267837707,-26.327302678377066,26.327302678377066,693.1268663188803,1364,1364,,shared_semantic_dataset,,Ref-121-Research,Ref-121-Research
shared_semantic_recoding_50_percent,leave_one_publication_out,False,Elastic Net,held_out_publication,23,130.0,181.68172162551318,-51.68172162551318,51.68172162551318,2671.0003501770366,1365,1365,,shared_semantic_dataset,,Ref-121-Research,Ref-121-Research
shared_semantic_recoding_50_percent,leave_one_publication_out,False,Elastic Net,held_out_publication,24,136.0,165.3772703490205,-29.377270349020506,29.377270349020506,863.0240131594394,1366,1366,,shared_semantic_dataset,,Ref-121-Research,Ref-121-Research
shared_semantic_recoding_50_percent,leave_one_publication_out,False,Elastic Net,held_out_publication,25,160.0,157.7111742064288,2.288825793571192,2.288825793571192,5.238723513316796,1367,1367,,shared_semantic_dataset,,Ref-121-Research,Ref-121-Research
shared_semantic_recoding_50_percent,leave_one_publication_out,False,Elastic Net,held_out_publication,26,156.0,165.07540987163188,-9.075409871631877,9.075409871631877,82.36306433811332,1368,1368,,shared_semantic_dataset,,Ref-121-Research,Ref-121-Research
shared_semantic_recoding_50_percent,leave_one_publication_out,False,Elastic Net,held_out_publication,27,138.0,168.407912587078,-30.407912587077988,30.407912587077988,924.6411479033759,1369,1369,,shared_semantic_dataset,,Ref-121-Research,Ref-121-Research
shared_semantic_recoding_50_percent,leave_one_publication_out,False,Elastic Net,held_out_publication,28,141.0,162.93370943775065,-21.93370943775065,21.93370943775065,481.08760969967193,1370,1370,,shared_semantic_dataset,,Ref-121-Research,Ref-121-Research
shared_semantic_recoding_50_percent,leave_one_publication_out,False,Elastic Net,held_out_publication,29,153.0,155.4048835745792,-2.404883574579202,2.404883574579202,5.78346500728084,1371,1371,,shared_semantic_dataset,,Ref-121-Research,Ref-121-Research
shared_semantic_recoding_50_percent,leave_one_publication_out,False,Elastic Net,held_out_publication,30,148.0,165.50381523665388,-17.503815236653878,17.503815236653878,306.38354783891646,1372,1372,,shared_semantic_dataset,,Ref-121-Research,Ref-121-Research
shared_semantic_recoding_50_percent,leave_one_publication_out,False,Elastic Net,held_out_publication,31,162.0,159.79152276556152,2.208477234438476,2.208477234438476,4.877371695033019,1373,1373,,shared_semantic_dataset,,Ref-121-Research,Ref-121-Research
shared_semantic_recoding_50_percent,leave_one_publication_out,False,Elastic Net,held_out_publication,32,171.0,159.66265056257396,11.337349437426042,11.337349437426042,128.53549226630457,1374,1374,,shared_semantic_dataset,,Ref-121-Research,Ref-121-Research
shared_semantic_recoding_50_percent,leave_one_publication_out,False,Elastic Net,held_out_publication,33,177.0,159.44406390361658,17.55593609638342,17.55593609638342,308.2108922202983,1375,1375,,shared_semantic_dataset,,Ref-121-Research,Ref-121-Research
shared_semantic_recoding_50_percent,leave_one_publication_out,False,Elastic Net,held_out_publication,34,152.0,159.44406390361658,-7.4440639036165805,7.4440639036165805,55.414087401127325,1376,1376,,shared_semantic_dataset,,Ref-121-Research,Ref-121-Research
shared_semantic_recoding_50_percent,leave_one_publication_out,False,Elastic Net,held_out_publication,35,136.0,159.44406390361658,-23.44406390361658,23.44406390361658,549.6241323168579,1377,1377,,shared_semantic_dataset,,Ref-121-Research,Ref-121-Research
shared_semantic_recoding_50_percent,leave_one_publication_out,False,Elastic Net,held_out_publication,36,138.0,159.44406390361658,-21.44406390361658,21.44406390361658,459.8478767023916,1378,1378,,shared_semantic_dataset,,Ref-121-Research,Ref-121-Research
shared_semantic_recoding_50_percent,leave_one_publication_out,False,Elastic Net,held_out_publication,37,208.0,214.84870346314716,-6.84870346314716,6.84870346314716,46.90473912612391,1379,1379,,shared_semantic_dataset,,Ref-121-Research,Ref-121-Research
shared_semantic_recoding_50_percent,leave_one_publication_out,False,Elastic Net,held_out_publication,38,213.0,192.94427929047177,20.05572070952823,20.05572070952823,402.23193317859955,1380,1380,,shared_semantic_dataset,,Ref-121-Research,Ref-121-Research
shared_semantic_recoding_50_percent,leave_one_publication_out,False,Elastic Net,held_out_publication,39,225.0,199.68394287968405,25.316057120315946,25.316057120315946,640.9027481190997,1381,1381,,shared_semantic_dataset,,Ref-121-Research,Ref-121-Research
shared_semantic_recoding_50_percent,leave_one_publication_out,False,Elastic Net,held_out_publication,40,197.0,218.00838320553123,-21.00838320553123,21.00838320553123,441.3521649104467,1382,1382,,shared_semantic_dataset,,Ref-121-Research,Ref-121-Research
shared_semantic_recoding_50_percent,leave_one_publication_out,False,Elastic Net,held_out_publication,41,187.0,203.90524067219292,-16.905240672192917,16.905240672192917,285.78716218476563,1383,1383,,shared_semantic_dataset,,Ref-121-Research,Ref-121-Research
shared_semantic_recoding_50_percent,leave_one_publication_out,False,Elastic Net,held_out_publication,42,188.0,222.39257346247507,-34.39257346247507,34.39257346247507,1182.8491093717444,1384,1384,,shared_semantic_dataset,,Ref-121-Research,Ref-121-Research
shared_semantic_recoding_50_percent,leave_one_publication_out,False,Elastic Net,held_out_publication,43,195.0,228.73749106006903,-33.73749106006903,33.73749106006903,1138.2183030282379,1385,1385,,shared_semantic_dataset,,Ref-121-Research,Ref-121-Research
shared_semantic_recoding_50_percent,leave_one_publication_out,False,Elastic Net,held_out_publication,44,179.0,207.56934977426397,-28.56934977426397,28.56934977426397,816.2077465242368,1386,1386,,shared_semantic_dataset,,Ref-121-Research,Ref-121-Research
shared_semantic_recoding_50_percent,leave_one_publication_out,False,Elastic Net,held_out_publication,45,174.0,186.4709032569552,-12.47090325695521,12.47090325695521,155.52342804433607,1387,1387,,shared_semantic_dataset,,Ref-121-Research,Ref-121-Research
shared_semantic_recoding_50_percent,leave_one_publication_out,False,Elastic Net,held_out_publication,46,168.0,204.00879318074067,-36.00879318074067,36.00879318074067,1296.6331863333555,1388,1388,,shared_semantic_dataset,,Ref-121-Research,Ref-121-Research
shared_semantic_recoding_50_percent,leave_one_publication_out,False,Elastic Net,held_out_publication,47,192.0,210.9426417559497,-18.942641755949694,18.942641755949694,358.8236766942489,1389,1389,,shared_semantic_dataset,,Ref-121-Research,Ref-121-Research
shared_semantic_recoding_50_percent,leave_one_publication_out,False,Elastic Net,held_out_publication,48,187.0,190.31649533926839,-3.3164953392683856,3.3164953392683856,10.999141335388924,1390,1390,,shared_semantic_dataset,,Ref-121-Research,Ref-121-Research
shared_semantic_recoding_50_percent,leave_one_publication_out,False,Elastic Net,held_out_publication,49,165.0,214.62461107927754,-49.62461107927754,49.62461107927754,2462.6020247695556,1391,1391,,shared_semantic_dataset,,Ref-121-Research,Ref-121-Research
shared_semantic_recoding_50_percent,leave_one_publication_out,False,Elastic Net,held_out_publication,50,163.0,194.1153166285442,-31.115316628544207,31.115316628544207,968.1629288945596,1392,1392,,shared_semantic_dataset,,Ref-121-Research,Ref-121-Research
shared_semantic_recoding_50_percent,leave_one_publication_out,False,Elastic Net,held_out_publication,51,185.0,200.56089388928376,-15.560893889283761,15.560893889283761,242.1414186335487,1393,1393,,shared_semantic_dataset,,Ref-121-Research,Ref-121-Research
shared_semantic_recoding_50_percent,leave_one_publication_out,False,Elastic Net,held_out_publication,52,158.0,215.93995298418037,-57.939952984180366,57.939952984180366,3357.038151809031,1394,1394,,shared_semantic_dataset,,Ref-121-Research,Ref-121-Research
shared_semantic_recoding_50_percent,leave_one_publication_out,False,Elastic Net,held_out_publication,53,200.0,206.52116518790368,-6.5211651879036765,6.5211651879036765,42.525595407926794,1395,1395,,shared_semantic_dataset,,Ref-121-Research,Ref-121-Research
shared_semantic_recoding_50_percent,leave_one_publication_out,False,Elastic Net,held_out_publication,54,198.0,206.52116518790368,-8.521165187903676,8.521165187903676,72.61025615954149,1396,1396,,shared_semantic_dataset,,Ref-121-Research,Ref-121-Research
shared_semantic_recoding_50_percent,leave_one_publication_out,False,Elastic Net,held_out_publication,55,201.0,206.52116518790368,-5.5211651879036765,5.5211651879036765,30.48326503211944,1397,1397,,shared_semantic_dataset,,Ref-121-Research,Ref-121-Research
shared_semantic_recoding_50_percent,leave_one_publication_out,False,Elastic Net,held_out_publication,56,198.0,196.13333602072075,1.8666639792792523,1.8666639792792523,3.4844344115386527,1398,1398,,shared_semantic_dataset,,Ref-121-Research,Ref-121-Research
shared_semantic_recoding_50_percent,leave_one_publication_out,False,Elastic Net,held_out_publication,57,201.0,201.14721823912322,-0.14721823912321952,0.14721823912321952,0.02167320993054144,1399,1399,,shared_semantic_dataset,,Ref-121-Research,Ref-121-Research
shared_semantic_recoding_50_percent,leave_one_publication_out,False,Elastic Net,held_out_publication,58,183.0,196.13333602072075,-13.133336020720748,13.133336020720748,172.48451503316107,1400,1400,,shared_semantic_dataset,,Ref-121-Research,Ref-121-Research
shared_semantic_recoding_50_percent,leave_one_publication_out,False,Elastic Net,held_out_publication,59,193.0,184.96637107923,8.033628920770013,8.033628920770013,64.53919363663238,1401,1401,,shared_semantic_dataset,,Ref-121-Research,Ref-121-Research
shared_semantic_recoding_50_percent,leave_one_publication_out,False,Elastic Net,held_out_publication,60,187.0,198.3207900263661,-11.320790026366097,11.320790026366097,128.16028682107012,1402,1402,,shared_semantic_dataset,,Ref-121-Research,Ref-121-Research
shared_semantic_recoding_50_percent,leave_one_publication_out,False,Elastic Net,held_out_publication,61,181.0,182.01633874987343,-1.0163387498734267,1.0163387498734267,1.0329444544942796,1403,1403,,shared_semantic_dataset,,Ref-121-Research,Ref-121-Research
shared_semantic_recoding_50_percent,leave_one_publication_out,False,Elastic Net,held_out_publication,62,211.0,174.35024260728173,36.64975739271827,36.64975739271827,1343.2047169451075,1404,1404,,shared_semantic_dataset,,Ref-121-Research,Ref-121-Research
shared_semantic_recoding_50_percent,leave_one_publication_out,False,Elastic Net,held_out_publication,63,208.0,181.7144782724848,26.285521727515203,26.285521727515203,690.9286524876738,1405,1405,,shared_semantic_dataset,,Ref-121-Research,Ref-121-Research
shared_semantic_recoding_50_percent,leave_one_publication_out,False,Elastic Net,held_out_publication,64,182.0,185.04698098793088,-3.04698098793088,3.04698098793088,9.28409314081224,1406,1406,,shared_semantic_dataset,,Ref-121-Research,Ref-121-Research
shared_semantic_recoding_50_percent,leave_one_publication_out,False,Elastic Net,held_out_publication,65,190.0,179.57277783860357,10.427222161396429,10.427222161396429,108.72696200311682,1407,1407,,shared_semantic_dataset,,Ref-121-Research,Ref-121-Research
shared_semantic_recoding_50_percent,leave_one_publication_out,False,Elastic Net,held_out_publication,66,192.0,172.04395197543212,19.956048024567878,19.956048024567878,398.2438527588595,1408,1408,,shared_semantic_dataset,,Ref-121-Research,Ref-121-Research
shared_semantic_recoding_50_percent,leave_one_publication_out,False,Elastic Net,held_out_publication,67,194.0,182.1428836375068,11.857116362493201,11.857116362493201,140.591208433704,1409,1409,,shared_semantic_dataset,,Ref-121-Research,Ref-121-Research
shared_semantic_recoding_50_percent,leave_one_publication_out,False,Elastic Net,held_out_publication,68,199.0,176.43059116641444,22.569408833585555,22.569408833585555,509.3782150975297,1410,1410,,shared_semantic_dataset,,Ref-121-Research,Ref-121-Research
shared_semantic_recoding_50_percent,leave_one_publication_out,False,Elastic Net,held_out_publication,69,222.0,176.30171896342688,45.69828103657312,45.69828103657312,2088.3328896976186,1411,1411,,shared_semantic_dataset,,Ref-121-Research,Ref-121-Research
shared_semantic_recoding_50_percent,leave_one_publication_out,False,Elastic Net,held_out_publication,70,200.0,176.08313230446947,23.916867695530527,23.916867695530527,572.0165603655117,1412,1412,,shared_semantic_dataset,,Ref-121-Research,Ref-121-Research
shared_semantic_recoding_50_percent,leave_one_publication_out,False,Elastic Net,held_out_publication,71,193.0,176.08313230446947,16.916867695530527,16.916867695530527,286.18041262808435,1413,1413,,shared_semantic_dataset,,Ref-121-Research,Ref-121-Research
shared_semantic_recoding_50_percent,leave_one_publication_out,False,Elastic Net,held_out_publication,72,190.0,176.08313230446947,13.916867695530527,13.916867695530527,193.67920645490116,1414,1414,,shared_semantic_dataset,,Ref-121-Research,Ref-121-Research
shared_semantic_recoding_50_percent,leave_one_publication_out,False,Elastic Net,held_out_publication,73,193.0,176.08313230446947,16.916867695530527,16.916867695530527,286.18041262808435,1415,1415,,shared_semantic_dataset,,Ref-121-Research,Ref-121-Research
shared_semantic_recoding_50_percent,leave_one_publication_out,False,Elastic Net,held_out_publication,74,147.0,148.6147968239488,-1.614796823948808,1.614796823948808,2.6075687826351577,1416,1416,,shared_semantic_dataset,,Ref-121-Research,Ref-121-Research
shared_semantic_recoding_50_percent,leave_one_publication_out,False,Elastic Net,held_out_publication,75,146.0,168.05891383370493,-22.058913833704935,22.058913833704935,486.59567952281895,1417,1417,,shared_semantic_dataset,,Ref-121-Research,Ref-121-Research
shared_semantic_recoding_50_percent,leave_one_publication_out,False,Elastic Net,held_out_publication,76,123.0,181.2898339304527,-58.28983393045269,58.28983393045269,3397.7047396397534,1418,1418,,shared_semantic_dataset,,Ref-121-Research,Ref-121-Research
shared_semantic_recoding_50_percent,leave_one_publication_out,False,Elastic Net,held_out_publication,77,127.0,156.7965757525325,-29.796575752532505,29.796575752532505,887.835926576408,1419,1419,,shared_semantic_dataset,,Ref-121-Research,Ref-121-Research
shared_semantic_recoding_50_percent,leave_one_publication_out,False,Elastic Net,held_out_publication,78,119.0,167.03522273132873,-48.03522273132873,48.03522273132873,2307.3826228483604,1420,1420,,shared_semantic_dataset,,Ref-121-Research,Ref-121-Research
shared_semantic_recoding_50_percent,leave_one_publication_out,False,Elastic Net,held_out_publication,79,111.0,177.14747196800306,-66.14747196800306,66.14747196800306,4375.488047757751,1421,1421,,shared_semantic_dataset,,Ref-121-Research,Ref-121-Research
shared_semantic_recoding_50_percent,leave_one_publication_out,False,Elastic Net,held_out_publication,0,125.6,145.0023871478175,-19.402387147817507,19.402387147817507,376.452627033794,1648,1648,,shared_semantic_dataset,,Ref-141-Research,Ref-141-Research
shared_semantic_recoding_50_percent,leave_one_publication_out,False,Elastic Net,held_out_publication,1,128.7,145.03546534028834,-16.33546534028835,16.33546534028835,266.847427883762,1649,1649,,shared_semantic_dataset,,Ref-141-Research,Ref-141-Research
shared_semantic_recoding_50_percent,leave_one_publication_out,False,Elastic Net,held_out_publication,2,130.3,145.06847193493996,-14.768471934939953,14.768471934939953,218.10776329310903,1650,1650,,shared_semantic_dataset,,Ref-141-Research,Ref-141-Research
shared_semantic_recoding_50_percent,leave_one_publication_out,False,Elastic Net,held_out_publication,3,129.4,145.1015501274108,-15.701550127410798,15.701550127410798,246.53867640359402,1651,1651,,shared_semantic_dataset,,Ref-141-Research,Ref-141-Research
shared_semantic_recoding_50_percent,leave_one_publication_out,False,Elastic Net,held_out_publication,4,130.6,145.13455672206243,-14.534556722062433,14.534556722062433,211.25333910685026,1652,1652,,shared_semantic_dataset,,Ref-141-Research,Ref-141-Research
shared_semantic_recoding_50_percent,leave_one_publication_out,False,Elastic Net,held_out_publication,5,121.4,143.59270176534588,-22.192701765345873,22.192701765345873,492.5160116455858,1653,1653,,shared_semantic_dataset,,Ref-141-Research,Ref-141-Research
shared_semantic_recoding_50_percent,leave_one_publication_out,False,Elastic Net,held_out_publication,6,124.6,143.62577995781672,-19.025779957816724,19.025779957816724,361.98030300326053,1654,1654,,shared_semantic_dataset,,Ref-141-Research,Ref-141-Research
shared_semantic_recoding_50_percent,leave_one_publication_out,False,Elastic Net,held_out_publication,7,126.5,143.65878655246834,-17.158786552468342,17.158786552468342,294.42395595316844,1655,1655,,shared_semantic_dataset,,Ref-141-Research,Ref-141-Research
shared_semantic_recoding_50_percent,leave_one_publication_out,False,Elastic Net,held_out_publication,8,126.0,143.69186474493918,-17.69186474493918,17.69186474493918,313.00207815322193,1656,1656,,shared_semantic_dataset,,Ref-141-Research,Ref-141-Research
shared_semantic_recoding_50_percent,leave_one_publication_out,False,Elastic Net,held_out_publication,9,125.7,143.7248713395908,-18.024871339590803,18.024871339590803,324.8959868088019,1657,1657,,shared_semantic_dataset,,Ref-141-Research,Ref-141-Research
shared_semantic_recoding_50_percent,leave_one_publication_out,False,Elastic Net,held_out_publication,10,125.6,145.0023871478175,-19.402387147817507,19.402387147817507,376.452627033794,1658,1658,,shared_semantic_dataset,,Ref-141-Research,Ref-141-Research
shared_semantic_recoding_50_percent,leave_one_publication_out,False,Elastic Net,held_out_publication,11,130.3,144.088191633959,-13.788191633959002,13.788191633959002,190.11422853477703,1659,1659,,shared_semantic_dataset,,Ref-141-Research,Ref-141-Research
shared_semantic_recoding_50_percent,leave_one_publication_out,False,Elastic Net,held_out_publication,12,134.7,143.1739961201005,-8.473996120100509,8.473996120100509,71.80861024347847,1660,1660,,shared_semantic_dataset,,Ref-141-Research,Ref-141-Research
shared_semantic_recoding_50_percent,leave_one_publication_out,False,Elastic Net,held_out_publication,13,138.2,142.259800606242,-4.059800606242021,4.059800606242021,16.48198096244308,1661,1661,,shared_semantic_dataset,,Ref-141-Research,Ref-141-Research
shared_semantic_recoding_50_percent,leave_one_publication_out,False,Elastic Net,held_out_publication,14,136.4,141.3456050923835,-4.945605092383488,4.945605092383488,24.459009729809488,1662,1662,,shared_semantic_dataset,,Ref-141-Research,Ref-141-Research
shared_semantic_recoding_50_percent,leave_one_publication_out,False,Elastic Net,held_out_publication,15,120.8,143.59270176534588,-22.792701765345882,22.792701765345882,519.5072537640012,1663,1663,,shared_semantic_dataset,,Ref-141-Research,Ref-141-Research
shared_semantic_recoding_50_percent,leave_one_publication_out,False,Elastic Net,held_out_publication,16,122.4,142.67850625148736,-20.278506251487357,20.278506251487357,411.2178157916118,1664,1664,,shared_semantic_dataset,,Ref-141-Research,Ref-141-Research
shared_semantic_recoding_50_percent,leave_one_publication_out,False,Elastic Net,held_out_publication,17,130.5,141.76431073762888,-11.264310737628875,11.264310737628875,126.88469639386118,1665,1665,,shared_semantic_dataset,,Ref-141-Research,Ref-141-Research
shared_semantic_recoding_50_percent,leave_one_publication_out,False,Elastic Net,held_out_publication,18,133.1,140.85011522377036,-7.750115223770365,7.750115223770365,60.06428598171718,1666,1666,,shared_semantic_dataset,,Ref-141-Research,Ref-141-Research
shared_semantic_recoding_50_percent,leave_one_publication_out,False,Elastic Net,held_out_publication,19,130.3,139.93591970991187,-9.63591970991186,9.63591970991186,92.85094865586787,1667,1667,,shared_semantic_dataset,,Ref-141-Research,Ref-141-Research
shared_semantic_recoding_50_percent,leave_one_publication_out,False,Elastic Net,held_out_publication,20,140.3,164.62762336129174,-24.327623361291728,24.327623361291728,591.833258408867,1668,1668,,shared_semantic_dataset,,Ref-141-Research,Ref-141-Research
shared_semantic_recoding_50_percent,leave_one_publication_out,False,Elastic Net,held_out_publication,21,146.6,164.66070155376258,-18.060701553762584,18.060701553762584,326.18894061408224,1669,1669,,shared_semantic_dataset,,Ref-141-Research,Ref-141-Research
shared_semantic_recoding_50_percent,leave_one_publication_out,False,Elastic Net,held_out_publication,22,144.7,164.6937081484142,-19.993708148414214,19.993708148414214,399.74836552396494,1670,1670,,shared_semantic_dataset,,Ref-141-Research,Ref-141-Research
shared_semantic_recoding_50_percent,leave_one_publication_out,False,Elastic Net,held_out_publication,23,145.1,164.72678634088504,-19.626786340885047,19.626786340885047,385.21074207075185,1671,1671,,shared_semantic_dataset,,Ref-141-Research,Ref-141-Research
shared_semantic_recoding_50_percent,leave_one_publication_out,False,Elastic Net,held_out_publication,24,142.2,164.7597929355367,-22.559792935536706,22.559792935536706,508.94425729429184,1672,1672,,shared_semantic_dataset,,Ref-141-Research,Ref-141-Research
shared_semantic_recoding_50_percent,leave_one_publication_out,False,Elastic Net,held_out_publication,25,134.3,163.21793797882012,-28.917937978820106,28.917937978820106,836.2471369468863,1673,1673,,shared_semantic_dataset,,Ref-141-Research,Ref-141-Research
shared_semantic_recoding_50_percent,leave_one_publication_out,False,Elastic Net,held_out_publication,26,141.5,163.25101617129096,-21.751016171290956,21.751016171290956,473.1067044837607,1674,1674,,shared_semantic_dataset,,Ref-141-Research,Ref-141-Research
shared_semantic_recoding_50_percent,leave_one_publication_out,False,Elastic Net,held_out_publication,27,142.7,163.28402276594258,-20.584022765942592,20.584022765942592,423.7019932288429,1675,1675,,shared_semantic_dataset,,Ref-141-Research,Ref-141-Research
shared_semantic_recoding_50_percent,leave_one_publication_out,False,Elastic Net,held_out_publication,28,140.6,163.31710095841342,-22.717100958413425,22.717100958413425,516.0666759547481,1676,1676,,shared_semantic_dataset,,Ref-141-Research,Ref-141-Research
shared_semantic_recoding_50_percent,leave_one_publication_out,False,Elastic Net,held_out_publication,29,133.4,163.35010755306504,-29.95010755306504,29.95010755306504,897.0089424401634,1677,1677,,shared_semantic_dataset,,Ref-141-Research,Ref-141-Research
shared_semantic_recoding_50_percent,leave_one_publication_out,False,Elastic Net,held_out_publication,30,140.3,164.62762336129174,-24.327623361291728,24.327623361291728,591.833258408867,1678,1678,,shared_semantic_dataset,,Ref-141-Research,Ref-141-Research
shared_semantic_recoding_50_percent,leave_one_publication_out,False,Elastic Net,held_out_publication,31,153.8,163.71342784743325,-9.91342784743324,9.91342784743324,98.27605168626485,1679,1679,,shared_semantic_dataset,,Ref-141-Research,Ref-141-Research
shared_semantic_recoding_50_percent,leave_one_publication_out,False,Elastic Net,held_out_publication,32,156.6,162.79923233357474,-6.1992323335747415,6.1992323335747415,38.430481525638534,1680,1680,,shared_semantic_dataset,,Ref-141-Research,Ref-141-Research
shared_semantic_recoding_50_percent,leave_one_publication_out,False,Elastic Net,held_out_publication,33,163.7,161.88503681971625,1.8149631802837405,1.8149631802837405,3.2940913457856693,1681,1681,,shared_semantic_dataset,,Ref-141-Research,Ref-141-Research
shared_semantic_recoding_50_percent,leave_one_publication_out,False,Elastic Net,held_out_publication,34,161.2,160.97084130585773,0.22915869414225654,0.22915869414225654,0.05251370710098428,1682,1682,,shared_semantic_dataset,,Ref-141-Research,Ref-141-Research
shared_semantic_recoding_50_percent,leave_one_publication_out,False,Elastic Net,held_out_publication,35,133.9,163.21793797882012,-29.31793797882011,29.31793797882011,859.5414873299427,1683,1683,,shared_semantic_dataset,,Ref-141-Research,Ref-141-Research
shared_semantic_recoding_50_percent,leave_one_publication_out,False,Elastic Net,held_out_publication,36,141.7,162.30374246496163,-20.60374246496164,20.60374246496164,424.5142035624636,1684,1684,,shared_semantic_dataset,,Ref-141-Research,Ref-141-Research
shared_semantic_recoding_50_percent,leave_one_publication_out,False,Elastic Net,held_out_publication,37,144.2,161.3895469511031,-17.189546951103125,17.189546951103125,295.48052438417875,1685,1685,,shared_semantic_dataset,,Ref-141-Research,Ref-141-Research
shared_semantic_recoding_50_percent,leave_one_publication_out,False,Elastic Net,held_out_publication,38,150.8,160.47535143724463,-9.675351437244615,9.675351437244615,93.61242543419144,1686,1686,,shared_semantic_dataset,,Ref-141-Research,Ref-141-Research
shared_semantic_recoding_50_percent,leave_one_publication_out,False,Elastic Net,held_out_publication,39,149.2,159.5611559233861,-10.361155923386121,10.361155923386121,107.35355206871931,1687,1687,,shared_semantic_dataset,,Ref-141-Research,Ref-141-Research
shared_semantic_recoding_50_percent,leave_one_publication_out,False,Elastic Net,held_out_publication,40,131.0,144.12126982642982,-13.121269826429824,13.121269826429824,172.16772185797774,1688,1688,,shared_semantic_dataset,,Ref-141-Research,Ref-141-Research
shared_semantic_recoding_50_percent,leave_one_publication_out,False,Elastic Net,held_out_publication,41,132.9,143.20707431257134,-10.30707431257133,10.30707431257133,106.23578088486776,1689,1689,,shared_semantic_dataset,,Ref-141-Research,Ref-141-Research
shared_semantic_recoding_50_percent,leave_one_publication_out,False,Elastic Net,held_out_publication,42,135.6,142.29287879871282,-6.692878798712826,6.692878798712826,44.79462661425964,1690,1690,,shared_semantic_dataset,,Ref-141-Research,Ref-141-Research
shared_semantic_recoding_50_percent,leave_one_publication_out,False,Elastic Net,held_out_publication,43,131.0,144.15427642108148,-13.154276421081477,13.154276421081477,173.0349881622201,1691,1691,,shared_semantic_dataset,,Ref-141-Research,Ref-141-Research
shared_semantic_recoding_50_percent,leave_one_publication_out,False,Elastic Net,held_out_publication,44,134.7,143.24008090722296,-8.540080907222972,8.540080907222972,72.93298190191435,1692,1692,,shared_semantic_dataset,,Ref-141-Research,Ref-141-Research
shared_semantic_recoding_50_percent,leave_one_publication_out,False,Elastic Net,held_out_publication,45,140.2,142.32588539336447,-2.1258853933644843,2.1258853933644843,4.519388705720468,1693,1693,,shared_semantic_dataset,,Ref-141-Research,Ref-141-Research
shared_semantic_recoding_50_percent,leave_one_publication_out,False,Elastic Net,held_out_publication,46,129.2,144.18735461355232,-14.987354613552327,14.987354613552327,224.6207983123682,1694,1694,,shared_semantic_dataset,,Ref-141-Research,Ref-141-Research
shared_semantic_recoding_50_percent,leave_one_publication_out,False,Elastic Net,held_out_publication,47,132.9,143.2731590996938,-10.373159099693794,10.373159099693794,107.60242970756016,1695,1695,,shared_semantic_dataset,,Ref-141-Research,Ref-141-Research
shared_semantic_recoding_50_percent,leave_one_publication_out,False,Elastic Net,held_out_publication,48,134.7,142.35896358583528,-7.658963585835295,7.658963585835295,58.65972320915104,1696,1696,,shared_semantic_dataset,,Ref-141-Research,Ref-141-Research
shared_semantic_recoding_50_percent,leave_one_publication_out,False,Elastic Net,held_out_publication,49,138.2,145.0023871478175,-6.802387147817512,6.802387147817512,46.27247090879287,1697,1697,,shared_semantic_dataset,,Ref-141-Research,Ref-141-Research
shared_semantic_recoding_50_percent,leave_one_publication_out,False,Elastic Net,held_out_publication,50,127.4,142.1842886621003,-14.784288662100295,14.784288662100295,218.57519124430732,1698,1698,,shared_semantic_dataset,,Ref-141-Research,Ref-141-Research
shared_semantic_recoding_50_percent,leave_one_publication_out,False,Elastic Net,held_out_publication,51,122.5,139.36491789715706,-16.864917897157056,16.864917897157056,284.4254556778484,1699,1699,,shared_semantic_dataset,,Ref-141-Research,Ref-141-Research
shared_semantic_recoding_50_percent,leave_one_publication_out,False,Elastic Net,held_out_publication,52,115.3,136.54681941143986,-21.24681941143986,21.24681941143986,451.42733510233757,1700,1700,,shared_semantic_dataset,,Ref-141-Research,Ref-141-Research
shared_semantic_recoding_50_percent,leave_one_publication_out,False,Elastic Net,held_out_publication,53,125.6,145.06847193493996,-19.46847193493997,19.46847193493997,379.02139948154525,1701,1701,,shared_semantic_dataset,,Ref-141-Research,Ref-141-Research
shared_semantic_recoding_50_percent,leave_one_publication_out,False,Elastic Net,held_out_publication,54,116.7,142.25037344922276,-25.55037344922276,25.55037344922276,652.8215833947474,1702,1702,,shared_semantic_dataset,,Ref-141-Research,Ref-141-Research
shared_semantic_recoding_50_percent,leave_one_publication_out,False,Elastic Net,held_out_publication,55,113.4,139.43100268427952,-26.031002684279514,26.031002684279514,677.6131007489672,1703,1703,,shared_semantic_dataset,,Ref-141-Research,Ref-141-Research
shared_semantic_recoding_50_percent,leave_one_publication_out,False,Elastic Net,held_out_publication,56,109.5,136.61290419856232,-27.11290419856232,27.11290419856232,735.1095740804183,1704,1704,,shared_semantic_dataset,,Ref-141-Research,Ref-141-Research
shared_semantic_recoding_50_percent,leave_one_publication_out,False,Elastic Net,held_out_publication,57,130.3,142.259800606242,-11.959800606241998,11.959800606241998,143.03683054106648,1705,1705,,shared_semantic_dataset,,Ref-141-Research,Ref-141-Research
shared_semantic_recoding_50_percent,leave_one_publication_out,False,Elastic Net,held_out_publication,58,120.7,139.4417021205248,-18.741702120524806,18.741702120524806,351.25139837448404,1706,1706,,shared_semantic_dataset,,Ref-141-Research,Ref-141-Research
shared_semantic_recoding_50_percent,leave_one_publication_out,False,Elastic Net,held_out_publication,59,116.6,136.62233135558154,-20.022331355581542,20.022331355581542,400.8937529127038,1707,1707,,shared_semantic_dataset,,Ref-141-Research,Ref-141-Research
shared_semantic_recoding_50_percent,leave_one_publication_out,False,Elastic Net,held_out_publication,60,111.2,133.80423286986434,-22.604232869864333,22.604232869864333,510.95134363505514,1708,1708,,shared_semantic_dataset,,Ref-141-Research,Ref-141-Research
shared_semantic_recoding_50_percent,leave_one_publication_out,False,Elastic Net,held_out_publication,61,163.3,164.62762336129174,-1.327623361291728,1.327623361291728,1.7625837894475465,1709,1709,,shared_semantic_dataset,,Ref-141-Research,Ref-141-Research
shared_semantic_recoding_50_percent,leave_one_publication_out,False,Elastic Net,held_out_publication,62,140.9,161.80952487557454,-20.909524875574533,20.909524875574533,437.2082305222702,1710,1710,,shared_semantic_dataset,,Ref-141-Research,Ref-141-Research
shared_semantic_recoding_50_percent,leave_one_publication_out,False,Elastic Net,held_out_publication,63,131.8,158.9901541106313,-27.190154110631283,27.190154110631283,739.3044805598793,1711,1711,,shared_semantic_dataset,,Ref-141-Research,Ref-141-Research
shared_semantic_recoding_50_percent,leave_one_publication_out,False,Elastic Net,held_out_publication,64,112.2,156.1720556249141,-43.97205562491409,43.97205562491409,1933.541675880539,1712,1712,,shared_semantic_dataset,,Ref-141-Research,Ref-141-Research
shared_semantic_recoding_50_percent,leave_one_publication_out,False,Elastic Net,held_out_publication,65,140.3,164.69370814841423,-24.39370814841422,24.39370814841422,595.0529972300103,1713,1713,,shared_semantic_dataset,,Ref-141-Research,Ref-141-Research
shared_semantic_recoding_50_percent,leave_one_publication_out,False,Elastic Net,held_out_publication,66,125.2,161.87560966269703,-36.67560966269703,36.67560966269703,1345.1003441305156,1714,1714,,shared_semantic_dataset,,Ref-141-Research,Ref-141-Research
shared_semantic_recoding_50_percent,leave_one_publication_out,False,Elastic Net,held_out_publication,67,117.5,159.05623889775376,-41.55623889775376,41.55623889775376,1726.9209913271825,1715,1715,,shared_semantic_dataset,,Ref-141-Research,Ref-141-Research
shared_semantic_recoding_50_percent,leave_one_publication_out,False,Elastic Net,held_out_publication,68,105.4,156.23814041203656,-50.83814041203655,50.83814041203655,2584.516520553944,1716,1716,,shared_semantic_dataset,,Ref-141-Research,Ref-141-Research
shared_semantic_recoding_50_percent,leave_one_publication_out,False,Elastic Net,held_out_publication,69,146.7,161.88503681971625,-15.18503681971626,15.18503681971626,230.58534321613848,1717,1717,,shared_semantic_dataset,,Ref-141-Research,Ref-141-Research
shared_semantic_recoding_50_percent,leave_one_publication_out,False,Elastic Net,held_out_publication,70,130.3,159.06693833399905,-28.766938333999036,28.766938333999036,827.5367411121032,1718,1718,,shared_semantic_dataset,,Ref-141-Research,Ref-141-Research
shared_semantic_recoding_50_percent,leave_one_publication_out,False,Elastic Net,held_out_publication,71,124.4,156.2475675690558,-31.847567569055798,31.847567569055798,1014.2675600655746,1719,1719,,shared_semantic_dataset,,Ref-141-Research,Ref-141-Research
shared_semantic_recoding_50_percent,leave_one_publication_out,False,Elastic Net,held_out_publication,72,107.5,153.4294690833386,-45.9294690833386,45.9294690833386,2109.5161302773568,1720,1720,,shared_semantic_dataset,,Ref-141-Research,Ref-141-Research
shared_semantic_recoding_50_percent,leave_one_publication_out,False,Elastic Net,held_out_publication,0,102.0,155.5853581985616,-53.58535819856161,53.58535819856161,2871.3906132681536,490,490,,shared_semantic_dataset,,Ref-48-Research,Ref-48-Research
shared_semantic_recoding_50_percent,leave_one_publication_out,False,Elastic Net,held_out_publication,1,100.0,146.28624043846057,-46.28624043846057,46.28624043846057,2142.4160539269824,491,491,,shared_semantic_dataset,,Ref-48-Research,Ref-48-Research
shared_semantic_recoding_50_percent,leave_one_publication_out,False,Elastic Net,held_out_publication,2,166.0,168.6250070813414,-2.6250070813414084,2.6250070813414084,6.89066217709254,492,492,,shared_semantic_dataset,,Ref-48-Research,Ref-48-Research
shared_semantic_recoding_50_percent,leave_one_publication_out,False,Elastic Net,held_out_publication,3,158.0,171.17957380900856,-13.17957380900856,13.17957380900856,173.70116578710437,493,493,,shared_semantic_dataset,,Ref-48-Research,Ref-48-Research
shared_semantic_recoding_50_percent,leave_one_publication_out,False,Elastic Net,held_out_publication,4,116.0,170.3674512852502,-54.36745128525021,54.36745128525021,2955.819759254055,494,494,,shared_semantic_dataset,,Ref-48-Research,Ref-48-Research
shared_semantic_recoding_50_percent,leave_one_publication_out,False,Elastic Net,held_out_publication,5,118.0,161.06833352514917,-43.06833352514917,43.06833352514917,1854.881352633488,495,495,,shared_semantic_dataset,,Ref-48-Research,Ref-48-Research
shared_semantic_recoding_50_percent,leave_one_publication_out,False,Elastic Net,held_out_publication,6,170.0,183.40710016803,-13.407100168030013,13.407100168030013,179.7503349155904,496,496,,shared_semantic_dataset,,Ref-48-Research,Ref-48-Research
shared_semantic_recoding_50_percent,leave_one_publication_out,False,Elastic Net,held_out_publication,7,170.0,185.9616668956972,-15.961666895697192,15.961666895697192,254.77481008919563,497,497,,shared_semantic_dataset,,Ref-48-Research,Ref-48-Research
shared_semantic_recoding_50_percent,leave_one_publication_out,False,Elastic Net,held_out_publication,8,130.0,191.3186367331971,-61.31863673319711,61.31863673319711,3759.97521081779,498,498,,shared_semantic_dataset,,Ref-48-Research,Ref-48-Research
shared_semantic_recoding_50_percent,leave_one_publication_out,False,Elastic Net,held_out_publication,9,144.0,182.01951897309604,-38.01951897309604,38.01951897309604,1445.4838229456097,499,499,,shared_semantic_dataset,,Ref-48-Research,Ref-48-Research
shared_semantic_recoding_50_percent,leave_one_publication_out,False,Elastic Net,held_out_publication,10,184.0,204.3582856159769,-20.35828561597691,20.35828561597691,414.4597932216924,500,500,,shared_semantic_dataset,,Ref-48-Research,Ref-48-Research
shared_semantic_recoding_50_percent,leave_one_publication_out,False,Elastic Net,held_out_publication,11,182.0,206.91285234364406,-24.91285234364406,24.91285234364406,620.6502118962114,501,501,,shared_semantic_dataset,,Ref-48-Research,Ref-48-Research
shared_semantic_recoding_50_percent,leave_one_publication_out,False,Elastic Net,held_out_publication,12,185.0,166.16794595031166,18.832054049688338,18.832054049688338,354.64625973038295,502,502,,shared_semantic_dataset,,Ref-48-Research,Ref-48-Research
shared_semantic_recoding_50_percent,leave_one_publication_out,False,Elastic Net,held_out_publication,13,188.0,164.231235998071,23.768764001928986,23.768764001928986,564.9541421793953,503,503,,shared_semantic_dataset,,Ref-48-Research,Ref-48-Research
shared_semantic_recoding_50_percent,leave_one_publication_out,False,Elastic Net,held_out_publication,14,192.0,162.29452604583034,29.705473954169662,29.705473954169662,882.4151828418521,504,504,,shared_semantic_dataset,,Ref-48-Research,Ref-48-Research
shared_semantic_recoding_50_percent,leave_one_publication_out,False,Elastic Net,held_out_publication,15,196.0,160.3578160935897,35.64218390641031,35.64218390641031,1270.365273618374,505,505,,shared_semantic_dataset,,Ref-48-Research,Ref-48-Research
shared_semantic_recoding_50_percent,leave_one_publication_out,False,Elastic Net,held_out_publication,16,198.0,158.42110614134904,39.57889385865096,39.57889385865096,1566.4888390743586,506,506,,shared_semantic_dataset,,Ref-48-Research,Ref-48-Research
shared_semantic_recoding_50_percent,leave_one_publication_out,False,Elastic Net,held_out_publication,17,205.0,156.48439618910837,48.51560381089163,48.51560381089163,2353.763813135403,507,507,,shared_semantic_dataset,,Ref-48-Research,Ref-48-Research
shared_semantic_recoding_50_percent,leave_one_publication_out,False,Elastic Net,held_out_publication,18,201.0,154.54768623686772,46.45231376313228,46.45231376313228,2157.817453948489,508,508,,shared_semantic_dataset,,Ref-48-Research,Ref-48-Research
shared_semantic_recoding_50_percent,leave_one_publication_out,False,Elastic Net,held_out_publication,19,196.0,152.61097628462704,43.38902371537296,43.38902371537296,1882.607378973197,509,509,,shared_semantic_dataset,,Ref-48-Research,Ref-48-Research
shared_semantic_recoding_50_percent,leave_one_publication_out,False,Elastic Net,held_out_publication,20,191.0,150.6742663323864,40.325733667613605,40.325733667613605,1626.1647958313054,510,510,,shared_semantic_dataset,,Ref-48-Research,Ref-48-Research
shared_semantic_recoding_50_percent,leave_one_publication_out,False,Elastic Net,held_out_publication,21,189.0,131.6980389589728,57.3019610410272,57.3019610410272,3283.514739147399,511,511,,shared_semantic_dataset,,Ref-48-Research,Ref-48-Research
shared_semantic_recoding_50_percent,leave_one_publication_out,False,Elastic Net,held_out_publication,22,182.0,166.16794595031166,15.832054049688338,15.832054049688338,250.65393543225292,512,512,,shared_semantic_dataset,,Ref-48-Research,Ref-48-Research
shared_semantic_recoding_50_percent,leave_one_publication_out,False,Elastic Net,held_out_publication,23,185.0,164.231235998071,20.768764001928986,20.768764001928986,431.3415581678213,513,513,,shared_semantic_dataset,,Ref-48-Research,Ref-48-Research
shared_semantic_recoding_50_percent,leave_one_publication_out,False,Elastic Net,held_out_publication,24,185.5,162.29452604583034,23.205473954169662,23.205473954169662,538.4940214376466,514,514,,shared_semantic_dataset,,Ref-48-Research,Ref-48-Research
shared_semantic_recoding_50_percent,leave_one_publication_out,False,Elastic Net,held_out_publication,25,186.0,160.3578160935897,25.64218390641031,25.64218390641031,657.5215954901679,515,515,,shared_semantic_dataset,,Ref-48-Research,Ref-48-Research
shared_semantic_recoding_50_percent,leave_one_publication_out,False,Elastic Net,held_out_publication,26,172.0,158.42110614134904,13.578893858650957,13.578893858650957,184.38635842450867,516,516,,shared_semantic_dataset,,Ref-48-Research,Ref-48-Research
shared_semantic_recoding_50_percent,leave_one_publication_out,False,Elastic Net,held_out_publication,27,170.5,156.48439618910837,14.015603810891633,14.015603810891633,196.43715018388008,517,517,,shared_semantic_dataset,,Ref-48-Research,Ref-48-Research
shared_semantic_recoding_50_percent,leave_one_publication_out,False,Elastic Net,held_out_publication,28,162.0,154.54768623686772,7.452313763132281,7.452313763132281,55.53698042417082,518,518,,shared_semantic_dataset,,Ref-48-Research,Ref-48-Research
shared_semantic_recoding_50_percent,leave_one_publication_out,False,Elastic Net,held_out_publication,29,159.0,152.61097628462704,6.389023715372957,6.389023715372957,40.81962403559807,519,519,,shared_semantic_dataset,,Ref-48-Research,Ref-48-Research
shared_semantic_recoding_50_percent,leave_one_publication_out,False,Elastic Net,held_out_publication,30,169.0,150.6742663323864,18.325733667613605,18.325733667613605,335.8325144563068,520,520,,shared_semantic_dataset,,Ref-48-Research,Ref-48-Research
shared_semantic_recoding_50_percent,leave_one_publication_out,False,Elastic Net,held_out_publication,31,157.0,131.6980389589728,25.301961041027198,25.301961041027198,640.1892325216581,521,521,,shared_semantic_dataset,,Ref-48-Research,Ref-48-Research
shared_semantic_recoding_50_percent,leave_one_publication_out,False,Elastic Net,held_out_publication,32,199.0,180.95003903700027,18.049960962999734,18.049960962999734,325.80109076581425,522,522,,shared_semantic_dataset,,Ref-48-Research,Ref-48-Research
shared_semantic_recoding_50_percent,leave_one_publication_out,False,Elastic Net,held_out_publication,33,202.0,179.01332908475962,22.98667091524038,22.98667091524038,528.387039765558,523,523,,shared_semantic_dataset,,Ref-48-Research,Ref-48-Research
shared_semantic_recoding_50_percent,leave_one_publication_out,False,Elastic Net,held_out_publication,34,203.0,177.07661913251894,25.923380867481058,25.923380867481058,672.0216756004829,524,524,,shared_semantic_dataset,,Ref-48-Research,Ref-48-Research
shared_semantic_recoding_50_percent,leave_one_publication_out,False,Elastic Net,held_out_publication,35,209.0,175.1399091802783,33.860090819721705,33.860090819721705,1146.505750319802,525,525,,shared_semantic_dataset,,Ref-48-Research,Ref-48-Research
shared_semantic_recoding_50_percent,leave_one_publication_out,False,Elastic Net,held_out_publication,36,212.0,173.20319922803765,38.79680077196235,38.79680077196235,1505.1917501393386,526,526,,shared_semantic_dataset,,Ref-48-Research,Ref-48-Research
shared_semantic_recoding_50_percent,leave_one_publication_out,False,Elastic Net,held_out_publication,37,218.0,171.26648927579697,46.73351072420303,46.73351072420303,2184.0210246091997,527,527,,shared_semantic_dataset,,Ref-48-Research,Ref-48-Research
shared_semantic_recoding_50_percent,leave_one_publication_out,False,Elastic Net,held_out_publication,38,216.0,169.32977932355632,46.67022067644368,46.67022067644368,2178.109497987951,528,528,,shared_semantic_dataset,,Ref-48-Research,Ref-48-Research
shared_semantic_recoding_50_percent,leave_one_publication_out,False,Elastic Net,held_out_publication,39,212.0,167.39306937131568,44.606930628684324,44.606930628684324,1989.7782601122558,529,529,,shared_semantic_dataset,,Ref-48-Research,Ref-48-Research
shared_semantic_recoding_50_percent,leave_one_publication_out,False,Elastic Net,held_out_publication,40,210.0,165.456359419075,44.543640580925,44.543640580925,1984.1359162026286,530,530,,shared_semantic_dataset,,Ref-48-Research,Ref-48-Research
shared_semantic_recoding_50_percent,leave_one_publication_out,False,Elastic Net,held_out_publication,41,208.0,146.4801320456614,61.519867954338594,61.519867954338594,3784.6941531192565,531,531,,shared_semantic_dataset,,Ref-48-Research,Ref-48-Research
shared_semantic_recoding_50_percent,leave_one_publication_out,False,Elastic Net,held_out_publication,42,194.0,180.95003903700027,13.049960962999734,13.049960962999734,170.30148113581694,532,532,,shared_semantic_dataset,,Ref-48-Research,Ref-48-Research
shared_semantic_recoding_50_percent,leave_one_publication_out,False,Elastic Net,held_out_publication,43,197.0,179.01332908475962,17.98667091524038,17.98667091524038,323.5203306131543,533,533,,shared_semantic_dataset,,Ref-48-Research,Ref-48-Research
shared_semantic_recoding_50_percent,leave_one_publication_out,False,Elastic Net,held_out_publication,44,198.0,177.07661913251894,20.923380867481058,20.923380867481058,437.78786692567235,534,534,,shared_semantic_dataset,,Ref-48-Research,Ref-48-Research
shared_semantic_recoding_50_percent,leave_one_publication_out,False,Elastic Net,held_out_publication,45,200.0,175.1399091802783,24.860090819721705,24.860090819721705,618.0241155648114,535,535,,shared_semantic_dataset,,Ref-48-Research,Ref-48-Research
shared_semantic_recoding_50_percent,leave_one_publication_out,False,Elastic Net,held_out_publication,46,182.0,173.20319922803765,8.796800771962353,8.796800771962353,77.38370382159745,536,536,,shared_semantic_dataset,,Ref-48-Research,Ref-48-Research
shared_semantic_recoding_50_percent,leave_one_publication_out,False,Elastic Net,held_out_publication,47,181.0,171.26648927579697,9.733510724203029,9.733510724203029,94.74123101817537,537,537,,shared_semantic_dataset,,Ref-48-Research,Ref-48-Research
shared_semantic_recoding_50_percent,leave_one_publication_out,False,Elastic Net,held_out_publication,48,178.0,169.32977932355632,8.670220676443677,8.670220676443677,75.17272657823145,538,538,,shared_semantic_dataset,,Ref-48-Research,Ref-48-Research
shared_semantic_recoding_50_percent,leave_one_publication_out,False,Elastic Net,held_out_publication,49,176.0,167.39306937131568,8.606930628684324,8.606930628684324,74.07925484698434,539,539,,shared_semantic_dataset,,Ref-48-Research,Ref-48-Research
shared_semantic_recoding_50_percent,leave_one_publication_out,False,Elastic Net,held_out_publication,50,175.0,165.456359419075,9.543640580925,9.543640580925,91.08107553787848,540,540,,shared_semantic_dataset,,Ref-48-Research,Ref-48-Research
shared_semantic_recoding_50_percent,leave_one_publication_out,False,Elastic Net,held_out_publication,51,171.0,146.4801320456614,24.519867954338594,24.519867954338594,601.2239244982006,541,541,,shared_semantic_dataset,,Ref-48-Research,Ref-48-Research
shared_semantic_recoding_50_percent,leave_one_publication_out,False,Elastic Net,held_out_publication,52,210.0,201.90122448494714,8.098775515052864,8.098775515052864,65.59016484321978,542,542,,shared_semantic_dataset,,Ref-48-Research,Ref-48-Research
shared_semantic_recoding_50_percent,leave_one_publication_out,False,Elastic Net,held_out_publication,53,212.0,199.9645145327065,12.035485467293512,12.035485467293512,144.85291043343332,543,543,,shared_semantic_dataset,,Ref-48-Research,Ref-48-Research
shared_semantic_recoding_50_percent,leave_one_publication_out,False,Elastic Net,held_out_publication,54,217.0,198.02780458046584,18.97219541953416,18.97219541953416,359.9441990369929,544,544,,shared_semantic_dataset,,Ref-48-Research,Ref-48-Research
shared_semantic_recoding_50_percent,leave_one_publication_out,False,Elastic Net,held_out_publication,55,225.0,196.09109462822516,28.908905371774836,28.908905371774836,835.724809794232,545,545,,shared_semantic_dataset,,Ref-48-Research,Ref-48-Research
shared_semantic_recoding_50_percent,leave_one_publication_out,False,Elastic Net,held_out_publication,56,227.0,194.15438467598452,32.84561532401548,32.84561532401548,1078.8344460132007,546,546,,shared_semantic_dataset,,Ref-48-Research,Ref-48-Research
shared_semantic_recoding_50_percent,leave_one_publication_out,False,Elastic Net,held_out_publication,57,234.0,192.21767472374387,41.78232527625613,41.78232527625613,1745.762705490872,547,547,,shared_semantic_dataset,,Ref-48-Research,Ref-48-Research
shared_semantic_recoding_50_percent,leave_one_publication_out,False,Elastic Net,held_out_publication,58,232.0,190.2809647715032,41.71903522849681,41.71903522849681,1740.4779003965577,548,548,,shared_semantic_dataset,,Ref-48-Research,Ref-48-Research
shared_semantic_recoding_50_percent,leave_one_publication_out,False,Elastic Net,held_out_publication,59,227.0,188.34425481926255,38.655745180737455,38.655745180737455,1494.266635478107,549,549,,shared_semantic_dataset,,Ref-48-Research,Ref-48-Research
shared_semantic_recoding_50_percent,leave_one_publication_out,False,Elastic Net,held_out_publication,60,221.0,186.4075448670219,34.5924551329781,34.5924551329781,1196.637952127103,550,550,,shared_semantic_dataset,,Ref-48-Research,Ref-48-Research
shared_semantic_recoding_50_percent,leave_one_publication_out,False,Elastic Net,held_out_publication,61,219.0,167.4313174936083,51.568682506391696,51.568682506391696,2659.3290154450287,551,551,,shared_semantic_dataset,,Ref-48-Research,Ref-48-Research
shared_semantic_recoding_50_percent,leave_one_publication_out,False,Elastic Net,held_out_publication,62,209.0,201.90122448494714,7.098775515052864,7.098775515052864,50.39261381311406,552,552,,shared_semantic_dataset,,Ref-48-Research,Ref-48-Research
shared_semantic_recoding_50_percent,leave_one_publication_out,False,Elastic Net,held_out_publication,63,210.0,199.9645145327065,10.035485467293512,10.035485467293512,100.71096856425928,553,553,,shared_semantic_dataset,,Ref-48-Research,Ref-48-Research
shared_semantic_recoding_50_percent,leave_one_publication_out,False,Elastic Net,held_out_publication,64,213.0,198.02780458046584,14.97219541953416,14.97219541953416,224.16663568071968,554,554,,shared_semantic_dataset,,Ref-48-Research,Ref-48-Research
shared_semantic_recoding_50_percent,leave_one_publication_out,False,Elastic Net,held_out_publication,65,215.0,196.09109462822516,18.908905371774836,18.908905371774836,357.5467023587352,555,555,,shared_semantic_dataset,,Ref-48-Research,Ref-48-Research
shared_semantic_recoding_50_percent,leave_one_publication_out,False,Elastic Net,held_out_publication,66,198.0,194.15438467598452,3.8456153240154833,3.8456153240154833,14.788757220302712,556,556,,shared_semantic_dataset,,Ref-48-Research,Ref-48-Research
shared_semantic_recoding_50_percent,leave_one_publication_out,False,Elastic Net,held_out_publication,67,192.0,192.21767472374387,-0.21767472374386898,0.21767472374386898,0.04738228535696968,557,557,,shared_semantic_dataset,,Ref-48-Research,Ref-48-Research
shared_semantic_recoding_50_percent,leave_one_publication_out,False,Elastic Net,held_out_publication,68,186.5,190.2809647715032,-3.780964771503193,3.780964771503193,14.295694603348192,558,558,,shared_semantic_dataset,,Ref-48-Research,Ref-48-Research
shared_semantic_recoding_50_percent,leave_one_publication_out,False,Elastic Net,held_out_publication,69,185.0,188.34425481926255,-3.344254819262545,3.344254819262545,11.18404029616076,559,559,,shared_semantic_dataset,,Ref-48-Research,Ref-48-Research
shared_semantic_recoding_50_percent,leave_one_publication_out,False,Elastic Net,held_out_publication,70,183.0,186.4075448670219,-3.4075448670218975,3.4075448670218975,11.611362020767281,560,560,,shared_semantic_dataset,,Ref-48-Research,Ref-48-Research
shared_semantic_recoding_50_percent,leave_one_publication_out,False,Elastic Net,held_out_publication,71,178.0,167.4313174936083,10.568682506391696,10.568682506391696,111.69704992090985,561,561,,shared_semantic_dataset,,Ref-48-Research,Ref-48-Research
shared_semantic_recoding_50_percent,leave_one_publication_out,False,Elastic Net,held_out_publication,0,160.0,146.2652037244906,13.73479627550941,13.73479627550941,188.64462872974715,988,988,,shared_semantic_dataset,,Ref-85-Research,Ref-85-Research
shared_semantic_recoding_50_percent,leave_one_publication_out,False,Elastic Net,held_out_publication,1,141.0,146.02541703661234,-5.025417036612339,5.025417036612339,25.254816391873543,989,989,,shared_semantic_dataset,,Ref-85-Research,Ref-85-Research
shared_semantic_recoding_50_percent,leave_one_publication_out,False,Elastic Net,held_out_publication,2,131.0,145.78658949548557,-14.786589495485572,14.786589495485572,218.64322890800426,990,990,,shared_semantic_dataset,,Ref-85-Research,Ref-85-Research
shared_semantic_recoding_50_percent,leave_one_publication_out,False,Elastic Net,held_out_publication,3,128.0,145.54680280760732,-17.54680280760732,17.54680280760732,307.89028876905616,991,991,,shared_semantic_dataset,,Ref-85-Research,Ref-85-Research
shared_semantic_recoding_50_percent,leave_one_publication_out,False,Elastic Net,held_out_publication,4,147.0,142.64333513173835,4.356664868261646,4.356664868261646,18.980528774345267,992,992,,shared_semantic_dataset,,Ref-85-Research,Ref-85-Research
shared_semantic_recoding_50_percent,leave_one_publication_out,False,Elastic Net,held_out_publication,5,155.0,142.40450759061162,12.595492409388385,12.595492409388385,158.64642903496042,993,993,,shared_semantic_dataset,,Ref-85-Research,Ref-85-Research
shared_semantic_recoding_50_percent,leave_one_publication_out,False,Elastic Net,held_out_publication,6,134.0,142.16472090273336,-8.164720902733364,8.164720902733364,66.66266741953113,994,994,,shared_semantic_dataset,,Ref-85-Research,Ref-85-Research
shared_semantic_recoding_50_percent,leave_one_publication_out,False,Elastic Net,held_out_publication,7,123.0,141.9258933616066,-18.925893361606597,18.925893361606597,358.1894395349047,995,995,,shared_semantic_dataset,,Ref-85-Research,Ref-85-Research
shared_semantic_recoding_50_percent,leave_one_publication_out,False,Elastic Net,held_out_publication,8,129.0,139.02242568573766,-10.022425685737659,10.022425685737659,100.44901662613398,996,996,,shared_semantic_dataset,,Ref-85-Research,Ref-85-Research
shared_semantic_recoding_50_percent,leave_one_publication_out,False,Elastic Net,held_out_publication,9,128.0,138.7826389978594,-10.782638997859408,10.782638997859408,116.26530375815854,997,997,,shared_semantic_dataset,,Ref-85-Research,Ref-85-Research
shared_semantic_recoding_50_percent,leave_one_publication_out,False,Elastic Net,held_out_publication,10,130.0,138.54381145673264,-8.54381145673264,8.54381145673264,72.99671420819593,998,998,,shared_semantic_dataset,,Ref-85-Research,Ref-85-Research
shared_semantic_recoding_50_percent,leave_one_publication_out,False,Elastic Net,held_out_publication,11,144.0,138.3040247688544,5.69597523114561,5.69597523114561,32.44413383382429,999,999,,shared_semantic_dataset,,Ref-85-Research,Ref-85-Research
shared_semantic_recoding_50_percent,leave_one_publication_out,False,Elastic Net,held_out_publication,12,119.0,135.40151623973696,-16.401516239736964,16.401516239736964,269.00973496235537,1000,1000,,shared_semantic_dataset,,Ref-85-Research,Ref-85-Research
shared_semantic_recoding_50_percent,leave_one_publication_out,False,Elastic Net,held_out_publication,13,112.0,135.16172955185868,-23.161729551858684,23.161729551858684,536.4657158334439,1001,1001,,shared_semantic_dataset,,Ref-85-Research,Ref-85-Research
shared_semantic_recoding_50_percent,leave_one_publication_out,False,Elastic Net,held_out_publication,14,141.0,134.92194286398043,6.0780571360195665,6.0780571360195665,36.94277854871837,1002,1002,,shared_semantic_dataset,,Ref-85-Research,Ref-85-Research
shared_semantic_recoding_50_percent,leave_one_publication_out,False,Elastic Net,held_out_publication,15,142.0,134.68311532285367,7.316884677146334,7.316884677146334,53.53680137865881,1003,1003,,shared_semantic_dataset,,Ref-85-Research,Ref-85-Research
shared_semantic_recoding_50_percent,leave_one_publication_out,False,Elastic Net,held_out_publication,16,198.0,157.88329865656848,40.116701343431515,40.116701343431515,1609.3497266780798,1004,1004,,shared_semantic_dataset,,Ref-85-Research,Ref-85-Research
shared_semantic_recoding_50_percent,leave_one_publication_out,False,Elastic Net,held_out_publication,17,191.0,157.64351196869023,33.356488031309766,33.356488031309766,1112.6552937829117,1005,1005,,shared_semantic_dataset,,Ref-85-Research,Ref-85-Research
shared_semantic_recoding_50_percent,leave_one_publication_out,False,Elastic Net,held_out_publication,18,187.0,157.4046844275635,29.595315572436505,29.595315572436505,875.8827038321027,1006,1006,,shared_semantic_dataset,,Ref-85-Research,Ref-85-Research
shared_semantic_recoding_50_percent,leave_one_publication_out,False,Elastic Net,held_out_publication,19,178.0,157.16489773968522,20.835102260314784,20.835102260314784,434.1014861977742,1007,1007,,shared_semantic_dataset,,Ref-85-Research,Ref-85-Research
shared_semantic_recoding_50_percent,leave_one_publication_out,False,Elastic Net,held_out_publication,20,170.0,154.26143006381628,15.738569936183723,15.738569936183723,247.7025836361461,1008,1008,,shared_semantic_dataset,,Ref-85-Research,Ref-85-Research
shared_semantic_recoding_50_percent,leave_one_publication_out,False,Elastic Net,held_out_publication,21,175.0,154.0226025226895,20.97739747731049,20.97739747731049,440.0512049210725,1009,1009,,shared_semantic_dataset,,Ref-85-Research,Ref-85-Research
shared_semantic_recoding_50_percent,leave_one_publication_out,False,Elastic Net,held_out_publication,22,179.0,153.78281583481126,25.21718416518874,25.21718416518874,635.9063772210458,1010,1010,,shared_semantic_dataset,,Ref-85-Research,Ref-85-Research
shared_semantic_recoding_50_percent,leave_one_publication_out,False,Elastic Net,held_out_publication,23,168.0,153.54398829368452,14.45601170631548,14.45601170631548,208.97627445313017,1011,1011,,shared_semantic_dataset,,Ref-85-Research,Ref-85-Research
shared_semantic_recoding_50_percent,leave_one_publication_out,False,Elastic Net,held_out_publication,24,149.0,150.64052061781555,-1.6405206178155538,1.6405206178155538,2.6913078974779263,1012,1012,,shared_semantic_dataset,,Ref-85-Research,Ref-85-Research
shared_semantic_recoding_50_percent,leave_one_publication_out,False,Elastic Net,held_out_publication,25,147.0,150.4007339299373,-3.400733929937303,3.400733929937303,11.564991262226814,1013,1013,,shared_semantic_dataset,,Ref-85-Research,Ref-85-Research
shared_semantic_recoding_50_percent,leave_one_publication_out,False,Elastic Net,held_out_publication,26,152.0,150.16190638881054,1.8380936111894641,1.8380936111894641,3.378588123495525,1014,1014,,shared_semantic_dataset,,Ref-85-Research,Ref-85-Research
shared_semantic_recoding_50_percent,leave_one_publication_out,False,Elastic Net,held_out_publication,27,158.0,149.92211970093229,8.077880299067715,8.077880299067715,65.25215012606631,1015,1015,,shared_semantic_dataset,,Ref-85-Research,Ref-85-Research
shared_semantic_recoding_50_percent,leave_one_publication_out,False,Elastic Net,held_out_publication,28,146.0,147.01961117181486,-1.0196111718148586,1.0196111718148586,1.0396069416896692,1016,1016,,shared_semantic_dataset,,Ref-85-Research,Ref-85-Research
shared_semantic_recoding_50_percent,leave_one_publication_out,False,Elastic Net,held_out_publication,29,142.0,146.77982448393658,-4.779824483936579,4.779824483936579,22.84672209723959,1017,1017,,shared_semantic_dataset,,Ref-85-Research,Ref-85-Research
shared_semantic_recoding_50_percent,leave_one_publication_out,False,Elastic Net,held_out_publication,30,156.0,146.54003779605833,9.459962203941672,9.459962203941672,89.49088490000497,1018,1018,,shared_semantic_dataset,,Ref-85-Research,Ref-85-Research
shared_semantic_recoding_50_percent,leave_one_publication_out,False,Elastic Net,held_out_publication,31,158.0,146.3012102549316,11.69878974506841,11.69878974506841,136.8616814993178,1019,1019,,shared_semantic_dataset,,Ref-85-Research,Ref-85-Research
shared_semantic_recoding_50_percent,leave_one_publication_out,False,Elastic Net,held_out_publication,32,213.0,164.2344245690027,48.7655754309973,48.7655754309973,2378.081347116288,1020,1020,,shared_semantic_dataset,,Ref-85-Research,Ref-85-Research
shared_semantic_recoding_50_percent,leave_one_publication_out,False,Elastic Net,held_out_publication,33,210.0,163.99463788112442,46.00536211887558,46.00536211887558,2116.4933436888723,1021,1021,,shared_semantic_dataset,,Ref-85-Research,Ref-85-Research
shared_semantic_recoding_50_percent,leave_one_publication_out,False,Elastic Net,held_out_publication,34,205.0,163.75581033999768,41.24418966000232,41.24418966000232,1701.0831807102422,1022,1022,,shared_semantic_dataset,,Ref-85-Research,Ref-85-Research
shared_semantic_recoding_50_percent,leave_one_publication_out,False,Elastic Net,held_out_publication,35,196.0,163.51602365211943,32.48397634788057,32.48397634788057,1055.2087193696643,1023,1023,,shared_semantic_dataset,,Ref-85-Research,Ref-85-Research
shared_semantic_recoding_50_percent,leave_one_publication_out,False,Elastic Net,held_out_publication,36,207.0,160.61255597625046,46.38744402374954,46.38744402374954,2151.7949630564967,1024,1024,,shared_semantic_dataset,,Ref-85-Research,Ref-85-Research
shared_semantic_recoding_50_percent,leave_one_publication_out,False,Elastic Net,held_out_publication,37,194.0,160.37372843512372,33.626271564876276,33.626271564876276,1130.7261393548067,1025,1025,,shared_semantic_dataset,,Ref-85-Research,Ref-85-Research
shared_semantic_recoding_50_percent,leave_one_publication_out,False,Elastic Net,held_out_publication,38,208.0,160.13394174724544,47.866058252754556,47.866058252754556,2291.1595326560923,1026,1026,,shared_semantic_dataset,,Ref-85-Research,Ref-85-Research
shared_semantic_recoding_50_percent,leave_one_publication_out,False,Elastic Net,held_out_publication,39,192.0,159.8951142061187,32.104885793881294,32.104885793881294,1030.723691838161,1027,1027,,shared_semantic_dataset,,Ref-85-Research,Ref-85-Research
shared_semantic_recoding_50_percent,leave_one_publication_out,False,Elastic Net,held_out_publication,40,175.0,156.99164653024977,18.008353469750233,18.008353469750233,324.3007946914652,1028,1028,,shared_semantic_dataset,,Ref-85-Research,Ref-85-Research
shared_semantic_recoding_50_percent,leave_one_publication_out,False,Elastic Net,held_out_publication,41,176.0,156.7518598423715,19.248140157628512,19.248140157628512,370.49089952771135,1029,1029,,shared_semantic_dataset,,Ref-85-Research,Ref-85-Research
shared_semantic_recoding_50_percent,leave_one_publication_out,False,Elastic Net,held_out_publication,42,186.0,156.51303230124475,29.48696769875525,29.48696769875525,869.4812640674355,1030,1030,,shared_semantic_dataset,,Ref-85-Research,Ref-85-Research
shared_semantic_recoding_50_percent,leave_one_publication_out,False,Elastic Net,held_out_publication,43,183.0,156.27324561336647,26.72675438663353,26.72675438663353,714.3194000434346,1031,1031,,shared_semantic_dataset,,Ref-85-Research,Ref-85-Research
shared_semantic_recoding_50_percent,leave_one_publication_out,False,Elastic Net,held_out_publication,44,168.0,153.37073708424904,14.629262915750957,14.629262915750957,214.01533345816617,1032,1032,,shared_semantic_dataset,,Ref-85-Research,Ref-85-Research
shared_semantic_recoding_50_percent,leave_one_publication_out,False,Elastic Net,held_out_publication,45,162.0,153.1309503963708,8.869049603629207,8.869049603629207,78.6600408716354,1033,1033,,shared_semantic_dataset,,Ref-85-Research,Ref-85-Research
shared_semantic_recoding_50_percent,leave_one_publication_out,False,Elastic Net,held_out_publication,46,175.0,152.8911637084925,22.108836291507487,22.108836291507487,488.8006421646785,1034,1034,,shared_semantic_dataset,,Ref-85-Research,Ref-85-Research
shared_semantic_recoding_50_percent,leave_one_publication_out,False,Elastic Net,held_out_publication,47,170.0,152.65233616736577,17.347663832634225,17.347663832634225,300.94144045008557,1035,1035,,shared_semantic_dataset,,Ref-85-Research,Ref-85-Research
shared_semantic_recoding_50_percent,leave_one_publication_out,False,Elastic Net,held_out_publication,48,232.0,170.58555048143688,61.41444951856312,61.41444951856312,3771.7346096681376,1036,1036,,shared_semantic_dataset,,Ref-85-Research,Ref-85-Research
shared_semantic_recoding_50_percent,leave_one_publication_out,False,Elastic Net,held_out_publication,49,229.0,170.3457637935586,58.6542362064414,58.6542362064414,3440.319424961021,1037,1037,,shared_semantic_dataset,,Ref-85-Research,Ref-85-Research
shared_semantic_recoding_50_percent,leave_one_publication_out,False,Elastic Net,held_out_publication,50,217.0,170.10693625243186,46.893063747568135,46.893063747568135,2198.9594276334888,1038,1038,,shared_semantic_dataset,,Ref-85-Research,Ref-85-Research
shared_semantic_recoding_50_percent,leave_one_publication_out,False,Elastic Net,held_out_publication,51,213.0,169.8671495645536,43.132850435446386,43.132850435446386,1860.4427866865874,1039,1039,,shared_semantic_dataset,,Ref-85-Research,Ref-85-Research
shared_semantic_recoding_50_percent,leave_one_publication_out,False,Elastic Net,held_out_publication,52,226.0,166.96368188868465,59.03631811131535,59.03631811131535,3485.286856140421,1040,1040,,shared_semantic_dataset,,Ref-85-Research,Ref-85-Research
shared_semantic_recoding_50_percent,leave_one_publication_out,False,Elastic Net,held_out_publication,53,220.0,166.7248543475579,53.27514565244209,53.27514565244209,2838.2411442889197,1041,1041,,shared_semantic_dataset,,Ref-85-Research,Ref-85-Research
shared_semantic_recoding_50_percent,leave_one_publication_out,False,Elastic Net,held_out_publication,54,211.0,166.48506765967963,44.51493234032037,44.51493234032037,1981.5792012633005,1042,1042,,shared_semantic_dataset,,Ref-85-Research,Ref-85-Research
shared_semantic_recoding_50_percent,leave_one_publication_out,False,Elastic Net,held_out_publication,55,204.0,166.2462401185529,37.75375988144711,37.75375988144711,1425.3463851859653,1043,1043,,shared_semantic_dataset,,Ref-85-Research,Ref-85-Research
shared_semantic_recoding_50_percent,leave_one_publication_out,False,Elastic Net,held_out_publication,56,197.0,163.34277244268395,33.65722755731605,33.65722755731605,1132.8089668449547,1044,1044,,shared_semantic_dataset,,Ref-85-Research,Ref-85-Research
shared_semantic_recoding_50_percent,leave_one_publication_out,False,Elastic Net,held_out_publication,57,194.0,163.10298575480567,30.897014245194327,30.897014245194327,954.6254892677412,1045,1045,,shared_semantic_dataset,,Ref-85-Research,Ref-85-Research
shared_semantic_recoding_50_percent,leave_one_publication_out,False,Elastic Net,held_out_publication,58,201.0,162.86415821367893,38.135841786321066,38.135841786321066,1454.342428751312,1046,1046,,shared_semantic_dataset,,Ref-85-Research,Ref-85-Research
shared_semantic_recoding_50_percent,leave_one_publication_out,False,Elastic Net,held_out_publication,59,198.0,162.62437152580065,35.375628474199345,35.375628474199345,1251.4350899445835,1047,1047,,shared_semantic_dataset,,Ref-85-Research,Ref-85-Research
shared_semantic_recoding_50_percent,leave_one_publication_out,False,Elastic Net,held_out_publication,60,170.0,159.72186299668323,10.278137003316772,10.278137003316772,105.64010025894947,1048,1048,,shared_semantic_dataset,,Ref-85-Research,Ref-85-Research
shared_semantic_recoding_50_percent,leave_one_publication_out,False,Elastic Net,held_out_publication,61,170.0,159.48207630880498,10.517923691195023,10.517923691195023,110.62671877380153,1049,1049,,shared_semantic_dataset,,Ref-85-Research,Ref-85-Research
shared_semantic_recoding_50_percent,leave_one_publication_out,False,Elastic Net,held_out_publication,62,190.0,159.24228962092673,30.757710379073274,30.757710379073274,946.0367477629518,1050,1050,,shared_semantic_dataset,,Ref-85-Research,Ref-85-Research
shared_semantic_recoding_50_percent,leave_one_publication_out,False,Elastic Net,held_out_publication,63,178.0,159.00346207979996,18.99653792020004,18.99653792020004,360.8684529535981,1051,1051,,shared_semantic_dataset,,Ref-85-Research,Ref-85-Research
shared_semantic_recoding_50_percent,leave_one_publication_out,False,Elastic Net,held_out_publication,0,81.2,139.88641782396553,-58.68641782396553,58.68641782396553,3444.095637009059,1591,1591,,shared_semantic_dataset,,Ref-139-Research,Ref-139-Research
shared_semantic_recoding_50_percent,leave_one_publication_out,False,Elastic Net,held_out_publication,1,80.0,137.74499042326576,-57.74499042326576,57.74499042326576,3334.4839189830545,1592,1592,,shared_semantic_dataset,,Ref-139-Research,Ref-139-Research
shared_semantic_recoding_50_percent,leave_one_publication_out,False,Elastic Net,held_out_publication,2,130.8,130.1029442884786,0.6970557115214149,0.6970557115214149,0.48588666496462596,1593,1593,,shared_semantic_dataset,,Ref-139-Research,Ref-139-Research
shared_semantic_recoding_50_percent,leave_one_publication_out,False,Elastic Net,held_out_publication,3,158.0,133.33208084508937,24.667919154910635,24.667919154910635,608.506235433207,1594,1594,,shared_semantic_dataset,,Ref-139-Research,Ref-139-Research
shared_semantic_recoding_50_percent,leave_one_publication_out,False,Elastic Net,held_out_publication,4,109.7,135.65063501438078,-25.95063501438078,25.95063501438078,673.4354576496057,1595,1595,,shared_semantic_dataset,,Ref-139-Research,Ref-139-Research
shared_semantic_recoding_50_percent,leave_one_publication_out,False,Elastic Net,held_out_publication,5,113.6,134.0966521645143,-20.496652164514302,20.496652164514302,420.11274995308884,1596,1596,,shared_semantic_dataset,,Ref-139-Research,Ref-139-Research
shared_semantic_recoding_50_percent,leave_one_publication_out,False,Elastic Net,held_out_publication,6,103.1,133.0174407363839,-29.917440736383895,29.917440736383895,895.0532602150425,1597,1597,,shared_semantic_dataset,,Ref-139-Research,Ref-139-Research
shared_semantic_recoding_50_percent,leave_one_publication_out,False,Elastic Net,held_out_publication,7,143.2,136.53572421835844,6.66427578164155,6.66427578164155,44.41257169377409,1598,1598,,shared_semantic_dataset,,Ref-139-Research,Ref-139-Research
shared_semantic_recoding_50_percent,leave_one_publication_out,False,Elastic Net,held_out_publication,8,138.2,138.71114253018044,-0.5111425301804502,0.5111425301804502,0.26126668615927245,1599,1599,,shared_semantic_dataset,,Ref-139-Research,Ref-139-Research
shared_semantic_recoding_50_percent,leave_one_publication_out,False,Elastic Net,held_out_publication,9,143.3,139.23800165257484,4.061998347425174,4.061998347425174,16.499830574484843,1600,1600,,shared_semantic_dataset,,Ref-139-Research,Ref-139-Research
shared_semantic_recoding_50_percent,leave_one_publication_out,False,Elastic Net,held_out_publication,10,141.4,140.09627215841084,1.3037278415891649,1.3037278415891649,1.6997062849347426,1601,1601,,shared_semantic_dataset,,Ref-139-Research,Ref-139-Research
shared_semantic_recoding_50_percent,leave_one_publication_out,False,Elastic Net,held_out_publication,11,144.8,159.2136792366658,-14.413679236665786,14.413679236665786,207.7541491374904,1602,1602,,shared_semantic_dataset,,Ref-139-Research,Ref-139-Research
shared_semantic_recoding_50_percent,leave_one_publication_out,False,Elastic Net,held_out_publication,12,147.7,174.07689969824264,-26.376899698242653,26.376899698242653,695.7408376911534,1603,1603,,shared_semantic_dataset,,Ref-139-Research,Ref-139-Research
shared_semantic_recoding_50_percent,leave_one_publication_out,False,Elastic Net,held_out_publication,13,162.2,188.94012015981946,-26.74012015981947,26.74012015981947,715.0340261615836,1604,1604,,shared_semantic_dataset,,Ref-139-Research,Ref-139-Research
shared_semantic_recoding_50_percent,leave_one_publication_out,False,Elastic Net,held_out_publication,14,128.8,139.61439308068447,-10.814393080684454,10.814393080684454,116.95109770355579,1605,1605,,shared_semantic_dataset,,Ref-139-Research,Ref-139-Research
shared_semantic_recoding_50_percent,leave_one_publication_out,False,Elastic Net,held_out_publication,15,141.8,141.63084597044116,0.16915402955885384,0.16915402955885384,0.028613085715997598,1606,1606,,shared_semantic_dataset,,Ref-139-Research,Ref-139-Research
shared_semantic_recoding_50_percent,leave_one_publication_out,False,Elastic Net,held_out_publication,16,128.6,138.1720622112162,-9.572062211216206,9.572062211216206,91.62437497539328,1607,1607,,shared_semantic_dataset,,Ref-139-Research,Ref-139-Research
shared_semantic_recoding_50_percent,leave_one_publication_out,False,Elastic Net,held_out_publication,17,141.4,137.8945284359996,3.505471564000402,3.505471564000402,12.288330886015425,1608,1608,,shared_semantic_dataset,,Ref-139-Research,Ref-139-Research
shared_semantic_recoding_50_percent,leave_one_publication_out,False,Elastic Net,held_out_publication,18,132.2,136.87600481488607,-4.676004814886085,4.676004814886085,21.865021028837848,1609,1609,,shared_semantic_dataset,,Ref-139-Research,Ref-139-Research
shared_semantic_recoding_50_percent,leave_one_publication_out,False,Elastic Net,held_out_publication,19,141.8,136.5553587260583,5.24464127394171,5.24464127394171,27.50626209233292,1610,1610,,shared_semantic_dataset,,Ref-139-Research,Ref-139-Research
shared_semantic_recoding_50_percent,leave_one_publication_out,False,Elastic Net,held_out_publication,20,142.7,156.5310363101493,-13.831036310149301,13.831036310149301,191.2975654126684,1611,1611,,shared_semantic_dataset,,Ref-139-Research,Ref-139-Research
shared_semantic_recoding_50_percent,leave_one_publication_out,False,Elastic Net,held_out_publication,21,150.1,171.3942567717261,-21.29425677172611,21.29425677172611,453.4453714602034,1612,1612,,shared_semantic_dataset,,Ref-139-Research,Ref-139-Research
shared_semantic_recoding_50_percent,leave_one_publication_out,False,Elastic Net,held_out_publication,22,152.6,186.25747723330295,-33.657477233302956,33.657477233302956,1132.8257737103067,1613,1613,,shared_semantic_dataset,,Ref-139-Research,Ref-139-Research
shared_semantic_recoding_50_percent,leave_one_publication_out,False,Elastic Net,held_out_publication,23,131.0,133.36871080835033,-2.368710808350329,2.368710808350329,5.610790893595669,1614,1614,,shared_semantic_dataset,,Ref-139-Research,Ref-139-Research
shared_semantic_recoding_50_percent,leave_one_publication_out,False,Elastic Net,held_out_publication,24,135.2,153.34438839244132,-18.14438839244133,18.14438839244133,329.2188301357596,1615,1615,,shared_semantic_dataset,,Ref-139-Research,Ref-139-Research
shared_semantic_recoding_50_percent,leave_one_publication_out,False,Elastic Net,held_out_publication,25,134.5,168.20760885401813,-33.70760885401813,33.70760885401813,1136.2028946554817,1616,1616,,shared_semantic_dataset,,Ref-139-Research,Ref-139-Research
shared_semantic_recoding_50_percent,leave_one_publication_out,False,Elastic Net,held_out_publication,26,151.0,183.07082931559495,-32.07082931559495,32.07082931559495,1028.5380929900243,1617,1617,,shared_semantic_dataset,,Ref-139-Research,Ref-139-Research
shared_semantic_recoding_50_percent,leave_one_publication_out,False,Elastic Net,held_out_publication,27,132.0,135.829578228069,-3.8295782280690105,3.8295782280690105,14.665669404900182,1618,1618,,shared_semantic_dataset,,Ref-139-Research,Ref-139-Research
shared_semantic_recoding_50_percent,leave_one_publication_out,False,Elastic Net,held_out_publication,28,139.6,137.2054183470384,2.394581652961591,2.394581652961591,5.734021292700266,1619,1619,,shared_semantic_dataset,,Ref-139-Research,Ref-139-Research
shared_semantic_recoding_50_percent,leave_one_publication_out,False,Elastic Net,held_out_publication,29,142.3,139.00282259556965,3.2971774044303572,3.2971774044303572,10.871378836286107,1620,1620,,shared_semantic_dataset,,Ref-139-Research,Ref-139-Research
shared_semantic_recoding_50_percent,leave_one_publication_out,False,Elastic Net,held_out_publication,30,153.6,158.97850017966064,-5.378500179660648,5.378500179660648,28.928264182609624,1621,1621,,shared_semantic_dataset,,Ref-139-Research,Ref-139-Research
shared_semantic_recoding_50_percent,leave_one_publication_out,False,Elastic Net,held_out_publication,31,151.5,173.8417206412375,-22.341720641237487,22.341720641237487,499.15248121109715,1622,1622,,shared_semantic_dataset,,Ref-139-Research,Ref-139-Research
shared_semantic_recoding_50_percent,leave_one_publication_out,False,Elastic Net,held_out_publication,32,169.3,188.7049411028143,-19.40494110281429,19.40494110281429,376.5517392036915,1623,1623,,shared_semantic_dataset,,Ref-139-Research,Ref-139-Research
shared_semantic_recoding_50_percent,leave_one_publication_out,False,Elastic Net,held_out_publication,33,136.1,139.23800165257484,-3.138001652574843,3.138001652574843,9.847054371562447,1624,1624,,shared_semantic_dataset,,Ref-139-Research,Ref-139-Research
shared_semantic_recoding_50_percent,leave_one_publication_out,False,Elastic Net,held_out_publication,34,131.4,138.71114253018044,-7.311142530180433,7.311142530180433,53.45280509661315,1625,1625,,shared_semantic_dataset,,Ref-139-Research,Ref-139-Research
shared_semantic_recoding_50_percent,leave_one_publication_out,False,Elastic Net,held_out_publication,35,107.0,140.8720045357217,-33.872004535721686,33.872004535721686,1147.3126912679504,1626,1626,,shared_semantic_dataset,,Ref-139-Research,Ref-139-Research
shared_semantic_recoding_50_percent,leave_one_publication_out,False,Elastic Net,held_out_publication,36,132.0,158.68682011427143,-26.686820114271427,26.686820114271427,712.186367811482,1627,1627,,shared_semantic_dataset,,Ref-139-Research,Ref-139-Research
shared_semantic_recoding_50_percent,leave_one_publication_out,False,Elastic Net,held_out_publication,37,126.9,172.46233141993724,-45.56233141993724,45.56233141993724,2075.9260444202,1628,1628,,shared_semantic_dataset,,Ref-139-Research,Ref-139-Research
shared_semantic_recoding_50_percent,leave_one_publication_out,False,Elastic Net,held_out_publication,38,128.9,186.79019503133912,-57.89019503133912,57.89019503133912,3351.2746807664803,1629,1629,,shared_semantic_dataset,,Ref-139-Research,Ref-139-Research
shared_semantic_recoding_50_percent,leave_one_publication_out,False,Elastic Net,held_out_publication,39,145.1,138.14455208973365,6.955447910266344,6.955447910266344,48.37825563242845,1630,1630,,shared_semantic_dataset,,Ref-139-Research,Ref-139-Research
shared_semantic_recoding_50_percent,leave_one_publication_out,False,Elastic Net,held_out_publication,40,146.9,158.12022967382464,-11.220229673824633,11.220229673824633,125.89355393337483,1631,1631,,shared_semantic_dataset,,Ref-139-Research,Ref-139-Research
shared_semantic_recoding_50_percent,leave_one_publication_out,False,Elastic Net,held_out_publication,41,151.0,172.98345013540145,-21.983450135401455,21.983450135401455,483.27207985568225,1632,1632,,shared_semantic_dataset,,Ref-139-Research,Ref-139-Research
shared_semantic_recoding_50_percent,leave_one_publication_out,False,Elastic Net,held_out_publication,42,155.1,187.84667059697827,-32.74667059697828,32.74667059697828,1072.3444351870016,1633,1633,,shared_semantic_dataset,,Ref-139-Research,Ref-139-Research
shared_semantic_recoding_50_percent,leave_one_publication_out,False,Elastic Net,held_out_publication,43,143.0,133.88914459605266,9.11085540394734,9.11085540394734,83.00768619163645,1634,1634,,shared_semantic_dataset,,Ref-139-Research,Ref-139-Research
shared_semantic_recoding_50_percent,leave_one_publication_out,False,Elastic Net,held_out_publication,44,144.3,153.86482218014365,-9.564822180143636,9.564822180143636,91.48582333776767,1635,1635,,shared_semantic_dataset,,Ref-139-Research,Ref-139-Research
shared_semantic_recoding_50_percent,leave_one_publication_out,False,Elastic Net,held_out_publication,45,129.7,135.02601670866582,-5.326016708665833,5.326016708665833,28.36645398098763,1636,1636,,shared_semantic_dataset,,Ref-139-Research,Ref-139-Research
shared_semantic_recoding_50_percent,leave_one_publication_out,False,Elastic Net,held_out_publication,46,130.2,132.7696138854672,-2.56961388546722,2.56961388546722,6.602915520385943,1637,1637,,shared_semantic_dataset,,Ref-139-Research,Ref-139-Research
shared_semantic_recoding_50_percent,leave_one_publication_out,False,Elastic Net,held_out_publication,47,82.0,130.5132110622686,-48.513211062268596,48.513211062268596,2353.53164757222,1638,1638,,shared_semantic_dataset,,Ref-139-Research,Ref-139-Research
shared_semantic_recoding_50_percent,leave_one_publication_out,False,Elastic Net,held_out_publication,48,132.7,155.0016942927568,-22.30169429275682,22.30169429275682,497.36556832758214,1639,1639,,shared_semantic_dataset,,Ref-139-Research,Ref-139-Research
shared_semantic_recoding_50_percent,leave_one_publication_out,False,Elastic Net,held_out_publication,49,133.4,152.7452914695582,-19.34529146955819,19.34529146955819,374.2403020421609,1640,1640,,shared_semantic_dataset,,Ref-139-Research,Ref-139-Research
shared_semantic_recoding_50_percent,leave_one_publication_out,False,Elastic Net,held_out_publication,50,86.3,150.48888864635958,-64.18888864635959,64.18888864635959,4120.213425654751,1641,1641,,shared_semantic_dataset,,Ref-139-Research,Ref-139-Research
