policy,experiment,exploratory,model,split,row_position,Actual,Predicted,Residual,AbsoluteError,SquaredError,semantic_row_id,modeling_row_id,publication_country,publication_source,publication_year,publication_reference_id,publication_group
shared_semantic_recoding_50_percent,leave_one_publication_out,False,OLS,held_out_publication,0,172.0,139.88623734904326,32.113762650956744,32.113762650956744,1031.2937516019842,1736,1736,,shared_semantic_dataset,,Ref-144-Research,Ref-144-Research
shared_semantic_recoding_50_percent,leave_one_publication_out,False,OLS,held_out_publication,1,149.0,129.58783902306018,19.412160976939816,19.412160976939816,376.831993794625,1737,1737,,shared_semantic_dataset,,Ref-144-Research,Ref-144-Research
shared_semantic_recoding_50_percent,leave_one_publication_out,False,OLS,held_out_publication,2,154.0,125.7356927155549,28.264307284445096,28.264307284445096,798.8710662695361,1738,1738,,shared_semantic_dataset,,Ref-144-Research,Ref-144-Research
shared_semantic_recoding_50_percent,leave_one_publication_out,False,OLS,held_out_publication,3,135.0,124.16968189500639,10.830318104993609,10.830318104993609,117.29579025535234,1739,1739,,shared_semantic_dataset,,Ref-144-Research,Ref-144-Research
shared_semantic_recoding_50_percent,leave_one_publication_out,False,OLS,held_out_publication,4,142.0,139.88623734904326,2.113762650956744,2.113762650956744,4.4679925445796815,1740,1740,,shared_semantic_dataset,,Ref-144-Research,Ref-144-Research
shared_semantic_recoding_50_percent,leave_one_publication_out,False,OLS,held_out_publication,5,141.0,127.87501608032224,13.12498391967776,13.12498391967776,172.2652028917998,1741,1741,,shared_semantic_dataset,,Ref-144-Research,Ref-144-Research
shared_semantic_recoding_50_percent,leave_one_publication_out,False,OLS,held_out_publication,6,149.0,124.38803652253262,24.611963477467384,24.611963477467384,605.7487462161885,1742,1742,,shared_semantic_dataset,,Ref-144-Research,Ref-144-Research
shared_semantic_recoding_50_percent,leave_one_publication_out,False,OLS,held_out_publication,7,179.0,140.0312590665624,38.9687409334376,38.9687409334376,1518.5627699373752,1743,1743,,shared_semantic_dataset,,Ref-144-Research,Ref-144-Research
shared_semantic_recoding_50_percent,leave_one_publication_out,False,OLS,held_out_publication,8,90.0,120.13688234431729,-30.136882344317286,30.136882344317286,908.231677435223,1744,1744,,shared_semantic_dataset,,Ref-144-Research,Ref-144-Research
shared_semantic_recoding_50_percent,leave_one_publication_out,False,OLS,held_out_publication,9,151.0,128.47723760036254,22.522762399637458,22.522762399637458,507.27482611052284,1745,1745,,shared_semantic_dataset,,Ref-144-Research,Ref-144-Research
shared_semantic_recoding_50_percent,leave_one_publication_out,False,OLS,held_out_publication,10,125.0,130.40166202633733,-5.401662026337334,5.401662026337334,29.177952646774752,1746,1746,,shared_semantic_dataset,,Ref-144-Research,Ref-144-Research
shared_semantic_recoding_50_percent,leave_one_publication_out,False,OLS,held_out_publication,11,116.0,132.17694299398298,-16.176942993982976,16.176942993982976,261.6934846305749,1747,1747,,shared_semantic_dataset,,Ref-144-Research,Ref-144-Research
shared_semantic_recoding_50_percent,leave_one_publication_out,False,OLS,held_out_publication,12,108.0,126.99314606508725,-18.993146065087245,18.993146065087245,360.7395974497391,1748,1748,,shared_semantic_dataset,,Ref-144-Research,Ref-144-Research
shared_semantic_recoding_50_percent,leave_one_publication_out,False,OLS,held_out_publication,13,128.0,124.0460959994549,3.9539040005450943,3.9539040005450943,15.633356845526501,1749,1749,,shared_semantic_dataset,,Ref-144-Research,Ref-144-Research
shared_semantic_recoding_50_percent,leave_one_publication_out,False,OLS,held_out_publication,14,125.0,127.07160966162675,-2.071609661626752,2.071609661626752,4.291566590145306,1750,1750,,shared_semantic_dataset,,Ref-144-Research,Ref-144-Research
shared_semantic_recoding_50_percent,leave_one_publication_out,False,OLS,held_out_publication,15,114.0,124.65912005561438,-10.65912005561438,10.65912005561438,113.61684036000071,1751,1751,,shared_semantic_dataset,,Ref-144-Research,Ref-144-Research
shared_semantic_recoding_50_percent,leave_one_publication_out,False,OLS,held_out_publication,16,182.0,142.66155755398037,39.33844244601963,39.33844244601963,1547.5130540787986,1752,1752,,shared_semantic_dataset,,Ref-144-Research,Ref-144-Research
shared_semantic_recoding_50_percent,leave_one_publication_out,False,OLS,held_out_publication,17,142.0,130.46114407618228,11.53885592381772,11.53885592381772,133.1451960306233,1753,1753,,shared_semantic_dataset,,Ref-144-Research,Ref-144-Research
shared_semantic_recoding_50_percent,leave_one_publication_out,False,OLS,held_out_publication,18,150.0,130.46114407618228,19.53885592381772,19.53885592381772,381.76689081170684,1754,1754,,shared_semantic_dataset,,Ref-144-Research,Ref-144-Research
shared_semantic_recoding_50_percent,leave_one_publication_out,False,OLS,held_out_publication,19,155.0,128.62969992740065,26.37030007259935,26.37030007259935,695.3927259189333,1755,1755,,shared_semantic_dataset,,Ref-144-Research,Ref-144-Research
shared_semantic_recoding_50_percent,leave_one_publication_out,False,OLS,held_out_publication,20,132.0,127.72999436280307,4.270005637196931,4.270005637196931,18.23294814169357,1756,1756,,shared_semantic_dataset,,Ref-144-Research,Ref-144-Research
shared_semantic_recoding_50_percent,leave_one_publication_out,False,OLS,held_out_publication,21,143.0,129.06908559371246,13.930914406287542,13.930914406287542,194.07037619530976,1757,1757,,shared_semantic_dataset,,Ref-144-Research,Ref-144-Research
shared_semantic_recoding_50_percent,leave_one_publication_out,False,OLS,held_out_publication,22,151.0,138.0518388699369,12.948161130063113,12.948161130063113,167.65487665007728,1758,1758,,shared_semantic_dataset,,Ref-144-Research,Ref-144-Research
shared_semantic_recoding_50_percent,leave_one_publication_out,False,OLS,held_out_publication,23,111.0,128.7758676422518,-17.775867642251796,17.775867642251796,315.98147043485443,1759,1759,,shared_semantic_dataset,,Ref-144-Research,Ref-144-Research
shared_semantic_recoding_50_percent,leave_one_publication_out,False,OLS,held_out_publication,24,166.0,142.9173140020456,23.0826859979544,23.0826859979544,532.8103928801601,1760,1760,,shared_semantic_dataset,,Ref-144-Research,Ref-144-Research
shared_semantic_recoding_50_percent,leave_one_publication_out,False,OLS,held_out_publication,25,132.0,127.07160966162675,4.928390338373248,4.928390338373248,24.289031327370775,1761,1761,,shared_semantic_dataset,,Ref-144-Research,Ref-144-Research
shared_semantic_recoding_50_percent,leave_one_publication_out,False,OLS,held_out_publication,26,105.0,127.11084145989653,-22.110841459896534,22.110841459896534,488.8893100646795,1762,1762,,shared_semantic_dataset,,Ref-144-Research,Ref-144-Research
shared_semantic_recoding_50_percent,leave_one_publication_out,False,OLS,held_out_publication,27,106.0,128.85433123879133,-22.85433123879133,22.85433123879133,522.3204563723933,1763,1763,,shared_semantic_dataset,,Ref-144-Research,Ref-144-Research
shared_semantic_recoding_50_percent,leave_one_publication_out,False,OLS,held_out_publication,28,123.0,132.34131079658096,-9.341310796580956,9.341310796580956,87.26008739831994,1764,1764,,shared_semantic_dataset,,Ref-144-Research,Ref-144-Research
shared_semantic_recoding_50_percent,leave_one_publication_out,False,OLS,held_out_publication,29,135.0,129.6194100257134,5.3805899742866075,5.3805899742866075,28.950748471393556,1765,1765,,shared_semantic_dataset,,Ref-144-Research,Ref-144-Research
shared_semantic_recoding_50_percent,leave_one_publication_out,False,OLS,held_out_publication,30,96.0,123.62386190210691,-27.62386190210691,27.62386190210691,763.0777463866735,1766,1766,,shared_semantic_dataset,,Ref-144-Research,Ref-144-Research
shared_semantic_recoding_50_percent,leave_one_publication_out,False,OLS,held_out_publication,31,134.0,139.88623734904326,-5.886237349043256,5.886237349043256,34.647790129271776,1767,1767,,shared_semantic_dataset,,Ref-144-Research,Ref-144-Research
shared_semantic_recoding_50_percent,leave_one_publication_out,False,OLS,held_out_publication,32,153.0,130.3032910718688,22.696708928131187,22.696708928131187,515.1405961683099,1768,1768,,shared_semantic_dataset,,Ref-144-Research,Ref-144-Research
shared_semantic_recoding_50_percent,leave_one_publication_out,False,OLS,held_out_publication,33,145.0,127.0905695635833,17.9094304364167,17.9094304364167,320.74769855684883,1769,1769,,shared_semantic_dataset,,Ref-144-Research,Ref-144-Research
shared_semantic_recoding_50_percent,leave_one_publication_out,False,OLS,held_out_publication,34,140.0,127.50240872108765,12.497591278912353,12.497591278912353,156.1897877747461,1770,1770,,shared_semantic_dataset,,Ref-144-Research,Ref-144-Research
shared_semantic_recoding_50_percent,leave_one_publication_out,False,OLS,held_out_publication,35,181.0,142.26188363119402,38.738116368805976,38.738116368805976,1500.6416598031535,1771,1771,,shared_semantic_dataset,,Ref-144-Research,Ref-144-Research
shared_semantic_recoding_50_percent,leave_one_publication_out,False,OLS,held_out_publication,36,138.0,127.0905695635833,10.909430436416699,10.909430436416699,119.01567244701504,1772,1772,,shared_semantic_dataset,,Ref-144-Research,Ref-144-Research
shared_semantic_recoding_50_percent,leave_one_publication_out,False,OLS,held_out_publication,37,146.0,140.0312590665624,5.968740933437601,5.968740933437601,35.62586833049357,1773,1773,,shared_semantic_dataset,,Ref-144-Research,Ref-144-Research
shared_semantic_recoding_50_percent,leave_one_publication_out,False,OLS,held_out_publication,38,141.0,129.6194100257134,11.380589974286607,11.380589974286607,129.51782816283284,1774,1774,,shared_semantic_dataset,,Ref-144-Research,Ref-144-Research
shared_semantic_recoding_50_percent,leave_one_publication_out,False,OLS,held_out_publication,39,156.0,138.0518388699369,17.948161130063113,17.948161130063113,322.1364879507084,1775,1775,,shared_semantic_dataset,,Ref-144-Research,Ref-144-Research
shared_semantic_recoding_50_percent,leave_one_publication_out,False,OLS,held_out_publication,40,157.0,127.35716681747087,29.64283318252913,29.64283318252913,878.6975590872502,1776,1776,,shared_semantic_dataset,,Ref-144-Research,Ref-144-Research
shared_semantic_recoding_50_percent,leave_one_publication_out,False,OLS,held_out_publication,41,135.0,127.914247878592,7.085752121408007,7.085752121408007,50.20788312603806,1777,1777,,shared_semantic_dataset,,Ref-144-Research,Ref-144-Research
shared_semantic_recoding_50_percent,leave_one_publication_out,False,OLS,held_out_publication,42,200.0,144.09628211030036,55.903717889699635,55.903717889699635,3125.225673891123,1778,1778,,shared_semantic_dataset,,Ref-144-Research,Ref-144-Research
shared_semantic_recoding_50_percent,leave_one_publication_out,False,OLS,held_out_publication,43,144.0,127.82629350870518,16.173706491294823,16.173706491294823,261.5887816665523,1779,1779,,shared_semantic_dataset,,Ref-144-Research,Ref-144-Research
shared_semantic_recoding_50_percent,leave_one_publication_out,False,OLS,held_out_publication,44,166.0,142.9173140020456,23.0826859979544,23.0826859979544,532.8103928801601,1780,1780,,shared_semantic_dataset,,Ref-144-Research,Ref-144-Research
shared_semantic_recoding_50_percent,leave_one_publication_out,False,OLS,held_out_publication,45,143.0,128.47723760036254,14.522762399637458,14.522762399637458,210.91062771632352,1781,1781,,shared_semantic_dataset,,Ref-144-Research,Ref-144-Research
shared_semantic_recoding_50_percent,leave_one_publication_out,False,OLS,held_out_publication,46,93.0,121.88037212321211,-28.880372123212112,28.880372123212112,834.0758939752072,1782,1782,,shared_semantic_dataset,,Ref-144-Research,Ref-144-Research
shared_semantic_recoding_50_percent,leave_one_publication_out,False,OLS,held_out_publication,47,194.0,142.66155755398037,51.33844244601963,51.33844244601963,2635.63567278327,1783,1783,,shared_semantic_dataset,,Ref-144-Research,Ref-144-Research
shared_semantic_recoding_50_percent,leave_one_publication_out,False,OLS,held_out_publication,48,185.0,148.44283126792143,36.557168732078566,36.557168732078566,1336.4265857056628,1784,1784,,shared_semantic_dataset,,Ref-144-Research,Ref-144-Research
shared_semantic_recoding_50_percent,leave_one_publication_out,False,OLS,held_out_publication,49,174.0,142.9173140020456,31.0826859979544,31.0826859979544,966.1333688474305,1785,1785,,shared_semantic_dataset,,Ref-144-Research,Ref-144-Research
shared_semantic_recoding_50_percent,leave_one_publication_out,False,OLS,held_out_publication,50,147.0,139.03410835873072,7.96589164126928,7.96589164126928,63.45542964044379,1786,1786,,shared_semantic_dataset,,Ref-144-Research,Ref-144-Research
shared_semantic_recoding_50_percent,leave_one_publication_out,False,OLS,held_out_publication,51,114.0,130.59782101768613,-16.59782101768613,16.59782101768613,275.48766253514344,1787,1787,,shared_semantic_dataset,,Ref-144-Research,Ref-144-Research
shared_semantic_recoding_50_percent,leave_one_publication_out,False,OLS,held_out_publication,52,196.0,145.64602760005897,50.35397239994103,50.35397239994103,2535.522536454023,1788,1788,,shared_semantic_dataset,,Ref-144-Research,Ref-144-Research
shared_semantic_recoding_50_percent,leave_one_publication_out,False,OLS,held_out_publication,53,201.0,159.23498940994008,41.765010590059916,41.765010590059916,1744.316109587817,1789,1789,,shared_semantic_dataset,,Ref-144-Research,Ref-144-Research
shared_semantic_recoding_50_percent,leave_one_publication_out,False,OLS,held_out_publication,54,173.0,148.936591083957,24.063408916042988,24.063408916042988,579.0476486606972,1790,1790,,shared_semantic_dataset,,Ref-144-Research,Ref-144-Research
shared_semantic_recoding_50_percent,leave_one_publication_out,False,OLS,held_out_publication,55,178.0,145.08444477645176,32.91555522354824,32.91555522354824,1083.4337756744537,1791,1791,,shared_semantic_dataset,,Ref-144-Research,Ref-144-Research
shared_semantic_recoding_50_percent,leave_one_publication_out,False,OLS,held_out_publication,56,159.0,143.51843395590322,15.48156604409678,15.48156604409678,239.67888717773045,1792,1792,,shared_semantic_dataset,,Ref-144-Research,Ref-144-Research
shared_semantic_recoding_50_percent,leave_one_publication_out,False,OLS,held_out_publication,57,171.0,159.23498940994008,11.765010590059916,11.765010590059916,138.41547418422198,1793,1793,,shared_semantic_dataset,,Ref-144-Research,Ref-144-Research
shared_semantic_recoding_50_percent,leave_one_publication_out,False,OLS,held_out_publication,58,165.0,147.22376814121907,17.776231858780932,17.776231858780932,315.9944190971382,1794,1794,,shared_semantic_dataset,,Ref-144-Research,Ref-144-Research
shared_semantic_recoding_50_percent,leave_one_publication_out,False,OLS,held_out_publication,59,173.0,143.73678858342944,29.263211416570556,29.263211416570556,856.3355424109053,1795,1795,,shared_semantic_dataset,,Ref-144-Research,Ref-144-Research
shared_semantic_recoding_50_percent,leave_one_publication_out,False,OLS,held_out_publication,60,208.0,159.38001112745926,48.619988872540745,48.619988872540745,2363.903317965986,1796,1796,,shared_semantic_dataset,,Ref-144-Research,Ref-144-Research
shared_semantic_recoding_50_percent,leave_one_publication_out,False,OLS,held_out_publication,61,104.0,139.48563440521414,-35.48563440521414,35.48563440521414,1259.2302491405176,1797,1797,,shared_semantic_dataset,,Ref-144-Research,Ref-144-Research
shared_semantic_recoding_50_percent,leave_one_publication_out,False,OLS,held_out_publication,62,175.0,147.8259896612594,27.1740103387406,27.1740103387406,738.426837889981,1798,1798,,shared_semantic_dataset,,Ref-144-Research,Ref-144-Research
shared_semantic_recoding_50_percent,leave_one_publication_out,False,OLS,held_out_publication,63,149.0,149.75041408723416,-0.7504140872341623,0.7504140872341623,0.5631213023194809,1799,1799,,shared_semantic_dataset,,Ref-144-Research,Ref-144-Research
shared_semantic_recoding_50_percent,leave_one_publication_out,False,OLS,held_out_publication,64,140.0,151.5256950548798,-11.525695054879805,11.525695054879805,132.8416464980808,1800,1800,,shared_semantic_dataset,,Ref-144-Research,Ref-144-Research
shared_semantic_recoding_50_percent,leave_one_publication_out,False,OLS,held_out_publication,65,132.0,146.34189812598407,-14.341898125984073,14.341898125984073,205.69004185610547,1801,1801,,shared_semantic_dataset,,Ref-144-Research,Ref-144-Research
shared_semantic_recoding_50_percent,leave_one_publication_out,False,OLS,held_out_publication,66,152.0,143.39484806035176,8.605151939648238,8.605151939648238,74.04863990443182,1802,1802,,shared_semantic_dataset,,Ref-144-Research,Ref-144-Research
shared_semantic_recoding_50_percent,leave_one_publication_out,False,OLS,held_out_publication,67,149.0,146.4203617225236,2.5796382774763913,2.5796382774763913,6.654533642621363,1803,1803,,shared_semantic_dataset,,Ref-144-Research,Ref-144-Research
shared_semantic_recoding_50_percent,leave_one_publication_out,False,OLS,held_out_publication,68,138.0,144.00787211651124,-6.007872116511237,6.007872116511237,36.09452736835321,1804,1804,,shared_semantic_dataset,,Ref-144-Research,Ref-144-Research
shared_semantic_recoding_50_percent,leave_one_publication_out,False,OLS,held_out_publication,69,211.0,162.0103096148772,48.9896903851228,48.9896903851228,2399.9897640301933,1805,1805,,shared_semantic_dataset,,Ref-144-Research,Ref-144-Research
shared_semantic_recoding_50_percent,leave_one_publication_out,False,OLS,held_out_publication,70,166.0,149.8098961370791,16.190103862920893,16.190103862920893,262.11946309216603,1806,1806,,shared_semantic_dataset,,Ref-144-Research,Ref-144-Research
shared_semantic_recoding_50_percent,leave_one_publication_out,False,OLS,held_out_publication,71,174.0,149.8098961370791,24.190103862920893,24.190103862920893,585.1611248989003,1807,1807,,shared_semantic_dataset,,Ref-144-Research,Ref-144-Research
shared_semantic_recoding_50_percent,leave_one_publication_out,False,OLS,held_out_publication,72,179.0,147.97845198829748,31.02154801170252,31.02154801170252,962.3364410423646,1808,1808,,shared_semantic_dataset,,Ref-144-Research,Ref-144-Research
shared_semantic_recoding_50_percent,leave_one_publication_out,False,OLS,held_out_publication,73,156.0,147.07874642369993,8.921253576300074,8.921253576300074,79.58876537264686,1809,1809,,shared_semantic_dataset,,Ref-144-Research,Ref-144-Research
shared_semantic_recoding_50_percent,leave_one_publication_out,False,OLS,held_out_publication,74,167.0,148.41783765460931,18.582162345390685,18.582162345390685,345.29675743045544,1810,1810,,shared_semantic_dataset,,Ref-144-Research,Ref-144-Research
shared_semantic_recoding_50_percent,leave_one_publication_out,False,OLS,held_out_publication,75,180.0,157.40059093083374,22.599409069166256,22.599409069166256,510.73329027551404,1811,1811,,shared_semantic_dataset,,Ref-144-Research,Ref-144-Research
shared_semantic_recoding_50_percent,leave_one_publication_out,False,OLS,held_out_publication,76,135.0,148.12461970314865,-13.124619703148653,13.124619703148653,172.25564235227785,1812,1812,,shared_semantic_dataset,,Ref-144-Research,Ref-144-Research
shared_semantic_recoding_50_percent,leave_one_publication_out,False,OLS,held_out_publication,77,195.0,162.26606606294243,32.73393393705757,32.73393393705757,1071.5104309956494,1813,1813,,shared_semantic_dataset,,Ref-144-Research,Ref-144-Research
shared_semantic_recoding_50_percent,leave_one_publication_out,False,OLS,held_out_publication,78,156.0,146.4203617225236,9.579638277476391,9.579638277476391,91.76946952729084,1814,1814,,shared_semantic_dataset,,Ref-144-Research,Ref-144-Research
shared_semantic_recoding_50_percent,leave_one_publication_out,False,OLS,held_out_publication,79,129.0,146.45959352079336,-17.459593520793362,17.459593520793362,304.83740591132954,1815,1815,,shared_semantic_dataset,,Ref-144-Research,Ref-144-Research
shared_semantic_recoding_50_percent,leave_one_publication_out,False,OLS,held_out_publication,80,130.0,148.2030832996882,-18.20308329968819,18.20308329968819,331.352241615387,1816,1816,,shared_semantic_dataset,,Ref-144-Research,Ref-144-Research
shared_semantic_recoding_50_percent,leave_one_publication_out,False,OLS,held_out_publication,81,147.0,151.69006285747778,-4.690062857477784,4.690062857477784,21.996689607092677,1817,1817,,shared_semantic_dataset,,Ref-144-Research,Ref-144-Research
shared_semantic_recoding_50_percent,leave_one_publication_out,False,OLS,held_out_publication,82,159.0,148.96816208661025,10.03183791338975,10.03183791338975,100.63777192052403,1818,1818,,shared_semantic_dataset,,Ref-144-Research,Ref-144-Research
shared_semantic_recoding_50_percent,leave_one_publication_out,False,OLS,held_out_publication,83,120.0,142.97261396300377,-22.972613963003766,22.972613963003766,527.7409922931956,1819,1819,,shared_semantic_dataset,,Ref-144-Research,Ref-144-Research
shared_semantic_recoding_50_percent,leave_one_publication_out,False,OLS,held_out_publication,84,163.0,159.23498940994008,3.765010590059916,3.765010590059916,14.175304743263315,1820,1820,,shared_semantic_dataset,,Ref-144-Research,Ref-144-Research
shared_semantic_recoding_50_percent,leave_one_publication_out,False,OLS,held_out_publication,85,177.0,149.65204313276567,27.34795686723433,27.34795686723433,747.9107448121093,1821,1821,,shared_semantic_dataset,,Ref-144-Research,Ref-144-Research
shared_semantic_recoding_50_percent,leave_one_publication_out,False,OLS,held_out_publication,86,169.0,146.43932162448016,22.560678375519842,22.560678375519842,508.9842087636486,1822,1822,,shared_semantic_dataset,,Ref-144-Research,Ref-144-Research
shared_semantic_recoding_50_percent,leave_one_publication_out,False,OLS,held_out_publication,87,164.0,146.8511607819845,17.148839218015496,17.148839218015496,294.08268652534633,1823,1823,,shared_semantic_dataset,,Ref-144-Research,Ref-144-Research
shared_semantic_recoding_50_percent,leave_one_publication_out,False,OLS,held_out_publication,88,210.0,161.61063569209085,48.38936430790915,48.38936430790915,2341.5305781235515,1824,1824,,shared_semantic_dataset,,Ref-144-Research,Ref-144-Research
shared_semantic_recoding_50_percent,leave_one_publication_out,False,OLS,held_out_publication,89,162.0,146.43932162448016,15.560678375519842,15.560678375519842,242.13471150637082,1825,1825,,shared_semantic_dataset,,Ref-144-Research,Ref-144-Research
shared_semantic_recoding_50_percent,leave_one_publication_out,False,OLS,held_out_publication,90,175.0,159.38001112745926,15.619988872540745,15.619988872540745,243.9840523782967,1826,1826,,shared_semantic_dataset,,Ref-144-Research,Ref-144-Research
shared_semantic_recoding_50_percent,leave_one_publication_out,False,OLS,held_out_publication,91,165.0,148.96816208661025,16.03183791338975,16.03183791338975,257.019826881201,1827,1827,,shared_semantic_dataset,,Ref-144-Research,Ref-144-Research
shared_semantic_recoding_50_percent,leave_one_publication_out,False,OLS,held_out_publication,92,185.0,157.40059093083374,27.599409069166256,27.599409069166256,761.7273809671766,1828,1828,,shared_semantic_dataset,,Ref-144-Research,Ref-144-Research
shared_semantic_recoding_50_percent,leave_one_publication_out,False,OLS,held_out_publication,93,181.0,146.70591887836773,34.294081121632274,34.294081121632274,1176.0839999770951,1829,1829,,shared_semantic_dataset,,Ref-144-Research,Ref-144-Research
shared_semantic_recoding_50_percent,leave_one_publication_out,False,OLS,held_out_publication,94,159.0,147.26299993948885,11.73700006051115,11.73700006051115,137.75717042043874,1830,1830,,shared_semantic_dataset,,Ref-144-Research,Ref-144-Research
shared_semantic_recoding_50_percent,leave_one_publication_out,False,OLS,held_out_publication,95,229.0,163.4450341711972,65.5549658288028,65.5549658288028,4297.453544815504,1831,1831,,shared_semantic_dataset,,Ref-144-Research,Ref-144-Research
shared_semantic_recoding_50_percent,leave_one_publication_out,False,OLS,held_out_publication,96,168.0,147.17504556960202,20.82495443039798,20.82495443039798,433.6787270281525,1832,1832,,shared_semantic_dataset,,Ref-144-Research,Ref-144-Research
shared_semantic_recoding_50_percent,leave_one_publication_out,False,OLS,held_out_publication,97,195.0,162.26606606294243,32.73393393705757,32.73393393705757,1071.5104309956494,1833,1833,,shared_semantic_dataset,,Ref-144-Research,Ref-144-Research
shared_semantic_recoding_50_percent,leave_one_publication_out,False,OLS,held_out_publication,98,167.0,147.8259896612594,19.1740103387406,19.1740103387406,367.64267247013146,1834,1834,,shared_semantic_dataset,,Ref-144-Research,Ref-144-Research
shared_semantic_recoding_50_percent,leave_one_publication_out,False,OLS,held_out_publication,99,117.0,141.22912418410894,-24.22912418410894,24.22912418410894,587.0504587289727,1835,1835,,shared_semantic_dataset,,Ref-144-Research,Ref-144-Research
shared_semantic_recoding_50_percent,leave_one_publication_out,False,OLS,held_out_publication,100,223.0,162.0103096148772,60.9896903851228,60.9896903851228,3719.7423332731405,1836,1836,,shared_semantic_dataset,,Ref-144-Research,Ref-144-Research
shared_semantic_recoding_50_percent,leave_one_publication_out,False,OLS,held_out_publication,101,214.0,167.79158332881826,46.20841667118174,46.20841667118174,2135.2177712575462,1837,1837,,shared_semantic_dataset,,Ref-144-Research,Ref-144-Research
shared_semantic_recoding_50_percent,leave_one_publication_out,False,OLS,held_out_publication,102,203.0,162.26606606294243,40.73393393705757,40.73393393705757,1659.2533739885705,1838,1838,,shared_semantic_dataset,,Ref-144-Research,Ref-144-Research
shared_semantic_recoding_50_percent,leave_one_publication_out,False,OLS,held_out_publication,103,176.0,158.38286041962758,17.617139580372424,17.617139580372424,310.36360699432464,1839,1839,,shared_semantic_dataset,,Ref-144-Research,Ref-144-Research
shared_semantic_recoding_50_percent,leave_one_publication_out,False,OLS,held_out_publication,104,138.0,149.946573078583,-11.946573078582986,11.946573078582986,142.72060832192378,1840,1840,,shared_semantic_dataset,,Ref-144-Research,Ref-144-Research
shared_semantic_recoding_50_percent,leave_one_publication_out,False,OLS,held_out_publication,105,225.0,164.9947796609558,60.0052203390442,60.0052203390442,3600.626467937244,1841,1841,,shared_semantic_dataset,,Ref-144-Research,Ref-144-Research
shared_semantic_recoding_50_percent,leave_one_publication_out,False,OLS,held_out_publication,106,156.0,149.6316514096614,6.368348590338599,6.368348590338599,40.55586376806762,1842,1842,,shared_semantic_dataset,,Ref-144-Research,Ref-144-Research
shared_semantic_recoding_50_percent,leave_one_publication_out,False,OLS,held_out_publication,107,150.0,146.29208326391375,3.707916736086247,3.707916736086247,13.748646521748487,1843,1843,,shared_semantic_dataset,,Ref-144-Research,Ref-144-Research
shared_semantic_recoding_50_percent,leave_one_publication_out,False,OLS,held_out_publication,108,151.0,146.3226230067251,4.6773769932748905,4.6773769932748905,21.877855537217254,1844,1844,,shared_semantic_dataset,,Ref-144-Research,Ref-144-Research
shared_semantic_recoding_50_percent,leave_one_publication_out,False,OLS,held_out_publication,109,210.0,168.98040347055823,41.01959652944177,41.01959652944177,1682.6072994381914,1845,1845,,shared_semantic_dataset,,Ref-144-Research,Ref-144-Research
shared_semantic_recoding_50_percent,leave_one_publication_out,False,OLS,held_out_publication,110,205.0,165.6408353248106,39.35916467518939,39.35916467518939,1549.1438439286765,1846,1846,,shared_semantic_dataset,,Ref-144-Research,Ref-144-Research
shared_semantic_recoding_50_percent,leave_one_publication_out,False,OLS,held_out_publication,111,193.0,165.67137506762194,27.328624932378062,27.328624932378062,746.8537406945959,1847,1847,,shared_semantic_dataset,,Ref-144-Research,Ref-144-Research
shared_semantic_recoding_50_percent,leave_one_publication_out,False,OLS,held_out_publication,0,159.0,199.87825854165948,-40.87825854165948,40.87825854165948,1671.032021398756,1342,1342,,shared_semantic_dataset,,Ref-121-Research,Ref-121-Research
shared_semantic_recoding_50_percent,leave_one_publication_out,False,OLS,held_out_publication,1,173.0,175.9673562337186,-2.96735623371859,2.96735623371859,8.805203017788575,1343,1343,,shared_semantic_dataset,,Ref-121-Research,Ref-121-Research
shared_semantic_recoding_50_percent,leave_one_publication_out,False,OLS,held_out_publication,2,159.0,184.20300532616267,-25.203005326162668,25.203005326162668,635.1914774705838,1344,1344,,shared_semantic_dataset,,Ref-121-Research,Ref-121-Research
shared_semantic_recoding_50_percent,leave_one_publication_out,False,OLS,held_out_publication,3,150.0,202.51209962959936,-52.51209962959936,52.51209962959936,2757.5206075089695,1345,1345,,shared_semantic_dataset,,Ref-121-Research,Ref-121-Research
shared_semantic_recoding_50_percent,leave_one_publication_out,False,OLS,held_out_publication,4,134.0,185.75606903111373,-51.756069031113725,51.756069031113725,2678.6906815534094,1346,1346,,shared_semantic_dataset,,Ref-121-Research,Ref-121-Research
shared_semantic_recoding_50_percent,leave_one_publication_out,False,OLS,held_out_publication,5,139.0,204.4286848437021,-65.42868484370209,65.42868484370209,4280.912800376491,1347,1347,,shared_semantic_dataset,,Ref-121-Research,Ref-121-Research
shared_semantic_recoding_50_percent,leave_one_publication_out,False,OLS,held_out_publication,6,132.0,212.42082820104508,-80.42082820104508,80.42082820104508,6467.509608542008,1348,1348,,shared_semantic_dataset,,Ref-121-Research,Ref-121-Research
shared_semantic_recoding_50_percent,leave_one_publication_out,False,OLS,held_out_publication,7,132.0,189.09958076860897,-57.09958076860897,57.09958076860897,3260.3621239509,1349,1349,,shared_semantic_dataset,,Ref-121-Research,Ref-121-Research
shared_semantic_recoding_50_percent,leave_one_publication_out,False,OLS,held_out_publication,8,141.0,168.75298857263093,-27.752988572630926,27.752988572630926,770.2283747125828,1350,1350,,shared_semantic_dataset,,Ref-121-Research,Ref-121-Research
shared_semantic_recoding_50_percent,leave_one_publication_out,False,OLS,held_out_publication,9,133.0,186.50882286796454,-53.50882286796454,53.50882286796454,2863.194124715205,1351,1351,,shared_semantic_dataset,,Ref-121-Research,Ref-121-Research
shared_semantic_recoding_50_percent,leave_one_publication_out,False,OLS,held_out_publication,10,149.0,195.1279918275652,-46.12799182756521,46.12799182756521,2127.791630043923,1352,1352,,shared_semantic_dataset,,Ref-121-Research,Ref-121-Research
shared_semantic_recoding_50_percent,leave_one_publication_out,False,OLS,held_out_publication,11,142.0,172.66713456294565,-30.667134562945648,30.667134562945648,940.4731423018155,1353,1353,,shared_semantic_dataset,,Ref-121-Research,Ref-121-Research
shared_semantic_recoding_50_percent,leave_one_publication_out,False,OLS,held_out_publication,12,123.0,196.2211111573231,-73.2211111573231,73.2211111573231,5361.331119113064,1354,1354,,shared_semantic_dataset,,Ref-121-Research,Ref-121-Research
shared_semantic_recoding_50_percent,leave_one_publication_out,False,OLS,held_out_publication,13,116.0,173.550837637232,-57.55083763723201,57.55083763723201,3312.0989127470402,1355,1355,,shared_semantic_dataset,,Ref-121-Research,Ref-121-Research
shared_semantic_recoding_50_percent,leave_one_publication_out,False,OLS,held_out_publication,14,131.0,181.67403443567852,-50.67403443567852,50.67403443567852,2567.8577659883326,1356,1356,,shared_semantic_dataset,,Ref-121-Research,Ref-121-Research
shared_semantic_recoding_50_percent,leave_one_publication_out,False,OLS,held_out_publication,15,110.0,197.09032000075035,-87.09032000075035,87.09032000075035,7584.723837833097,1357,1357,,shared_semantic_dataset,,Ref-121-Research,Ref-121-Research
shared_semantic_recoding_50_percent,leave_one_publication_out,False,OLS,held_out_publication,16,149.0,188.9996683199637,-39.99966831996369,39.99966831996369,1599.9734657071067,1358,1358,,shared_semantic_dataset,,Ref-121-Research,Ref-121-Research
shared_semantic_recoding_50_percent,leave_one_publication_out,False,OLS,held_out_publication,17,149.0,188.9996683199637,-39.99966831996369,39.99966831996369,1599.9734657071067,1359,1359,,shared_semantic_dataset,,Ref-121-Research,Ref-121-Research
shared_semantic_recoding_50_percent,leave_one_publication_out,False,OLS,held_out_publication,18,146.0,188.9996683199637,-42.99966831996369,42.99966831996369,1848.9714756268888,1360,1360,,shared_semantic_dataset,,Ref-121-Research,Ref-121-Research
shared_semantic_recoding_50_percent,leave_one_publication_out,False,OLS,held_out_publication,19,149.0,177.3015057534414,-28.301505753441404,28.301505753441404,800.9752279120769,1361,1361,,shared_semantic_dataset,,Ref-121-Research,Ref-121-Research
shared_semantic_recoding_50_percent,leave_one_publication_out,False,OLS,held_out_publication,20,146.0,182.97084823327472,-36.97084823327472,36.97084823327472,1366.8436190878326,1362,1362,,shared_semantic_dataset,,Ref-121-Research,Ref-121-Research
shared_semantic_recoding_50_percent,leave_one_publication_out,False,OLS,held_out_publication,21,131.0,177.3015057534414,-46.301505753441404,46.301505753441404,2143.8294350359674,1363,1363,,shared_semantic_dataset,,Ref-121-Research,Ref-121-Research
shared_semantic_recoding_50_percent,leave_one_publication_out,False,OLS,held_out_publication,22,142.0,166.3924169616824,-24.392416961682386,24.392416961682386,594.9900052325705,1364,1364,,shared_semantic_dataset,,Ref-121-Research,Ref-121-Research
shared_semantic_recoding_50_percent,leave_one_publication_out,False,OLS,held_out_publication,23,130.0,182.02651422528305,-52.02651422528305,52.02651422528305,2706.75818243358,1365,1365,,shared_semantic_dataset,,Ref-121-Research,Ref-121-Research
shared_semantic_recoding_50_percent,leave_one_publication_out,False,OLS,held_out_publication,24,136.0,163.87077382406537,-27.870773824065367,27.870773824065367,776.7800335522072,1366,1366,,shared_semantic_dataset,,Ref-121-Research,Ref-121-Research
shared_semantic_recoding_50_percent,leave_one_publication_out,False,OLS,held_out_publication,25,160.0,154.75069020144784,5.2493097985521615,5.2493097985521615,27.555253361175733,1367,1367,,shared_semantic_dataset,,Ref-121-Research,Ref-121-Research
shared_semantic_recoding_50_percent,leave_one_publication_out,False,OLS,held_out_publication,26,156.0,161.54827806591882,-5.548278065918822,5.548278065918822,30.783389496755905,1368,1368,,shared_semantic_dataset,,Ref-121-Research,Ref-121-Research
shared_semantic_recoding_50_percent,leave_one_publication_out,False,OLS,held_out_publication,27,138.0,165.4173812129877,-27.417381212987692,27.417381212987692,751.7127925782904,1369,1369,,shared_semantic_dataset,,Ref-121-Research,Ref-121-Research
shared_semantic_recoding_50_percent,leave_one_publication_out,False,OLS,held_out_publication,28,141.0,159.93767421977407,-18.937674219774067,18.937674219774067,358.63550485429533,1370,1370,,shared_semantic_dataset,,Ref-121-Research,Ref-121-Research
shared_semantic_recoding_50_percent,leave_one_publication_out,False,OLS,held_out_publication,29,153.0,154.64004930567808,-1.640049305678076,1.640049305678076,2.6897617250551393,1371,1371,,shared_semantic_dataset,,Ref-121-Research,Ref-121-Research
shared_semantic_recoding_50_percent,leave_one_publication_out,False,OLS,held_out_publication,30,148.0,164.28868258777726,-16.28868258777726,16.28868258777726,265.3211804453581,1372,1372,,shared_semantic_dataset,,Ref-121-Research,Ref-121-Research
shared_semantic_recoding_50_percent,leave_one_publication_out,False,OLS,held_out_publication,31,162.0,158.9478494844322,3.052150515567803,3.052150515567803,9.315622769680804,1373,1373,,shared_semantic_dataset,,Ref-121-Research,Ref-121-Research
shared_semantic_recoding_50_percent,leave_one_publication_out,False,OLS,held_out_publication,32,171.0,157.18797005887367,13.812029941126326,13.812029941126326,190.7721710945701,1374,1374,,shared_semantic_dataset,,Ref-121-Research,Ref-121-Research
shared_semantic_recoding_50_percent,leave_one_publication_out,False,OLS,held_out_publication,33,177.0,156.71589856153287,20.284101438467133,20.284101438467133,411.4447711660244,1375,1375,,shared_semantic_dataset,,Ref-121-Research,Ref-121-Research
shared_semantic_recoding_50_percent,leave_one_publication_out,False,OLS,held_out_publication,34,152.0,156.71589856153287,-4.7158985615328675,4.7158985615328675,22.23969924266777,1376,1376,,shared_semantic_dataset,,Ref-121-Research,Ref-121-Research
shared_semantic_recoding_50_percent,leave_one_publication_out,False,OLS,held_out_publication,35,136.0,156.71589856153287,-20.715898561532867,20.715898561532867,429.1484532117195,1377,1377,,shared_semantic_dataset,,Ref-121-Research,Ref-121-Research
shared_semantic_recoding_50_percent,leave_one_publication_out,False,OLS,held_out_publication,36,138.0,156.71589856153287,-18.715898561532867,18.715898561532867,350.28485896558806,1378,1378,,shared_semantic_dataset,,Ref-121-Research,Ref-121-Research
shared_semantic_recoding_50_percent,leave_one_publication_out,False,OLS,held_out_publication,37,208.0,218.54554712107546,-10.545547121075458,10.545547121075458,111.20856408282289,1379,1379,,shared_semantic_dataset,,Ref-121-Research,Ref-121-Research
shared_semantic_recoding_50_percent,leave_one_publication_out,False,OLS,held_out_publication,38,213.0,194.63464481313457,18.36535518686543,18.36535518686543,337.28627113972493,1380,1380,,shared_semantic_dataset,,Ref-121-Research,Ref-121-Research
shared_semantic_recoding_50_percent,leave_one_publication_out,False,OLS,held_out_publication,39,225.0,202.87029390557865,22.12970609442135,22.12970609442135,489.7238918254695,1381,1381,,shared_semantic_dataset,,Ref-121-Research,Ref-121-Research
shared_semantic_recoding_50_percent,leave_one_publication_out,False,OLS,held_out_publication,40,197.0,221.17938820901534,-24.179388209015343,24.179388209015343,584.6428141622702,1382,1382,,shared_semantic_dataset,,Ref-121-Research,Ref-121-Research
shared_semantic_recoding_50_percent,leave_one_publication_out,False,OLS,held_out_publication,41,187.0,204.4233576105297,-17.423357610529706,17.423357610529706,303.57339042440344,1383,1383,,shared_semantic_dataset,,Ref-121-Research,Ref-121-Research
shared_semantic_recoding_50_percent,leave_one_publication_out,False,OLS,held_out_publication,42,188.0,223.09597342311807,-35.09597342311807,35.09597342311807,1231.7273505162098,1384,1384,,shared_semantic_dataset,,Ref-121-Research,Ref-121-Research
shared_semantic_recoding_50_percent,leave_one_publication_out,False,OLS,held_out_publication,43,195.0,231.08811678046106,-36.088116780461064,36.088116780461064,1302.3521727601953,1385,1385,,shared_semantic_dataset,,Ref-121-Research,Ref-121-Research
shared_semantic_recoding_50_percent,leave_one_publication_out,False,OLS,held_out_publication,44,179.0,207.76686934802495,-28.766869348024954,28.766869348024954,827.5327720863377,1386,1386,,shared_semantic_dataset,,Ref-121-Research,Ref-121-Research
shared_semantic_recoding_50_percent,leave_one_publication_out,False,OLS,held_out_publication,45,174.0,187.4202771520469,-13.420277152046907,13.420277152046907,180.10383883775225,1387,1387,,shared_semantic_dataset,,Ref-121-Research,Ref-121-Research
shared_semantic_recoding_50_percent,leave_one_publication_out,False,OLS,held_out_publication,46,168.0,205.17611144738052,-37.17611144738052,37.17611144738052,1382.063262348057,1388,1388,,shared_semantic_dataset,,Ref-121-Research,Ref-121-Research
shared_semantic_recoding_50_percent,leave_one_publication_out,False,OLS,held_out_publication,47,192.0,213.7952804069812,-21.795280406981192,21.795280406981192,475.03424801893823,1389,1389,,shared_semantic_dataset,,Ref-121-Research,Ref-121-Research
shared_semantic_recoding_50_percent,leave_one_publication_out,False,OLS,held_out_publication,48,187.0,191.33442314236163,-4.334423142361629,4.334423142361629,18.78722397704006,1390,1390,,shared_semantic_dataset,,Ref-121-Research,Ref-121-Research
shared_semantic_recoding_50_percent,leave_one_publication_out,False,OLS,held_out_publication,49,165.0,214.88839973673907,-49.888399736739075,49.888399736739075,2488.8524282926674,1391,1391,,shared_semantic_dataset,,Ref-121-Research,Ref-121-Research
shared_semantic_recoding_50_percent,leave_one_publication_out,False,OLS,held_out_publication,50,163.0,192.218126216648,-29.21812621664799,29.21812621664799,853.6988996119725,1392,1392,,shared_semantic_dataset,,Ref-121-Research,Ref-121-Research
shared_semantic_recoding_50_percent,leave_one_publication_out,False,OLS,held_out_publication,51,185.0,200.34132301509453,-15.341323015094531,15.341323015094531,235.35619185346914,1393,1393,,shared_semantic_dataset,,Ref-121-Research,Ref-121-Research
shared_semantic_recoding_50_percent,leave_one_publication_out,False,OLS,held_out_publication,52,158.0,215.75760858016636,-57.75760858016636,57.75760858016636,3335.941348899707,1394,1394,,shared_semantic_dataset,,Ref-121-Research,Ref-121-Research
shared_semantic_recoding_50_percent,leave_one_publication_out,False,OLS,held_out_publication,53,200.0,207.66695689937967,-7.66695689937967,7.66695689937967,58.78222809694552,1395,1395,,shared_semantic_dataset,,Ref-121-Research,Ref-121-Research
shared_semantic_recoding_50_percent,leave_one_publication_out,False,OLS,held_out_publication,54,198.0,207.66695689937967,-9.66695689937967,9.66695689937967,93.45005569446421,1396,1396,,shared_semantic_dataset,,Ref-121-Research,Ref-121-Research
shared_semantic_recoding_50_percent,leave_one_publication_out,False,OLS,held_out_publication,55,201.0,207.66695689937967,-6.66695689937967,6.66695689937967,44.44831429818618,1397,1397,,shared_semantic_dataset,,Ref-121-Research,Ref-121-Research
shared_semantic_recoding_50_percent,leave_one_publication_out,False,OLS,held_out_publication,56,198.0,195.96879433285739,2.031205667142615,2.031205667142615,4.125796462232275,1398,1398,,shared_semantic_dataset,,Ref-121-Research,Ref-121-Research
shared_semantic_recoding_50_percent,leave_one_publication_out,False,OLS,held_out_publication,57,201.0,201.63813681269073,-0.6381368126907319,0.6381368126907319,0.4072185917110862,1399,1399,,shared_semantic_dataset,,Ref-121-Research,Ref-121-Research
shared_semantic_recoding_50_percent,leave_one_publication_out,False,OLS,held_out_publication,58,183.0,195.96879433285739,-12.968794332857385,12.968794332857385,168.18962644795383,1400,1400,,shared_semantic_dataset,,Ref-121-Research,Ref-121-Research
shared_semantic_recoding_50_percent,leave_one_publication_out,False,OLS,held_out_publication,59,193.0,185.05970554109837,7.940294458901633,7.940294458901633,63.04827609406397,1401,1401,,shared_semantic_dataset,,Ref-121-Research,Ref-121-Research
shared_semantic_recoding_50_percent,leave_one_publication_out,False,OLS,held_out_publication,60,187.0,200.69380280469903,-13.693802804699033,13.693802804699033,187.5202352539831,1402,1402,,shared_semantic_dataset,,Ref-121-Research,Ref-121-Research
shared_semantic_recoding_50_percent,leave_one_publication_out,False,OLS,held_out_publication,61,181.0,182.53806240348138,-1.5380624034813764,1.5380624034813764,2.365635957002908,1403,1403,,shared_semantic_dataset,,Ref-121-Research,Ref-121-Research
shared_semantic_recoding_50_percent,leave_one_publication_out,False,OLS,held_out_publication,62,211.0,173.41797878086382,37.58202121913618,37.58202121913618,1412.4083189156022,1404,1404,,shared_semantic_dataset,,Ref-121-Research,Ref-121-Research
shared_semantic_recoding_50_percent,leave_one_publication_out,False,OLS,held_out_publication,63,208.0,180.2155666453348,27.784433354665197,27.784433354665197,771.974736839832,1405,1405,,shared_semantic_dataset,,Ref-121-Research,Ref-121-Research
shared_semantic_recoding_50_percent,leave_one_publication_out,False,OLS,held_out_publication,64,182.0,184.08466979240367,-2.0846697924036732,2.0846697924036732,4.345848143360374,1406,1406,,shared_semantic_dataset,,Ref-121-Research,Ref-121-Research
shared_semantic_recoding_50_percent,leave_one_publication_out,False,OLS,held_out_publication,65,190.0,178.60496279919005,11.395037200809952,11.395037200809952,129.84687280784271,1407,1407,,shared_semantic_dataset,,Ref-121-Research,Ref-121-Research
shared_semantic_recoding_50_percent,leave_one_publication_out,False,OLS,held_out_publication,66,192.0,173.30733788509406,18.692662114905943,18.692662114905943,349.4156169420399,1408,1408,,shared_semantic_dataset,,Ref-121-Research,Ref-121-Research
shared_semantic_recoding_50_percent,leave_one_publication_out,False,OLS,held_out_publication,67,194.0,182.95597116719324,11.04402883280676,11.04402883280676,121.97057285986703,1409,1409,,shared_semantic_dataset,,Ref-121-Research,Ref-121-Research
shared_semantic_recoding_50_percent,leave_one_publication_out,False,OLS,held_out_publication,68,199.0,177.61513806384818,21.38486193615182,21.38486193615182,457.31232002827505,1410,1410,,shared_semantic_dataset,,Ref-121-Research,Ref-121-Research
shared_semantic_recoding_50_percent,leave_one_publication_out,False,OLS,held_out_publication,69,222.0,175.85525863828965,46.144741361710345,46.144741361710345,2129.3371553391416,1411,1411,,shared_semantic_dataset,,Ref-121-Research,Ref-121-Research
shared_semantic_recoding_50_percent,leave_one_publication_out,False,OLS,held_out_publication,70,200.0,175.38318714094885,24.61681285905115,24.61681285905115,605.9874753375461,1412,1412,,shared_semantic_dataset,,Ref-121-Research,Ref-121-Research
shared_semantic_recoding_50_percent,leave_one_publication_out,False,OLS,held_out_publication,71,193.0,175.38318714094885,17.61681285905115,17.61681285905115,310.35209531083,1413,1413,,shared_semantic_dataset,,Ref-121-Research,Ref-121-Research
shared_semantic_recoding_50_percent,leave_one_publication_out,False,OLS,held_out_publication,72,190.0,175.38318714094885,14.616812859051151,14.616812859051151,213.6512181565231,1414,1414,,shared_semantic_dataset,,Ref-121-Research,Ref-121-Research
shared_semantic_recoding_50_percent,leave_one_publication_out,False,OLS,held_out_publication,73,193.0,175.38318714094885,17.61681285905115,17.61681285905115,310.35209531083,1415,1415,,shared_semantic_dataset,,Ref-121-Research,Ref-121-Research
shared_semantic_recoding_50_percent,leave_one_publication_out,False,OLS,held_out_publication,74,147.0,146.48116774973698,0.5188322502630172,0.5188322502630172,0.26918690391298605,1416,1416,,shared_semantic_dataset,,Ref-121-Research,Ref-121-Research
shared_semantic_recoding_50_percent,leave_one_publication_out,False,OLS,held_out_publication,75,146.0,167.04481637676955,-21.044816376769546,21.044816376769546,442.88429633194767,1417,1417,,shared_semantic_dataset,,Ref-121-Research,Ref-121-Research
shared_semantic_recoding_50_percent,leave_one_publication_out,False,OLS,held_out_publication,76,123.0,178.7181615175566,-55.71816151755661,55.71816151755661,3104.5135228965264,1418,1418,,shared_semantic_dataset,,Ref-121-Research,Ref-121-Research
shared_semantic_recoding_50_percent,leave_one_publication_out,False,OLS,held_out_publication,77,127.0,153.10508387432395,-26.105083874323952,26.105083874323952,681.4754040854884,1419,1419,,shared_semantic_dataset,,Ref-121-Research,Ref-121-Research
shared_semantic_recoding_50_percent,leave_one_publication_out,False,OLS,held_out_publication,78,119.0,162.97899890925603,-43.978998909256035,43.978998909256035,1934.1523450603436,1420,1420,,shared_semantic_dataset,,Ref-121-Research,Ref-121-Research
shared_semantic_recoding_50_percent,leave_one_publication_out,False,OLS,held_out_publication,79,111.0,173.7025303895967,-62.70253038959669,62.70253038959669,3931.6073172582965,1421,1421,,shared_semantic_dataset,,Ref-121-Research,Ref-121-Research
shared_semantic_recoding_50_percent,leave_one_publication_out,False,OLS,held_out_publication,0,125.6,166.62707517740043,-41.027075177400434,41.027075177400434,1683.220897612067,1648,1648,,shared_semantic_dataset,,Ref-141-Research,Ref-141-Research
shared_semantic_recoding_50_percent,leave_one_publication_out,False,OLS,held_out_publication,1,128.7,167.57206266646972,-38.87206266646973,38.87206266646973,1511.03725594595,1649,1649,,shared_semantic_dataset,,Ref-141-Research,Ref-141-Research
shared_semantic_recoding_50_percent,leave_one_publication_out,False,OLS,held_out_publication,2,130.3,168.5150047280735,-38.215004728073495,38.215004728073495,1460.3865863666797,1650,1650,,shared_semantic_dataset,,Ref-141-Research,Ref-141-Research
shared_semantic_recoding_50_percent,leave_one_publication_out,False,OLS,held_out_publication,3,129.4,169.45999221714283,-40.05999221714282,40.05999221714282,1604.8029764375433,1651,1651,,shared_semantic_dataset,,Ref-141-Research,Ref-141-Research
shared_semantic_recoding_50_percent,leave_one_publication_out,False,OLS,held_out_publication,4,130.6,170.4029342787466,-39.80293427874662,39.80293427874662,1584.2735771982227,1652,1652,,shared_semantic_dataset,,Ref-141-Research,Ref-141-Research
shared_semantic_recoding_50_percent,leave_one_publication_out,False,OLS,held_out_publication,5,121.4,164.7790487440458,-43.379048744045804,43.379048744045804,1881.7418699383018,1653,1653,,shared_semantic_dataset,,Ref-141-Research,Ref-141-Research
shared_semantic_recoding_50_percent,leave_one_publication_out,False,OLS,held_out_publication,6,124.6,165.72403623311513,-41.124036233115135,41.124036233115135,1691.1863561025664,1654,1654,,shared_semantic_dataset,,Ref-141-Research,Ref-141-Research
shared_semantic_recoding_50_percent,leave_one_publication_out,False,OLS,held_out_publication,7,126.5,166.66697829471892,-40.166978294718916,40.166978294718916,1613.3861453284205,1655,1655,,shared_semantic_dataset,,Ref-141-Research,Ref-141-Research
shared_semantic_recoding_50_percent,leave_one_publication_out,False,OLS,held_out_publication,8,126.0,167.61196578378824,-41.611965783788236,41.611965783788236,1731.5556963911629,1656,1656,,shared_semantic_dataset,,Ref-141-Research,Ref-141-Research
shared_semantic_recoding_50_percent,leave_one_publication_out,False,OLS,held_out_publication,9,125.7,168.55490784539202,-42.85490784539202,42.85490784539202,1836.5431264370425,1657,1657,,shared_semantic_dataset,,Ref-141-Research,Ref-141-Research
shared_semantic_recoding_50_percent,leave_one_publication_out,False,OLS,held_out_publication,10,125.6,166.62707517740043,-41.027075177400434,41.027075177400434,1683.220897612067,1658,1658,,shared_semantic_dataset,,Ref-141-Research,Ref-141-Research
shared_semantic_recoding_50_percent,leave_one_publication_out,False,OLS,held_out_publication,11,130.3,165.99055498119174,-35.690554981191724,35.690554981191724,1273.8157148654693,1659,1659,,shared_semantic_dataset,,Ref-141-Research,Ref-141-Research
shared_semantic_recoding_50_percent,leave_one_publication_out,False,OLS,held_out_publication,12,134.7,165.35403478498304,-30.654034784983054,30.654034784983054,939.669848598951,1660,1660,,shared_semantic_dataset,,Ref-141-Research,Ref-141-Research
shared_semantic_recoding_50_percent,leave_one_publication_out,False,OLS,held_out_publication,13,138.2,164.71751458877438,-26.51751458877439,26.51751458877439,703.1785799658626,1661,1661,,shared_semantic_dataset,,Ref-141-Research,Ref-141-Research
shared_semantic_recoding_50_percent,leave_one_publication_out,False,OLS,held_out_publication,14,136.4,164.08099439256569,-27.68099439256568,27.68099439256568,766.2374505612526,1662,1662,,shared_semantic_dataset,,Ref-141-Research,Ref-141-Research
shared_semantic_recoding_50_percent,leave_one_publication_out,False,OLS,held_out_publication,15,120.8,164.7790487440458,-43.97904874404581,43.97904874404581,1934.1567284311575,1663,1663,,shared_semantic_dataset,,Ref-141-Research,Ref-141-Research
shared_semantic_recoding_50_percent,leave_one_publication_out,False,OLS,held_out_publication,16,122.4,164.14252854783714,-41.74252854783714,41.74252854783714,1742.4386895669986,1664,1664,,shared_semantic_dataset,,Ref-141-Research,Ref-141-Research
shared_semantic_recoding_50_percent,leave_one_publication_out,False,OLS,held_out_publication,17,130.5,163.50600835162845,-33.00600835162845,33.00600835162845,1089.396587307767,1665,1665,,shared_semantic_dataset,,Ref-141-Research,Ref-141-Research
shared_semantic_recoding_50_percent,leave_one_publication_out,False,OLS,held_out_publication,18,133.1,162.86948815541976,-29.769488155419765,29.769488155419765,886.2224250356777,1666,1666,,shared_semantic_dataset,,Ref-141-Research,Ref-141-Research
shared_semantic_recoding_50_percent,leave_one_publication_out,False,OLS,held_out_publication,19,130.3,162.23296795921107,-31.932967959211055,31.932967959211055,1019.7144426839999,1667,1667,,shared_semantic_dataset,,Ref-141-Research,Ref-141-Research
shared_semantic_recoding_50_percent,leave_one_publication_out,False,OLS,held_out_publication,20,140.3,190.95405598627713,-50.654055986277115,50.654055986277115,2565.8333878608964,1668,1668,,shared_semantic_dataset,,Ref-141-Research,Ref-141-Research
shared_semantic_recoding_50_percent,leave_one_publication_out,False,OLS,held_out_publication,21,146.6,191.89904347534645,-45.29904347534645,45.29904347534645,2052.003339781328,1669,1669,,shared_semantic_dataset,,Ref-141-Research,Ref-141-Research
shared_semantic_recoding_50_percent,leave_one_publication_out,False,OLS,held_out_publication,22,144.7,192.84198553695023,-48.141985536950244,48.141985536950244,2317.6507714399263,1670,1670,,shared_semantic_dataset,,Ref-141-Research,Ref-141-Research
shared_semantic_recoding_50_percent,leave_one_publication_out,False,OLS,held_out_publication,23,145.1,193.78697302601952,-48.68697302601953,48.68697302601953,2370.4213424363534,1671,1671,,shared_semantic_dataset,,Ref-141-Research,Ref-141-Research
shared_semantic_recoding_50_percent,leave_one_publication_out,False,OLS,held_out_publication,24,142.2,194.7299150876233,-52.52991508762332,52.52991508762332,2759.3919791129165,1672,1672,,shared_semantic_dataset,,Ref-141-Research,Ref-141-Research
shared_semantic_recoding_50_percent,leave_one_publication_out,False,OLS,held_out_publication,25,134.3,189.10602955292254,-54.806029552922524,54.806029552922524,3003.700875355817,1673,1673,,shared_semantic_dataset,,Ref-141-Research,Ref-141-Research
shared_semantic_recoding_50_percent,leave_one_publication_out,False,OLS,held_out_publication,26,141.5,190.05101704199183,-48.55101704199183,48.55101704199183,2357.201255811781,1674,1674,,shared_semantic_dataset,,Ref-141-Research,Ref-141-Research
shared_semantic_recoding_50_percent,leave_one_publication_out,False,OLS,held_out_publication,27,142.7,190.9939591035956,-48.293959103595625,48.293959103595625,2332.306485899767,1675,1675,,shared_semantic_dataset,,Ref-141-Research,Ref-141-Research
shared_semantic_recoding_50_percent,leave_one_publication_out,False,OLS,held_out_publication,28,140.6,191.93894659266493,-51.33894659266494,51.33894659266494,2635.687437244503,1676,1676,,shared_semantic_dataset,,Ref-141-Research,Ref-141-Research
shared_semantic_recoding_50_percent,leave_one_publication_out,False,OLS,held_out_publication,29,133.4,192.88188865426872,-59.481888654268715,59.481888654268715,3538.0950778788215,1677,1677,,shared_semantic_dataset,,Ref-141-Research,Ref-141-Research
shared_semantic_recoding_50_percent,leave_one_publication_out,False,OLS,held_out_publication,30,140.3,190.95405598627713,-50.654055986277115,50.654055986277115,2565.8333878608964,1678,1678,,shared_semantic_dataset,,Ref-141-Research,Ref-141-Research
shared_semantic_recoding_50_percent,leave_one_publication_out,False,OLS,held_out_publication,31,153.8,190.31753579006843,-36.51753579006842,36.51753579006842,1333.5304201789281,1679,1679,,shared_semantic_dataset,,Ref-141-Research,Ref-141-Research
shared_semantic_recoding_50_percent,leave_one_publication_out,False,OLS,held_out_publication,32,156.6,189.68101559385974,-33.081015593859746,33.081015593859746,1094.3535927211917,1680,1680,,shared_semantic_dataset,,Ref-141-Research,Ref-141-Research
shared_semantic_recoding_50_percent,leave_one_publication_out,False,OLS,held_out_publication,33,163.7,189.04449539765108,-25.344495397651087,25.344495397651087,642.3434469615571,1681,1681,,shared_semantic_dataset,,Ref-141-Research,Ref-141-Research
shared_semantic_recoding_50_percent,leave_one_publication_out,False,OLS,held_out_publication,34,161.2,188.40797520144238,-27.207975201442395,27.207975201442395,740.2739145623043,1682,1682,,shared_semantic_dataset,,Ref-141-Research,Ref-141-Research
shared_semantic_recoding_50_percent,leave_one_publication_out,False,OLS,held_out_publication,35,133.9,189.10602955292254,-55.20602955292253,55.20602955292253,3047.7056989981556,1683,1683,,shared_semantic_dataset,,Ref-141-Research,Ref-141-Research
shared_semantic_recoding_50_percent,leave_one_publication_out,False,OLS,held_out_publication,36,141.7,188.46950935671384,-46.769509356713854,46.769509356713854,2187.387005467745,1684,1684,,shared_semantic_dataset,,Ref-141-Research,Ref-141-Research
shared_semantic_recoding_50_percent,leave_one_publication_out,False,OLS,held_out_publication,37,144.2,187.83298916050515,-43.63298916050516,43.63298916050516,1903.837743080761,1685,1685,,shared_semantic_dataset,,Ref-141-Research,Ref-141-Research
shared_semantic_recoding_50_percent,leave_one_publication_out,False,OLS,held_out_publication,38,150.8,187.19646896429646,-36.396468964296446,36.396468964296446,1324.7029530689945,1686,1686,,shared_semantic_dataset,,Ref-141-Research,Ref-141-Research
shared_semantic_recoding_50_percent,leave_one_publication_out,False,OLS,held_out_publication,39,149.2,186.5599487680878,-37.359948768087804,37.359948768087804,1395.7657719541455,1687,1687,,shared_semantic_dataset,,Ref-141-Research,Ref-141-Research
shared_semantic_recoding_50_percent,leave_one_publication_out,False,OLS,held_out_publication,40,131.0,166.93554247026105,-35.935542470261055,35.935542470261055,1291.363212631936,1688,1688,,shared_semantic_dataset,,Ref-141-Research,Ref-141-Research
shared_semantic_recoding_50_percent,leave_one_publication_out,False,OLS,held_out_publication,41,132.9,166.29902227405236,-33.399022274052356,33.399022274052356,1115.4946888626455,1689,1689,,shared_semantic_dataset,,Ref-141-Research,Ref-141-Research
shared_semantic_recoding_50_percent,leave_one_publication_out,False,OLS,held_out_publication,42,135.6,165.66250207784367,-30.062502077843675,30.062502077843675,903.7540311803552,1690,1690,,shared_semantic_dataset,,Ref-141-Research,Ref-141-Research
shared_semantic_recoding_50_percent,leave_one_publication_out,False,OLS,held_out_publication,43,131.0,167.87848453186484,-36.87848453186484,36.87848453186484,1360.0226213669944,1691,1691,,shared_semantic_dataset,,Ref-141-Research,Ref-141-Research
shared_semantic_recoding_50_percent,leave_one_publication_out,False,OLS,held_out_publication,44,134.7,167.24196433565615,-32.54196433565616,32.54196433565616,1058.9794428231176,1692,1692,,shared_semantic_dataset,,Ref-141-Research,Ref-141-Research
shared_semantic_recoding_50_percent,leave_one_publication_out,False,OLS,held_out_publication,45,140.2,166.60544413944746,-26.405444139447468,26.405444139447468,697.2474802014806,1693,1693,,shared_semantic_dataset,,Ref-141-Research,Ref-141-Research
shared_semantic_recoding_50_percent,leave_one_publication_out,False,OLS,held_out_publication,46,129.2,168.82347202093413,-39.623472020934145,39.623472020934145,1570.019534993751,1694,1694,,shared_semantic_dataset,,Ref-141-Research,Ref-141-Research
shared_semantic_recoding_50_percent,leave_one_publication_out,False,OLS,held_out_publication,47,132.9,168.18695182472547,-35.28695182472546,35.28695182472546,1245.1689690804958,1695,1695,,shared_semantic_dataset,,Ref-141-Research,Ref-141-Research
shared_semantic_recoding_50_percent,leave_one_publication_out,False,OLS,held_out_publication,48,134.7,167.55043162851678,-32.85043162851679,32.85043162851679,1079.1508581798562,1696,1696,,shared_semantic_dataset,,Ref-141-Research,Ref-141-Research
shared_semantic_recoding_50_percent,leave_one_publication_out,False,OLS,held_out_publication,49,138.2,166.62707517740043,-28.42707517740044,28.42707517740044,808.0986031415762,1697,1697,,shared_semantic_dataset,,Ref-141-Research,Ref-141-Research
shared_semantic_recoding_50_percent,leave_one_publication_out,False,OLS,held_out_publication,50,127.4,162.93269020458413,-35.53269020458413,35.53269020458413,1262.5720731749489,1698,1698,,shared_semantic_dataset,,Ref-141-Research,Ref-141-Research
shared_semantic_recoding_50_percent,leave_one_publication_out,False,OLS,held_out_publication,51,122.5,159.23663733787495,-36.73663733787495,36.73663733787495,1349.580522894548,1699,1699,,shared_semantic_dataset,,Ref-141-Research,Ref-141-Research
shared_semantic_recoding_50_percent,leave_one_publication_out,False,OLS,held_out_publication,52,115.3,155.54225236505866,-40.24225236505866,40.24225236505866,1619.4388754130694,1700,1700,,shared_semantic_dataset,,Ref-141-Research,Ref-141-Research
shared_semantic_recoding_50_percent,leave_one_publication_out,False,OLS,held_out_publication,53,125.6,168.5150047280735,-42.91500472807351,42.91500472807351,1841.6976308105718,1701,1701,,shared_semantic_dataset,,Ref-141-Research,Ref-141-Research
shared_semantic_recoding_50_percent,leave_one_publication_out,False,OLS,held_out_publication,54,116.7,164.82061975525724,-48.12061975525724,48.12061975525724,2315.594045630053,1702,1702,,shared_semantic_dataset,,Ref-141-Research,Ref-141-Research
shared_semantic_recoding_50_percent,leave_one_publication_out,False,OLS,held_out_publication,55,113.4,161.12456688854803,-47.724566888548026,47.724566888548026,2277.6342846994944,1703,1703,,shared_semantic_dataset,,Ref-141-Research,Ref-141-Research
shared_semantic_recoding_50_percent,leave_one_publication_out,False,OLS,held_out_publication,56,109.5,157.43018191573177,-47.930181915731765,47.930181915731765,2297.3023384751405,1704,1704,,shared_semantic_dataset,,Ref-141-Research,Ref-141-Research
shared_semantic_recoding_50_percent,leave_one_publication_out,False,OLS,held_out_publication,57,130.3,164.71751458877438,-34.41751458877437,34.41751458877437,1184.5653104684964,1705,1705,,shared_semantic_dataset,,Ref-141-Research,Ref-141-Research
shared_semantic_recoding_50_percent,leave_one_publication_out,False,OLS,held_out_publication,58,120.7,161.02312961595808,-40.32312961595808,40.32312961595808,1625.9547820253556,1706,1706,,shared_semantic_dataset,,Ref-141-Research,Ref-141-Research
shared_semantic_recoding_50_percent,leave_one_publication_out,False,OLS,held_out_publication,59,116.6,157.32707674924887,-40.72707674924888,40.72707674924888,1658.6947805392088,1707,1707,,shared_semantic_dataset,,Ref-141-Research,Ref-141-Research
shared_semantic_recoding_50_percent,leave_one_publication_out,False,OLS,held_out_publication,60,111.2,153.6326917764326,-42.432691776432605,42.432691776432605,1800.5333313937313,1708,1708,,shared_semantic_dataset,,Ref-141-Research,Ref-141-Research
shared_semantic_recoding_50_percent,leave_one_publication_out,False,OLS,held_out_publication,61,163.3,190.95405598627713,-27.654055986277115,27.654055986277115,764.7468124921492,1709,1709,,shared_semantic_dataset,,Ref-141-Research,Ref-141-Research
shared_semantic_recoding_50_percent,leave_one_publication_out,False,OLS,held_out_publication,62,140.9,187.25967101346083,-46.359671013460826,46.359671013460826,2149.21909647632,1710,1710,,shared_semantic_dataset,,Ref-141-Research,Ref-141-Research
shared_semantic_recoding_50_percent,leave_one_publication_out,False,OLS,held_out_publication,63,131.8,183.56361814675165,-51.76361814675164,51.76361814675164,2679.4721636427157,1711,1711,,shared_semantic_dataset,,Ref-141-Research,Ref-141-Research
shared_semantic_recoding_50_percent,leave_one_publication_out,False,OLS,held_out_publication,64,112.2,179.86923317393536,-67.66923317393535,67.66923317393535,4579.125118348433,1712,1712,,shared_semantic_dataset,,Ref-141-Research,Ref-141-Research
shared_semantic_recoding_50_percent,leave_one_publication_out,False,OLS,held_out_publication,65,140.3,192.84198553695023,-52.54198553695022,52.54198553695022,2760.660244165086,1713,1713,,shared_semantic_dataset,,Ref-141-Research,Ref-141-Research
shared_semantic_recoding_50_percent,leave_one_publication_out,False,OLS,held_out_publication,66,125.2,189.14760056413394,-63.947600564133936,63.947600564133936,4089.295617910023,1714,1714,,shared_semantic_dataset,,Ref-141-Research,Ref-141-Research
shared_semantic_recoding_50_percent,leave_one_publication_out,False,OLS,held_out_publication,67,117.5,185.45154769742473,-67.95154769742473,67.95154769742473,4617.412834475388,1715,1715,,shared_semantic_dataset,,Ref-141-Research,Ref-141-Research
shared_semantic_recoding_50_percent,leave_one_publication_out,False,OLS,held_out_publication,68,105.4,181.75716272460846,-76.35716272460846,76.35716272460846,5830.416299352335,1716,1716,,shared_semantic_dataset,,Ref-141-Research,Ref-141-Research
shared_semantic_recoding_50_percent,leave_one_publication_out,False,OLS,held_out_publication,69,146.7,189.04449539765108,-42.34449539765109,42.34449539765109,1793.056290481694,1717,1717,,shared_semantic_dataset,,Ref-141-Research,Ref-141-Research
shared_semantic_recoding_50_percent,leave_one_publication_out,False,OLS,held_out_publication,70,130.3,185.35011042483478,-55.05011042483477,55.05011042483477,3030.5146577865016,1718,1718,,shared_semantic_dataset,,Ref-141-Research,Ref-141-Research
shared_semantic_recoding_50_percent,leave_one_publication_out,False,OLS,held_out_publication,71,124.4,181.6540575581256,-57.254057558125595,57.254057558125595,3278.0271068691586,1719,1719,,shared_semantic_dataset,,Ref-141-Research,Ref-141-Research
shared_semantic_recoding_50_percent,leave_one_publication_out,False,OLS,held_out_publication,72,107.5,177.9596725853093,-70.4596725853093,70.4596725853093,4964.565460828988,1720,1720,,shared_semantic_dataset,,Ref-141-Research,Ref-141-Research
shared_semantic_recoding_50_percent,leave_one_publication_out,False,OLS,held_out_publication,0,102.0,158.18842571823552,-56.18842571823552,56.18842571823552,3157.139184693671,490,490,,shared_semantic_dataset,,Ref-48-Research,Ref-48-Research
shared_semantic_recoding_50_percent,leave_one_publication_out,False,OLS,held_out_publication,1,100.0,150.01927275160483,-50.01927275160483,50.01927275160483,2501.9276465994376,491,491,,shared_semantic_dataset,,Ref-48-Research,Ref-48-Research
shared_semantic_recoding_50_percent,leave_one_publication_out,False,OLS,held_out_publication,2,166.0,172.31350344807203,-6.3135034480720265,6.3135034480720265,39.86032578881737,492,492,,shared_semantic_dataset,,Ref-48-Research,Ref-48-Research
shared_semantic_recoding_50_percent,leave_one_publication_out,False,OLS,held_out_publication,3,158.0,174.84138354101347,-16.84138354101347,16.84138354101347,283.63219957551945,493,493,,shared_semantic_dataset,,Ref-48-Research,Ref-48-Research
shared_semantic_recoding_50_percent,leave_one_publication_out,False,OLS,held_out_publication,4,116.0,176.89867034055516,-60.89867034055516,60.89867034055516,3708.648049247612,494,494,,shared_semantic_dataset,,Ref-48-Research,Ref-48-Research
shared_semantic_recoding_50_percent,leave_one_publication_out,False,OLS,held_out_publication,5,118.0,168.72951737392447,-50.729517373924466,50.729517373924466,2573.4839329913043,495,495,,shared_semantic_dataset,,Ref-48-Research,Ref-48-Research
shared_semantic_recoding_50_percent,leave_one_publication_out,False,OLS,held_out_publication,6,170.0,191.0237480703917,-21.02374807039169,21.02374807039169,441.9979829272983,496,496,,shared_semantic_dataset,,Ref-48-Research,Ref-48-Research
shared_semantic_recoding_50_percent,leave_one_publication_out,False,OLS,held_out_publication,7,170.0,193.55162816333313,-23.551628163333135,23.551628163333135,554.6791891439065,497,497,,shared_semantic_dataset,,Ref-48-Research,Ref-48-Research
shared_semantic_recoding_50_percent,leave_one_publication_out,False,OLS,held_out_publication,8,130.0,194.62842225728042,-64.62842225728042,64.62842225728042,4176.832963465339,498,498,,shared_semantic_dataset,,Ref-48-Research,Ref-48-Research
shared_semantic_recoding_50_percent,leave_one_publication_out,False,OLS,held_out_publication,9,144.0,186.45926929064973,-42.45926929064973,42.45926929064973,1802.7895486959112,499,499,,shared_semantic_dataset,,Ref-48-Research,Ref-48-Research
shared_semantic_recoding_50_percent,leave_one_publication_out,False,OLS,held_out_publication,10,184.0,208.75349998711695,-24.753499987116953,24.753499987116953,612.735761612199,500,500,,shared_semantic_dataset,,Ref-48-Research,Ref-48-Research
shared_semantic_recoding_50_percent,leave_one_publication_out,False,OLS,held_out_publication,11,182.0,211.2813800800584,-29.281380080058398,29.281380080058398,857.3992193928407,501,501,,shared_semantic_dataset,,Ref-48-Research,Ref-48-Research
shared_semantic_recoding_50_percent,leave_one_publication_out,False,OLS,held_out_publication,12,185.0,171.80763336037734,13.192366639622662,13.192366639622662,174.03853755422892,502,502,,shared_semantic_dataset,,Ref-48-Research,Ref-48-Research
shared_semantic_recoding_50_percent,leave_one_publication_out,False,OLS,held_out_publication,13,188.0,171.0164926447061,16.98350735529391,16.98350735529391,288.4395220873223,503,503,,shared_semantic_dataset,,Ref-48-Research,Ref-48-Research
shared_semantic_recoding_50_percent,leave_one_publication_out,False,OLS,held_out_publication,14,192.0,170.22535192903484,21.774648070965156,21.774648070965156,474.1352986143866,504,504,,shared_semantic_dataset,,Ref-48-Research,Ref-48-Research
shared_semantic_recoding_50_percent,leave_one_publication_out,False,OLS,held_out_publication,15,196.0,169.4342112133636,26.565788786636404,26.565788786636404,705.7411338561765,505,505,,shared_semantic_dataset,,Ref-48-Research,Ref-48-Research
shared_semantic_recoding_50_percent,leave_one_publication_out,False,OLS,held_out_publication,16,198.0,168.64307049769232,29.35692950230768,29.35692950230768,861.829309803463,506,506,,shared_semantic_dataset,,Ref-48-Research,Ref-48-Research
shared_semantic_recoding_50_percent,leave_one_publication_out,False,OLS,held_out_publication,17,205.0,167.8519297820211,37.1480702179789,37.1480702179789,1379.9791209198906,507,507,,shared_semantic_dataset,,Ref-48-Research,Ref-48-Research
shared_semantic_recoding_50_percent,leave_one_publication_out,False,OLS,held_out_publication,18,201.0,167.06078906634986,33.939210933650145,33.939210933650145,1151.8700387987976,508,508,,shared_semantic_dataset,,Ref-48-Research,Ref-48-Research
shared_semantic_recoding_50_percent,leave_one_publication_out,False,OLS,held_out_publication,19,196.0,166.2696483506786,29.730351649321392,29.730351649321392,883.8938091923072,509,509,,shared_semantic_dataset,,Ref-48-Research,Ref-48-Research
shared_semantic_recoding_50_percent,leave_one_publication_out,False,OLS,held_out_publication,20,191.0,165.47850763500736,25.52149236499264,25.52149236499264,651.3465725363776,510,510,,shared_semantic_dataset,,Ref-48-Research,Ref-48-Research
shared_semantic_recoding_50_percent,leave_one_publication_out,False,OLS,held_out_publication,21,189.0,145.99815019717116,43.00184980282884,43.00184980282884,1849.1590864650511,511,511,,shared_semantic_dataset,,Ref-48-Research,Ref-48-Research
shared_semantic_recoding_50_percent,leave_one_publication_out,False,OLS,held_out_publication,22,182.0,171.80763336037734,10.192366639622662,10.192366639622662,103.88433771649296,512,512,,shared_semantic_dataset,,Ref-48-Research,Ref-48-Research
shared_semantic_recoding_50_percent,leave_one_publication_out,False,OLS,held_out_publication,23,185.0,171.0164926447061,13.98350735529391,13.98350735529391,195.53847795555888,513,513,,shared_semantic_dataset,,Ref-48-Research,Ref-48-Research
shared_semantic_recoding_50_percent,leave_one_publication_out,False,OLS,held_out_publication,24,185.5,170.22535192903484,15.274648070965156,15.274648070965156,233.31487369183958,514,514,,shared_semantic_dataset,,Ref-48-Research,Ref-48-Research
shared_semantic_recoding_50_percent,leave_one_publication_out,False,OLS,held_out_publication,25,186.0,169.4342112133636,16.565788786636404,16.565788786636404,274.4253581234484,515,515,,shared_semantic_dataset,,Ref-48-Research,Ref-48-Research
shared_semantic_recoding_50_percent,leave_one_publication_out,False,OLS,held_out_publication,26,172.0,168.64307049769232,3.356929502307679,3.356929502307679,11.268975683463681,516,516,,shared_semantic_dataset,,Ref-48-Research,Ref-48-Research
shared_semantic_recoding_50_percent,leave_one_publication_out,False,OLS,held_out_publication,27,170.5,167.8519297820211,2.6480702179788977,2.6480702179788977,7.012275879346807,517,517,,shared_semantic_dataset,,Ref-48-Research,Ref-48-Research
shared_semantic_recoding_50_percent,leave_one_publication_out,False,OLS,held_out_publication,28,162.0,167.06078906634986,-5.060789066349855,5.060789066349855,25.61158597408624,518,518,,shared_semantic_dataset,,Ref-48-Research,Ref-48-Research
shared_semantic_recoding_50_percent,leave_one_publication_out,False,OLS,held_out_publication,29,159.0,166.2696483506786,-7.269648350678608,7.269648350678608,52.847787142524204,519,519,,shared_semantic_dataset,,Ref-48-Research,Ref-48-Research
shared_semantic_recoding_50_percent,leave_one_publication_out,False,OLS,held_out_publication,30,169.0,165.47850763500736,3.521492364992639,3.521492364992639,12.400908476701451,520,520,,shared_semantic_dataset,,Ref-48-Research,Ref-48-Research
shared_semantic_recoding_50_percent,leave_one_publication_out,False,OLS,held_out_publication,31,157.0,145.99815019717116,11.001849802828843,11.001849802828843,121.04069908400506,521,521,,shared_semantic_dataset,,Ref-48-Research,Ref-48-Research
shared_semantic_recoding_50_percent,leave_one_publication_out,False,OLS,held_out_publication,32,199.0,190.51787798269697,8.482122017303027,8.482122017303027,71.94639391641677,522,522,,shared_semantic_dataset,,Ref-48-Research,Ref-48-Research
shared_semantic_recoding_50_percent,leave_one_publication_out,False,OLS,held_out_publication,33,202.0,189.72673726702573,12.273262732974274,12.273262732974274,150.63297811261515,523,523,,shared_semantic_dataset,,Ref-48-Research,Ref-48-Research
shared_semantic_recoding_50_percent,leave_one_publication_out,False,OLS,held_out_publication,34,203.0,188.93559655135448,14.064403448645521,14.064403448645521,197.80744436627202,524,524,,shared_semantic_dataset,,Ref-48-Research,Ref-48-Research
shared_semantic_recoding_50_percent,leave_one_publication_out,False,OLS,held_out_publication,35,209.0,188.14445583568323,20.85554416431677,20.85554416431677,434.9537223897672,525,525,,shared_semantic_dataset,,Ref-48-Research,Ref-48-Research
shared_semantic_recoding_50_percent,leave_one_publication_out,False,OLS,held_out_publication,36,212.0,187.35331512001198,24.646684879988015,24.646684879988015,607.4590755734298,526,526,,shared_semantic_dataset,,Ref-48-Research,Ref-48-Research
shared_semantic_recoding_50_percent,leave_one_publication_out,False,OLS,held_out_publication,37,218.0,186.56217440434074,31.437825595659262,31.437825595659262,988.3368781830886,527,527,,shared_semantic_dataset,,Ref-48-Research,Ref-48-Research
shared_semantic_recoding_50_percent,leave_one_publication_out,False,OLS,held_out_publication,38,216.0,185.7710336886695,30.22896631133051,30.22896631133051,913.7904042515548,528,528,,shared_semantic_dataset,,Ref-48-Research,Ref-48-Research
shared_semantic_recoding_50_percent,leave_one_publication_out,False,OLS,held_out_publication,39,212.0,184.97989297299824,27.020107027001757,27.020107027001757,730.0861837506297,529,529,,shared_semantic_dataset,,Ref-48-Research,Ref-48-Research
shared_semantic_recoding_50_percent,leave_one_publication_out,False,OLS,held_out_publication,40,210.0,184.188752257327,25.811247742673004,25.811247742673004,666.2205100336422,530,530,,shared_semantic_dataset,,Ref-48-Research,Ref-48-Research
shared_semantic_recoding_50_percent,leave_one_publication_out,False,OLS,held_out_publication,41,208.0,164.70839481949082,43.29160518050918,43.29160518050918,1874.1630791050893,531,531,,shared_semantic_dataset,,Ref-48-Research,Ref-48-Research
shared_semantic_recoding_50_percent,leave_one_publication_out,False,OLS,held_out_publication,42,194.0,190.51787798269697,3.482122017303027,3.482122017303027,12.125173743386503,532,532,,shared_semantic_dataset,,Ref-48-Research,Ref-48-Research
shared_semantic_recoding_50_percent,leave_one_publication_out,False,OLS,held_out_publication,43,197.0,189.72673726702573,7.273262732974274,7.273262732974274,52.90035078287241,533,533,,shared_semantic_dataset,,Ref-48-Research,Ref-48-Research
shared_semantic_recoding_50_percent,leave_one_publication_out,False,OLS,held_out_publication,44,198.0,188.93559655135448,9.064403448645521,9.064403448645521,82.16340987981681,534,534,,shared_semantic_dataset,,Ref-48-Research,Ref-48-Research
shared_semantic_recoding_50_percent,leave_one_publication_out,False,OLS,held_out_publication,45,200.0,188.14445583568323,11.855544164316768,11.855544164316768,140.5539274320654,535,535,,shared_semantic_dataset,,Ref-48-Research,Ref-48-Research
shared_semantic_recoding_50_percent,leave_one_publication_out,False,OLS,held_out_publication,46,182.0,187.35331512001198,-5.353315120011985,5.353315120011985,28.65798277414893,536,536,,shared_semantic_dataset,,Ref-48-Research,Ref-48-Research
shared_semantic_recoding_50_percent,leave_one_publication_out,False,OLS,held_out_publication,47,181.0,186.56217440434074,-5.5621744043407375,5.5621744043407375,30.937784104303237,537,537,,shared_semantic_dataset,,Ref-48-Research,Ref-48-Research
shared_semantic_recoding_50_percent,leave_one_publication_out,False,OLS,held_out_publication,48,178.0,185.7710336886695,-7.77103368866949,7.77103368866949,60.388964590436146,538,538,,shared_semantic_dataset,,Ref-48-Research,Ref-48-Research
shared_semantic_recoding_50_percent,leave_one_publication_out,False,OLS,held_out_publication,49,176.0,184.97989297299824,-8.979892972998243,8.979892972998243,80.63847780650323,539,539,,shared_semantic_dataset,,Ref-48-Research,Ref-48-Research
shared_semantic_recoding_50_percent,leave_one_publication_out,False,OLS,held_out_publication,50,175.0,184.188752257327,-9.188752257326996,9.188752257326996,84.43316804653197,540,540,,shared_semantic_dataset,,Ref-48-Research,Ref-48-Research
shared_semantic_recoding_50_percent,leave_one_publication_out,False,OLS,held_out_publication,51,171.0,164.70839481949082,6.29160518050918,6.29160518050918,39.584295747409946,541,541,,shared_semantic_dataset,,Ref-48-Research,Ref-48-Research
shared_semantic_recoding_50_percent,leave_one_publication_out,False,OLS,held_out_publication,52,210.0,208.24762989942224,1.7523701005777639,1.7523701005777639,3.070800969398922,542,542,,shared_semantic_dataset,,Ref-48-Research,Ref-48-Research
shared_semantic_recoding_50_percent,leave_one_publication_out,False,OLS,held_out_publication,53,212.0,207.456489183751,4.543510816249011,4.543510816249011,20.643490537371754,543,543,,shared_semantic_dataset,,Ref-48-Research,Ref-48-Research
shared_semantic_recoding_50_percent,leave_one_publication_out,False,OLS,held_out_publication,54,217.0,206.66534846807974,10.334651531920258,10.334651531920258,106.80502228622174,544,544,,shared_semantic_dataset,,Ref-48-Research,Ref-48-Research
shared_semantic_recoding_50_percent,leave_one_publication_out,False,OLS,held_out_publication,55,225.0,205.8742077524085,19.125792247591505,19.125792247591505,365.7959290980313,545,545,,shared_semantic_dataset,,Ref-48-Research,Ref-48-Research
shared_semantic_recoding_50_percent,leave_one_publication_out,False,OLS,held_out_publication,56,227.0,205.08306703673725,21.916932963262752,21.916932963262752,480.3519505161534,546,546,,shared_semantic_dataset,,Ref-48-Research,Ref-48-Research
shared_semantic_recoding_50_percent,leave_one_publication_out,False,OLS,held_out_publication,57,234.0,204.291926321066,29.708073678934,29.708073678934,882.5696417129711,547,547,,shared_semantic_dataset,,Ref-48-Research,Ref-48-Research
shared_semantic_recoding_50_percent,leave_one_publication_out,False,OLS,held_out_publication,58,232.0,203.50078560539475,28.499214394605247,28.499214394605247,812.2052211096749,548,548,,shared_semantic_dataset,,Ref-48-Research,Ref-48-Research
shared_semantic_recoding_50_percent,leave_one_publication_out,False,OLS,held_out_publication,59,227.0,202.7096448897235,24.290355110276494,24.290355110276494,590.0213513833354,549,549,,shared_semantic_dataset,,Ref-48-Research,Ref-48-Research
shared_semantic_recoding_50_percent,leave_one_publication_out,False,OLS,held_out_publication,60,221.0,201.91850417405226,19.08149582594774,19.08149582594774,364.10348295566104,550,550,,shared_semantic_dataset,,Ref-48-Research,Ref-48-Research
shared_semantic_recoding_50_percent,leave_one_publication_out,False,OLS,held_out_publication,61,219.0,182.43814673621608,36.56185326378392,36.56185326378392,1336.7691140824666,551,551,,shared_semantic_dataset,,Ref-48-Research,Ref-48-Research
shared_semantic_recoding_50_percent,leave_one_publication_out,False,OLS,held_out_publication,62,209.0,208.24762989942224,0.7523701005777639,0.7523701005777639,0.5660607682433946,552,552,,shared_semantic_dataset,,Ref-48-Research,Ref-48-Research
shared_semantic_recoding_50_percent,leave_one_publication_out,False,OLS,held_out_publication,63,210.0,207.456489183751,2.543510816249011,2.543510816249011,6.46944727237571,553,553,,shared_semantic_dataset,,Ref-48-Research,Ref-48-Research
shared_semantic_recoding_50_percent,leave_one_publication_out,False,OLS,held_out_publication,64,213.0,206.66534846807974,6.334651531920258,6.334651531920258,40.12781003085967,554,554,,shared_semantic_dataset,,Ref-48-Research,Ref-48-Research
shared_semantic_recoding_50_percent,leave_one_publication_out,False,OLS,held_out_publication,65,215.0,205.8742077524085,9.125792247591505,9.125792247591505,83.28008414620122,555,555,,shared_semantic_dataset,,Ref-48-Research,Ref-48-Research
shared_semantic_recoding_50_percent,leave_one_publication_out,False,OLS,held_out_publication,66,198.0,205.08306703673725,-7.083067036737248,7.083067036737248,50.169838646913774,556,556,,shared_semantic_dataset,,Ref-48-Research,Ref-48-Research
shared_semantic_recoding_50_percent,leave_one_publication_out,False,OLS,held_out_publication,67,192.0,204.291926321066,-12.291926321066,12.291926321066,151.09145268251515,557,557,,shared_semantic_dataset,,Ref-48-Research,Ref-48-Research
shared_semantic_recoding_50_percent,leave_one_publication_out,False,OLS,held_out_publication,68,186.5,203.50078560539475,-17.000785605394753,17.000785605394753,289.02671120059745,558,558,,shared_semantic_dataset,,Ref-48-Research,Ref-48-Research
shared_semantic_recoding_50_percent,leave_one_publication_out,False,OLS,held_out_publication,69,185.0,202.7096448897235,-17.709644889723506,17.709644889723506,313.6315221201099,559,559,,shared_semantic_dataset,,Ref-48-Research,Ref-48-Research
shared_semantic_recoding_50_percent,leave_one_publication_out,False,OLS,held_out_publication,70,183.0,201.91850417405226,-18.91850417405226,18.91850417405226,357.90980018363274,560,560,,shared_semantic_dataset,,Ref-48-Research,Ref-48-Research
shared_semantic_recoding_50_percent,leave_one_publication_out,False,OLS,held_out_publication,71,178.0,182.43814673621608,-4.438146736216083,4.438146736216083,19.69714645218547,561,561,,shared_semantic_dataset,,Ref-48-Research,Ref-48-Research
shared_semantic_recoding_50_percent,leave_one_publication_out,False,OLS,held_out_publication,0,160.0,148.09653048005677,11.90346951994323,11.90346951994323,141.6925866122175,988,988,,shared_semantic_dataset,,Ref-85-Research,Ref-85-Research
shared_semantic_recoding_50_percent,leave_one_publication_out,False,OLS,held_out_publication,1,141.0,147.75490144931808,-6.7549014493180835,6.7549014493180835,45.62869358999954,989,989,,shared_semantic_dataset,,Ref-85-Research,Ref-85-Research
shared_semantic_recoding_50_percent,leave_one_publication_out,False,OLS,held_out_publication,2,131.0,147.41463893470237,-16.414638934702367,16.414638934702367,269.44037135664684,990,990,,shared_semantic_dataset,,Ref-85-Research,Ref-85-Research
shared_semantic_recoding_50_percent,leave_one_publication_out,False,OLS,held_out_publication,3,128.0,147.07300990396368,-19.07300990396368,19.07300990396368,363.77970679669664,991,991,,shared_semantic_dataset,,Ref-85-Research,Ref-85-Research
shared_semantic_recoding_50_percent,leave_one_publication_out,False,OLS,held_out_publication,4,147.0,143.63120192148955,3.3687980785104514,3.3687980785104514,11.348800493775709,992,992,,shared_semantic_dataset,,Ref-85-Research,Ref-85-Research
shared_semantic_recoding_50_percent,leave_one_publication_out,False,OLS,held_out_publication,5,155.0,143.29093940687383,11.709060593126168,11.709060593126168,137.10209997350012,993,993,,shared_semantic_dataset,,Ref-85-Research,Ref-85-Research
shared_semantic_recoding_50_percent,leave_one_publication_out,False,OLS,held_out_publication,6,134.0,142.94931037613514,-8.949310376135145,8.949310376135145,80.09015620840017,994,994,,shared_semantic_dataset,,Ref-85-Research,Ref-85-Research
shared_semantic_recoding_50_percent,leave_one_publication_out,False,OLS,held_out_publication,7,123.0,142.60904786151943,-19.60904786151943,19.60904786151943,384.51475803535965,995,995,,shared_semantic_dataset,,Ref-85-Research,Ref-85-Research
shared_semantic_recoding_50_percent,leave_one_publication_out,False,OLS,held_out_publication,8,129.0,139.1672398790453,-10.167239879045297,10.167239879045297,103.37276675804904,996,996,,shared_semantic_dataset,,Ref-85-Research,Ref-85-Research
shared_semantic_recoding_50_percent,leave_one_publication_out,False,OLS,held_out_publication,9,128.0,138.8256108483066,-10.82561084830661,10.82561084830661,117.19385023897377,997,997,,shared_semantic_dataset,,Ref-85-Research,Ref-85-Research
shared_semantic_recoding_50_percent,leave_one_publication_out,False,OLS,held_out_publication,10,130.0,138.4853483336909,-8.485348333690894,8.485348333690894,72.00113634407083,998,998,,shared_semantic_dataset,,Ref-85-Research,Ref-85-Research
shared_semantic_recoding_50_percent,leave_one_publication_out,False,OLS,held_out_publication,11,144.0,138.1437193029522,5.856280697047794,5.856280697047794,34.29602360261459,999,999,,shared_semantic_dataset,,Ref-85-Research,Ref-85-Research
shared_semantic_recoding_50_percent,leave_one_publication_out,False,OLS,held_out_publication,12,119.0,134.70327783660105,-15.703277836601046,15.703277836601046,246.59293481348564,1000,1000,,shared_semantic_dataset,,Ref-85-Research,Ref-85-Research
shared_semantic_recoding_50_percent,leave_one_publication_out,False,OLS,held_out_publication,13,112.0,134.36164880586236,-22.36164880586236,22.36164880586236,500.04333731672546,1001,1001,,shared_semantic_dataset,,Ref-85-Research,Ref-85-Research
shared_semantic_recoding_50_percent,leave_one_publication_out,False,OLS,held_out_publication,14,141.0,134.02001977512367,6.9799802248763285,6.9799802248763285,48.7201239396646,1002,1002,,shared_semantic_dataset,,Ref-85-Research,Ref-85-Research
shared_semantic_recoding_50_percent,leave_one_publication_out,False,OLS,held_out_publication,15,142.0,133.67975726050798,8.320242739492016,8.320242739492016,69.22643924406961,1003,1003,,shared_semantic_dataset,,Ref-85-Research,Ref-85-Research
shared_semantic_recoding_50_percent,leave_one_publication_out,False,OLS,held_out_publication,16,198.0,159.9723405257939,38.027659474206104,38.027659474206104,1446.1028850861771,1004,1004,,shared_semantic_dataset,,Ref-85-Research,Ref-85-Research
shared_semantic_recoding_50_percent,leave_one_publication_out,False,OLS,held_out_publication,17,191.0,159.6307114950552,31.36928850494479,31.36928850494479,984.0322613064614,1005,1005,,shared_semantic_dataset,,Ref-85-Research,Ref-85-Research
shared_semantic_recoding_50_percent,leave_one_publication_out,False,OLS,held_out_publication,18,187.0,159.2904489804395,27.709551019560507,27.709551019560507,767.8192177056268,1006,1006,,shared_semantic_dataset,,Ref-85-Research,Ref-85-Research
shared_semantic_recoding_50_percent,leave_one_publication_out,False,OLS,held_out_publication,19,178.0,158.9488199497008,19.051180050299195,19.051180050299195,362.94746130891804,1007,1007,,shared_semantic_dataset,,Ref-85-Research,Ref-85-Research
shared_semantic_recoding_50_percent,leave_one_publication_out,False,OLS,held_out_publication,20,170.0,155.50701196722667,14.492988032773326,14.492988032773326,210.04670211811083,1008,1008,,shared_semantic_dataset,,Ref-85-Research,Ref-85-Research
shared_semantic_recoding_50_percent,leave_one_publication_out,False,OLS,held_out_publication,21,175.0,155.16674945261096,19.833250547389042,19.833250547389042,393.35782727550776,1009,1009,,shared_semantic_dataset,,Ref-85-Research,Ref-85-Research
shared_semantic_recoding_50_percent,leave_one_publication_out,False,OLS,held_out_publication,22,179.0,154.82512042187227,24.17487957812773,24.17487957812773,584.4248026169771,1010,1010,,shared_semantic_dataset,,Ref-85-Research,Ref-85-Research
shared_semantic_recoding_50_percent,leave_one_publication_out,False,OLS,held_out_publication,23,168.0,154.48485790725655,13.515142092743446,13.515142092743446,182.65906578704568,1011,1011,,shared_semantic_dataset,,Ref-85-Research,Ref-85-Research
shared_semantic_recoding_50_percent,leave_one_publication_out,False,OLS,held_out_publication,24,149.0,151.04304992478242,-2.043049924782423,2.043049924782423,4.174052995153464,1012,1012,,shared_semantic_dataset,,Ref-85-Research,Ref-85-Research
shared_semantic_recoding_50_percent,leave_one_publication_out,False,OLS,held_out_publication,25,147.0,150.70142089404374,-3.7014208940437356,3.7014208940437356,13.700516634863527,1013,1013,,shared_semantic_dataset,,Ref-85-Research,Ref-85-Research
shared_semantic_recoding_50_percent,leave_one_publication_out,False,OLS,held_out_publication,26,152.0,150.36115837942802,1.6388416205719807,1.6388416205719807,2.685801857318996,1014,1014,,shared_semantic_dataset,,Ref-85-Research,Ref-85-Research
shared_semantic_recoding_50_percent,leave_one_publication_out,False,OLS,held_out_publication,27,158.0,150.01952934868933,7.980470651310668,7.980470651310668,63.68791181643092,1015,1015,,shared_semantic_dataset,,Ref-85-Research,Ref-85-Research
shared_semantic_recoding_50_percent,leave_one_publication_out,False,OLS,held_out_publication,28,146.0,146.57908788233817,-0.5790878823381718,0.5790878823381718,0.3353427754709083,1016,1016,,shared_semantic_dataset,,Ref-85-Research,Ref-85-Research
shared_semantic_recoding_50_percent,leave_one_publication_out,False,OLS,held_out_publication,29,142.0,146.23745885159948,-4.237458851599484,4.237458851599484,17.956057518998822,1017,1017,,shared_semantic_dataset,,Ref-85-Research,Ref-85-Research
shared_semantic_recoding_50_percent,leave_one_publication_out,False,OLS,held_out_publication,30,156.0,145.8958298208608,10.104170179139203,10.104170179139203,102.09425500900595,1018,1018,,shared_semantic_dataset,,Ref-85-Research,Ref-85-Research
shared_semantic_recoding_50_percent,leave_one_publication_out,False,OLS,held_out_publication,31,158.0,145.55556730624508,12.44443269375492,12.44443269375492,154.8639050693963,1019,1019,,shared_semantic_dataset,,Ref-85-Research,Ref-85-Research
shared_semantic_recoding_50_percent,leave_one_publication_out,False,OLS,held_out_publication,32,213.0,166.69830825072555,46.301691749274454,46.301691749274454,2143.84665884483,1020,1020,,shared_semantic_dataset,,Ref-85-Research,Ref-85-Research
shared_semantic_recoding_50_percent,leave_one_publication_out,False,OLS,held_out_publication,33,210.0,166.35667921998686,43.64332078001314,43.64332078001314,1904.739448707127,1021,1021,,shared_semantic_dataset,,Ref-85-Research,Ref-85-Research
shared_semantic_recoding_50_percent,leave_one_publication_out,False,OLS,held_out_publication,34,205.0,166.0164167053711,38.983583294628886,38.983583294628886,1519.7197664892683,1022,1022,,shared_semantic_dataset,,Ref-85-Research,Ref-85-Research
shared_semantic_recoding_50_percent,leave_one_publication_out,False,OLS,held_out_publication,35,196.0,165.67478767463246,30.325212325367545,30.325212325367545,919.6185025786236,1023,1023,,shared_semantic_dataset,,Ref-85-Research,Ref-85-Research
shared_semantic_recoding_50_percent,leave_one_publication_out,False,OLS,held_out_publication,36,207.0,162.23297969215832,44.767020307841676,44.767020307841676,2004.086107242709,1024,1024,,shared_semantic_dataset,,Ref-85-Research,Ref-85-Research
shared_semantic_recoding_50_percent,leave_one_publication_out,False,OLS,held_out_publication,37,194.0,161.89271717754258,32.10728282245742,32.10728282245742,1030.8776102412694,1025,1025,,shared_semantic_dataset,,Ref-85-Research,Ref-85-Research
shared_semantic_recoding_50_percent,leave_one_publication_out,False,OLS,held_out_publication,38,208.0,161.55108814680392,46.44891185319608,46.44891185319608,2157.501412345979,1026,1026,,shared_semantic_dataset,,Ref-85-Research,Ref-85-Research
shared_semantic_recoding_50_percent,leave_one_publication_out,False,OLS,held_out_publication,39,192.0,161.21082563218818,30.789174367811825,30.789174367811825,947.9732582515206,1027,1027,,shared_semantic_dataset,,Ref-85-Research,Ref-85-Research
shared_semantic_recoding_50_percent,leave_one_publication_out,False,OLS,held_out_publication,40,175.0,157.76901764971404,17.230982350285956,17.230982350285956,296.90675275586614,1028,1028,,shared_semantic_dataset,,Ref-85-Research,Ref-85-Research
shared_semantic_recoding_50_percent,leave_one_publication_out,False,OLS,held_out_publication,41,176.0,157.42738861897539,18.572611381024615,18.572611381024615,344.941893510565,1029,1029,,shared_semantic_dataset,,Ref-85-Research,Ref-85-Research
shared_semantic_recoding_50_percent,leave_one_publication_out,False,OLS,held_out_publication,42,186.0,157.08712610435964,28.91287389564036,28.91287389564036,835.9542769052017,1030,1030,,shared_semantic_dataset,,Ref-85-Research,Ref-85-Research
shared_semantic_recoding_50_percent,leave_one_publication_out,False,OLS,held_out_publication,43,183.0,156.74549707362098,26.25450292637902,26.25450292637902,689.2989239112444,1031,1031,,shared_semantic_dataset,,Ref-85-Research,Ref-85-Research
shared_semantic_recoding_50_percent,leave_one_publication_out,False,OLS,held_out_publication,44,168.0,153.3050556072698,14.694944392730207,14.694944392730207,215.94139070543295,1032,1032,,shared_semantic_dataset,,Ref-85-Research,Ref-85-Research
shared_semantic_recoding_50_percent,leave_one_publication_out,False,OLS,held_out_publication,45,162.0,152.96342657653113,9.036573423468866,9.036573423468866,81.65965923774382,1033,1033,,shared_semantic_dataset,,Ref-85-Research,Ref-85-Research
shared_semantic_recoding_50_percent,leave_one_publication_out,False,OLS,held_out_publication,46,175.0,152.62179754579245,22.378202454207553,22.378202454207553,500.783945081501,1034,1034,,shared_semantic_dataset,,Ref-85-Research,Ref-85-Research
shared_semantic_recoding_50_percent,leave_one_publication_out,False,OLS,held_out_publication,47,170.0,152.2815350311767,17.718464968823298,17.718464968823298,313.9440008514184,1035,1035,,shared_semantic_dataset,,Ref-85-Research,Ref-85-Research
shared_semantic_recoding_50_percent,leave_one_publication_out,False,OLS,held_out_publication,48,232.0,173.42427597565717,58.57572402434283,58.57572402434283,3431.1154449759742,1036,1036,,shared_semantic_dataset,,Ref-85-Research,Ref-85-Research
shared_semantic_recoding_50_percent,leave_one_publication_out,False,OLS,held_out_publication,49,229.0,173.08264694491848,55.91735305508152,55.91735305508152,3126.750372686635,1037,1037,,shared_semantic_dataset,,Ref-85-Research,Ref-85-Research
shared_semantic_recoding_50_percent,leave_one_publication_out,False,OLS,held_out_publication,50,217.0,172.74238443030276,44.257615569697236,44.257615569697236,1958.7365359151072,1038,1038,,shared_semantic_dataset,,Ref-85-Research,Ref-85-Research
shared_semantic_recoding_50_percent,leave_one_publication_out,False,OLS,held_out_publication,51,213.0,172.40075539956408,40.599244600435924,40.599244600435924,1648.2986621260254,1039,1039,,shared_semantic_dataset,,Ref-85-Research,Ref-85-Research
shared_semantic_recoding_50_percent,leave_one_publication_out,False,OLS,held_out_publication,52,226.0,168.95894741708995,57.041052582910055,57.041052582910055,3253.68167976631,1040,1040,,shared_semantic_dataset,,Ref-85-Research,Ref-85-Research
shared_semantic_recoding_50_percent,leave_one_publication_out,False,OLS,held_out_publication,53,220.0,168.61868490247423,51.38131509752577,51.38131509752577,2640.03954115123,1041,1041,,shared_semantic_dataset,,Ref-85-Research,Ref-85-Research
shared_semantic_recoding_50_percent,leave_one_publication_out,False,OLS,held_out_publication,54,211.0,168.27705587173554,42.72294412826446,42.72294412826446,1825.2499549868066,1042,1042,,shared_semantic_dataset,,Ref-85-Research,Ref-85-Research
shared_semantic_recoding_50_percent,leave_one_publication_out,False,OLS,held_out_publication,55,204.0,167.93679335711983,36.063206642880175,36.063206642880175,1300.5548733670769,1043,1043,,shared_semantic_dataset,,Ref-85-Research,Ref-85-Research
shared_semantic_recoding_50_percent,leave_one_publication_out,False,OLS,held_out_publication,56,197.0,164.4949853746457,32.505014625354306,32.505014625354306,1056.5759757944973,1044,1044,,shared_semantic_dataset,,Ref-85-Research,Ref-85-Research
shared_semantic_recoding_50_percent,leave_one_publication_out,False,OLS,held_out_publication,57,194.0,164.153356343907,29.846643656092994,29.846643656092994,890.8221375337961,1045,1045,,shared_semantic_dataset,,Ref-85-Research,Ref-85-Research
shared_semantic_recoding_50_percent,leave_one_publication_out,False,OLS,held_out_publication,58,201.0,163.8130938292913,37.18690617070871,37.18690617070871,1382.8659905490936,1046,1046,,shared_semantic_dataset,,Ref-85-Research,Ref-85-Research
shared_semantic_recoding_50_percent,leave_one_publication_out,False,OLS,held_out_publication,59,198.0,163.4714647985526,34.5285352014474,34.5285352014474,1192.2197431575921,1047,1047,,shared_semantic_dataset,,Ref-85-Research,Ref-85-Research
shared_semantic_recoding_50_percent,leave_one_publication_out,False,OLS,held_out_publication,60,170.0,160.0310233322014,9.968976667798586,9.968976667798586,99.3804958031126,1048,1048,,shared_semantic_dataset,,Ref-85-Research,Ref-85-Research
shared_semantic_recoding_50_percent,leave_one_publication_out,False,OLS,held_out_publication,61,170.0,159.68939430146276,10.310605698537245,10.310605698537245,106.3085898707087,1049,1049,,shared_semantic_dataset,,Ref-85-Research,Ref-85-Research
shared_semantic_recoding_50_percent,leave_one_publication_out,False,OLS,held_out_publication,62,190.0,159.34776527072407,30.652234729275932,30.652234729275932,939.5594938986296,1050,1050,,shared_semantic_dataset,,Ref-85-Research,Ref-85-Research
shared_semantic_recoding_50_percent,leave_one_publication_out,False,OLS,held_out_publication,63,178.0,159.00750275610835,18.99249724389165,18.99249724389165,360.71495155923185,1051,1051,,shared_semantic_dataset,,Ref-85-Research,Ref-85-Research
shared_semantic_recoding_50_percent,leave_one_publication_out,False,OLS,held_out_publication,0,81.2,142.85556983798915,-61.65556983798915,61.65556983798915,3801.409292047157,1591,1591,,shared_semantic_dataset,,Ref-139-Research,Ref-139-Research
shared_semantic_recoding_50_percent,leave_one_publication_out,False,OLS,held_out_publication,1,80.0,140.1633401131227,-60.1633401131227,60.1633401131227,3619.627493567279,1592,1592,,shared_semantic_dataset,,Ref-139-Research,Ref-139-Research
shared_semantic_recoding_50_percent,leave_one_publication_out,False,OLS,held_out_publication,2,130.8,132.29629214899364,-1.496292148993632,1.496292148993632,2.2388901951399816,1593,1593,,shared_semantic_dataset,,Ref-139-Research,Ref-139-Research
shared_semantic_recoding_50_percent,leave_one_publication_out,False,OLS,held_out_publication,3,158.0,136.3560036388716,21.643996361128387,21.643996361128387,468.46257848053887,1594,1594,,shared_semantic_dataset,,Ref-139-Research,Ref-139-Research
shared_semantic_recoding_50_percent,leave_one_publication_out,False,OLS,held_out_publication,4,109.7,138.74282210810543,-29.042822108105426,29.042822108105426,843.4855160030573,1595,1595,,shared_semantic_dataset,,Ref-139-Research,Ref-139-Research
shared_semantic_recoding_50_percent,leave_one_publication_out,False,OLS,held_out_publication,5,113.6,137.1430859380131,-23.543085938013093,23.543085938013093,554.2768954846698,1596,1596,,shared_semantic_dataset,,Ref-139-Research,Ref-139-Research
shared_semantic_recoding_50_percent,leave_one_publication_out,False,OLS,held_out_publication,6,103.1,135.7862876242907,-32.68628762429071,32.68628762429071,1068.3933986578602,1597,1597,,shared_semantic_dataset,,Ref-139-Research,Ref-139-Research
shared_semantic_recoding_50_percent,leave_one_publication_out,False,OLS,held_out_publication,7,143.2,140.3836647748821,2.816335225117882,2.816335225117882,7.931744100239792,1598,1598,,shared_semantic_dataset,,Ref-139-Research,Ref-139-Research
shared_semantic_recoding_50_percent,leave_one_publication_out,False,OLS,held_out_publication,8,138.2,143.11862830490517,-4.918628304905184,4.918628304905184,24.19290440181444,1599,1599,,shared_semantic_dataset,,Ref-139-Research,Ref-139-Research
shared_semantic_recoding_50_percent,leave_one_publication_out,False,OLS,held_out_publication,9,143.3,143.78100228483262,-0.48100228483261276,0.48100228483261276,0.23136319801419394,1600,1600,,shared_semantic_dataset,,Ref-139-Research,Ref-139-Research
shared_semantic_recoding_50_percent,leave_one_publication_out,False,OLS,held_out_publication,10,141.4,144.86003086503703,-3.4600308650370266,3.4600308650370266,11.971813587008874,1601,1601,,shared_semantic_dataset,,Ref-139-Research,Ref-139-Research
shared_semantic_recoding_50_percent,leave_one_publication_out,False,OLS,held_out_publication,11,144.8,164.66313249687454,-19.863132496874528,19.863132496874528,394.5440325883929,1602,1602,,shared_semantic_dataset,,Ref-139-Research,Ref-139-Research
shared_semantic_recoding_50_percent,leave_one_publication_out,False,OLS,held_out_publication,12,147.7,180.98343163415026,-33.283431634150276,33.283431634150276,1107.7868213451552,1603,1603,,shared_semantic_dataset,,Ref-139-Research,Ref-139-Research
shared_semantic_recoding_50_percent,leave_one_publication_out,False,OLS,held_out_publication,13,162.2,197.303730771426,-35.103730771426,35.103730771426,1232.2719140727606,1604,1604,,shared_semantic_dataset,,Ref-139-Research,Ref-139-Research
shared_semantic_recoding_50_percent,leave_one_publication_out,False,OLS,held_out_publication,14,128.8,144.18012050690862,-15.38012050690861,15.38012050690861,236.5481068070308,1605,1605,,shared_semantic_dataset,,Ref-139-Research,Ref-139-Research
shared_semantic_recoding_50_percent,leave_one_publication_out,False,OLS,held_out_publication,15,141.8,146.64114482779107,-4.841144827791055,4.841144827791055,23.436683243648083,1606,1606,,shared_semantic_dataset,,Ref-139-Research,Ref-139-Research
shared_semantic_recoding_50_percent,leave_one_publication_out,False,OLS,held_out_publication,16,128.6,142.27156921810985,-13.671569218109852,13.671569218109852,186.9118048855688,1607,1607,,shared_semantic_dataset,,Ref-139-Research,Ref-139-Research
shared_semantic_recoding_50_percent,leave_one_publication_out,False,OLS,held_out_publication,17,141.4,142.08433339888023,-0.6843333988802272,0.6843333988802272,0.4683122008229641,1608,1608,,shared_semantic_dataset,,Ref-139-Research,Ref-139-Research
shared_semantic_recoding_50_percent,leave_one_publication_out,False,OLS,held_out_publication,18,132.2,140.62493132178275,-8.424931321782765,8.424931321782765,70.97946777675628,1609,1609,,shared_semantic_dataset,,Ref-139-Research,Ref-139-Research
shared_semantic_recoding_50_percent,leave_one_publication_out,False,OLS,held_out_publication,19,141.8,140.39700559883718,1.4029944011628288,1.4029944011628288,1.9683932896942447,1610,1610,,shared_semantic_dataset,,Ref-139-Research,Ref-139-Research
shared_semantic_recoding_50_percent,leave_one_publication_out,False,OLS,held_out_publication,20,142.7,161.27913581087907,-18.57913581087908,18.57913581087908,345.18428747908945,1611,1611,,shared_semantic_dataset,,Ref-139-Research,Ref-139-Research
shared_semantic_recoding_50_percent,leave_one_publication_out,False,OLS,held_out_publication,21,150.1,177.5994349481548,-27.4994349481548,27.4994349481548,756.2189224677976,1612,1612,,shared_semantic_dataset,,Ref-139-Research,Ref-139-Research
shared_semantic_recoding_50_percent,leave_one_publication_out,False,OLS,held_out_publication,22,152.6,193.91973408543052,-41.319734085430525,41.319734085430525,1707.320424890689,1613,1613,,shared_semantic_dataset,,Ref-139-Research,Ref-139-Research
shared_semantic_recoding_50_percent,leave_one_publication_out,False,OLS,held_out_publication,23,131.0,136.39071136540497,-5.390711365404968,5.390711365404968,29.059769025106295,1614,1614,,shared_semantic_dataset,,Ref-139-Research,Ref-139-Research
shared_semantic_recoding_50_percent,leave_one_publication_out,False,OLS,held_out_publication,24,135.2,157.27284157744685,-22.072841577446866,22.072841577446866,487.21033530306704,1615,1615,,shared_semantic_dataset,,Ref-139-Research,Ref-139-Research
shared_semantic_recoding_50_percent,leave_one_publication_out,False,OLS,held_out_publication,25,134.5,173.5931407147226,-39.09314071472261,39.09314071472261,1528.2736509411025,1616,1616,,shared_semantic_dataset,,Ref-139-Research,Ref-139-Research
shared_semantic_recoding_50_percent,leave_one_publication_out,False,OLS,held_out_publication,26,151.0,189.9134398519983,-38.913439851998305,38.913439851998305,1514.25580111509,1617,1617,,shared_semantic_dataset,,Ref-139-Research,Ref-139-Research
shared_semantic_recoding_50_percent,leave_one_publication_out,False,OLS,held_out_publication,27,132.0,148.91134943900798,-16.911349439007978,16.911349439007978,285.99373984823546,1618,1618,,shared_semantic_dataset,,Ref-139-Research,Ref-139-Research
shared_semantic_recoding_50_percent,leave_one_publication_out,False,OLS,held_out_publication,28,139.6,151.3583073632844,-11.758307363284416,11.758307363284416,138.25779204946852,1619,1619,,shared_semantic_dataset,,Ref-139-Research,Ref-139-Research
shared_semantic_recoding_50_percent,leave_one_publication_out,False,OLS,held_out_publication,29,142.3,154.33377860695228,-12.033778606952268,12.033778606952268,144.81182756114205,1620,1620,,shared_semantic_dataset,,Ref-139-Research,Ref-139-Research
shared_semantic_recoding_50_percent,leave_one_publication_out,False,OLS,held_out_publication,30,153.6,175.21590881899417,-21.61590881899417,21.61590881899417,467.24751407107,1621,1621,,shared_semantic_dataset,,Ref-139-Research,Ref-139-Research
shared_semantic_recoding_50_percent,leave_one_publication_out,False,OLS,held_out_publication,31,151.5,191.5362079562699,-40.03620795626989,40.03620795626989,1602.8979475176884,1622,1622,,shared_semantic_dataset,,Ref-139-Research,Ref-139-Research
shared_semantic_recoding_50_percent,leave_one_publication_out,False,OLS,held_out_publication,32,169.3,207.85650709354564,-38.55650709354563,38.55650709354563,1486.6042392546346,1623,1623,,shared_semantic_dataset,,Ref-139-Research,Ref-139-Research
shared_semantic_recoding_50_percent,leave_one_publication_out,False,OLS,held_out_publication,33,136.1,143.78100228483262,-7.68100228483263,7.68100228483263,58.99779609960408,1624,1624,,shared_semantic_dataset,,Ref-139-Research,Ref-139-Research
shared_semantic_recoding_50_percent,leave_one_publication_out,False,OLS,held_out_publication,34,131.4,143.11862830490517,-11.718628304905167,11.718628304905167,137.32624934852453,1625,1625,,shared_semantic_dataset,,Ref-139-Research,Ref-139-Research
shared_semantic_recoding_50_percent,leave_one_publication_out,False,OLS,held_out_publication,35,107.0,155.946242631542,-48.94624263154199,48.94624263154199,2395.7346677457786,1626,1626,,shared_semantic_dataset,,Ref-139-Research,Ref-139-Research
shared_semantic_recoding_50_percent,leave_one_publication_out,False,OLS,held_out_publication,36,132.0,164.0007585169471,-32.00075851694709,32.00075851694709,1024.0485456599615,1627,1627,,shared_semantic_dataset,,Ref-139-Research,Ref-139-Research
shared_semantic_recoding_50_percent,leave_one_publication_out,False,OLS,held_out_publication,37,126.9,178.95357588921127,-52.05357588921126,52.05357588921126,2709.5747628538757,1628,1628,,shared_semantic_dataset,,Ref-139-Research,Ref-139-Research
shared_semantic_recoding_50_percent,leave_one_publication_out,False,OLS,held_out_publication,38,128.9,194.6008175952704,-65.7008175952704,65.7008175952704,4316.597432686992,1629,1629,,shared_semantic_dataset,,Ref-139-Research,Ref-139-Research
shared_semantic_recoding_50_percent,leave_one_publication_out,False,OLS,held_out_publication,39,145.1,153.25475002674787,-8.154750026747877,8.154750026747877,66.4999479987445,1630,1630,,shared_semantic_dataset,,Ref-139-Research,Ref-139-Research
shared_semantic_recoding_50_percent,leave_one_publication_out,False,OLS,held_out_publication,40,146.9,174.13688023878976,-27.23688023878975,27.23688023878975,741.8476451421757,1631,1631,,shared_semantic_dataset,,Ref-139-Research,Ref-139-Research
shared_semantic_recoding_50_percent,leave_one_publication_out,False,OLS,held_out_publication,41,151.0,190.45717937606548,-39.45717937606548,39.45717937606548,1556.8690043150073,1632,1632,,shared_semantic_dataset,,Ref-139-Research,Ref-139-Research
shared_semantic_recoding_50_percent,leave_one_publication_out,False,OLS,held_out_publication,42,155.1,206.77747851334124,-51.67747851334124,51.67747851334124,2670.561785496846,1633,1633,,shared_semantic_dataset,,Ref-139-Research,Ref-139-Research
shared_semantic_recoding_50_percent,leave_one_publication_out,False,OLS,held_out_publication,43,143.0,138.95786949750246,4.0421305024975425,4.0421305024975425,16.338818999221036,1634,1634,,shared_semantic_dataset,,Ref-139-Research,Ref-139-Research
shared_semantic_recoding_50_percent,leave_one_publication_out,False,OLS,held_out_publication,44,144.3,159.83999970954434,-15.539999709544333,15.539999709544333,241.49159097263794,1635,1635,,shared_semantic_dataset,,Ref-139-Research,Ref-139-Research
shared_semantic_recoding_50_percent,leave_one_publication_out,False,OLS,held_out_publication,45,129.7,150.52175726287493,-20.82175726287494,20.82175726287494,433.5455755140853,1636,1636,,shared_semantic_dataset,,Ref-139-Research,Ref-139-Research
shared_semantic_recoding_50_percent,leave_one_publication_out,False,OLS,held_out_publication,46,130.2,146.8928073906331,-16.692807390633106,16.692807390633106,278.6498185807753,1637,1637,,shared_semantic_dataset,,Ref-139-Research,Ref-139-Research
shared_semantic_recoding_50_percent,leave_one_publication_out,False,OLS,held_out_publication,47,82.0,143.26385751839126,-61.26385751839126,61.26385751839126,3753.2602380337457,1638,1638,,shared_semantic_dataset,,Ref-139-Research,Ref-139-Research
shared_semantic_recoding_50_percent,leave_one_publication_out,False,OLS,held_out_publication,48,132.7,171.40388747491684,-38.703887474916854,38.703887474916854,1497.9909056710258,1639,1639,,shared_semantic_dataset,,Ref-139-Research,Ref-139-Research
shared_semantic_recoding_50_percent,leave_one_publication_out,False,OLS,held_out_publication,49,133.4,167.774937602675,-34.374937602675004,34.374937602675004,1181.6363351878,1640,1640,,shared_semantic_dataset,,Ref-139-Research,Ref-139-Research
shared_semantic_recoding_50_percent,leave_one_publication_out,False,OLS,held_out_publication,50,86.3,164.14598773043318,-77.84598773043318,77.84598773043318,6059.9978057267535,1641,1641,,shared_semantic_dataset,,Ref-139-Research,Ref-139-Research
shared_semantic_recoding_50_percent,leave_one_publication_out,False,Elastic Net,held_out_publication,0,172.0,139.82208161480042,32.177918385199575,32.177918385199575,1035.4184316045648,1736,1736,,shared_semantic_dataset,,Ref-144-Research,Ref-144-Research
shared_semantic_recoding_50_percent,leave_one_publication_out,False,Elastic Net,held_out_publication,1,149.0,128.82616047694876,20.173839523051242,20.173839523051242,406.9838011018244,1737,1737,,shared_semantic_dataset,,Ref-144-Research,Ref-144-Research
shared_semantic_recoding_50_percent,leave_one_publication_out,False,Elastic Net,held_out_publication,2,154.0,126.21954645576932,27.78045354423068,27.78045354423068,771.753599123159,1738,1738,,shared_semantic_dataset,,Ref-144-Research,Ref-144-Research
shared_semantic_recoding_50_percent,leave_one_publication_out,False,Elastic Net,held_out_publication,3,135.0,125.18767304777366,9.812326952226343,9.812326952226343,96.28176021738751,1739,1739,,shared_semantic_dataset,,Ref-144-Research,Ref-144-Research
shared_semantic_recoding_50_percent,leave_one_publication_out,False,Elastic Net,held_out_publication,4,142.0,139.82208161480042,2.1779183851995754,2.1779183851995754,4.743328492590326,1740,1740,,shared_semantic_dataset,,Ref-144-Research,Ref-144-Research
shared_semantic_recoding_50_percent,leave_one_publication_out,False,Elastic Net,held_out_publication,5,141.0,127.68435360503213,13.315646394967871,13.315646394967871,177.30643891582085,1741,1741,,shared_semantic_dataset,,Ref-144-Research,Ref-144-Research
shared_semantic_recoding_50_percent,leave_one_publication_out,False,Elastic Net,held_out_publication,6,149.0,125.08318910271515,23.916810897284847,23.916810897284847,572.0138434964832,1742,1742,,shared_semantic_dataset,,Ref-144-Research,Ref-144-Research
shared_semantic_recoding_50_percent,leave_one_publication_out,False,Elastic Net,held_out_publication,7,179.0,140.3648734406616,38.6351265593384,38.6351265593384,1492.6730042560957,1743,1743,,shared_semantic_dataset,,Ref-144-Research,Ref-144-Research
shared_semantic_recoding_50_percent,leave_one_publication_out,False,Elastic Net,held_out_publication,8,90.0,122.00635551097938,-32.006355510979375,32.006355510979375,1024.4067930951999,1744,1744,,shared_semantic_dataset,,Ref-144-Research,Ref-144-Research
shared_semantic_recoding_50_percent,leave_one_publication_out,False,Elastic Net,held_out_publication,9,151.0,128.5137357541456,22.486264245854386,22.486264245854386,505.6320797343893,1745,1745,,shared_semantic_dataset,,Ref-144-Research,Ref-144-Research
shared_semantic_recoding_50_percent,leave_one_publication_out,False,Elastic Net,held_out_publication,10,125.0,127.59901141301145,-2.5990114130114534,2.5990114130114534,6.754860324963792,1746,1746,,shared_semantic_dataset,,Ref-144-Research,Ref-144-Research
shared_semantic_recoding_50_percent,leave_one_publication_out,False,Elastic Net,held_out_publication,11,116.0,129.30746930441057,-13.307469304410574,13.307469304410574,177.08873928782967,1747,1747,,shared_semantic_dataset,,Ref-144-Research,Ref-144-Research
shared_semantic_recoding_50_percent,leave_one_publication_out,False,Elastic Net,held_out_publication,12,108.0,125.88218195266202,-17.882181952662023,17.882181952662023,319.7724313881114,1748,1748,,shared_semantic_dataset,,Ref-144-Research,Ref-144-Research
shared_semantic_recoding_50_percent,leave_one_publication_out,False,Elastic Net,held_out_publication,13,128.0,125.20222308235144,2.7977769176485623,2.7977769176485623,7.82755568092709,1749,1749,,shared_semantic_dataset,,Ref-144-Research,Ref-144-Research
shared_semantic_recoding_50_percent,leave_one_publication_out,False,Elastic Net,held_out_publication,14,125.0,126.76651699462955,-1.766516994629555,1.766516994629555,3.120582292315035,1750,1750,,shared_semantic_dataset,,Ref-144-Research,Ref-144-Research
shared_semantic_recoding_50_percent,leave_one_publication_out,False,Elastic Net,held_out_publication,15,114.0,125.7725864642299,-11.772586464229903,11.772586464229903,138.59379205776912,1751,1751,,shared_semantic_dataset,,Ref-144-Research,Ref-144-Research
shared_semantic_recoding_50_percent,leave_one_publication_out,False,Elastic Net,held_out_publication,16,182.0,142.83664980573528,39.16335019426472,39.16335019426472,1533.7679984386148,1752,1752,,shared_semantic_dataset,,Ref-144-Research,Ref-144-Research
shared_semantic_recoding_50_percent,leave_one_publication_out,False,Elastic Net,held_out_publication,17,142.0,130.344939987577,11.655060012423007,11.655060012423007,135.8404238931818,1753,1753,,shared_semantic_dataset,,Ref-144-Research,Ref-144-Research
shared_semantic_recoding_50_percent,leave_one_publication_out,False,Elastic Net,held_out_publication,18,150.0,130.344939987577,19.655060012423007,19.655060012423007,386.3213840919499,1754,1754,,shared_semantic_dataset,,Ref-144-Research,Ref-144-Research
shared_semantic_recoding_50_percent,leave_one_publication_out,False,Elastic Net,held_out_publication,19,155.0,129.09081946074994,25.90918053925006,25.90918053925006,671.285636215454,1755,1755,,shared_semantic_dataset,,Ref-144-Research,Ref-144-Research
shared_semantic_recoding_50_percent,leave_one_publication_out,False,Elastic Net,held_out_publication,20,132.0,127.14156177917096,4.8584382208290435,4.8584382208290435,23.604421945612483,1756,1756,,shared_semantic_dataset,,Ref-144-Research,Ref-144-Research
shared_semantic_recoding_50_percent,leave_one_publication_out,False,Elastic Net,held_out_publication,21,143.0,127.99452699048322,15.005473009516777,15.005473009516777,225.1642202393365,1757,1757,,shared_semantic_dataset,,Ref-144-Research,Ref-144-Research
shared_semantic_recoding_50_percent,leave_one_publication_out,False,Elastic Net,held_out_publication,22,151.0,138.4894588202508,12.510541179749197,12.510541179749197,156.5136406102004,1758,1758,,shared_semantic_dataset,,Ref-144-Research,Ref-144-Research
shared_semantic_recoding_50_percent,leave_one_publication_out,False,Elastic Net,held_out_publication,23,111.0,127.62493172480427,-16.62493172480427,16.62493172480427,276.3883548544035,1759,1759,,shared_semantic_dataset,,Ref-144-Research,Ref-144-Research
shared_semantic_recoding_50_percent,leave_one_publication_out,False,Elastic Net,held_out_publication,24,166.0,143.34493137493672,22.65506862506328,22.65506862506328,513.2521344063266,1760,1760,,shared_semantic_dataset,,Ref-144-Research,Ref-144-Research
shared_semantic_recoding_50_percent,leave_one_publication_out,False,Elastic Net,held_out_publication,25,132.0,126.76651699462955,5.233483005370445,5.233483005370445,27.389344367501266,1761,1761,,shared_semantic_dataset,,Ref-144-Research,Ref-144-Research
shared_semantic_recoding_50_percent,leave_one_publication_out,False,Elastic Net,held_out_publication,26,105.0,127.20868451561333,-22.208684515613328,22.208684515613328,493.2256679140432,1762,1762,,shared_semantic_dataset,,Ref-144-Research,Ref-144-Research
shared_semantic_recoding_50_percent,leave_one_publication_out,False,Elastic Net,held_out_publication,27,106.0,128.50926676677182,-22.509266766771816,22.509266766771816,506.6670903776981,1763,1763,,shared_semantic_dataset,,Ref-144-Research,Ref-144-Research
shared_semantic_recoding_50_percent,leave_one_publication_out,False,Elastic Net,held_out_publication,28,123.0,131.1104312690888,-8.110431269088792,8.110431269088792,65.77909537061323,1764,1764,,shared_semantic_dataset,,Ref-144-Research,Ref-144-Research
shared_semantic_recoding_50_percent,leave_one_publication_out,False,Elastic Net,held_out_publication,29,135.0,130.02852677095532,4.971473229044676,4.971473229044676,24.715546067107898,1765,1765,,shared_semantic_dataset,,Ref-144-Research,Ref-144-Research
shared_semantic_recoding_50_percent,leave_one_publication_out,False,Elastic Net,held_out_publication,30,96.0,124.60752001329635,-28.60752001329635,28.60752001329635,818.3902013111513,1766,1766,,shared_semantic_dataset,,Ref-144-Research,Ref-144-Research
shared_semantic_recoding_50_percent,leave_one_publication_out,False,Elastic Net,held_out_publication,31,134.0,139.82208161480042,-5.822081614800425,5.822081614800425,33.89663432939712,1767,1767,,shared_semantic_dataset,,Ref-144-Research,Ref-144-Research
shared_semantic_recoding_50_percent,leave_one_publication_out,False,Elastic Net,held_out_publication,32,153.0,129.79045881168278,23.209541188317218,23.209541188317218,538.6828021721934,1768,1768,,shared_semantic_dataset,,Ref-144-Research,Ref-144-Research
shared_semantic_recoding_50_percent,leave_one_publication_out,False,Elastic Net,held_out_publication,33,145.0,127.16270328483716,17.837296715162836,17.837296715162836,318.1691541047589,1769,1769,,shared_semantic_dataset,,Ref-144-Research,Ref-144-Research
shared_semantic_recoding_50_percent,leave_one_publication_out,False,Elastic Net,held_out_publication,34,140.0,127.64461220542654,12.35538779457346,12.35538779457346,152.65560755429482,1770,1770,,shared_semantic_dataset,,Ref-144-Research,Ref-144-Research
shared_semantic_recoding_50_percent,leave_one_publication_out,False,Elastic Net,held_out_publication,35,181.0,143.04838885811787,37.951611141882125,37.951611141882125,1440.3247882646315,1771,1771,,shared_semantic_dataset,,Ref-144-Research,Ref-144-Research
shared_semantic_recoding_50_percent,leave_one_publication_out,False,Elastic Net,held_out_publication,36,138.0,127.16270328483716,10.837296715162836,10.837296715162836,117.44700009247919,1772,1772,,shared_semantic_dataset,,Ref-144-Research,Ref-144-Research
shared_semantic_recoding_50_percent,leave_one_publication_out,False,Elastic Net,held_out_publication,37,146.0,140.3648734406616,5.635126559338403,5.635126559338403,31.754651339761065,1773,1773,,shared_semantic_dataset,,Ref-144-Research,Ref-144-Research
shared_semantic_recoding_50_percent,leave_one_publication_out,False,Elastic Net,held_out_publication,38,141.0,130.02852677095532,10.971473229044676,10.971473229044676,120.37322481564401,1774,1774,,shared_semantic_dataset,,Ref-144-Research,Ref-144-Research
shared_semantic_recoding_50_percent,leave_one_publication_out,False,Elastic Net,held_out_publication,39,156.0,138.4894588202508,17.510541179749197,17.510541179749197,306.6190524076924,1775,1775,,shared_semantic_dataset,,Ref-144-Research,Ref-144-Research
shared_semantic_recoding_50_percent,leave_one_publication_out,False,Elastic Net,held_out_publication,40,157.0,127.89631103333133,29.10368896666867,29.10368896666867,847.0247114685917,1776,1776,,shared_semantic_dataset,,Ref-144-Research,Ref-144-Research
shared_semantic_recoding_50_percent,leave_one_publication_out,False,Elastic Net,held_out_publication,41,135.0,128.12652112601592,6.873478873984084,6.873478873984084,47.244711831105505,1777,1777,,shared_semantic_dataset,,Ref-144-Research,Ref-144-Research
shared_semantic_recoding_50_percent,leave_one_publication_out,False,Elastic Net,held_out_publication,42,200.0,144.38101165266747,55.61898834733253,55.61898834733253,3093.471864780712,1778,1778,,shared_semantic_dataset,,Ref-144-Research,Ref-144-Research
shared_semantic_recoding_50_percent,leave_one_publication_out,False,Elastic Net,held_out_publication,43,144.0,128.17298285034735,15.827017149652647,15.827017149652647,250.494471855399,1779,1779,,shared_semantic_dataset,,Ref-144-Research,Ref-144-Research
shared_semantic_recoding_50_percent,leave_one_publication_out,False,Elastic Net,held_out_publication,44,166.0,143.34493137493672,22.65506862506328,22.65506862506328,513.2521344063266,1780,1780,,shared_semantic_dataset,,Ref-144-Research,Ref-144-Research
shared_semantic_recoding_50_percent,leave_one_publication_out,False,Elastic Net,held_out_publication,45,143.0,128.5137357541456,14.486264245854386,14.486264245854386,209.85185180071915,1781,1781,,shared_semantic_dataset,,Ref-144-Research,Ref-144-Research
shared_semantic_recoding_50_percent,leave_one_publication_out,False,Elastic Net,held_out_publication,46,93.0,123.30693776213786,-30.306937762137864,30.306937762137864,918.510476518098,1782,1782,,shared_semantic_dataset,,Ref-144-Research,Ref-144-Research
shared_semantic_recoding_50_percent,leave_one_publication_out,False,Elastic Net,held_out_publication,47,194.0,142.83664980573528,51.16335019426472,51.16335019426472,2617.688403100968,1783,1783,,shared_semantic_dataset,,Ref-144-Research,Ref-144-Research
shared_semantic_recoding_50_percent,leave_one_publication_out,False,Elastic Net,held_out_publication,48,185.0,147.44567540081496,37.55432459918504,37.55432459918504,1410.3272961009543,1784,1784,,shared_semantic_dataset,,Ref-144-Research,Ref-144-Research
shared_semantic_recoding_50_percent,leave_one_publication_out,False,Elastic Net,held_out_publication,49,174.0,143.34493137493672,30.65506862506328,30.65506862506328,939.7332324073391,1785,1785,,shared_semantic_dataset,,Ref-144-Research,Ref-144-Research
shared_semantic_recoding_50_percent,leave_one_publication_out,False,Elastic Net,held_out_publication,50,147.0,139.39287424971306,7.60712575028694,7.60712575028694,57.86836218067864,1786,1786,,shared_semantic_dataset,,Ref-144-Research,Ref-144-Research
shared_semantic_recoding_50_percent,leave_one_publication_out,False,Elastic Net,held_out_publication,51,114.0,129.8098490179303,-15.809849017930304,15.809849017930304,249.9513259697518,1787,1787,,shared_semantic_dataset,,Ref-144-Research,Ref-144-Research
shared_semantic_recoding_50_percent,leave_one_publication_out,False,Elastic Net,held_out_publication,52,196.0,145.62743132328,50.37256867671999,50.37256867671999,2537.3956750908724,1788,1788,,shared_semantic_dataset,,Ref-144-Research,Ref-144-Research
shared_semantic_recoding_50_percent,leave_one_publication_out,False,Elastic Net,held_out_publication,53,201.0,157.424382833436,43.575617166564,43.575617166564,1898.8344114469473,1789,1789,,shared_semantic_dataset,,Ref-144-Research,Ref-144-Research
shared_semantic_recoding_50_percent,leave_one_publication_out,False,Elastic Net,held_out_publication,54,173.0,146.42846169558433,26.571538304415668,26.571538304415668,706.0466478630291,1790,1790,,shared_semantic_dataset,,Ref-144-Research,Ref-144-Research
shared_semantic_recoding_50_percent,leave_one_publication_out,False,Elastic Net,held_out_publication,55,178.0,143.8218476744049,34.17815232559511,34.17815232559511,1168.1460963915822,1791,1791,,shared_semantic_dataset,,Ref-144-Research,Ref-144-Research
shared_semantic_recoding_50_percent,leave_one_publication_out,False,Elastic Net,held_out_publication,56,159.0,142.78997426640925,16.210025733590754,16.210025733590754,262.76493428367445,1792,1792,,shared_semantic_dataset,,Ref-144-Research,Ref-144-Research
shared_semantic_recoding_50_percent,leave_one_publication_out,False,Elastic Net,held_out_publication,57,171.0,157.424382833436,13.575617166564001,13.575617166564001,184.2973814531072,1793,1793,,shared_semantic_dataset,,Ref-144-Research,Ref-144-Research
shared_semantic_recoding_50_percent,leave_one_publication_out,False,Elastic Net,held_out_publication,58,165.0,145.28665482366773,19.71334517633227,19.71334517633227,388.6159780412227,1794,1794,,shared_semantic_dataset,,Ref-144-Research,Ref-144-Research
shared_semantic_recoding_50_percent,leave_one_publication_out,False,Elastic Net,held_out_publication,59,173.0,142.68549032135076,30.314509678649245,30.314509678649245,918.9694970569187,1795,1795,,shared_semantic_dataset,,Ref-144-Research,Ref-144-Research
shared_semantic_recoding_50_percent,leave_one_publication_out,False,Elastic Net,held_out_publication,60,208.0,157.96717465929717,50.03282534070283,50.03282534070283,2503.2836115732753,1796,1796,,shared_semantic_dataset,,Ref-144-Research,Ref-144-Research
shared_semantic_recoding_50_percent,leave_one_publication_out,False,Elastic Net,held_out_publication,61,104.0,139.60865672961495,-35.60865672961495,35.60865672961495,1267.976434087552,1797,1797,,shared_semantic_dataset,,Ref-144-Research,Ref-144-Research
shared_semantic_recoding_50_percent,leave_one_publication_out,False,Elastic Net,held_out_publication,62,175.0,146.11603697278122,28.883963027218783,28.883963027218783,834.2833201577416,1798,1798,,shared_semantic_dataset,,Ref-144-Research,Ref-144-Research
shared_semantic_recoding_50_percent,leave_one_publication_out,False,Elastic Net,held_out_publication,63,149.0,145.20131263164703,3.7986873683529723,3.7986873683529723,14.43002572248443,1799,1799,,shared_semantic_dataset,,Ref-144-Research,Ref-144-Research
shared_semantic_recoding_50_percent,leave_one_publication_out,False,Elastic Net,held_out_publication,64,140.0,146.90977052304615,-6.909770523046149,6.909770523046149,47.74492868115745,1800,1800,,shared_semantic_dataset,,Ref-144-Research,Ref-144-Research
shared_semantic_recoding_50_percent,leave_one_publication_out,False,Elastic Net,held_out_publication,65,132.0,143.4844831712976,-11.484483171297597,11.484483171297597,131.89335371181772,1801,1801,,shared_semantic_dataset,,Ref-144-Research,Ref-144-Research
shared_semantic_recoding_50_percent,leave_one_publication_out,False,Elastic Net,held_out_publication,66,152.0,142.80452430098703,9.195475699012974,9.195475699012974,84.55677333113815,1802,1802,,shared_semantic_dataset,,Ref-144-Research,Ref-144-Research
shared_semantic_recoding_50_percent,leave_one_publication_out,False,Elastic Net,held_out_publication,67,149.0,144.36881821326514,4.631181786734857,4.631181786734857,21.44784474178466,1803,1803,,shared_semantic_dataset,,Ref-144-Research,Ref-144-Research
shared_semantic_recoding_50_percent,leave_one_publication_out,False,Elastic Net,held_out_publication,68,138.0,143.37488768286548,-5.374887682865477,5.374887682865477,28.88941760341902,1804,1804,,shared_semantic_dataset,,Ref-144-Research,Ref-144-Research
shared_semantic_recoding_50_percent,leave_one_publication_out,False,Elastic Net,held_out_publication,69,211.0,160.43895102437085,50.56104897562915,50.56104897562915,2556.4196735159694,1805,1805,,shared_semantic_dataset,,Ref-144-Research,Ref-144-Research
shared_semantic_recoding_50_percent,leave_one_publication_out,False,Elastic Net,held_out_publication,70,166.0,147.94724120621257,18.052758793787433,18.052758793787433,325.9021000666695,1806,1806,,shared_semantic_dataset,,Ref-144-Research,Ref-144-Research
shared_semantic_recoding_50_percent,leave_one_publication_out,False,Elastic Net,held_out_publication,71,174.0,147.94724120621257,26.052758793787433,26.052758793787433,678.7462407672684,1807,1807,,shared_semantic_dataset,,Ref-144-Research,Ref-144-Research
shared_semantic_recoding_50_percent,leave_one_publication_out,False,Elastic Net,held_out_publication,72,179.0,146.69312067938552,32.306879320614485,32.306879320614485,1043.7344514367478,1808,1808,,shared_semantic_dataset,,Ref-144-Research,Ref-144-Research
shared_semantic_recoding_50_percent,leave_one_publication_out,False,Elastic Net,held_out_publication,73,156.0,144.74386299780656,11.25613700219344,11.25613700219344,126.70062021214834,1809,1809,,shared_semantic_dataset,,Ref-144-Research,Ref-144-Research
shared_semantic_recoding_50_percent,leave_one_publication_out,False,Elastic Net,held_out_publication,74,167.0,145.5968282091188,21.403171790881203,21.403171790881203,458.09576270997286,1810,1810,,shared_semantic_dataset,,Ref-144-Research,Ref-144-Research
shared_semantic_recoding_50_percent,leave_one_publication_out,False,Elastic Net,held_out_publication,75,180.0,156.0917600388864,23.908239961113594,23.908239961113594,571.603938038189,1811,1811,,shared_semantic_dataset,,Ref-144-Research,Ref-144-Research
shared_semantic_recoding_50_percent,leave_one_publication_out,False,Elastic Net,held_out_publication,76,135.0,145.22723294343984,-10.227232943439844,10.227232943439844,104.59629367938122,1812,1812,,shared_semantic_dataset,,Ref-144-Research,Ref-144-Research
shared_semantic_recoding_50_percent,leave_one_publication_out,False,Elastic Net,held_out_publication,77,195.0,160.94723259357232,34.05276740642768,34.05276740642768,1159.5909680362631,1813,1813,,shared_semantic_dataset,,Ref-144-Research,Ref-144-Research
shared_semantic_recoding_50_percent,leave_one_publication_out,False,Elastic Net,held_out_publication,78,156.0,144.36881821326514,11.631181786734857,11.631181786734857,135.28438975607264,1814,1814,,shared_semantic_dataset,,Ref-144-Research,Ref-144-Research
shared_semantic_recoding_50_percent,leave_one_publication_out,False,Elastic Net,held_out_publication,79,129.0,144.8109857342489,-15.810985734248902,15.810985734248902,249.9872698886223,1815,1815,,shared_semantic_dataset,,Ref-144-Research,Ref-144-Research
shared_semantic_recoding_50_percent,leave_one_publication_out,False,Elastic Net,held_out_publication,80,130.0,146.1115679854074,-16.11156798540739,16.11156798540739,259.5826229484044,1816,1816,,shared_semantic_dataset,,Ref-144-Research,Ref-144-Research
shared_semantic_recoding_50_percent,leave_one_publication_out,False,Elastic Net,held_out_publication,81,147.0,148.71273248772437,-1.7127324877243666,1.7127324877243666,2.9334525745064974,1817,1817,,shared_semantic_dataset,,Ref-144-Research,Ref-144-Research
shared_semantic_recoding_50_percent,leave_one_publication_out,False,Elastic Net,held_out_publication,82,159.0,147.63082798959093,11.369172010409073,11.369172010409073,129.2580722022691,1818,1818,,shared_semantic_dataset,,Ref-144-Research,Ref-144-Research
shared_semantic_recoding_50_percent,leave_one_publication_out,False,Elastic Net,held_out_publication,83,120.0,142.20982123193193,-22.209821231931926,22.209821231931926,493.27615915437417,1819,1819,,shared_semantic_dataset,,Ref-144-Research,Ref-144-Research
shared_semantic_recoding_50_percent,leave_one_publication_out,False,Elastic Net,held_out_publication,84,163.0,157.424382833436,5.575617166564001,5.575617166564001,31.08750678808318,1820,1820,,shared_semantic_dataset,,Ref-144-Research,Ref-144-Research
shared_semantic_recoding_50_percent,leave_one_publication_out,False,Elastic Net,held_out_publication,85,177.0,147.39276003031836,29.607239969681643,29.607239969681643,876.5886586223143,1821,1821,,shared_semantic_dataset,,Ref-144-Research,Ref-144-Research
shared_semantic_recoding_50_percent,leave_one_publication_out,False,Elastic Net,held_out_publication,86,169.0,144.76500450347274,24.23499549652726,24.23499549652726,587.3350067166966,1822,1822,,shared_semantic_dataset,,Ref-144-Research,Ref-144-Research
shared_semantic_recoding_50_percent,leave_one_publication_out,False,Elastic Net,held_out_publication,87,164.0,145.24691342406211,18.753086575937886,18.753086575937886,351.6782561246217,1823,1823,,shared_semantic_dataset,,Ref-144-Research,Ref-144-Research
shared_semantic_recoding_50_percent,leave_one_publication_out,False,Elastic Net,held_out_publication,88,210.0,160.65069007675348,49.34930992324652,49.34930992324652,2435.3543899006377,1824,1824,,shared_semantic_dataset,,Ref-144-Research,Ref-144-Research
shared_semantic_recoding_50_percent,leave_one_publication_out,False,Elastic Net,held_out_publication,89,162.0,144.76500450347274,17.23499549652726,17.23499549652726,297.04506976531496,1825,1825,,shared_semantic_dataset,,Ref-144-Research,Ref-144-Research
shared_semantic_recoding_50_percent,leave_one_publication_out,False,Elastic Net,held_out_publication,90,175.0,157.96717465929717,17.03282534070283,17.03282534070283,290.1171390868884,1826,1826,,shared_semantic_dataset,,Ref-144-Research,Ref-144-Research
shared_semantic_recoding_50_percent,leave_one_publication_out,False,Elastic Net,held_out_publication,91,165.0,147.63082798959093,17.369172010409073,17.369172010409073,301.688136327178,1827,1827,,shared_semantic_dataset,,Ref-144-Research,Ref-144-Research
shared_semantic_recoding_50_percent,leave_one_publication_out,False,Elastic Net,held_out_publication,92,185.0,156.0917600388864,28.908239961113594,28.908239961113594,835.6863376493249,1828,1828,,shared_semantic_dataset,,Ref-144-Research,Ref-144-Research
shared_semantic_recoding_50_percent,leave_one_publication_out,False,Elastic Net,held_out_publication,93,181.0,145.4986122519669,35.501387748033096,35.501387748033096,1260.3485320361945,1829,1829,,shared_semantic_dataset,,Ref-144-Research,Ref-144-Research
shared_semantic_recoding_50_percent,leave_one_publication_out,False,Elastic Net,held_out_publication,94,159.0,145.7288223446515,13.27117765534851,13.27117765534851,176.12415635982157,1830,1830,,shared_semantic_dataset,,Ref-144-Research,Ref-144-Research
shared_semantic_recoding_50_percent,leave_one_publication_out,False,Elastic Net,held_out_publication,95,229.0,161.98331287130307,67.01668712869693,67.01668712869693,4491.236353705653,1831,1831,,shared_semantic_dataset,,Ref-144-Research,Ref-144-Research
shared_semantic_recoding_50_percent,leave_one_publication_out,False,Elastic Net,held_out_publication,96,168.0,145.77528406898296,22.224715931017045,22.224715931017045,493.9379982144028,1832,1832,,shared_semantic_dataset,,Ref-144-Research,Ref-144-Research
shared_semantic_recoding_50_percent,leave_one_publication_out,False,Elastic Net,held_out_publication,97,195.0,160.94723259357232,34.05276740642768,34.05276740642768,1159.5909680362631,1833,1833,,shared_semantic_dataset,,Ref-144-Research,Ref-144-Research
shared_semantic_recoding_50_percent,leave_one_publication_out,False,Elastic Net,held_out_publication,98,167.0,146.11603697278122,20.883963027218783,20.883963027218783,436.13991172224115,1834,1834,,shared_semantic_dataset,,Ref-144-Research,Ref-144-Research
shared_semantic_recoding_50_percent,leave_one_publication_out,False,Elastic Net,held_out_publication,99,117.0,140.90923898077344,-23.909238980773438,23.909238980773438,571.6517086397361,1835,1835,,shared_semantic_dataset,,Ref-144-Research,Ref-144-Research
shared_semantic_recoding_50_percent,leave_one_publication_out,False,Elastic Net,held_out_publication,100,223.0,160.43895102437085,62.56104897562915,62.56104897562915,3913.884848931069,1836,1836,,shared_semantic_dataset,,Ref-144-Research,Ref-144-Research
shared_semantic_recoding_50_percent,leave_one_publication_out,False,Elastic Net,held_out_publication,101,214.0,165.04797661945054,48.95202338054946,48.95202338054946,2396.300593049861,1837,1837,,shared_semantic_dataset,,Ref-144-Research,Ref-144-Research
shared_semantic_recoding_50_percent,leave_one_publication_out,False,Elastic Net,held_out_publication,102,203.0,160.94723259357232,42.05276740642768,42.05276740642768,1768.435246539106,1838,1838,,shared_semantic_dataset,,Ref-144-Research,Ref-144-Research
shared_semantic_recoding_50_percent,leave_one_publication_out,False,Elastic Net,held_out_publication,103,176.0,156.99517546834863,19.004824531651366,19.004824531651366,361.18335547885755,1839,1839,,shared_semantic_dataset,,Ref-144-Research,Ref-144-Research
shared_semantic_recoding_50_percent,leave_one_publication_out,False,Elastic Net,held_out_publication,104,138.0,147.41215023656588,-9.412150236565878,9.412150236565878,88.58857207568713,1840,1840,,shared_semantic_dataset,,Ref-144-Research,Ref-144-Research
shared_semantic_recoding_50_percent,leave_one_publication_out,False,Elastic Net,held_out_publication,105,225.0,163.2297325419156,61.77026745808439,61.77026745808439,3815.5659418432792,1841,1841,,shared_semantic_dataset,,Ref-144-Research,Ref-144-Research
shared_semantic_recoding_50_percent,leave_one_publication_out,False,Elastic Net,held_out_publication,106,156.0,148.08388066997958,7.916119330020422,7.916119330020422,62.66494524712297,1842,1842,,shared_semantic_dataset,,Ref-144-Research,Ref-144-Research
shared_semantic_recoding_50_percent,leave_one_publication_out,False,Elastic Net,held_out_publication,107,150.0,145.4416420107321,4.558357989267904,4.558357989267904,20.77862755832253,1843,1843,,shared_semantic_dataset,,Ref-144-Research,Ref-144-Research
shared_semantic_recoding_50_percent,leave_one_publication_out,False,Elastic Net,held_out_publication,108,151.0,145.40708512702082,5.592914872979179,5.592914872979179,31.280696776391707,1844,1844,,shared_semantic_dataset,,Ref-144-Research,Ref-144-Research
shared_semantic_recoding_50_percent,leave_one_publication_out,False,Elastic Net,held_out_publication,109,210.0,165.68618188861515,44.31381811138485,44.31381811138485,1963.7144756088996,1845,1845,,shared_semantic_dataset,,Ref-144-Research,Ref-144-Research
shared_semantic_recoding_50_percent,leave_one_publication_out,False,Elastic Net,held_out_publication,110,205.0,163.0439432293677,41.9560567706323,41.9560567706323,1760.3106997405205,1846,1846,,shared_semantic_dataset,,Ref-144-Research,Ref-144-Research
shared_semantic_recoding_50_percent,leave_one_publication_out,False,Elastic Net,held_out_publication,111,193.0,163.0093863456564,29.990613654343605,29.990613654343605,899.4369073641011,1847,1847,,shared_semantic_dataset,,Ref-144-Research,Ref-144-Research
shared_semantic_recoding_50_percent,leave_one_publication_out,False,Elastic Net,held_out_publication,0,159.0,198.20963506229424,-39.20963506229424,39.20963506229424,1537.3954817182937,1342,1342,,shared_semantic_dataset,,Ref-121-Research,Ref-121-Research
shared_semantic_recoding_50_percent,leave_one_publication_out,False,Elastic Net,held_out_publication,1,173.0,176.30521088961885,-3.3052108896188486,3.3052108896188486,10.92441902485502,1343,1343,,shared_semantic_dataset,,Ref-121-Research,Ref-121-Research
shared_semantic_recoding_50_percent,leave_one_publication_out,False,Elastic Net,held_out_publication,2,159.0,183.04487447883113,-24.044874478831133,24.044874478831133,578.1559887027447,1344,1344,,shared_semantic_dataset,,Ref-121-Research,Ref-121-Research
shared_semantic_recoding_50_percent,leave_one_publication_out,False,Elastic Net,held_out_publication,3,150.0,201.3693148046783,-51.36931480467831,51.36931480467831,2638.8065035021423,1345,1345,,shared_semantic_dataset,,Ref-121-Research,Ref-121-Research
shared_semantic_recoding_50_percent,leave_one_publication_out,False,Elastic Net,held_out_publication,4,134.0,187.26617227134,-53.26617227134,53.26617227134,2837.28510844007,1346,1346,,shared_semantic_dataset,,Ref-121-Research,Ref-121-Research
shared_semantic_recoding_50_percent,leave_one_publication_out,False,Elastic Net,held_out_publication,5,139.0,205.75350506162215,-66.75350506162215,66.75350506162215,4456.030438012014,1347,1347,,shared_semantic_dataset,,Ref-121-Research,Ref-121-Research
shared_semantic_recoding_50_percent,leave_one_publication_out,False,Elastic Net,held_out_publication,6,132.0,212.09842265921608,-80.09842265921608,80.09842265921608,6415.75731249442,1348,1348,,shared_semantic_dataset,,Ref-121-Research,Ref-121-Research
shared_semantic_recoding_50_percent,leave_one_publication_out,False,Elastic Net,held_out_publication,7,132.0,190.93028137341105,-58.93028137341105,58.93028137341105,3472.778062749397,1349,1349,,shared_semantic_dataset,,Ref-121-Research,Ref-121-Research
shared_semantic_recoding_50_percent,leave_one_publication_out,False,Elastic Net,held_out_publication,8,141.0,169.8318348561023,-28.83183485610229,28.83183485610229,831.274701169555,1350,1350,,shared_semantic_dataset,,Ref-121-Research,Ref-121-Research
shared_semantic_recoding_50_percent,leave_one_publication_out,False,Elastic Net,held_out_publication,9,133.0,187.36972477988775,-54.36972477988775,54.36972477988775,2956.0669726407396,1351,1351,,shared_semantic_dataset,,Ref-121-Research,Ref-121-Research
shared_semantic_recoding_50_percent,leave_one_publication_out,False,Elastic Net,held_out_publication,10,149.0,194.30357335509677,-45.30357335509677,45.30357335509677,2052.4137587406344,1352,1352,,shared_semantic_dataset,,Ref-121-Research,Ref-121-Research
shared_semantic_recoding_50_percent,leave_one_publication_out,False,Elastic Net,held_out_publication,11,142.0,173.67742693841546,-31.677426938415465,31.677426938415465,1003.4593774386498,1353,1353,,shared_semantic_dataset,,Ref-121-Research,Ref-121-Research
shared_semantic_recoding_50_percent,leave_one_publication_out,False,Elastic Net,held_out_publication,12,123.0,197.98554267842465,-74.98554267842465,74.98554267842465,5622.831610777845,1354,1354,,shared_semantic_dataset,,Ref-121-Research,Ref-121-Research
shared_semantic_recoding_50_percent,leave_one_publication_out,False,Elastic Net,held_out_publication,13,116.0,177.4762482276913,-61.476248227691286,61.476248227691286,3779.329096152716,1355,1355,,shared_semantic_dataset,,Ref-121-Research,Ref-121-Research
shared_semantic_recoding_50_percent,leave_one_publication_out,False,Elastic Net,held_out_publication,14,131.0,183.92182548843084,-52.92182548843084,52.92182548843084,2800.719613027928,1356,1356,,shared_semantic_dataset,,Ref-121-Research,Ref-121-Research
shared_semantic_recoding_50_percent,leave_one_publication_out,False,Elastic Net,held_out_publication,15,110.0,199.30088458332747,-89.30088458332747,89.30088458332747,7974.647987364774,1357,1357,,shared_semantic_dataset,,Ref-121-Research,Ref-121-Research
shared_semantic_recoding_50_percent,leave_one_publication_out,False,Elastic Net,held_out_publication,16,149.0,189.88209678705076,-40.882096787050756,40.882096787050756,1671.3458377057857,1358,1358,,shared_semantic_dataset,,Ref-121-Research,Ref-121-Research
shared_semantic_recoding_50_percent,leave_one_publication_out,False,Elastic Net,held_out_publication,17,149.0,189.88209678705076,-40.882096787050756,40.882096787050756,1671.3458377057857,1359,1359,,shared_semantic_dataset,,Ref-121-Research,Ref-121-Research
shared_semantic_recoding_50_percent,leave_one_publication_out,False,Elastic Net,held_out_publication,18,146.0,189.88209678705076,-43.882096787050756,43.882096787050756,1925.6384184280903,1360,1360,,shared_semantic_dataset,,Ref-121-Research,Ref-121-Research
shared_semantic_recoding_50_percent,leave_one_publication_out,False,Elastic Net,held_out_publication,19,149.0,179.49426761986783,-30.494267619867827,30.494267619867827,929.9003576721194,1361,1361,,shared_semantic_dataset,,Ref-121-Research,Ref-121-Research
shared_semantic_recoding_50_percent,leave_one_publication_out,False,Elastic Net,held_out_publication,20,146.0,184.5081498382703,-38.5081498382703,38.5081498382703,1482.8776039666768,1362,1362,,shared_semantic_dataset,,Ref-121-Research,Ref-121-Research
shared_semantic_recoding_50_percent,leave_one_publication_out,False,Elastic Net,held_out_publication,21,131.0,179.49426761986783,-48.49426761986783,48.49426761986783,2351.693991987361,1363,1363,,shared_semantic_dataset,,Ref-121-Research,Ref-121-Research
shared_semantic_recoding_50_percent,leave_one_publication_out,False,Elastic Net,held_out_publication,22,142.0,168.32730267837707,-26.327302678377066,26.327302678377066,693.1268663188803,1364,1364,,shared_semantic_dataset,,Ref-121-Research,Ref-121-Research
shared_semantic_recoding_50_percent,leave_one_publication_out,False,Elastic Net,held_out_publication,23,130.0,181.68172162551318,-51.68172162551318,51.68172162551318,2671.0003501770366,1365,1365,,shared_semantic_dataset,,Ref-121-Research,Ref-121-Research
shared_semantic_recoding_50_percent,leave_one_publication_out,False,Elastic Net,held_out_publication,24,136.0,165.3772703490205,-29.377270349020506,29.377270349020506,863.0240131594394,1366,1366,,shared_semantic_dataset,,Ref-121-Research,Ref-121-Research
shared_semantic_recoding_50_percent,leave_one_publication_out,False,Elastic Net,held_out_publication,25,160.0,157.7111742064288,2.288825793571192,2.288825793571192,5.238723513316796,1367,1367,,shared_semantic_dataset,,Ref-121-Research,Ref-121-Research
shared_semantic_recoding_50_percent,leave_one_publication_out,False,Elastic Net,held_out_publication,26,156.0,165.07540987163188,-9.075409871631877,9.075409871631877,82.36306433811332,1368,1368,,shared_semantic_dataset,,Ref-121-Research,Ref-121-Research
shared_semantic_recoding_50_percent,leave_one_publication_out,False,Elastic Net,held_out_publication,27,138.0,168.407912587078,-30.407912587077988,30.407912587077988,924.6411479033759,1369,1369,,shared_semantic_dataset,,Ref-121-Research,Ref-121-Research
shared_semantic_recoding_50_percent,leave_one_publication_out,False,Elastic Net,held_out_publication,28,141.0,162.93370943775065,-21.93370943775065,21.93370943775065,481.08760969967193,1370,1370,,shared_semantic_dataset,,Ref-121-Research,Ref-121-Research
shared_semantic_recoding_50_percent,leave_one_publication_out,False,Elastic Net,held_out_publication,29,153.0,155.4048835745792,-2.404883574579202,2.404883574579202,5.78346500728084,1371,1371,,shared_semantic_dataset,,Ref-121-Research,Ref-121-Research
shared_semantic_recoding_50_percent,leave_one_publication_out,False,Elastic Net,held_out_publication,30,148.0,165.50381523665388,-17.503815236653878,17.503815236653878,306.38354783891646,1372,1372,,shared_semantic_dataset,,Ref-121-Research,Ref-121-Research
shared_semantic_recoding_50_percent,leave_one_publication_out,False,Elastic Net,held_out_publication,31,162.0,159.79152276556152,2.208477234438476,2.208477234438476,4.877371695033019,1373,1373,,shared_semantic_dataset,,Ref-121-Research,Ref-121-Research
shared_semantic_recoding_50_percent,leave_one_publication_out,False,Elastic Net,held_out_publication,32,171.0,159.66265056257396,11.337349437426042,11.337349437426042,128.53549226630457,1374,1374,,shared_semantic_dataset,,Ref-121-Research,Ref-121-Research
shared_semantic_recoding_50_percent,leave_one_publication_out,False,Elastic Net,held_out_publication,33,177.0,159.44406390361658,17.55593609638342,17.55593609638342,308.2108922202983,1375,1375,,shared_semantic_dataset,,Ref-121-Research,Ref-121-Research
shared_semantic_recoding_50_percent,leave_one_publication_out,False,Elastic Net,held_out_publication,34,152.0,159.44406390361658,-7.4440639036165805,7.4440639036165805,55.414087401127325,1376,1376,,shared_semantic_dataset,,Ref-121-Research,Ref-121-Research
shared_semantic_recoding_50_percent,leave_one_publication_out,False,Elastic Net,held_out_publication,35,136.0,159.44406390361658,-23.44406390361658,23.44406390361658,549.6241323168579,1377,1377,,shared_semantic_dataset,,Ref-121-Research,Ref-121-Research
shared_semantic_recoding_50_percent,leave_one_publication_out,False,Elastic Net,held_out_publication,36,138.0,159.44406390361658,-21.44406390361658,21.44406390361658,459.8478767023916,1378,1378,,shared_semantic_dataset,,Ref-121-Research,Ref-121-Research
shared_semantic_recoding_50_percent,leave_one_publication_out,False,Elastic Net,held_out_publication,37,208.0,214.84870346314716,-6.84870346314716,6.84870346314716,46.90473912612391,1379,1379,,shared_semantic_dataset,,Ref-121-Research,Ref-121-Research
shared_semantic_recoding_50_percent,leave_one_publication_out,False,Elastic Net,held_out_publication,38,213.0,192.94427929047177,20.05572070952823,20.05572070952823,402.23193317859955,1380,1380,,shared_semantic_dataset,,Ref-121-Research,Ref-121-Research
shared_semantic_recoding_50_percent,leave_one_publication_out,False,Elastic Net,held_out_publication,39,225.0,199.68394287968405,25.316057120315946,25.316057120315946,640.9027481190997,1381,1381,,shared_semantic_dataset,,Ref-121-Research,Ref-121-Research
shared_semantic_recoding_50_percent,leave_one_publication_out,False,Elastic Net,held_out_publication,40,197.0,218.00838320553123,-21.00838320553123,21.00838320553123,441.3521649104467,1382,1382,,shared_semantic_dataset,,Ref-121-Research,Ref-121-Research
shared_semantic_recoding_50_percent,leave_one_publication_out,False,Elastic Net,held_out_publication,41,187.0,203.90524067219292,-16.905240672192917,16.905240672192917,285.78716218476563,1383,1383,,shared_semantic_dataset,,Ref-121-Research,Ref-121-Research
shared_semantic_recoding_50_percent,leave_one_publication_out,False,Elastic Net,held_out_publication,42,188.0,222.39257346247507,-34.39257346247507,34.39257346247507,1182.8491093717444,1384,1384,,shared_semantic_dataset,,Ref-121-Research,Ref-121-Research
shared_semantic_recoding_50_percent,leave_one_publication_out,False,Elastic Net,held_out_publication,43,195.0,228.73749106006903,-33.73749106006903,33.73749106006903,1138.2183030282379,1385,1385,,shared_semantic_dataset,,Ref-121-Research,Ref-121-Research
shared_semantic_recoding_50_percent,leave_one_publication_out,False,Elastic Net,held_out_publication,44,179.0,207.56934977426397,-28.56934977426397,28.56934977426397,816.2077465242368,1386,1386,,shared_semantic_dataset,,Ref-121-Research,Ref-121-Research
shared_semantic_recoding_50_percent,leave_one_publication_out,False,Elastic Net,held_out_publication,45,174.0,186.4709032569552,-12.47090325695521,12.47090325695521,155.52342804433607,1387,1387,,shared_semantic_dataset,,Ref-121-Research,Ref-121-Research
shared_semantic_recoding_50_percent,leave_one_publication_out,False,Elastic Net,held_out_publication,46,168.0,204.00879318074067,-36.00879318074067,36.00879318074067,1296.6331863333555,1388,1388,,shared_semantic_dataset,,Ref-121-Research,Ref-121-Research
shared_semantic_recoding_50_percent,leave_one_publication_out,False,Elastic Net,held_out_publication,47,192.0,210.9426417559497,-18.942641755949694,18.942641755949694,358.8236766942489,1389,1389,,shared_semantic_dataset,,Ref-121-Research,Ref-121-Research
shared_semantic_recoding_50_percent,leave_one_publication_out,False,Elastic Net,held_out_publication,48,187.0,190.31649533926839,-3.3164953392683856,3.3164953392683856,10.999141335388924,1390,1390,,shared_semantic_dataset,,Ref-121-Research,Ref-121-Research
shared_semantic_recoding_50_percent,leave_one_publication_out,False,Elastic Net,held_out_publication,49,165.0,214.62461107927754,-49.62461107927754,49.62461107927754,2462.6020247695556,1391,1391,,shared_semantic_dataset,,Ref-121-Research,Ref-121-Research
shared_semantic_recoding_50_percent,leave_one_publication_out,False,Elastic Net,held_out_publication,50,163.0,194.1153166285442,-31.115316628544207,31.115316628544207,968.1629288945596,1392,1392,,shared_semantic_dataset,,Ref-121-Research,Ref-121-Research
shared_semantic_recoding_50_percent,leave_one_publication_out,False,Elastic Net,held_out_publication,51,185.0,200.56089388928376,-15.560893889283761,15.560893889283761,242.1414186335487,1393,1393,,shared_semantic_dataset,,Ref-121-Research,Ref-121-Research
shared_semantic_recoding_50_percent,leave_one_publication_out,False,Elastic Net,held_out_publication,52,158.0,215.93995298418037,-57.939952984180366,57.939952984180366,3357.038151809031,1394,1394,,shared_semantic_dataset,,Ref-121-Research,Ref-121-Research
shared_semantic_recoding_50_percent,leave_one_publication_out,False,Elastic Net,held_out_publication,53,200.0,206.52116518790368,-6.5211651879036765,6.5211651879036765,42.525595407926794,1395,1395,,shared_semantic_dataset,,Ref-121-Research,Ref-121-Research
shared_semantic_recoding_50_percent,leave_one_publication_out,False,Elastic Net,held_out_publication,54,198.0,206.52116518790368,-8.521165187903676,8.521165187903676,72.61025615954149,1396,1396,,shared_semantic_dataset,,Ref-121-Research,Ref-121-Research
shared_semantic_recoding_50_percent,leave_one_publication_out,False,Elastic Net,held_out_publication,55,201.0,206.52116518790368,-5.5211651879036765,5.5211651879036765,30.48326503211944,1397,1397,,shared_semantic_dataset,,Ref-121-Research,Ref-121-Research
shared_semantic_recoding_50_percent,leave_one_publication_out,False,Elastic Net,held_out_publication,56,198.0,196.13333602072075,1.8666639792792523,1.8666639792792523,3.4844344115386527,1398,1398,,shared_semantic_dataset,,Ref-121-Research,Ref-121-Research
shared_semantic_recoding_50_percent,leave_one_publication_out,False,Elastic Net,held_out_publication,57,201.0,201.14721823912322,-0.14721823912321952,0.14721823912321952,0.02167320993054144,1399,1399,,shared_semantic_dataset,,Ref-121-Research,Ref-121-Research
shared_semantic_recoding_50_percent,leave_one_publication_out,False,Elastic Net,held_out_publication,58,183.0,196.13333602072075,-13.133336020720748,13.133336020720748,172.48451503316107,1400,1400,,shared_semantic_dataset,,Ref-121-Research,Ref-121-Research
shared_semantic_recoding_50_percent,leave_one_publication_out,False,Elastic Net,held_out_publication,59,193.0,184.96637107923,8.033628920770013,8.033628920770013,64.53919363663238,1401,1401,,shared_semantic_dataset,,Ref-121-Research,Ref-121-Research
shared_semantic_recoding_50_percent,leave_one_publication_out,False,Elastic Net,held_out_publication,60,187.0,198.3207900263661,-11.320790026366097,11.320790026366097,128.16028682107012,1402,1402,,shared_semantic_dataset,,Ref-121-Research,Ref-121-Research
shared_semantic_recoding_50_percent,leave_one_publication_out,False,Elastic Net,held_out_publication,61,181.0,182.01633874987343,-1.0163387498734267,1.0163387498734267,1.0329444544942796,1403,1403,,shared_semantic_dataset,,Ref-121-Research,Ref-121-Research
shared_semantic_recoding_50_percent,leave_one_publication_out,False,Elastic Net,held_out_publication,62,211.0,174.35024260728173,36.64975739271827,36.64975739271827,1343.2047169451075,1404,1404,,shared_semantic_dataset,,Ref-121-Research,Ref-121-Research
shared_semantic_recoding_50_percent,leave_one_publication_out,False,Elastic Net,held_out_publication,63,208.0,181.7144782724848,26.285521727515203,26.285521727515203,690.9286524876738,1405,1405,,shared_semantic_dataset,,Ref-121-Research,Ref-121-Research
shared_semantic_recoding_50_percent,leave_one_publication_out,False,Elastic Net,held_out_publication,64,182.0,185.04698098793088,-3.04698098793088,3.04698098793088,9.28409314081224,1406,1406,,shared_semantic_dataset,,Ref-121-Research,Ref-121-Research
shared_semantic_recoding_50_percent,leave_one_publication_out,False,Elastic Net,held_out_publication,65,190.0,179.57277783860357,10.427222161396429,10.427222161396429,108.72696200311682,1407,1407,,shared_semantic_dataset,,Ref-121-Research,Ref-121-Research
shared_semantic_recoding_50_percent,leave_one_publication_out,False,Elastic Net,held_out_publication,66,192.0,172.04395197543212,19.956048024567878,19.956048024567878,398.2438527588595,1408,1408,,shared_semantic_dataset,,Ref-121-Research,Ref-121-Research
shared_semantic_recoding_50_percent,leave_one_publication_out,False,Elastic Net,held_out_publication,67,194.0,182.1428836375068,11.857116362493201,11.857116362493201,140.591208433704,1409,1409,,shared_semantic_dataset,,Ref-121-Research,Ref-121-Research
shared_semantic_recoding_50_percent,leave_one_publication_out,False,Elastic Net,held_out_publication,68,199.0,176.43059116641444,22.569408833585555,22.569408833585555,509.3782150975297,1410,1410,,shared_semantic_dataset,,Ref-121-Research,Ref-121-Research
shared_semantic_recoding_50_percent,leave_one_publication_out,False,Elastic Net,held_out_publication,69,222.0,176.30171896342688,45.69828103657312,45.69828103657312,2088.3328896976186,1411,1411,,shared_semantic_dataset,,Ref-121-Research,Ref-121-Research
shared_semantic_recoding_50_percent,leave_one_publication_out,False,Elastic Net,held_out_publication,70,200.0,176.08313230446947,23.916867695530527,23.916867695530527,572.0165603655117,1412,1412,,shared_semantic_dataset,,Ref-121-Research,Ref-121-Research
shared_semantic_recoding_50_percent,leave_one_publication_out,False,Elastic Net,held_out_publication,71,193.0,176.08313230446947,16.916867695530527,16.916867695530527,286.18041262808435,1413,1413,,shared_semantic_dataset,,Ref-121-Research,Ref-121-Research
shared_semantic_recoding_50_percent,leave_one_publication_out,False,Elastic Net,held_out_publication,72,190.0,176.08313230446947,13.916867695530527,13.916867695530527,193.67920645490116,1414,1414,,shared_semantic_dataset,,Ref-121-Research,Ref-121-Research
shared_semantic_recoding_50_percent,leave_one_publication_out,False,Elastic Net,held_out_publication,73,193.0,176.08313230446947,16.916867695530527,16.916867695530527,286.18041262808435,1415,1415,,shared_semantic_dataset,,Ref-121-Research,Ref-121-Research
shared_semantic_recoding_50_percent,leave_one_publication_out,False,Elastic Net,held_out_publication,74,147.0,148.6147968239488,-1.614796823948808,1.614796823948808,2.6075687826351577,1416,1416,,shared_semantic_dataset,,Ref-121-Research,Ref-121-Research
shared_semantic_recoding_50_percent,leave_one_publication_out,False,Elastic Net,held_out_publication,75,146.0,168.05891383370493,-22.058913833704935,22.058913833704935,486.59567952281895,1417,1417,,shared_semantic_dataset,,Ref-121-Research,Ref-121-Research
shared_semantic_recoding_50_percent,leave_one_publication_out,False,Elastic Net,held_out_publication,76,123.0,181.2898339304527,-58.28983393045269,58.28983393045269,3397.7047396397534,1418,1418,,shared_semantic_dataset,,Ref-121-Research,Ref-121-Research
shared_semantic_recoding_50_percent,leave_one_publication_out,False,Elastic Net,held_out_publication,77,127.0,156.7965757525325,-29.796575752532505,29.796575752532505,887.835926576408,1419,1419,,shared_semantic_dataset,,Ref-121-Research,Ref-121-Research
shared_semantic_recoding_50_percent,leave_one_publication_out,False,Elastic Net,held_out_publication,78,119.0,167.03522273132873,-48.03522273132873,48.03522273132873,2307.3826228483604,1420,1420,,shared_semantic_dataset,,Ref-121-Research,Ref-121-Research
shared_semantic_recoding_50_percent,leave_one_publication_out,False,Elastic Net,held_out_publication,79,111.0,177.14747196800306,-66.14747196800306,66.14747196800306,4375.488047757751,1421,1421,,shared_semantic_dataset,,Ref-121-Research,Ref-121-Research
shared_semantic_recoding_50_percent,leave_one_publication_out,False,Elastic Net,held_out_publication,0,125.6,145.0023871478175,-19.402387147817507,19.402387147817507,376.452627033794,1648,1648,,shared_semantic_dataset,,Ref-141-Research,Ref-141-Research
shared_semantic_recoding_50_percent,leave_one_publication_out,False,Elastic Net,held_out_publication,1,128.7,145.03546534028834,-16.33546534028835,16.33546534028835,266.847427883762,1649,1649,,shared_semantic_dataset,,Ref-141-Research,Ref-141-Research
shared_semantic_recoding_50_percent,leave_one_publication_out,False,Elastic Net,held_out_publication,2,130.3,145.06847193493996,-14.768471934939953,14.768471934939953,218.10776329310903,1650,1650,,shared_semantic_dataset,,Ref-141-Research,Ref-141-Research
shared_semantic_recoding_50_percent,leave_one_publication_out,False,Elastic Net,held_out_publication,3,129.4,145.1015501274108,-15.701550127410798,15.701550127410798,246.53867640359402,1651,1651,,shared_semantic_dataset,,Ref-141-Research,Ref-141-Research
shared_semantic_recoding_50_percent,leave_one_publication_out,False,Elastic Net,held_out_publication,4,130.6,145.13455672206243,-14.534556722062433,14.534556722062433,211.25333910685026,1652,1652,,shared_semantic_dataset,,Ref-141-Research,Ref-141-Research
shared_semantic_recoding_50_percent,leave_one_publication_out,False,Elastic Net,held_out_publication,5,121.4,143.59270176534588,-22.192701765345873,22.192701765345873,492.5160116455858,1653,1653,,shared_semantic_dataset,,Ref-141-Research,Ref-141-Research
shared_semantic_recoding_50_percent,leave_one_publication_out,False,Elastic Net,held_out_publication,6,124.6,143.62577995781672,-19.025779957816724,19.025779957816724,361.98030300326053,1654,1654,,shared_semantic_dataset,,Ref-141-Research,Ref-141-Research
shared_semantic_recoding_50_percent,leave_one_publication_out,False,Elastic Net,held_out_publication,7,126.5,143.65878655246834,-17.158786552468342,17.158786552468342,294.42395595316844,1655,1655,,shared_semantic_dataset,,Ref-141-Research,Ref-141-Research
shared_semantic_recoding_50_percent,leave_one_publication_out,False,Elastic Net,held_out_publication,8,126.0,143.69186474493918,-17.69186474493918,17.69186474493918,313.00207815322193,1656,1656,,shared_semantic_dataset,,Ref-141-Research,Ref-141-Research
shared_semantic_recoding_50_percent,leave_one_publication_out,False,Elastic Net,held_out_publication,9,125.7,143.7248713395908,-18.024871339590803,18.024871339590803,324.8959868088019,1657,1657,,shared_semantic_dataset,,Ref-141-Research,Ref-141-Research
shared_semantic_recoding_50_percent,leave_one_publication_out,False,Elastic Net,held_out_publication,10,125.6,145.0023871478175,-19.402387147817507,19.402387147817507,376.452627033794,1658,1658,,shared_semantic_dataset,,Ref-141-Research,Ref-141-Research
shared_semantic_recoding_50_percent,leave_one_publication_out,False,Elastic Net,held_out_publication,11,130.3,144.088191633959,-13.788191633959002,13.788191633959002,190.11422853477703,1659,1659,,shared_semantic_dataset,,Ref-141-Research,Ref-141-Research
shared_semantic_recoding_50_percent,leave_one_publication_out,False,Elastic Net,held_out_publication,12,134.7,143.1739961201005,-8.473996120100509,8.473996120100509,71.80861024347847,1660,1660,,shared_semantic_dataset,,Ref-141-Research,Ref-141-Research
shared_semantic_recoding_50_percent,leave_one_publication_out,False,Elastic Net,held_out_publication,13,138.2,142.259800606242,-4.059800606242021,4.059800606242021,16.48198096244308,1661,1661,,shared_semantic_dataset,,Ref-141-Research,Ref-141-Research
shared_semantic_recoding_50_percent,leave_one_publication_out,False,Elastic Net,held_out_publication,14,136.4,141.3456050923835,-4.945605092383488,4.945605092383488,24.459009729809488,1662,1662,,shared_semantic_dataset,,Ref-141-Research,Ref-141-Research
shared_semantic_recoding_50_percent,leave_one_publication_out,False,Elastic Net,held_out_publication,15,120.8,143.59270176534588,-22.792701765345882,22.792701765345882,519.5072537640012,1663,1663,,shared_semantic_dataset,,Ref-141-Research,Ref-141-Research
shared_semantic_recoding_50_percent,leave_one_publication_out,False,Elastic Net,held_out_publication,16,122.4,142.67850625148736,-20.278506251487357,20.278506251487357,411.2178157916118,1664,1664,,shared_semantic_dataset,,Ref-141-Research,Ref-141-Research
shared_semantic_recoding_50_percent,leave_one_publication_out,False,Elastic Net,held_out_publication,17,130.5,141.76431073762888,-11.264310737628875,11.264310737628875,126.88469639386118,1665,1665,,shared_semantic_dataset,,Ref-141-Research,Ref-141-Research
shared_semantic_recoding_50_percent,leave_one_publication_out,False,Elastic Net,held_out_publication,18,133.1,140.85011522377036,-7.750115223770365,7.750115223770365,60.06428598171718,1666,1666,,shared_semantic_dataset,,Ref-141-Research,Ref-141-Research
shared_semantic_recoding_50_percent,leave_one_publication_out,False,Elastic Net,held_out_publication,19,130.3,139.93591970991187,-9.63591970991186,9.63591970991186,92.85094865586787,1667,1667,,shared_semantic_dataset,,Ref-141-Research,Ref-141-Research
shared_semantic_recoding_50_percent,leave_one_publication_out,False,Elastic Net,held_out_publication,20,140.3,164.62762336129174,-24.327623361291728,24.327623361291728,591.833258408867,1668,1668,,shared_semantic_dataset,,Ref-141-Research,Ref-141-Research
shared_semantic_recoding_50_percent,leave_one_publication_out,False,Elastic Net,held_out_publication,21,146.6,164.66070155376258,-18.060701553762584,18.060701553762584,326.18894061408224,1669,1669,,shared_semantic_dataset,,Ref-141-Research,Ref-141-Research
shared_semantic_recoding_50_percent,leave_one_publication_out,False,Elastic Net,held_out_publication,22,144.7,164.6937081484142,-19.993708148414214,19.993708148414214,399.74836552396494,1670,1670,,shared_semantic_dataset,,Ref-141-Research,Ref-141-Research
shared_semantic_recoding_50_percent,leave_one_publication_out,False,Elastic Net,held_out_publication,23,145.1,164.72678634088504,-19.626786340885047,19.626786340885047,385.21074207075185,1671,1671,,shared_semantic_dataset,,Ref-141-Research,Ref-141-Research
shared_semantic_recoding_50_percent,leave_one_publication_out,False,Elastic Net,held_out_publication,24,142.2,164.7597929355367,-22.559792935536706,22.559792935536706,508.94425729429184,1672,1672,,shared_semantic_dataset,,Ref-141-Research,Ref-141-Research
shared_semantic_recoding_50_percent,leave_one_publication_out,False,Elastic Net,held_out_publication,25,134.3,163.21793797882012,-28.917937978820106,28.917937978820106,836.2471369468863,1673,1673,,shared_semantic_dataset,,Ref-141-Research,Ref-141-Research
shared_semantic_recoding_50_percent,leave_one_publication_out,False,Elastic Net,held_out_publication,26,141.5,163.25101617129096,-21.751016171290956,21.751016171290956,473.1067044837607,1674,1674,,shared_semantic_dataset,,Ref-141-Research,Ref-141-Research
shared_semantic_recoding_50_percent,leave_one_publication_out,False,Elastic Net,held_out_publication,27,142.7,163.28402276594258,-20.584022765942592,20.584022765942592,423.7019932288429,1675,1675,,shared_semantic_dataset,,Ref-141-Research,Ref-141-Research
shared_semantic_recoding_50_percent,leave_one_publication_out,False,Elastic Net,held_out_publication,28,140.6,163.31710095841342,-22.717100958413425,22.717100958413425,516.0666759547481,1676,1676,,shared_semantic_dataset,,Ref-141-Research,Ref-141-Research
shared_semantic_recoding_50_percent,leave_one_publication_out,False,Elastic Net,held_out_publication,29,133.4,163.35010755306504,-29.95010755306504,29.95010755306504,897.0089424401634,1677,1677,,shared_semantic_dataset,,Ref-141-Research,Ref-141-Research
shared_semantic_recoding_50_percent,leave_one_publication_out,False,Elastic Net,held_out_publication,30,140.3,164.62762336129174,-24.327623361291728,24.327623361291728,591.833258408867,1678,1678,,shared_semantic_dataset,,Ref-141-Research,Ref-141-Research
shared_semantic_recoding_50_percent,leave_one_publication_out,False,Elastic Net,held_out_publication,31,153.8,163.71342784743325,-9.91342784743324,9.91342784743324,98.27605168626485,1679,1679,,shared_semantic_dataset,,Ref-141-Research,Ref-141-Research
shared_semantic_recoding_50_percent,leave_one_publication_out,False,Elastic Net,held_out_publication,32,156.6,162.79923233357474,-6.1992323335747415,6.1992323335747415,38.430481525638534,1680,1680,,shared_semantic_dataset,,Ref-141-Research,Ref-141-Research
shared_semantic_recoding_50_percent,leave_one_publication_out,False,Elastic Net,held_out_publication,33,163.7,161.88503681971625,1.8149631802837405,1.8149631802837405,3.2940913457856693,1681,1681,,shared_semantic_dataset,,Ref-141-Research,Ref-141-Research
shared_semantic_recoding_50_percent,leave_one_publication_out,False,Elastic Net,held_out_publication,34,161.2,160.97084130585773,0.22915869414225654,0.22915869414225654,0.05251370710098428,1682,1682,,shared_semantic_dataset,,Ref-141-Research,Ref-141-Research
shared_semantic_recoding_50_percent,leave_one_publication_out,False,Elastic Net,held_out_publication,35,133.9,163.21793797882012,-29.31793797882011,29.31793797882011,859.5414873299427,1683,1683,,shared_semantic_dataset,,Ref-141-Research,Ref-141-Research
shared_semantic_recoding_50_percent,leave_one_publication_out,False,Elastic Net,held_out_publication,36,141.7,162.30374246496163,-20.60374246496164,20.60374246496164,424.5142035624636,1684,1684,,shared_semantic_dataset,,Ref-141-Research,Ref-141-Research
shared_semantic_recoding_50_percent,leave_one_publication_out,False,Elastic Net,held_out_publication,37,144.2,161.3895469511031,-17.189546951103125,17.189546951103125,295.48052438417875,1685,1685,,shared_semantic_dataset,,Ref-141-Research,Ref-141-Research
shared_semantic_recoding_50_percent,leave_one_publication_out,False,Elastic Net,held_out_publication,38,150.8,160.47535143724463,-9.675351437244615,9.675351437244615,93.61242543419144,1686,1686,,shared_semantic_dataset,,Ref-141-Research,Ref-141-Research
shared_semantic_recoding_50_percent,leave_one_publication_out,False,Elastic Net,held_out_publication,39,149.2,159.5611559233861,-10.361155923386121,10.361155923386121,107.35355206871931,1687,1687,,shared_semantic_dataset,,Ref-141-Research,Ref-141-Research
shared_semantic_recoding_50_percent,leave_one_publication_out,False,Elastic Net,held_out_publication,40,131.0,144.12126982642982,-13.121269826429824,13.121269826429824,172.16772185797774,1688,1688,,shared_semantic_dataset,,Ref-141-Research,Ref-141-Research
shared_semantic_recoding_50_percent,leave_one_publication_out,False,Elastic Net,held_out_publication,41,132.9,143.20707431257134,-10.30707431257133,10.30707431257133,106.23578088486776,1689,1689,,shared_semantic_dataset,,Ref-141-Research,Ref-141-Research
shared_semantic_recoding_50_percent,leave_one_publication_out,False,Elastic Net,held_out_publication,42,135.6,142.29287879871282,-6.692878798712826,6.692878798712826,44.79462661425964,1690,1690,,shared_semantic_dataset,,Ref-141-Research,Ref-141-Research
shared_semantic_recoding_50_percent,leave_one_publication_out,False,Elastic Net,held_out_publication,43,131.0,144.15427642108148,-13.154276421081477,13.154276421081477,173.0349881622201,1691,1691,,shared_semantic_dataset,,Ref-141-Research,Ref-141-Research
shared_semantic_recoding_50_percent,leave_one_publication_out,False,Elastic Net,held_out_publication,44,134.7,143.24008090722296,-8.540080907222972,8.540080907222972,72.93298190191435,1692,1692,,shared_semantic_dataset,,Ref-141-Research,Ref-141-Research
shared_semantic_recoding_50_percent,leave_one_publication_out,False,Elastic Net,held_out_publication,45,140.2,142.32588539336447,-2.1258853933644843,2.1258853933644843,4.519388705720468,1693,1693,,shared_semantic_dataset,,Ref-141-Research,Ref-141-Research
shared_semantic_recoding_50_percent,leave_one_publication_out,False,Elastic Net,held_out_publication,46,129.2,144.18735461355232,-14.987354613552327,14.987354613552327,224.6207983123682,1694,1694,,shared_semantic_dataset,,Ref-141-Research,Ref-141-Research
shared_semantic_recoding_50_percent,leave_one_publication_out,False,Elastic Net,held_out_publication,47,132.9,143.2731590996938,-10.373159099693794,10.373159099693794,107.60242970756016,1695,1695,,shared_semantic_dataset,,Ref-141-Research,Ref-141-Research
shared_semantic_recoding_50_percent,leave_one_publication_out,False,Elastic Net,held_out_publication,48,134.7,142.35896358583528,-7.658963585835295,7.658963585835295,58.65972320915104,1696,1696,,shared_semantic_dataset,,Ref-141-Research,Ref-141-Research
shared_semantic_recoding_50_percent,leave_one_publication_out,False,Elastic Net,held_out_publication,49,138.2,145.0023871478175,-6.802387147817512,6.802387147817512,46.27247090879287,1697,1697,,shared_semantic_dataset,,Ref-141-Research,Ref-141-Research
shared_semantic_recoding_50_percent,leave_one_publication_out,False,Elastic Net,held_out_publication,50,127.4,142.1842886621003,-14.784288662100295,14.784288662100295,218.57519124430732,1698,1698,,shared_semantic_dataset,,Ref-141-Research,Ref-141-Research
shared_semantic_recoding_50_percent,leave_one_publication_out,False,Elastic Net,held_out_publication,51,122.5,139.36491789715706,-16.864917897157056,16.864917897157056,284.4254556778484,1699,1699,,shared_semantic_dataset,,Ref-141-Research,Ref-141-Research
shared_semantic_recoding_50_percent,leave_one_publication_out,False,Elastic Net,held_out_publication,52,115.3,136.54681941143986,-21.24681941143986,21.24681941143986,451.42733510233757,1700,1700,,shared_semantic_dataset,,Ref-141-Research,Ref-141-Research
shared_semantic_recoding_50_percent,leave_one_publication_out,False,Elastic Net,held_out_publication,53,125.6,145.06847193493996,-19.46847193493997,19.46847193493997,379.02139948154525,1701,1701,,shared_semantic_dataset,,Ref-141-Research,Ref-141-Research
shared_semantic_recoding_50_percent,leave_one_publication_out,False,Elastic Net,held_out_publication,54,116.7,142.25037344922276,-25.55037344922276,25.55037344922276,652.8215833947474,1702,1702,,shared_semantic_dataset,,Ref-141-Research,Ref-141-Research
shared_semantic_recoding_50_percent,leave_one_publication_out,False,Elastic Net,held_out_publication,55,113.4,139.43100268427952,-26.031002684279514,26.031002684279514,677.6131007489672,1703,1703,,shared_semantic_dataset,,Ref-141-Research,Ref-141-Research
shared_semantic_recoding_50_percent,leave_one_publication_out,False,Elastic Net,held_out_publication,56,109.5,136.61290419856232,-27.11290419856232,27.11290419856232,735.1095740804183,1704,1704,,shared_semantic_dataset,,Ref-141-Research,Ref-141-Research
shared_semantic_recoding_50_percent,leave_one_publication_out,False,Elastic Net,held_out_publication,57,130.3,142.259800606242,-11.959800606241998,11.959800606241998,143.03683054106648,1705,1705,,shared_semantic_dataset,,Ref-141-Research,Ref-141-Research
shared_semantic_recoding_50_percent,leave_one_publication_out,False,Elastic Net,held_out_publication,58,120.7,139.4417021205248,-18.741702120524806,18.741702120524806,351.25139837448404,1706,1706,,shared_semantic_dataset,,Ref-141-Research,Ref-141-Research
shared_semantic_recoding_50_percent,leave_one_publication_out,False,Elastic Net,held_out_publication,59,116.6,136.62233135558154,-20.022331355581542,20.022331355581542,400.8937529127038,1707,1707,,shared_semantic_dataset,,Ref-141-Research,Ref-141-Research
shared_semantic_recoding_50_percent,leave_one_publication_out,False,Elastic Net,held_out_publication,60,111.2,133.80423286986434,-22.604232869864333,22.604232869864333,510.95134363505514,1708,1708,,shared_semantic_dataset,,Ref-141-Research,Ref-141-Research
shared_semantic_recoding_50_percent,leave_one_publication_out,False,Elastic Net,held_out_publication,61,163.3,164.62762336129174,-1.327623361291728,1.327623361291728,1.7625837894475465,1709,1709,,shared_semantic_dataset,,Ref-141-Research,Ref-141-Research
shared_semantic_recoding_50_percent,leave_one_publication_out,False,Elastic Net,held_out_publication,62,140.9,161.80952487557454,-20.909524875574533,20.909524875574533,437.2082305222702,1710,1710,,shared_semantic_dataset,,Ref-141-Research,Ref-141-Research
shared_semantic_recoding_50_percent,leave_one_publication_out,False,Elastic Net,held_out_publication,63,131.8,158.9901541106313,-27.190154110631283,27.190154110631283,739.3044805598793,1711,1711,,shared_semantic_dataset,,Ref-141-Research,Ref-141-Research
shared_semantic_recoding_50_percent,leave_one_publication_out,False,Elastic Net,held_out_publication,64,112.2,156.1720556249141,-43.97205562491409,43.97205562491409,1933.541675880539,1712,1712,,shared_semantic_dataset,,Ref-141-Research,Ref-141-Research
shared_semantic_recoding_50_percent,leave_one_publication_out,False,Elastic Net,held_out_publication,65,140.3,164.69370814841423,-24.39370814841422,24.39370814841422,595.0529972300103,1713,1713,,shared_semantic_dataset,,Ref-141-Research,Ref-141-Research
shared_semantic_recoding_50_percent,leave_one_publication_out,False,Elastic Net,held_out_publication,66,125.2,161.87560966269703,-36.67560966269703,36.67560966269703,1345.1003441305156,1714,1714,,shared_semantic_dataset,,Ref-141-Research,Ref-141-Research
shared_semantic_recoding_50_percent,leave_one_publication_out,False,Elastic Net,held_out_publication,67,117.5,159.05623889775376,-41.55623889775376,41.55623889775376,1726.9209913271825,1715,1715,,shared_semantic_dataset,,Ref-141-Research,Ref-141-Research
shared_semantic_recoding_50_percent,leave_one_publication_out,False,Elastic Net,held_out_publication,68,105.4,156.23814041203656,-50.83814041203655,50.83814041203655,2584.516520553944,1716,1716,,shared_semantic_dataset,,Ref-141-Research,Ref-141-Research
shared_semantic_recoding_50_percent,leave_one_publication_out,False,Elastic Net,held_out_publication,69,146.7,161.88503681971625,-15.18503681971626,15.18503681971626,230.58534321613848,1717,1717,,shared_semantic_dataset,,Ref-141-Research,Ref-141-Research
shared_semantic_recoding_50_percent,leave_one_publication_out,False,Elastic Net,held_out_publication,70,130.3,159.06693833399905,-28.766938333999036,28.766938333999036,827.5367411121032,1718,1718,,shared_semantic_dataset,,Ref-141-Research,Ref-141-Research
shared_semantic_recoding_50_percent,leave_one_publication_out,False,Elastic Net,held_out_publication,71,124.4,156.2475675690558,-31.847567569055798,31.847567569055798,1014.2675600655746,1719,1719,,shared_semantic_dataset,,Ref-141-Research,Ref-141-Research
shared_semantic_recoding_50_percent,leave_one_publication_out,False,Elastic Net,held_out_publication,72,107.5,153.4294690833386,-45.9294690833386,45.9294690833386,2109.5161302773568,1720,1720,,shared_semantic_dataset,,Ref-141-Research,Ref-141-Research
shared_semantic_recoding_50_percent,leave_one_publication_out,False,Elastic Net,held_out_publication,0,102.0,155.5853581985616,-53.58535819856161,53.58535819856161,2871.3906132681536,490,490,,shared_semantic_dataset,,Ref-48-Research,Ref-48-Research
shared_semantic_recoding_50_percent,leave_one_publication_out,False,Elastic Net,held_out_publication,1,100.0,146.28624043846057,-46.28624043846057,46.28624043846057,2142.4160539269824,491,491,,shared_semantic_dataset,,Ref-48-Research,Ref-48-Research
shared_semantic_recoding_50_percent,leave_one_publication_out,False,Elastic Net,held_out_publication,2,166.0,168.6250070813414,-2.6250070813414084,2.6250070813414084,6.89066217709254,492,492,,shared_semantic_dataset,,Ref-48-Research,Ref-48-Research
shared_semantic_recoding_50_percent,leave_one_publication_out,False,Elastic Net,held_out_publication,3,158.0,171.17957380900856,-13.17957380900856,13.17957380900856,173.70116578710437,493,493,,shared_semantic_dataset,,Ref-48-Research,Ref-48-Research
shared_semantic_recoding_50_percent,leave_one_publication_out,False,Elastic Net,held_out_publication,4,116.0,170.3674512852502,-54.36745128525021,54.36745128525021,2955.819759254055,494,494,,shared_semantic_dataset,,Ref-48-Research,Ref-48-Research
shared_semantic_recoding_50_percent,leave_one_publication_out,False,Elastic Net,held_out_publication,5,118.0,161.06833352514917,-43.06833352514917,43.06833352514917,1854.881352633488,495,495,,shared_semantic_dataset,,Ref-48-Research,Ref-48-Research
shared_semantic_recoding_50_percent,leave_one_publication_out,False,Elastic Net,held_out_publication,6,170.0,183.40710016803,-13.407100168030013,13.407100168030013,179.7503349155904,496,496,,shared_semantic_dataset,,Ref-48-Research,Ref-48-Research
shared_semantic_recoding_50_percent,leave_one_publication_out,False,Elastic Net,held_out_publication,7,170.0,185.9616668956972,-15.961666895697192,15.961666895697192,254.77481008919563,497,497,,shared_semantic_dataset,,Ref-48-Research,Ref-48-Research
shared_semantic_recoding_50_percent,leave_one_publication_out,False,Elastic Net,held_out_publication,8,130.0,191.3186367331971,-61.31863673319711,61.31863673319711,3759.97521081779,498,498,,shared_semantic_dataset,,Ref-48-Research,Ref-48-Research
shared_semantic_recoding_50_percent,leave_one_publication_out,False,Elastic Net,held_out_publication,9,144.0,182.01951897309604,-38.01951897309604,38.01951897309604,1445.4838229456097,499,499,,shared_semantic_dataset,,Ref-48-Research,Ref-48-Research
shared_semantic_recoding_50_percent,leave_one_publication_out,False,Elastic Net,held_out_publication,10,184.0,204.3582856159769,-20.35828561597691,20.35828561597691,414.4597932216924,500,500,,shared_semantic_dataset,,Ref-48-Research,Ref-48-Research
shared_semantic_recoding_50_percent,leave_one_publication_out,False,Elastic Net,held_out_publication,11,182.0,206.91285234364406,-24.91285234364406,24.91285234364406,620.6502118962114,501,501,,shared_semantic_dataset,,Ref-48-Research,Ref-48-Research
shared_semantic_recoding_50_percent,leave_one_publication_out,False,Elastic Net,held_out_publication,12,185.0,166.16794595031166,18.832054049688338,18.832054049688338,354.64625973038295,502,502,,shared_semantic_dataset,,Ref-48-Research,Ref-48-Research
shared_semantic_recoding_50_percent,leave_one_publication_out,False,Elastic Net,held_out_publication,13,188.0,164.231235998071,23.768764001928986,23.768764001928986,564.9541421793953,503,503,,shared_semantic_dataset,,Ref-48-Research,Ref-48-Research
shared_semantic_recoding_50_percent,leave_one_publication_out,False,Elastic Net,held_out_publication,14,192.0,162.29452604583034,29.705473954169662,29.705473954169662,882.4151828418521,504,504,,shared_semantic_dataset,,Ref-48-Research,Ref-48-Research
shared_semantic_recoding_50_percent,leave_one_publication_out,False,Elastic Net,held_out_publication,15,196.0,160.3578160935897,35.64218390641031,35.64218390641031,1270.365273618374,505,505,,shared_semantic_dataset,,Ref-48-Research,Ref-48-Research
shared_semantic_recoding_50_percent,leave_one_publication_out,False,Elastic Net,held_out_publication,16,198.0,158.42110614134904,39.57889385865096,39.57889385865096,1566.4888390743586,506,506,,shared_semantic_dataset,,Ref-48-Research,Ref-48-Research
shared_semantic_recoding_50_percent,leave_one_publication_out,False,Elastic Net,held_out_publication,17,205.0,156.48439618910837,48.51560381089163,48.51560381089163,2353.763813135403,507,507,,shared_semantic_dataset,,Ref-48-Research,Ref-48-Research
shared_semantic_recoding_50_percent,leave_one_publication_out,False,Elastic Net,held_out_publication,18,201.0,154.54768623686772,46.45231376313228,46.45231376313228,2157.817453948489,508,508,,shared_semantic_dataset,,Ref-48-Research,Ref-48-Research
shared_semantic_recoding_50_percent,leave_one_publication_out,False,Elastic Net,held_out_publication,19,196.0,152.61097628462704,43.38902371537296,43.38902371537296,1882.607378973197,509,509,,shared_semantic_dataset,,Ref-48-Research,Ref-48-Research
shared_semantic_recoding_50_percent,leave_one_publication_out,False,Elastic Net,held_out_publication,20,191.0,150.6742663323864,40.325733667613605,40.325733667613605,1626.1647958313054,510,510,,shared_semantic_dataset,,Ref-48-Research,Ref-48-Research
shared_semantic_recoding_50_percent,leave_one_publication_out,False,Elastic Net,held_out_publication,21,189.0,131.6980389589728,57.3019610410272,57.3019610410272,3283.514739147399,511,511,,shared_semantic_dataset,,Ref-48-Research,Ref-48-Research
shared_semantic_recoding_50_percent,leave_one_publication_out,False,Elastic Net,held_out_publication,22,182.0,166.16794595031166,15.832054049688338,15.832054049688338,250.65393543225292,512,512,,shared_semantic_dataset,,Ref-48-Research,Ref-48-Research
shared_semantic_recoding_50_percent,leave_one_publication_out,False,Elastic Net,held_out_publication,23,185.0,164.231235998071,20.768764001928986,20.768764001928986,431.3415581678213,513,513,,shared_semantic_dataset,,Ref-48-Research,Ref-48-Research
shared_semantic_recoding_50_percent,leave_one_publication_out,False,Elastic Net,held_out_publication,24,185.5,162.29452604583034,23.205473954169662,23.205473954169662,538.4940214376466,514,514,,shared_semantic_dataset,,Ref-48-Research,Ref-48-Research
shared_semantic_recoding_50_percent,leave_one_publication_out,False,Elastic Net,held_out_publication,25,186.0,160.3578160935897,25.64218390641031,25.64218390641031,657.5215954901679,515,515,,shared_semantic_dataset,,Ref-48-Research,Ref-48-Research
shared_semantic_recoding_50_percent,leave_one_publication_out,False,Elastic Net,held_out_publication,26,172.0,158.42110614134904,13.578893858650957,13.578893858650957,184.38635842450867,516,516,,shared_semantic_dataset,,Ref-48-Research,Ref-48-Research
shared_semantic_recoding_50_percent,leave_one_publication_out,False,Elastic Net,held_out_publication,27,170.5,156.48439618910837,14.015603810891633,14.015603810891633,196.43715018388008,517,517,,shared_semantic_dataset,,Ref-48-Research,Ref-48-Research
shared_semantic_recoding_50_percent,leave_one_publication_out,False,Elastic Net,held_out_publication,28,162.0,154.54768623686772,7.452313763132281,7.452313763132281,55.53698042417082,518,518,,shared_semantic_dataset,,Ref-48-Research,Ref-48-Research
shared_semantic_recoding_50_percent,leave_one_publication_out,False,Elastic Net,held_out_publication,29,159.0,152.61097628462704,6.389023715372957,6.389023715372957,40.81962403559807,519,519,,shared_semantic_dataset,,Ref-48-Research,Ref-48-Research
shared_semantic_recoding_50_percent,leave_one_publication_out,False,Elastic Net,held_out_publication,30,169.0,150.6742663323864,18.325733667613605,18.325733667613605,335.8325144563068,520,520,,shared_semantic_dataset,,Ref-48-Research,Ref-48-Research
shared_semantic_recoding_50_percent,leave_one_publication_out,False,Elastic Net,held_out_publication,31,157.0,131.6980389589728,25.301961041027198,25.301961041027198,640.1892325216581,521,521,,shared_semantic_dataset,,Ref-48-Research,Ref-48-Research
shared_semantic_recoding_50_percent,leave_one_publication_out,False,Elastic Net,held_out_publication,32,199.0,180.95003903700027,18.049960962999734,18.049960962999734,325.80109076581425,522,522,,shared_semantic_dataset,,Ref-48-Research,Ref-48-Research
shared_semantic_recoding_50_percent,leave_one_publication_out,False,Elastic Net,held_out_publication,33,202.0,179.01332908475962,22.98667091524038,22.98667091524038,528.387039765558,523,523,,shared_semantic_dataset,,Ref-48-Research,Ref-48-Research
shared_semantic_recoding_50_percent,leave_one_publication_out,False,Elastic Net,held_out_publication,34,203.0,177.07661913251894,25.923380867481058,25.923380867481058,672.0216756004829,524,524,,shared_semantic_dataset,,Ref-48-Research,Ref-48-Research
shared_semantic_recoding_50_percent,leave_one_publication_out,False,Elastic Net,held_out_publication,35,209.0,175.1399091802783,33.860090819721705,33.860090819721705,1146.505750319802,525,525,,shared_semantic_dataset,,Ref-48-Research,Ref-48-Research
shared_semantic_recoding_50_percent,leave_one_publication_out,False,Elastic Net,held_out_publication,36,212.0,173.20319922803765,38.79680077196235,38.79680077196235,1505.1917501393386,526,526,,shared_semantic_dataset,,Ref-48-Research,Ref-48-Research
shared_semantic_recoding_50_percent,leave_one_publication_out,False,Elastic Net,held_out_publication,37,218.0,171.26648927579697,46.73351072420303,46.73351072420303,2184.0210246091997,527,527,,shared_semantic_dataset,,Ref-48-Research,Ref-48-Research
shared_semantic_recoding_50_percent,leave_one_publication_out,False,Elastic Net,held_out_publication,38,216.0,169.32977932355632,46.67022067644368,46.67022067644368,2178.109497987951,528,528,,shared_semantic_dataset,,Ref-48-Research,Ref-48-Research
shared_semantic_recoding_50_percent,leave_one_publication_out,False,Elastic Net,held_out_publication,39,212.0,167.39306937131568,44.606930628684324,44.606930628684324,1989.7782601122558,529,529,,shared_semantic_dataset,,Ref-48-Research,Ref-48-Research
shared_semantic_recoding_50_percent,leave_one_publication_out,False,Elastic Net,held_out_publication,40,210.0,165.456359419075,44.543640580925,44.543640580925,1984.1359162026286,530,530,,shared_semantic_dataset,,Ref-48-Research,Ref-48-Research
shared_semantic_recoding_50_percent,leave_one_publication_out,False,Elastic Net,held_out_publication,41,208.0,146.4801320456614,61.519867954338594,61.519867954338594,3784.6941531192565,531,531,,shared_semantic_dataset,,Ref-48-Research,Ref-48-Research
shared_semantic_recoding_50_percent,leave_one_publication_out,False,Elastic Net,held_out_publication,42,194.0,180.95003903700027,13.049960962999734,13.049960962999734,170.30148113581694,532,532,,shared_semantic_dataset,,Ref-48-Research,Ref-48-Research
shared_semantic_recoding_50_percent,leave_one_publication_out,False,Elastic Net,held_out_publication,43,197.0,179.01332908475962,17.98667091524038,17.98667091524038,323.5203306131543,533,533,,shared_semantic_dataset,,Ref-48-Research,Ref-48-Research
shared_semantic_recoding_50_percent,leave_one_publication_out,False,Elastic Net,held_out_publication,44,198.0,177.07661913251894,20.923380867481058,20.923380867481058,437.78786692567235,534,534,,shared_semantic_dataset,,Ref-48-Research,Ref-48-Research
shared_semantic_recoding_50_percent,leave_one_publication_out,False,Elastic Net,held_out_publication,45,200.0,175.1399091802783,24.860090819721705,24.860090819721705,618.0241155648114,535,535,,shared_semantic_dataset,,Ref-48-Research,Ref-48-Research
shared_semantic_recoding_50_percent,leave_one_publication_out,False,Elastic Net,held_out_publication,46,182.0,173.20319922803765,8.796800771962353,8.796800771962353,77.38370382159745,536,536,,shared_semantic_dataset,,Ref-48-Research,Ref-48-Research
shared_semantic_recoding_50_percent,leave_one_publication_out,False,Elastic Net,held_out_publication,47,181.0,171.26648927579697,9.733510724203029,9.733510724203029,94.74123101817537,537,537,,shared_semantic_dataset,,Ref-48-Research,Ref-48-Research
shared_semantic_recoding_50_percent,leave_one_publication_out,False,Elastic Net,held_out_publication,48,178.0,169.32977932355632,8.670220676443677,8.670220676443677,75.17272657823145,538,538,,shared_semantic_dataset,,Ref-48-Research,Ref-48-Research
shared_semantic_recoding_50_percent,leave_one_publication_out,False,Elastic Net,held_out_publication,49,176.0,167.39306937131568,8.606930628684324,8.606930628684324,74.07925484698434,539,539,,shared_semantic_dataset,,Ref-48-Research,Ref-48-Research
shared_semantic_recoding_50_percent,leave_one_publication_out,False,Elastic Net,held_out_publication,50,175.0,165.456359419075,9.543640580925,9.543640580925,91.08107553787848,540,540,,shared_semantic_dataset,,Ref-48-Research,Ref-48-Research
shared_semantic_recoding_50_percent,leave_one_publication_out,False,Elastic Net,held_out_publication,51,171.0,146.4801320456614,24.519867954338594,24.519867954338594,601.2239244982006,541,541,,shared_semantic_dataset,,Ref-48-Research,Ref-48-Research
shared_semantic_recoding_50_percent,leave_one_publication_out,False,Elastic Net,held_out_publication,52,210.0,201.90122448494714,8.098775515052864,8.098775515052864,65.59016484321978,542,542,,shared_semantic_dataset,,Ref-48-Research,Ref-48-Research
shared_semantic_recoding_50_percent,leave_one_publication_out,False,Elastic Net,held_out_publication,53,212.0,199.9645145327065,12.035485467293512,12.035485467293512,144.85291043343332,543,543,,shared_semantic_dataset,,Ref-48-Research,Ref-48-Research
shared_semantic_recoding_50_percent,leave_one_publication_out,False,Elastic Net,held_out_publication,54,217.0,198.02780458046584,18.97219541953416,18.97219541953416,359.9441990369929,544,544,,shared_semantic_dataset,,Ref-48-Research,Ref-48-Research
shared_semantic_recoding_50_percent,leave_one_publication_out,False,Elastic Net,held_out_publication,55,225.0,196.09109462822516,28.908905371774836,28.908905371774836,835.724809794232,545,545,,shared_semantic_dataset,,Ref-48-Research,Ref-48-Research
shared_semantic_recoding_50_percent,leave_one_publication_out,False,Elastic Net,held_out_publication,56,227.0,194.15438467598452,32.84561532401548,32.84561532401548,1078.8344460132007,546,546,,shared_semantic_dataset,,Ref-48-Research,Ref-48-Research
shared_semantic_recoding_50_percent,leave_one_publication_out,False,Elastic Net,held_out_publication,57,234.0,192.21767472374387,41.78232527625613,41.78232527625613,1745.762705490872,547,547,,shared_semantic_dataset,,Ref-48-Research,Ref-48-Research
shared_semantic_recoding_50_percent,leave_one_publication_out,False,Elastic Net,held_out_publication,58,232.0,190.2809647715032,41.71903522849681,41.71903522849681,1740.4779003965577,548,548,,shared_semantic_dataset,,Ref-48-Research,Ref-48-Research
shared_semantic_recoding_50_percent,leave_one_publication_out,False,Elastic Net,held_out_publication,59,227.0,188.34425481926255,38.655745180737455,38.655745180737455,1494.266635478107,549,549,,shared_semantic_dataset,,Ref-48-Research,Ref-48-Research
shared_semantic_recoding_50_percent,leave_one_publication_out,False,Elastic Net,held_out_publication,60,221.0,186.4075448670219,34.5924551329781,34.5924551329781,1196.637952127103,550,550,,shared_semantic_dataset,,Ref-48-Research,Ref-48-Research
shared_semantic_recoding_50_percent,leave_one_publication_out,False,Elastic Net,held_out_publication,61,219.0,167.4313174936083,51.568682506391696,51.568682506391696,2659.3290154450287,551,551,,shared_semantic_dataset,,Ref-48-Research,Ref-48-Research
shared_semantic_recoding_50_percent,leave_one_publication_out,False,Elastic Net,held_out_publication,62,209.0,201.90122448494714,7.098775515052864,7.098775515052864,50.39261381311406,552,552,,shared_semantic_dataset,,Ref-48-Research,Ref-48-Research
shared_semantic_recoding_50_percent,leave_one_publication_out,False,Elastic Net,held_out_publication,63,210.0,199.9645145327065,10.035485467293512,10.035485467293512,100.71096856425928,553,553,,shared_semantic_dataset,,Ref-48-Research,Ref-48-Research
shared_semantic_recoding_50_percent,leave_one_publication_out,False,Elastic Net,held_out_publication,64,213.0,198.02780458046584,14.97219541953416,14.97219541953416,224.16663568071968,554,554,,shared_semantic_dataset,,Ref-48-Research,Ref-48-Research
shared_semantic_recoding_50_percent,leave_one_publication_out,False,Elastic Net,held_out_publication,65,215.0,196.09109462822516,18.908905371774836,18.908905371774836,357.5467023587352,555,555,,shared_semantic_dataset,,Ref-48-Research,Ref-48-Research
shared_semantic_recoding_50_percent,leave_one_publication_out,False,Elastic Net,held_out_publication,66,198.0,194.15438467598452,3.8456153240154833,3.8456153240154833,14.788757220302712,556,556,,shared_semantic_dataset,,Ref-48-Research,Ref-48-Research
shared_semantic_recoding_50_percent,leave_one_publication_out,False,Elastic Net,held_out_publication,67,192.0,192.21767472374387,-0.21767472374386898,0.21767472374386898,0.04738228535696968,557,557,,shared_semantic_dataset,,Ref-48-Research,Ref-48-Research
shared_semantic_recoding_50_percent,leave_one_publication_out,False,Elastic Net,held_out_publication,68,186.5,190.2809647715032,-3.780964771503193,3.780964771503193,14.295694603348192,558,558,,shared_semantic_dataset,,Ref-48-Research,Ref-48-Research
shared_semantic_recoding_50_percent,leave_one_publication_out,False,Elastic Net,held_out_publication,69,185.0,188.34425481926255,-3.344254819262545,3.344254819262545,11.18404029616076,559,559,,shared_semantic_dataset,,Ref-48-Research,Ref-48-Research
shared_semantic_recoding_50_percent,leave_one_publication_out,False,Elastic Net,held_out_publication,70,183.0,186.4075448670219,-3.4075448670218975,3.4075448670218975,11.611362020767281,560,560,,shared_semantic_dataset,,Ref-48-Research,Ref-48-Research
shared_semantic_recoding_50_percent,leave_one_publication_out,False,Elastic Net,held_out_publication,71,178.0,167.4313174936083,10.568682506391696,10.568682506391696,111.69704992090985,561,561,,shared_semantic_dataset,,Ref-48-Research,Ref-48-Research
shared_semantic_recoding_50_percent,leave_one_publication_out,False,Elastic Net,held_out_publication,0,160.0,146.2652037244906,13.73479627550941,13.73479627550941,188.64462872974715,988,988,,shared_semantic_dataset,,Ref-85-Research,Ref-85-Research
shared_semantic_recoding_50_percent,leave_one_publication_out,False,Elastic Net,held_out_publication,1,141.0,146.02541703661234,-5.025417036612339,5.025417036612339,25.254816391873543,989,989,,shared_semantic_dataset,,Ref-85-Research,Ref-85-Research
shared_semantic_recoding_50_percent,leave_one_publication_out,False,Elastic Net,held_out_publication,2,131.0,145.78658949548557,-14.786589495485572,14.786589495485572,218.64322890800426,990,990,,shared_semantic_dataset,,Ref-85-Research,Ref-85-Research
shared_semantic_recoding_50_percent,leave_one_publication_out,False,Elastic Net,held_out_publication,3,128.0,145.54680280760732,-17.54680280760732,17.54680280760732,307.89028876905616,991,991,,shared_semantic_dataset,,Ref-85-Research,Ref-85-Research
shared_semantic_recoding_50_percent,leave_one_publication_out,False,Elastic Net,held_out_publication,4,147.0,142.64333513173835,4.356664868261646,4.356664868261646,18.980528774345267,992,992,,shared_semantic_dataset,,Ref-85-Research,Ref-85-Research
shared_semantic_recoding_50_percent,leave_one_publication_out,False,Elastic Net,held_out_publication,5,155.0,142.40450759061162,12.595492409388385,12.595492409388385,158.64642903496042,993,993,,shared_semantic_dataset,,Ref-85-Research,Ref-85-Research
shared_semantic_recoding_50_percent,leave_one_publication_out,False,Elastic Net,held_out_publication,6,134.0,142.16472090273336,-8.164720902733364,8.164720902733364,66.66266741953113,994,994,,shared_semantic_dataset,,Ref-85-Research,Ref-85-Research
shared_semantic_recoding_50_percent,leave_one_publication_out,False,Elastic Net,held_out_publication,7,123.0,141.9258933616066,-18.925893361606597,18.925893361606597,358.1894395349047,995,995,,shared_semantic_dataset,,Ref-85-Research,Ref-85-Research
shared_semantic_recoding_50_percent,leave_one_publication_out,False,Elastic Net,held_out_publication,8,129.0,139.02242568573766,-10.022425685737659,10.022425685737659,100.44901662613398,996,996,,shared_semantic_dataset,,Ref-85-Research,Ref-85-Research
shared_semantic_recoding_50_percent,leave_one_publication_out,False,Elastic Net,held_out_publication,9,128.0,138.7826389978594,-10.782638997859408,10.782638997859408,116.26530375815854,997,997,,shared_semantic_dataset,,Ref-85-Research,Ref-85-Research
shared_semantic_recoding_50_percent,leave_one_publication_out,False,Elastic Net,held_out_publication,10,130.0,138.54381145673264,-8.54381145673264,8.54381145673264,72.99671420819593,998,998,,shared_semantic_dataset,,Ref-85-Research,Ref-85-Research
shared_semantic_recoding_50_percent,leave_one_publication_out,False,Elastic Net,held_out_publication,11,144.0,138.3040247688544,5.69597523114561,5.69597523114561,32.44413383382429,999,999,,shared_semantic_dataset,,Ref-85-Research,Ref-85-Research
shared_semantic_recoding_50_percent,leave_one_publication_out,False,Elastic Net,held_out_publication,12,119.0,135.40151623973696,-16.401516239736964,16.401516239736964,269.00973496235537,1000,1000,,shared_semantic_dataset,,Ref-85-Research,Ref-85-Research
shared_semantic_recoding_50_percent,leave_one_publication_out,False,Elastic Net,held_out_publication,13,112.0,135.16172955185868,-23.161729551858684,23.161729551858684,536.4657158334439,1001,1001,,shared_semantic_dataset,,Ref-85-Research,Ref-85-Research
shared_semantic_recoding_50_percent,leave_one_publication_out,False,Elastic Net,held_out_publication,14,141.0,134.92194286398043,6.0780571360195665,6.0780571360195665,36.94277854871837,1002,1002,,shared_semantic_dataset,,Ref-85-Research,Ref-85-Research
shared_semantic_recoding_50_percent,leave_one_publication_out,False,Elastic Net,held_out_publication,15,142.0,134.68311532285367,7.316884677146334,7.316884677146334,53.53680137865881,1003,1003,,shared_semantic_dataset,,Ref-85-Research,Ref-85-Research
shared_semantic_recoding_50_percent,leave_one_publication_out,False,Elastic Net,held_out_publication,16,198.0,157.88329865656848,40.116701343431515,40.116701343431515,1609.3497266780798,1004,1004,,shared_semantic_dataset,,Ref-85-Research,Ref-85-Research
shared_semantic_recoding_50_percent,leave_one_publication_out,False,Elastic Net,held_out_publication,17,191.0,157.64351196869023,33.356488031309766,33.356488031309766,1112.6552937829117,1005,1005,,shared_semantic_dataset,,Ref-85-Research,Ref-85-Research
shared_semantic_recoding_50_percent,leave_one_publication_out,False,Elastic Net,held_out_publication,18,187.0,157.4046844275635,29.595315572436505,29.595315572436505,875.8827038321027,1006,1006,,shared_semantic_dataset,,Ref-85-Research,Ref-85-Research
shared_semantic_recoding_50_percent,leave_one_publication_out,False,Elastic Net,held_out_publication,19,178.0,157.16489773968522,20.835102260314784,20.835102260314784,434.1014861977742,1007,1007,,shared_semantic_dataset,,Ref-85-Research,Ref-85-Research
shared_semantic_recoding_50_percent,leave_one_publication_out,False,Elastic Net,held_out_publication,20,170.0,154.26143006381628,15.738569936183723,15.738569936183723,247.7025836361461,1008,1008,,shared_semantic_dataset,,Ref-85-Research,Ref-85-Research
shared_semantic_recoding_50_percent,leave_one_publication_out,False,Elastic Net,held_out_publication,21,175.0,154.0226025226895,20.97739747731049,20.97739747731049,440.0512049210725,1009,1009,,shared_semantic_dataset,,Ref-85-Research,Ref-85-Research
shared_semantic_recoding_50_percent,leave_one_publication_out,False,Elastic Net,held_out_publication,22,179.0,153.78281583481126,25.21718416518874,25.21718416518874,635.9063772210458,1010,1010,,shared_semantic_dataset,,Ref-85-Research,Ref-85-Research
shared_semantic_recoding_50_percent,leave_one_publication_out,False,Elastic Net,held_out_publication,23,168.0,153.54398829368452,14.45601170631548,14.45601170631548,208.97627445313017,1011,1011,,shared_semantic_dataset,,Ref-85-Research,Ref-85-Research
shared_semantic_recoding_50_percent,leave_one_publication_out,False,Elastic Net,held_out_publication,24,149.0,150.64052061781555,-1.6405206178155538,1.6405206178155538,2.6913078974779263,1012,1012,,shared_semantic_dataset,,Ref-85-Research,Ref-85-Research
shared_semantic_recoding_50_percent,leave_one_publication_out,False,Elastic Net,held_out_publication,25,147.0,150.4007339299373,-3.400733929937303,3.400733929937303,11.564991262226814,1013,1013,,shared_semantic_dataset,,Ref-85-Research,Ref-85-Research
shared_semantic_recoding_50_percent,leave_one_publication_out,False,Elastic Net,held_out_publication,26,152.0,150.16190638881054,1.8380936111894641,1.8380936111894641,3.378588123495525,1014,1014,,shared_semantic_dataset,,Ref-85-Research,Ref-85-Research
shared_semantic_recoding_50_percent,leave_one_publication_out,False,Elastic Net,held_out_publication,27,158.0,149.92211970093229,8.077880299067715,8.077880299067715,65.25215012606631,1015,1015,,shared_semantic_dataset,,Ref-85-Research,Ref-85-Research
shared_semantic_recoding_50_percent,leave_one_publication_out,False,Elastic Net,held_out_publication,28,146.0,147.01961117181486,-1.0196111718148586,1.0196111718148586,1.0396069416896692,1016,1016,,shared_semantic_dataset,,Ref-85-Research,Ref-85-Research
shared_semantic_recoding_50_percent,leave_one_publication_out,False,Elastic Net,held_out_publication,29,142.0,146.77982448393658,-4.779824483936579,4.779824483936579,22.84672209723959,1017,1017,,shared_semantic_dataset,,Ref-85-Research,Ref-85-Research
shared_semantic_recoding_50_percent,leave_one_publication_out,False,Elastic Net,held_out_publication,30,156.0,146.54003779605833,9.459962203941672,9.459962203941672,89.49088490000497,1018,1018,,shared_semantic_dataset,,Ref-85-Research,Ref-85-Research
shared_semantic_recoding_50_percent,leave_one_publication_out,False,Elastic Net,held_out_publication,31,158.0,146.3012102549316,11.69878974506841,11.69878974506841,136.8616814993178,1019,1019,,shared_semantic_dataset,,Ref-85-Research,Ref-85-Research
shared_semantic_recoding_50_percent,leave_one_publication_out,False,Elastic Net,held_out_publication,32,213.0,164.2344245690027,48.7655754309973,48.7655754309973,2378.081347116288,1020,1020,,shared_semantic_dataset,,Ref-85-Research,Ref-85-Research
shared_semantic_recoding_50_percent,leave_one_publication_out,False,Elastic Net,held_out_publication,33,210.0,163.99463788112442,46.00536211887558,46.00536211887558,2116.4933436888723,1021,1021,,shared_semantic_dataset,,Ref-85-Research,Ref-85-Research
shared_semantic_recoding_50_percent,leave_one_publication_out,False,Elastic Net,held_out_publication,34,205.0,163.75581033999768,41.24418966000232,41.24418966000232,1701.0831807102422,1022,1022,,shared_semantic_dataset,,Ref-85-Research,Ref-85-Research
shared_semantic_recoding_50_percent,leave_one_publication_out,False,Elastic Net,held_out_publication,35,196.0,163.51602365211943,32.48397634788057,32.48397634788057,1055.2087193696643,1023,1023,,shared_semantic_dataset,,Ref-85-Research,Ref-85-Research
shared_semantic_recoding_50_percent,leave_one_publication_out,False,Elastic Net,held_out_publication,36,207.0,160.61255597625046,46.38744402374954,46.38744402374954,2151.7949630564967,1024,1024,,shared_semantic_dataset,,Ref-85-Research,Ref-85-Research
shared_semantic_recoding_50_percent,leave_one_publication_out,False,Elastic Net,held_out_publication,37,194.0,160.37372843512372,33.626271564876276,33.626271564876276,1130.7261393548067,1025,1025,,shared_semantic_dataset,,Ref-85-Research,Ref-85-Research
shared_semantic_recoding_50_percent,leave_one_publication_out,False,Elastic Net,held_out_publication,38,208.0,160.13394174724544,47.866058252754556,47.866058252754556,2291.1595326560923,1026,1026,,shared_semantic_dataset,,Ref-85-Research,Ref-85-Research
shared_semantic_recoding_50_percent,leave_one_publication_out,False,Elastic Net,held_out_publication,39,192.0,159.8951142061187,32.104885793881294,32.104885793881294,1030.723691838161,1027,1027,,shared_semantic_dataset,,Ref-85-Research,Ref-85-Research
shared_semantic_recoding_50_percent,leave_one_publication_out,False,Elastic Net,held_out_publication,40,175.0,156.99164653024977,18.008353469750233,18.008353469750233,324.3007946914652,1028,1028,,shared_semantic_dataset,,Ref-85-Research,Ref-85-Research
shared_semantic_recoding_50_percent,leave_one_publication_out,False,Elastic Net,held_out_publication,41,176.0,156.7518598423715,19.248140157628512,19.248140157628512,370.49089952771135,1029,1029,,shared_semantic_dataset,,Ref-85-Research,Ref-85-Research
shared_semantic_recoding_50_percent,leave_one_publication_out,False,Elastic Net,held_out_publication,42,186.0,156.51303230124475,29.48696769875525,29.48696769875525,869.4812640674355,1030,1030,,shared_semantic_dataset,,Ref-85-Research,Ref-85-Research
shared_semantic_recoding_50_percent,leave_one_publication_out,False,Elastic Net,held_out_publication,43,183.0,156.27324561336647,26.72675438663353,26.72675438663353,714.3194000434346,1031,1031,,shared_semantic_dataset,,Ref-85-Research,Ref-85-Research
shared_semantic_recoding_50_percent,leave_one_publication_out,False,Elastic Net,held_out_publication,44,168.0,153.37073708424904,14.629262915750957,14.629262915750957,214.01533345816617,1032,1032,,shared_semantic_dataset,,Ref-85-Research,Ref-85-Research
shared_semantic_recoding_50_percent,leave_one_publication_out,False,Elastic Net,held_out_publication,45,162.0,153.1309503963708,8.869049603629207,8.869049603629207,78.6600408716354,1033,1033,,shared_semantic_dataset,,Ref-85-Research,Ref-85-Research
shared_semantic_recoding_50_percent,leave_one_publication_out,False,Elastic Net,held_out_publication,46,175.0,152.8911637084925,22.108836291507487,22.108836291507487,488.8006421646785,1034,1034,,shared_semantic_dataset,,Ref-85-Research,Ref-85-Research
shared_semantic_recoding_50_percent,leave_one_publication_out,False,Elastic Net,held_out_publication,47,170.0,152.65233616736577,17.347663832634225,17.347663832634225,300.94144045008557,1035,1035,,shared_semantic_dataset,,Ref-85-Research,Ref-85-Research
shared_semantic_recoding_50_percent,leave_one_publication_out,False,Elastic Net,held_out_publication,48,232.0,170.58555048143688,61.41444951856312,61.41444951856312,3771.7346096681376,1036,1036,,shared_semantic_dataset,,Ref-85-Research,Ref-85-Research
shared_semantic_recoding_50_percent,leave_one_publication_out,False,Elastic Net,held_out_publication,49,229.0,170.3457637935586,58.6542362064414,58.6542362064414,3440.319424961021,1037,1037,,shared_semantic_dataset,,Ref-85-Research,Ref-85-Research
shared_semantic_recoding_50_percent,leave_one_publication_out,False,Elastic Net,held_out_publication,50,217.0,170.10693625243186,46.893063747568135,46.893063747568135,2198.9594276334888,1038,1038,,shared_semantic_dataset,,Ref-85-Research,Ref-85-Research
shared_semantic_recoding_50_percent,leave_one_publication_out,False,Elastic Net,held_out_publication,51,213.0,169.8671495645536,43.132850435446386,43.132850435446386,1860.4427866865874,1039,1039,,shared_semantic_dataset,,Ref-85-Research,Ref-85-Research
shared_semantic_recoding_50_percent,leave_one_publication_out,False,Elastic Net,held_out_publication,52,226.0,166.96368188868465,59.03631811131535,59.03631811131535,3485.286856140421,1040,1040,,shared_semantic_dataset,,Ref-85-Research,Ref-85-Research
shared_semantic_recoding_50_percent,leave_one_publication_out,False,Elastic Net,held_out_publication,53,220.0,166.7248543475579,53.27514565244209,53.27514565244209,2838.2411442889197,1041,1041,,shared_semantic_dataset,,Ref-85-Research,Ref-85-Research
shared_semantic_recoding_50_percent,leave_one_publication_out,False,Elastic Net,held_out_publication,54,211.0,166.48506765967963,44.51493234032037,44.51493234032037,1981.5792012633005,1042,1042,,shared_semantic_dataset,,Ref-85-Research,Ref-85-Research
shared_semantic_recoding_50_percent,leave_one_publication_out,False,Elastic Net,held_out_publication,55,204.0,166.2462401185529,37.75375988144711,37.75375988144711,1425.3463851859653,1043,1043,,shared_semantic_dataset,,Ref-85-Research,Ref-85-Research
shared_semantic_recoding_50_percent,leave_one_publication_out,False,Elastic Net,held_out_publication,56,197.0,163.34277244268395,33.65722755731605,33.65722755731605,1132.8089668449547,1044,1044,,shared_semantic_dataset,,Ref-85-Research,Ref-85-Research
shared_semantic_recoding_50_percent,leave_one_publication_out,False,Elastic Net,held_out_publication,57,194.0,163.10298575480567,30.897014245194327,30.897014245194327,954.6254892677412,1045,1045,,shared_semantic_dataset,,Ref-85-Research,Ref-85-Research
shared_semantic_recoding_50_percent,leave_one_publication_out,False,Elastic Net,held_out_publication,58,201.0,162.86415821367893,38.135841786321066,38.135841786321066,1454.342428751312,1046,1046,,shared_semantic_dataset,,Ref-85-Research,Ref-85-Research
shared_semantic_recoding_50_percent,leave_one_publication_out,False,Elastic Net,held_out_publication,59,198.0,162.62437152580065,35.375628474199345,35.375628474199345,1251.4350899445835,1047,1047,,shared_semantic_dataset,,Ref-85-Research,Ref-85-Research
shared_semantic_recoding_50_percent,leave_one_publication_out,False,Elastic Net,held_out_publication,60,170.0,159.72186299668323,10.278137003316772,10.278137003316772,105.64010025894947,1048,1048,,shared_semantic_dataset,,Ref-85-Research,Ref-85-Research
shared_semantic_recoding_50_percent,leave_one_publication_out,False,Elastic Net,held_out_publication,61,170.0,159.48207630880498,10.517923691195023,10.517923691195023,110.62671877380153,1049,1049,,shared_semantic_dataset,,Ref-85-Research,Ref-85-Research
shared_semantic_recoding_50_percent,leave_one_publication_out,False,Elastic Net,held_out_publication,62,190.0,159.24228962092673,30.757710379073274,30.757710379073274,946.0367477629518,1050,1050,,shared_semantic_dataset,,Ref-85-Research,Ref-85-Research
shared_semantic_recoding_50_percent,leave_one_publication_out,False,Elastic Net,held_out_publication,63,178.0,159.00346207979996,18.99653792020004,18.99653792020004,360.8684529535981,1051,1051,,shared_semantic_dataset,,Ref-85-Research,Ref-85-Research
shared_semantic_recoding_50_percent,leave_one_publication_out,False,Elastic Net,held_out_publication,0,81.2,139.88641782396553,-58.68641782396553,58.68641782396553,3444.095637009059,1591,1591,,shared_semantic_dataset,,Ref-139-Research,Ref-139-Research
shared_semantic_recoding_50_percent,leave_one_publication_out,False,Elastic Net,held_out_publication,1,80.0,137.74499042326576,-57.74499042326576,57.74499042326576,3334.4839189830545,1592,1592,,shared_semantic_dataset,,Ref-139-Research,Ref-139-Research
shared_semantic_recoding_50_percent,leave_one_publication_out,False,Elastic Net,held_out_publication,2,130.8,130.1029442884786,0.6970557115214149,0.6970557115214149,0.48588666496462596,1593,1593,,shared_semantic_dataset,,Ref-139-Research,Ref-139-Research
shared_semantic_recoding_50_percent,leave_one_publication_out,False,Elastic Net,held_out_publication,3,158.0,133.33208084508937,24.667919154910635,24.667919154910635,608.506235433207,1594,1594,,shared_semantic_dataset,,Ref-139-Research,Ref-139-Research
shared_semantic_recoding_50_percent,leave_one_publication_out,False,Elastic Net,held_out_publication,4,109.7,135.65063501438078,-25.95063501438078,25.95063501438078,673.4354576496057,1595,1595,,shared_semantic_dataset,,Ref-139-Research,Ref-139-Research
shared_semantic_recoding_50_percent,leave_one_publication_out,False,Elastic Net,held_out_publication,5,113.6,134.0966521645143,-20.496652164514302,20.496652164514302,420.11274995308884,1596,1596,,shared_semantic_dataset,,Ref-139-Research,Ref-139-Research
shared_semantic_recoding_50_percent,leave_one_publication_out,False,Elastic Net,held_out_publication,6,103.1,133.0174407363839,-29.917440736383895,29.917440736383895,895.0532602150425,1597,1597,,shared_semantic_dataset,,Ref-139-Research,Ref-139-Research
shared_semantic_recoding_50_percent,leave_one_publication_out,False,Elastic Net,held_out_publication,7,143.2,136.53572421835844,6.66427578164155,6.66427578164155,44.41257169377409,1598,1598,,shared_semantic_dataset,,Ref-139-Research,Ref-139-Research
shared_semantic_recoding_50_percent,leave_one_publication_out,False,Elastic Net,held_out_publication,8,138.2,138.71114253018044,-0.5111425301804502,0.5111425301804502,0.26126668615927245,1599,1599,,shared_semantic_dataset,,Ref-139-Research,Ref-139-Research
shared_semantic_recoding_50_percent,leave_one_publication_out,False,Elastic Net,held_out_publication,9,143.3,139.23800165257484,4.061998347425174,4.061998347425174,16.499830574484843,1600,1600,,shared_semantic_dataset,,Ref-139-Research,Ref-139-Research
shared_semantic_recoding_50_percent,leave_one_publication_out,False,Elastic Net,held_out_publication,10,141.4,140.09627215841084,1.3037278415891649,1.3037278415891649,1.6997062849347426,1601,1601,,shared_semantic_dataset,,Ref-139-Research,Ref-139-Research
shared_semantic_recoding_50_percent,leave_one_publication_out,False,Elastic Net,held_out_publication,11,144.8,159.2136792366658,-14.413679236665786,14.413679236665786,207.7541491374904,1602,1602,,shared_semantic_dataset,,Ref-139-Research,Ref-139-Research
shared_semantic_recoding_50_percent,leave_one_publication_out,False,Elastic Net,held_out_publication,12,147.7,174.07689969824264,-26.376899698242653,26.376899698242653,695.7408376911534,1603,1603,,shared_semantic_dataset,,Ref-139-Research,Ref-139-Research
shared_semantic_recoding_50_percent,leave_one_publication_out,False,Elastic Net,held_out_publication,13,162.2,188.94012015981946,-26.74012015981947,26.74012015981947,715.0340261615836,1604,1604,,shared_semantic_dataset,,Ref-139-Research,Ref-139-Research
shared_semantic_recoding_50_percent,leave_one_publication_out,False,Elastic Net,held_out_publication,14,128.8,139.61439308068447,-10.814393080684454,10.814393080684454,116.95109770355579,1605,1605,,shared_semantic_dataset,,Ref-139-Research,Ref-139-Research
shared_semantic_recoding_50_percent,leave_one_publication_out,False,Elastic Net,held_out_publication,15,141.8,141.63084597044116,0.16915402955885384,0.16915402955885384,0.028613085715997598,1606,1606,,shared_semantic_dataset,,Ref-139-Research,Ref-139-Research
shared_semantic_recoding_50_percent,leave_one_publication_out,False,Elastic Net,held_out_publication,16,128.6,138.1720622112162,-9.572062211216206,9.572062211216206,91.62437497539328,1607,1607,,shared_semantic_dataset,,Ref-139-Research,Ref-139-Research
shared_semantic_recoding_50_percent,leave_one_publication_out,False,Elastic Net,held_out_publication,17,141.4,137.8945284359996,3.505471564000402,3.505471564000402,12.288330886015425,1608,1608,,shared_semantic_dataset,,Ref-139-Research,Ref-139-Research
shared_semantic_recoding_50_percent,leave_one_publication_out,False,Elastic Net,held_out_publication,18,132.2,136.87600481488607,-4.676004814886085,4.676004814886085,21.865021028837848,1609,1609,,shared_semantic_dataset,,Ref-139-Research,Ref-139-Research
shared_semantic_recoding_50_percent,leave_one_publication_out,False,Elastic Net,held_out_publication,19,141.8,136.5553587260583,5.24464127394171,5.24464127394171,27.50626209233292,1610,1610,,shared_semantic_dataset,,Ref-139-Research,Ref-139-Research
shared_semantic_recoding_50_percent,leave_one_publication_out,False,Elastic Net,held_out_publication,20,142.7,156.5310363101493,-13.831036310149301,13.831036310149301,191.2975654126684,1611,1611,,shared_semantic_dataset,,Ref-139-Research,Ref-139-Research
shared_semantic_recoding_50_percent,leave_one_publication_out,False,Elastic Net,held_out_publication,21,150.1,171.3942567717261,-21.29425677172611,21.29425677172611,453.4453714602034,1612,1612,,shared_semantic_dataset,,Ref-139-Research,Ref-139-Research
shared_semantic_recoding_50_percent,leave_one_publication_out,False,Elastic Net,held_out_publication,22,152.6,186.25747723330295,-33.657477233302956,33.657477233302956,1132.8257737103067,1613,1613,,shared_semantic_dataset,,Ref-139-Research,Ref-139-Research
shared_semantic_recoding_50_percent,leave_one_publication_out,False,Elastic Net,held_out_publication,23,131.0,133.36871080835033,-2.368710808350329,2.368710808350329,5.610790893595669,1614,1614,,shared_semantic_dataset,,Ref-139-Research,Ref-139-Research
shared_semantic_recoding_50_percent,leave_one_publication_out,False,Elastic Net,held_out_publication,24,135.2,153.34438839244132,-18.14438839244133,18.14438839244133,329.2188301357596,1615,1615,,shared_semantic_dataset,,Ref-139-Research,Ref-139-Research
shared_semantic_recoding_50_percent,leave_one_publication_out,False,Elastic Net,held_out_publication,25,134.5,168.20760885401813,-33.70760885401813,33.70760885401813,1136.2028946554817,1616,1616,,shared_semantic_dataset,,Ref-139-Research,Ref-139-Research
shared_semantic_recoding_50_percent,leave_one_publication_out,False,Elastic Net,held_out_publication,26,151.0,183.07082931559495,-32.07082931559495,32.07082931559495,1028.5380929900243,1617,1617,,shared_semantic_dataset,,Ref-139-Research,Ref-139-Research
shared_semantic_recoding_50_percent,leave_one_publication_out,False,Elastic Net,held_out_publication,27,132.0,135.829578228069,-3.8295782280690105,3.8295782280690105,14.665669404900182,1618,1618,,shared_semantic_dataset,,Ref-139-Research,Ref-139-Research
shared_semantic_recoding_50_percent,leave_one_publication_out,False,Elastic Net,held_out_publication,28,139.6,137.2054183470384,2.394581652961591,2.394581652961591,5.734021292700266,1619,1619,,shared_semantic_dataset,,Ref-139-Research,Ref-139-Research
shared_semantic_recoding_50_percent,leave_one_publication_out,False,Elastic Net,held_out_publication,29,142.3,139.00282259556965,3.2971774044303572,3.2971774044303572,10.871378836286107,1620,1620,,shared_semantic_dataset,,Ref-139-Research,Ref-139-Research
shared_semantic_recoding_50_percent,leave_one_publication_out,False,Elastic Net,held_out_publication,30,153.6,158.97850017966064,-5.378500179660648,5.378500179660648,28.928264182609624,1621,1621,,shared_semantic_dataset,,Ref-139-Research,Ref-139-Research
shared_semantic_recoding_50_percent,leave_one_publication_out,False,Elastic Net,held_out_publication,31,151.5,173.8417206412375,-22.341720641237487,22.341720641237487,499.15248121109715,1622,1622,,shared_semantic_dataset,,Ref-139-Research,Ref-139-Research
shared_semantic_recoding_50_percent,leave_one_publication_out,False,Elastic Net,held_out_publication,32,169.3,188.7049411028143,-19.40494110281429,19.40494110281429,376.5517392036915,1623,1623,,shared_semantic_dataset,,Ref-139-Research,Ref-139-Research
shared_semantic_recoding_50_percent,leave_one_publication_out,False,Elastic Net,held_out_publication,33,136.1,139.23800165257484,-3.138001652574843,3.138001652574843,9.847054371562447,1624,1624,,shared_semantic_dataset,,Ref-139-Research,Ref-139-Research
shared_semantic_recoding_50_percent,leave_one_publication_out,False,Elastic Net,held_out_publication,34,131.4,138.71114253018044,-7.311142530180433,7.311142530180433,53.45280509661315,1625,1625,,shared_semantic_dataset,,Ref-139-Research,Ref-139-Research
shared_semantic_recoding_50_percent,leave_one_publication_out,False,Elastic Net,held_out_publication,35,107.0,140.8720045357217,-33.872004535721686,33.872004535721686,1147.3126912679504,1626,1626,,shared_semantic_dataset,,Ref-139-Research,Ref-139-Research
shared_semantic_recoding_50_percent,leave_one_publication_out,False,Elastic Net,held_out_publication,36,132.0,158.68682011427143,-26.686820114271427,26.686820114271427,712.186367811482,1627,1627,,shared_semantic_dataset,,Ref-139-Research,Ref-139-Research
shared_semantic_recoding_50_percent,leave_one_publication_out,False,Elastic Net,held_out_publication,37,126.9,172.46233141993724,-45.56233141993724,45.56233141993724,2075.9260444202,1628,1628,,shared_semantic_dataset,,Ref-139-Research,Ref-139-Research
shared_semantic_recoding_50_percent,leave_one_publication_out,False,Elastic Net,held_out_publication,38,128.9,186.79019503133912,-57.89019503133912,57.89019503133912,3351.2746807664803,1629,1629,,shared_semantic_dataset,,Ref-139-Research,Ref-139-Research
shared_semantic_recoding_50_percent,leave_one_publication_out,False,Elastic Net,held_out_publication,39,145.1,138.14455208973365,6.955447910266344,6.955447910266344,48.37825563242845,1630,1630,,shared_semantic_dataset,,Ref-139-Research,Ref-139-Research
shared_semantic_recoding_50_percent,leave_one_publication_out,False,Elastic Net,held_out_publication,40,146.9,158.12022967382464,-11.220229673824633,11.220229673824633,125.89355393337483,1631,1631,,shared_semantic_dataset,,Ref-139-Research,Ref-139-Research
shared_semantic_recoding_50_percent,leave_one_publication_out,False,Elastic Net,held_out_publication,41,151.0,172.98345013540145,-21.983450135401455,21.983450135401455,483.27207985568225,1632,1632,,shared_semantic_dataset,,Ref-139-Research,Ref-139-Research
shared_semantic_recoding_50_percent,leave_one_publication_out,False,Elastic Net,held_out_publication,42,155.1,187.84667059697827,-32.74667059697828,32.74667059697828,1072.3444351870016,1633,1633,,shared_semantic_dataset,,Ref-139-Research,Ref-139-Research
shared_semantic_recoding_50_percent,leave_one_publication_out,False,Elastic Net,held_out_publication,43,143.0,133.88914459605266,9.11085540394734,9.11085540394734,83.00768619163645,1634,1634,,shared_semantic_dataset,,Ref-139-Research,Ref-139-Research
shared_semantic_recoding_50_percent,leave_one_publication_out,False,Elastic Net,held_out_publication,44,144.3,153.86482218014365,-9.564822180143636,9.564822180143636,91.48582333776767,1635,1635,,shared_semantic_dataset,,Ref-139-Research,Ref-139-Research
shared_semantic_recoding_50_percent,leave_one_publication_out,False,Elastic Net,held_out_publication,45,129.7,135.02601670866582,-5.326016708665833,5.326016708665833,28.36645398098763,1636,1636,,shared_semantic_dataset,,Ref-139-Research,Ref-139-Research
shared_semantic_recoding_50_percent,leave_one_publication_out,False,Elastic Net,held_out_publication,46,130.2,132.7696138854672,-2.56961388546722,2.56961388546722,6.602915520385943,1637,1637,,shared_semantic_dataset,,Ref-139-Research,Ref-139-Research
shared_semantic_recoding_50_percent,leave_one_publication_out,False,Elastic Net,held_out_publication,47,82.0,130.5132110622686,-48.513211062268596,48.513211062268596,2353.53164757222,1638,1638,,shared_semantic_dataset,,Ref-139-Research,Ref-139-Research
shared_semantic_recoding_50_percent,leave_one_publication_out,False,Elastic Net,held_out_publication,48,132.7,155.0016942927568,-22.30169429275682,22.30169429275682,497.36556832758214,1639,1639,,shared_semantic_dataset,,Ref-139-Research,Ref-139-Research
shared_semantic_recoding_50_percent,leave_one_publication_out,False,Elastic Net,held_out_publication,49,133.4,152.7452914695582,-19.34529146955819,19.34529146955819,374.2403020421609,1640,1640,,shared_semantic_dataset,,Ref-139-Research,Ref-139-Research
shared_semantic_recoding_50_percent,leave_one_publication_out,False,Elastic Net,held_out_publication,50,86.3,150.48888864635958,-64.18888864635959,64.18888864635959,4120.213425654751,1641,1641,,shared_semantic_dataset,,Ref-139-Research,Ref-139-Research
shared_semantic_recoding_50_percent,leave_one_publication_out,False,Bayesian Ridge,held_out_publication,0,172.0,138.8325566137229,33.167443386277114,33.167443386277114,1100.0793007818975,1736,1736,,shared_semantic_dataset,,Ref-144-Research,Ref-144-Research
shared_semantic_recoding_50_percent,leave_one_publication_out,False,Bayesian Ridge,held_out_publication,1,149.0,128.40180922108078,20.598190778919218,20.598190778919218,424.2854633647527,1737,1737,,shared_semantic_dataset,,Ref-144-Research,Ref-144-Research
shared_semantic_recoding_50_percent,leave_one_publication_out,False,Bayesian Ridge,held_out_publication,2,154.0,124.67815536271145,29.32184463728855,29.32184463728855,859.7705729332873,1738,1738,,shared_semantic_dataset,,Ref-144-Research,Ref-144-Research
shared_semantic_recoding_50_percent,leave_one_publication_out,False,Bayesian Ridge,held_out_publication,3,135.0,123.1514680404349,11.848531959565094,11.848531959565094,140.38770959683544,1739,1739,,shared_semantic_dataset,,Ref-144-Research,Ref-144-Research
shared_semantic_recoding_50_percent,leave_one_publication_out,False,Bayesian Ridge,held_out_publication,4,142.0,138.8325566137229,3.167443386277114,3.167443386277114,10.03269760527063,1740,1740,,shared_semantic_dataset,,Ref-144-Research,Ref-144-Research
shared_semantic_recoding_50_percent,leave_one_publication_out,False,Bayesian Ridge,held_out_publication,5,141.0,126.79928181870167,14.200718181298328,14.200718181298328,201.6603968646569,1741,1741,,shared_semantic_dataset,,Ref-144-Research,Ref-144-Research
shared_semantic_recoding_50_percent,leave_one_publication_out,False,Bayesian Ridge,held_out_publication,6,149.0,123.40198708282584,25.59801291717416,25.59801291717416,655.2582653078151,1742,1742,,shared_semantic_dataset,,Ref-144-Research,Ref-144-Research
shared_semantic_recoding_50_percent,leave_one_publication_out,False,Bayesian Ridge,held_out_publication,7,179.0,139.04831554417888,39.95168445582112,39.95168445582112,1596.137090857499,1743,1743,,shared_semantic_dataset,,Ref-144-Research,Ref-144-Research
shared_semantic_recoding_50_percent,leave_one_publication_out,False,Bayesian Ridge,held_out_publication,8,90.0,119.28661980132381,-29.28661980132381,29.28661980132381,857.7060993872918,1744,1744,,shared_semantic_dataset,,Ref-144-Research,Ref-144-Research
shared_semantic_recoding_50_percent,leave_one_publication_out,False,Bayesian Ridge,held_out_publication,9,151.0,127.36690100714365,23.633098992856347,23.633098992856347,558.5233680061476,1745,1745,,shared_semantic_dataset,,Ref-144-Research,Ref-144-Research
shared_semantic_recoding_50_percent,leave_one_publication_out,False,Bayesian Ridge,held_out_publication,10,125.0,129.0226320327858,-4.022632032785793,4.022632032785793,16.181568471194364,1746,1746,,shared_semantic_dataset,,Ref-144-Research,Ref-144-Research
shared_semantic_recoding_50_percent,leave_one_publication_out,False,Bayesian Ridge,held_out_publication,11,116.0,130.78107451948858,-14.781074519488584,14.781074519488584,218.48016395067467,1747,1747,,shared_semantic_dataset,,Ref-144-Research,Ref-144-Research
shared_semantic_recoding_50_percent,leave_one_publication_out,False,Bayesian Ridge,held_out_publication,12,108.0,125.80768608737617,-17.80768608737617,17.80768608737617,317.11368378653077,1748,1748,,shared_semantic_dataset,,Ref-144-Research,Ref-144-Research
shared_semantic_recoding_50_percent,leave_one_publication_out,False,Bayesian Ridge,held_out_publication,13,128.0,123.14036864942292,4.859631350577075,4.859631350577075,23.616016863511568,1749,1749,,shared_semantic_dataset,,Ref-144-Research,Ref-144-Research
shared_semantic_recoding_50_percent,leave_one_publication_out,False,Bayesian Ridge,held_out_publication,14,125.0,125.99003487784238,-0.9900348778423762,0.9900348778423762,0.9801690593443688,1750,1750,,shared_semantic_dataset,,Ref-144-Research,Ref-144-Research
shared_semantic_recoding_50_percent,leave_one_publication_out,False,Bayesian Ridge,held_out_publication,15,114.0,123.83090919603508,-9.83090919603508,9.83090919603508,96.6467756206871,1751,1751,,shared_semantic_dataset,,Ref-144-Research,Ref-144-Research
shared_semantic_recoding_50_percent,leave_one_publication_out,False,Bayesian Ridge,held_out_publication,16,182.0,141.6976217787846,40.302378221215406,40.302378221215406,1624.2816902858979,1752,1752,,shared_semantic_dataset,,Ref-144-Research,Ref-144-Research
shared_semantic_recoding_50_percent,leave_one_publication_out,False,Bayesian Ridge,held_out_publication,17,142.0,129.398350522732,12.601649477268012,12.601649477268012,158.80156954792915,1753,1753,,shared_semantic_dataset,,Ref-144-Research,Ref-144-Research
shared_semantic_recoding_50_percent,leave_one_publication_out,False,Bayesian Ridge,held_out_publication,18,150.0,129.398350522732,20.601649477268012,20.601649477268012,424.42796118421734,1754,1754,,shared_semantic_dataset,,Ref-144-Research,Ref-144-Research
shared_semantic_recoding_50_percent,leave_one_publication_out,False,Bayesian Ridge,held_out_publication,19,155.0,127.61403921406787,27.385960785932127,27.385960785932127,749.9908481686122,1755,1755,,shared_semantic_dataset,,Ref-144-Research,Ref-144-Research
shared_semantic_recoding_50_percent,leave_one_publication_out,False,Bayesian Ridge,held_out_publication,20,132.0,126.5835228882457,5.416477111754304,5.416477111754304,29.33822430215825,1756,1756,,shared_semantic_dataset,,Ref-144-Research,Ref-144-Research
shared_semantic_recoding_50_percent,leave_one_publication_out,False,Bayesian Ridge,held_out_publication,21,143.0,127.86463673845701,15.135363261542992,15.135363261542992,229.0792210588653,1757,1757,,shared_semantic_dataset,,Ref-144-Research,Ref-144-Research
shared_semantic_recoding_50_percent,leave_one_publication_out,False,Bayesian Ridge,held_out_publication,22,151.0,137.07208326349854,13.927916736501459,13.927916736501459,193.98686461891745,1758,1758,,shared_semantic_dataset,,Ref-144-Research,Ref-144-Research
shared_semantic_recoding_50_percent,leave_one_publication_out,False,Bayesian Ridge,held_out_publication,23,111.0,127.59750785054719,-16.59750785054719,16.59750785054719,275.47726684897555,1759,1759,,shared_semantic_dataset,,Ref-144-Research,Ref-144-Research
shared_semantic_recoding_50_percent,leave_one_publication_out,False,Bayesian Ridge,held_out_publication,24,166.0,142.02682832805448,23.973171671945522,23.973171671945522,574.7129600125712,1760,1760,,shared_semantic_dataset,,Ref-144-Research,Ref-144-Research
shared_semantic_recoding_50_percent,leave_one_publication_out,False,Bayesian Ridge,held_out_publication,25,132.0,125.99003487784238,6.009965122157624,6.009965122157624,36.1196807695511,1761,1761,,shared_semantic_dataset,,Ref-144-Research,Ref-144-Research
shared_semantic_recoding_50_percent,leave_one_publication_out,False,Bayesian Ridge,held_out_publication,26,105.0,126.08120927307549,-21.081209273075487,21.081209273075487,444.4173844152039,1762,1762,,shared_semantic_dataset,,Ref-144-Research,Ref-144-Research
shared_semantic_recoding_50_percent,leave_one_publication_out,False,Bayesian Ridge,held_out_publication,27,106.0,127.7798566410134,-21.779856641013396,21.779856641013396,474.36215530309534,1763,1763,,shared_semantic_dataset,,Ref-144-Research,Ref-144-Research
shared_semantic_recoding_50_percent,leave_one_publication_out,False,Bayesian Ridge,held_out_publication,28,123.0,131.17715137688924,-8.177151376889242,8.177151376889242,66.86580464056162,1764,1764,,shared_semantic_dataset,,Ref-144-Research,Ref-144-Research
shared_semantic_recoding_50_percent,leave_one_publication_out,False,Bayesian Ridge,held_out_publication,29,135.0,128.60215535440804,6.3978446455919595,6.3978446455919595,40.932416109129704,1765,1765,,shared_semantic_dataset,,Ref-144-Research,Ref-144-Research
shared_semantic_recoding_50_percent,leave_one_publication_out,False,Bayesian Ridge,held_out_publication,30,96.0,122.68391453719964,-26.68391453719964,26.68391453719964,712.0312950285743,1766,1766,,shared_semantic_dataset,,Ref-144-Research,Ref-144-Research
shared_semantic_recoding_50_percent,leave_one_publication_out,False,Bayesian Ridge,held_out_publication,31,134.0,138.8325566137229,-4.832556613722886,4.832556613722886,23.35360342483681,1767,1767,,shared_semantic_dataset,,Ref-144-Research,Ref-144-Research
shared_semantic_recoding_50_percent,leave_one_publication_out,False,Bayesian Ridge,held_out_publication,32,153.0,129.12539222121387,23.874607778786128,23.874607778786128,569.996896590875,1768,1768,,shared_semantic_dataset,,Ref-144-Research,Ref-144-Research
shared_semantic_recoding_50_percent,leave_one_publication_out,False,Bayesian Ridge,held_out_publication,33,145.0,125.99263062554512,19.007369374454882,19.007369374454882,361.28009053696536,1769,1769,,shared_semantic_dataset,,Ref-144-Research,Ref-144-Research
shared_semantic_recoding_50_percent,leave_one_publication_out,False,Bayesian Ridge,held_out_publication,34,140.0,126.44154341973994,13.558456580260057,13.558456580260057,183.83174483879722,1770,1770,,shared_semantic_dataset,,Ref-144-Research,Ref-144-Research
shared_semantic_recoding_50_percent,leave_one_publication_out,False,Bayesian Ridge,held_out_publication,35,181.0,141.4095023592114,39.59049764078861,39.59049764078861,1567.4075034452887,1771,1771,,shared_semantic_dataset,,Ref-144-Research,Ref-144-Research
shared_semantic_recoding_50_percent,leave_one_publication_out,False,Bayesian Ridge,held_out_publication,36,138.0,125.99263062554512,12.007369374454882,12.007369374454882,144.176919294597,1772,1772,,shared_semantic_dataset,,Ref-144-Research,Ref-144-Research
shared_semantic_recoding_50_percent,leave_one_publication_out,False,Bayesian Ridge,held_out_publication,37,146.0,139.04831554417888,6.951684455821123,6.951684455821123,48.325916773305025,1773,1773,,shared_semantic_dataset,,Ref-144-Research,Ref-144-Research
shared_semantic_recoding_50_percent,leave_one_publication_out,False,Bayesian Ridge,held_out_publication,38,141.0,128.60215535440804,12.39784464559196,12.39784464559196,153.70655185623323,1774,1774,,shared_semantic_dataset,,Ref-144-Research,Ref-144-Research
shared_semantic_recoding_50_percent,leave_one_publication_out,False,Bayesian Ridge,held_out_publication,39,156.0,137.07208326349854,18.92791673650146,18.92791673650146,358.266031983932,1775,1775,,shared_semantic_dataset,,Ref-144-Research,Ref-144-Research
shared_semantic_recoding_50_percent,leave_one_publication_out,False,Bayesian Ridge,held_out_publication,40,157.0,126.36633550384634,30.633664496153656,30.633664496153656,938.421400462905,1776,1776,,shared_semantic_dataset,,Ref-144-Research,Ref-144-Research
shared_semantic_recoding_50_percent,leave_one_publication_out,False,Bayesian Ridge,held_out_publication,41,135.0,126.89045621393478,8.109543786065217,8.109543786065217,65.76470041810897,1777,1777,,shared_semantic_dataset,,Ref-144-Research,Ref-144-Research
shared_semantic_recoding_50_percent,leave_one_publication_out,False,Bayesian Ridge,held_out_publication,42,200.0,143.16997570943573,56.83002429056427,56.83002429056427,3229.6516608661245,1778,1778,,shared_semantic_dataset,,Ref-144-Research,Ref-144-Research
shared_semantic_recoding_50_percent,leave_one_publication_out,False,Bayesian Ridge,held_out_publication,43,144.0,126.80479227320858,17.195207726791423,17.195207726791423,295.67516876750744,1779,1779,,shared_semantic_dataset,,Ref-144-Research,Ref-144-Research
shared_semantic_recoding_50_percent,leave_one_publication_out,False,Bayesian Ridge,held_out_publication,44,166.0,142.02682832805448,23.973171671945522,23.973171671945522,574.7129600125712,1780,1780,,shared_semantic_dataset,,Ref-144-Research,Ref-144-Research
shared_semantic_recoding_50_percent,leave_one_publication_out,False,Bayesian Ridge,held_out_publication,45,143.0,127.36690100714365,15.633098992856347,15.633098992856347,244.39378412044613,1781,1781,,shared_semantic_dataset,,Ref-144-Research,Ref-144-Research
shared_semantic_recoding_50_percent,leave_one_publication_out,False,Bayesian Ridge,held_out_publication,46,93.0,120.98526716926173,-27.985267169261732,27.985267169261732,783.1751785349586,1782,1782,,shared_semantic_dataset,,Ref-144-Research,Ref-144-Research
shared_semantic_recoding_50_percent,leave_one_publication_out,False,Bayesian Ridge,held_out_publication,47,194.0,141.6976217787846,52.302378221215406,52.302378221215406,2735.538767595068,1783,1783,,shared_semantic_dataset,,Ref-144-Research,Ref-144-Research
shared_semantic_recoding_50_percent,leave_one_publication_out,False,Bayesian Ridge,held_out_publication,48,185.0,147.4023862081322,37.597613791867786,37.597613791867786,1413.5805628424469,1784,1784,,shared_semantic_dataset,,Ref-144-Research,Ref-144-Research
shared_semantic_recoding_50_percent,leave_one_publication_out,False,Bayesian Ridge,held_out_publication,49,174.0,142.02682832805448,31.973171671945522,31.973171671945522,1022.2837067636996,1785,1785,,shared_semantic_dataset,,Ref-144-Research,Ref-144-Research
shared_semantic_recoding_50_percent,leave_one_publication_out,False,Bayesian Ridge,held_out_publication,50,147.0,138.02882012737047,8.971179872629534,8.971179872629534,80.48206830707326,1786,1786,,shared_semantic_dataset,,Ref-144-Research,Ref-144-Research
shared_semantic_recoding_50_percent,leave_one_publication_out,False,Bayesian Ridge,held_out_publication,51,114.0,129.47850400895132,-15.478504008951319,15.478504008951319,239.58408635512205,1787,1787,,shared_semantic_dataset,,Ref-144-Research,Ref-144-Research
shared_semantic_recoding_50_percent,leave_one_publication_out,False,Bayesian Ridge,held_out_publication,52,196.0,144.65837460142455,51.341625398575445,51.341625398575445,2635.9624985676473,1788,1788,,shared_semantic_dataset,,Ref-144-Research,Ref-144-Research
shared_semantic_recoding_50_percent,leave_one_publication_out,False,Bayesian Ridge,held_out_publication,53,201.0,157.0719593968201,43.92804060317991,43.92804060317991,1929.6727512346226,1789,1789,,shared_semantic_dataset,,Ref-144-Research,Ref-144-Research
shared_semantic_recoding_50_percent,leave_one_publication_out,False,Bayesian Ridge,held_out_publication,54,173.0,146.641212004178,26.358787995822013,26.358787995822013,694.7857046086906,1790,1790,,shared_semantic_dataset,,Ref-144-Research,Ref-144-Research
shared_semantic_recoding_50_percent,leave_one_publication_out,False,Bayesian Ridge,held_out_publication,55,178.0,142.91755814580864,35.08244185419136,35.08244185419136,1230.7777264527176,1791,1791,,shared_semantic_dataset,,Ref-144-Research,Ref-144-Research
shared_semantic_recoding_50_percent,leave_one_publication_out,False,Bayesian Ridge,held_out_publication,56,159.0,141.3908708235321,17.60912917646789,17.60912917646789,310.08143035353265,1792,1792,,shared_semantic_dataset,,Ref-144-Research,Ref-144-Research
shared_semantic_recoding_50_percent,leave_one_publication_out,False,Bayesian Ridge,held_out_publication,57,171.0,157.0719593968201,13.928040603179909,13.928040603179909,193.99031504382816,1793,1793,,shared_semantic_dataset,,Ref-144-Research,Ref-144-Research
shared_semantic_recoding_50_percent,leave_one_publication_out,False,Bayesian Ridge,held_out_publication,58,165.0,145.03868460179888,19.961315398201123,19.961315398201123,398.4541124264612,1794,1794,,shared_semantic_dataset,,Ref-144-Research,Ref-144-Research
shared_semantic_recoding_50_percent,leave_one_publication_out,False,Bayesian Ridge,held_out_publication,59,173.0,141.64138986592303,31.35861013407697,31.35861013407697,983.3624295410348,1795,1795,,shared_semantic_dataset,,Ref-144-Research,Ref-144-Research
shared_semantic_recoding_50_percent,leave_one_publication_out,False,Bayesian Ridge,held_out_publication,60,208.0,157.28771832727608,50.71228167272392,50.71228167272392,2571.7355124536903,1796,1796,,shared_semantic_dataset,,Ref-144-Research,Ref-144-Research
shared_semantic_recoding_50_percent,leave_one_publication_out,False,Bayesian Ridge,held_out_publication,61,104.0,137.526022584421,-33.526022584421014,33.526022584421014,1123.9941903311078,1797,1797,,shared_semantic_dataset,,Ref-144-Research,Ref-144-Research
shared_semantic_recoding_50_percent,leave_one_publication_out,False,Bayesian Ridge,held_out_publication,62,175.0,145.60630379024087,29.393696209759128,29.393696209759128,863.9893768716081,1798,1798,,shared_semantic_dataset,,Ref-144-Research,Ref-144-Research
shared_semantic_recoding_50_percent,leave_one_publication_out,False,Bayesian Ridge,held_out_publication,63,149.0,147.262034815883,1.7379651841170016,1.7379651841170016,3.0205229812028436,1799,1799,,shared_semantic_dataset,,Ref-144-Research,Ref-144-Research
shared_semantic_recoding_50_percent,leave_one_publication_out,False,Bayesian Ridge,held_out_publication,64,140.0,149.0204773025858,-9.020477302585789,9.020477302585789,81.3690107664654,1800,1800,,shared_semantic_dataset,,Ref-144-Research,Ref-144-Research
shared_semantic_recoding_50_percent,leave_one_publication_out,False,Bayesian Ridge,held_out_publication,65,132.0,144.04708887047337,-12.047088870473374,12.047088870473374,145.13235025308344,1801,1801,,shared_semantic_dataset,,Ref-144-Research,Ref-144-Research
shared_semantic_recoding_50_percent,leave_one_publication_out,False,Bayesian Ridge,held_out_publication,66,152.0,141.37977143252013,10.62022856747987,10.62022856747987,112.78925482551554,1802,1802,,shared_semantic_dataset,,Ref-144-Research,Ref-144-Research
shared_semantic_recoding_50_percent,leave_one_publication_out,False,Bayesian Ridge,held_out_publication,67,149.0,144.22943766093957,4.770562339060433,4.770562339060433,22.75826503086175,1803,1803,,shared_semantic_dataset,,Ref-144-Research,Ref-144-Research
shared_semantic_recoding_50_percent,leave_one_publication_out,False,Bayesian Ridge,held_out_publication,68,138.0,142.07031197913227,-4.070311979132271,4.070311979132271,16.567439607467662,1804,1804,,shared_semantic_dataset,,Ref-144-Research,Ref-144-Research
shared_semantic_recoding_50_percent,leave_one_publication_out,False,Bayesian Ridge,held_out_publication,69,211.0,159.9370245618818,51.0629754381182,51.0629754381182,2607.4274605938626,1805,1805,,shared_semantic_dataset,,Ref-144-Research,Ref-144-Research
shared_semantic_recoding_50_percent,leave_one_publication_out,False,Bayesian Ridge,held_out_publication,70,166.0,147.6377533058292,18.362246694170807,18.362246694170807,337.1721036575867,1806,1806,,shared_semantic_dataset,,Ref-144-Research,Ref-144-Research
shared_semantic_recoding_50_percent,leave_one_publication_out,False,Bayesian Ridge,held_out_publication,71,174.0,147.6377533058292,26.362246694170807,26.362246694170807,694.9680507643196,1807,1807,,shared_semantic_dataset,,Ref-144-Research,Ref-144-Research
shared_semantic_recoding_50_percent,leave_one_publication_out,False,Bayesian Ridge,held_out_publication,72,179.0,145.85344199716508,33.14655800283492,33.14655800283492,1098.6943074352998,1808,1808,,shared_semantic_dataset,,Ref-144-Research,Ref-144-Research
shared_semantic_recoding_50_percent,leave_one_publication_out,False,Bayesian Ridge,held_out_publication,73,156.0,144.8229256713429,11.177074328657113,11.177074328657113,124.92699054832586,1809,1809,,shared_semantic_dataset,,Ref-144-Research,Ref-144-Research
shared_semantic_recoding_50_percent,leave_one_publication_out,False,Bayesian Ridge,held_out_publication,74,167.0,146.1040395215542,20.8959604784458,20.8959604784458,436.6411643167689,1810,1810,,shared_semantic_dataset,,Ref-144-Research,Ref-144-Research
shared_semantic_recoding_50_percent,leave_one_publication_out,False,Bayesian Ridge,held_out_publication,75,180.0,155.31148604659575,24.688513953404254,24.688513953404254,609.5227212274365,1811,1811,,shared_semantic_dataset,,Ref-144-Research,Ref-144-Research
shared_semantic_recoding_50_percent,leave_one_publication_out,False,Bayesian Ridge,held_out_publication,76,135.0,145.83691063364438,-10.83691063364438,10.83691063364438,117.43863208159462,1812,1812,,shared_semantic_dataset,,Ref-144-Research,Ref-144-Research
shared_semantic_recoding_50_percent,leave_one_publication_out,False,Bayesian Ridge,held_out_publication,77,195.0,160.26623111115168,34.73376888884832,34.73376888884832,1206.4347012239273,1813,1813,,shared_semantic_dataset,,Ref-144-Research,Ref-144-Research
shared_semantic_recoding_50_percent,leave_one_publication_out,False,Bayesian Ridge,held_out_publication,78,156.0,144.22943766093957,11.770562339060433,11.770562339060433,138.5461377777078,1814,1814,,shared_semantic_dataset,,Ref-144-Research,Ref-144-Research
shared_semantic_recoding_50_percent,leave_one_publication_out,False,Bayesian Ridge,held_out_publication,79,129.0,144.32061205617268,-15.320612056172678,15.320612056172678,234.7211537757436,1815,1815,,shared_semantic_dataset,,Ref-144-Research,Ref-144-Research
shared_semantic_recoding_50_percent,leave_one_publication_out,False,Bayesian Ridge,held_out_publication,80,130.0,146.0192594241106,-16.0192594241106,16.0192594241106,256.6166724969563,1816,1816,,shared_semantic_dataset,,Ref-144-Research,Ref-144-Research
shared_semantic_recoding_50_percent,leave_one_publication_out,False,Bayesian Ridge,held_out_publication,81,147.0,149.41655415998645,-2.416554159986447,2.416554159986447,5.8397340081478015,1817,1817,,shared_semantic_dataset,,Ref-144-Research,Ref-144-Research
shared_semantic_recoding_50_percent,leave_one_publication_out,False,Bayesian Ridge,held_out_publication,82,159.0,146.84155813750525,12.158441862494755,12.158441862494755,147.8277085236649,1818,1818,,shared_semantic_dataset,,Ref-144-Research,Ref-144-Research
shared_semantic_recoding_50_percent,leave_one_publication_out,False,Bayesian Ridge,held_out_publication,83,120.0,140.92331732029683,-20.92331732029683,20.92331732029683,437.78520768583337,1819,1819,,shared_semantic_dataset,,Ref-144-Research,Ref-144-Research
shared_semantic_recoding_50_percent,leave_one_publication_out,False,Bayesian Ridge,held_out_publication,84,163.0,157.0719593968201,5.928040603179909,5.928040603179909,35.14166539294962,1820,1820,,shared_semantic_dataset,,Ref-144-Research,Ref-144-Research
shared_semantic_recoding_50_percent,leave_one_publication_out,False,Bayesian Ridge,held_out_publication,85,177.0,147.36479500431108,29.635204995688923,29.635204995688923,878.2453751365057,1821,1821,,shared_semantic_dataset,,Ref-144-Research,Ref-144-Research
shared_semantic_recoding_50_percent,leave_one_publication_out,False,Bayesian Ridge,held_out_publication,86,169.0,144.2320334086423,24.76796659135769,24.76796659135769,613.4521690706107,1822,1822,,shared_semantic_dataset,,Ref-144-Research,Ref-144-Research
shared_semantic_recoding_50_percent,leave_one_publication_out,False,Bayesian Ridge,held_out_publication,87,164.0,144.68094620283716,19.319053797162837,19.319053797162837,373.22583961767185,1823,1823,,shared_semantic_dataset,,Ref-144-Research,Ref-144-Research
shared_semantic_recoding_50_percent,leave_one_publication_out,False,Bayesian Ridge,held_out_publication,88,210.0,159.64890514230856,50.351094857691436,50.351094857691436,2535.232753368241,1824,1824,,shared_semantic_dataset,,Ref-144-Research,Ref-144-Research
shared_semantic_recoding_50_percent,leave_one_publication_out,False,Bayesian Ridge,held_out_publication,89,162.0,144.2320334086423,17.76796659135769,17.76796659135769,315.7006367916031,1825,1825,,shared_semantic_dataset,,Ref-144-Research,Ref-144-Research
shared_semantic_recoding_50_percent,leave_one_publication_out,False,Bayesian Ridge,held_out_publication,90,175.0,157.28771832727608,17.71228167272392,17.71228167272392,313.7249220539116,1826,1826,,shared_semantic_dataset,,Ref-144-Research,Ref-144-Research
shared_semantic_recoding_50_percent,leave_one_publication_out,False,Bayesian Ridge,held_out_publication,91,165.0,146.84155813750525,18.158441862494755,18.158441862494755,329.72901087360196,1827,1827,,shared_semantic_dataset,,Ref-144-Research,Ref-144-Research
shared_semantic_recoding_50_percent,leave_one_publication_out,False,Bayesian Ridge,held_out_publication,92,185.0,155.31148604659575,29.688513953404254,29.688513953404254,881.407860761479,1828,1828,,shared_semantic_dataset,,Ref-144-Research,Ref-144-Research
shared_semantic_recoding_50_percent,leave_one_publication_out,False,Bayesian Ridge,held_out_publication,93,181.0,144.60573828694353,36.394261713056466,36.394261713056466,1324.5422856384478,1829,1829,,shared_semantic_dataset,,Ref-144-Research,Ref-144-Research
shared_semantic_recoding_50_percent,leave_one_publication_out,False,Bayesian Ridge,held_out_publication,94,159.0,145.129858997032,13.870141002968012,13.870141002968012,192.38081144221448,1830,1830,,shared_semantic_dataset,,Ref-144-Research,Ref-144-Research
shared_semantic_recoding_50_percent,leave_one_publication_out,False,Bayesian Ridge,held_out_publication,95,229.0,161.40937849253294,67.59062150746706,67.59062150746706,4568.492115765669,1831,1831,,shared_semantic_dataset,,Ref-144-Research,Ref-144-Research
shared_semantic_recoding_50_percent,leave_one_publication_out,False,Bayesian Ridge,held_out_publication,96,168.0,145.04419505630577,22.955804943694233,22.955804943694233,526.9689806129365,1832,1832,,shared_semantic_dataset,,Ref-144-Research,Ref-144-Research
shared_semantic_recoding_50_percent,leave_one_publication_out,False,Bayesian Ridge,held_out_publication,97,195.0,160.26623111115168,34.73376888884832,34.73376888884832,1206.4347012239273,1833,1833,,shared_semantic_dataset,,Ref-144-Research,Ref-144-Research
shared_semantic_recoding_50_percent,leave_one_publication_out,False,Bayesian Ridge,held_out_publication,98,167.0,145.60630379024087,21.393696209759128,21.393696209759128,457.69023751546206,1834,1834,,shared_semantic_dataset,,Ref-144-Research,Ref-144-Research
shared_semantic_recoding_50_percent,leave_one_publication_out,False,Bayesian Ridge,held_out_publication,99,117.0,139.2246699523589,-22.22466995235891,22.22466995235891,493.9359544912849,1835,1835,,shared_semantic_dataset,,Ref-144-Research,Ref-144-Research
shared_semantic_recoding_50_percent,leave_one_publication_out,False,Bayesian Ridge,held_out_publication,100,223.0,159.9370245618818,63.0629754381182,63.0629754381182,3976.9388711086995,1836,1836,,shared_semantic_dataset,,Ref-144-Research,Ref-144-Research
shared_semantic_recoding_50_percent,leave_one_publication_out,False,Bayesian Ridge,held_out_publication,101,214.0,165.6417889912294,48.35821100877061,48.35821100877061,2338.516571968783,1837,1837,,shared_semantic_dataset,,Ref-144-Research,Ref-144-Research
shared_semantic_recoding_50_percent,leave_one_publication_out,False,Bayesian Ridge,held_out_publication,102,203.0,160.26623111115168,42.73376888884832,42.73376888884832,1826.1750034455004,1838,1838,,shared_semantic_dataset,,Ref-144-Research,Ref-144-Research
shared_semantic_recoding_50_percent,leave_one_publication_out,False,Bayesian Ridge,held_out_publication,103,176.0,156.26822291046767,19.73177708953233,19.73177708953233,389.3430271109929,1839,1839,,shared_semantic_dataset,,Ref-144-Research,Ref-144-Research
shared_semantic_recoding_50_percent,leave_one_publication_out,False,Bayesian Ridge,held_out_publication,104,138.0,147.71790679204852,-9.717906792048524,9.717906792048524,94.43771241894284,1840,1840,,shared_semantic_dataset,,Ref-144-Research,Ref-144-Research
shared_semantic_recoding_50_percent,leave_one_publication_out,False,Bayesian Ridge,held_out_publication,105,225.0,162.89777738452176,62.10222261547824,62.10222261547824,3856.686053782417,1841,1841,,shared_semantic_dataset,,Ref-144-Research,Ref-144-Research
shared_semantic_recoding_50_percent,leave_one_publication_out,False,Bayesian Ridge,held_out_publication,106,156.0,148.52986754233513,7.470132457664874,7.470132457664874,55.80287893505826,1842,1842,,shared_semantic_dataset,,Ref-144-Research,Ref-144-Research
shared_semantic_recoding_50_percent,leave_one_publication_out,False,Bayesian Ridge,held_out_publication,107,150.0,145.28010018166242,4.719899818337581,4.719899818337581,22.277454295143126,1843,1843,,shared_semantic_dataset,,Ref-144-Research,Ref-144-Research
shared_semantic_recoding_50_percent,leave_one_publication_out,False,Bayesian Ridge,held_out_publication,108,151.0,145.2850929806613,5.71490701933871,5.71490701933871,32.66016223968686,1844,1844,,shared_semantic_dataset,,Ref-144-Research,Ref-144-Research
shared_semantic_recoding_50_percent,leave_one_publication_out,False,Bayesian Ridge,held_out_publication,109,210.0,166.7692703254323,43.2307296745677,43.2307296745677,1868.8959881955482,1845,1845,,shared_semantic_dataset,,Ref-144-Research,Ref-144-Research
shared_semantic_recoding_50_percent,leave_one_publication_out,False,Bayesian Ridge,held_out_publication,110,205.0,163.51950296475962,41.480497035240376,41.480497035240376,1720.6316342905857,1846,1846,,shared_semantic_dataset,,Ref-144-Research,Ref-144-Research
shared_semantic_recoding_50_percent,leave_one_publication_out,False,Bayesian Ridge,held_out_publication,111,193.0,163.5244957637585,29.475504236241505,29.475504236241505,868.805349980691,1847,1847,,shared_semantic_dataset,,Ref-144-Research,Ref-144-Research
shared_semantic_recoding_50_percent,leave_one_publication_out,False,Bayesian Ridge,held_out_publication,0,159.0,200.65688916845716,-41.656889168457155,41.656889168457155,1735.296415193123,1342,1342,,shared_semantic_dataset,,Ref-121-Research,Ref-121-Research
shared_semantic_recoding_50_percent,leave_one_publication_out,False,Bayesian Ridge,held_out_publication,1,173.0,176.7459962985781,-3.745996298578092,3.745996298578092,14.032488268960766,1343,1343,,shared_semantic_dataset,,Ref-121-Research,Ref-121-Research
shared_semantic_recoding_50_percent,leave_one_publication_out,False,Bayesian Ridge,held_out_publication,2,159.0,184.69665072087,-25.696650720869997,25.696650720869997,660.3178582703886,1344,1344,,shared_semantic_dataset,,Ref-121-Research,Ref-121-Research
shared_semantic_recoding_50_percent,leave_one_publication_out,False,Bayesian Ridge,held_out_publication,3,150.0,203.33826504700494,-53.33826504700494,53.33826504700494,2844.970518224549,1345,1345,,shared_semantic_dataset,,Ref-121-Research,Ref-121-Research
shared_semantic_recoding_50_percent,leave_one_publication_out,False,Bayesian Ridge,held_out_publication,4,134.0,187.07954784922072,-53.07954784922072,53.07954784922072,2817.4383998777116,1346,1346,,shared_semantic_dataset,,Ref-121-Research,Ref-121-Research
shared_semantic_recoding_50_percent,leave_one_publication_out,False,Bayesian Ridge,held_out_publication,5,139.0,206.05354594259387,-67.05354594259387,67.05354594259387,4496.178023475547,1347,1347,,shared_semantic_dataset,,Ref-121-Research,Ref-121-Research
shared_semantic_recoding_50_percent,leave_one_publication_out,False,Bayesian Ridge,held_out_publication,6,132.0,213.75147610150248,-81.75147610150248,81.75147610150248,6683.30384477453,1348,1348,,shared_semantic_dataset,,Ref-121-Research,Ref-121-Research
shared_semantic_recoding_50_percent,leave_one_publication_out,False,Bayesian Ridge,held_out_publication,7,132.0,190.4486291719513,-58.448629171951296,58.448629171951296,3416.242252080276,1349,1349,,shared_semantic_dataset,,Ref-121-Research,Ref-121-Research
shared_semantic_recoding_50_percent,leave_one_publication_out,False,Bayesian Ridge,held_out_publication,8,141.0,169.66298118720513,-28.662981187205133,28.662981187205133,821.5664905380754,1350,1350,,shared_semantic_dataset,,Ref-121-Research,Ref-121-Research
shared_semantic_recoding_50_percent,leave_one_publication_out,False,Bayesian Ridge,held_out_publication,9,133.0,187.73920995801046,-54.73920995801046,54.73920995801046,2996.3811068271516,1351,1351,,shared_semantic_dataset,,Ref-121-Research,Ref-121-Research
shared_semantic_recoding_50_percent,leave_one_publication_out,False,Bayesian Ridge,held_out_publication,10,149.0,196.04193363325902,-47.04193363325902,47.04193363325902,2212.943519955946,1352,1352,,shared_semantic_dataset,,Ref-121-Research,Ref-121-Research
shared_semantic_recoding_50_percent,leave_one_publication_out,False,Bayesian Ridge,held_out_publication,11,142.0,173.58548293839718,-31.585482938397178,31.585482938397178,997.6427324517792,1353,1353,,shared_semantic_dataset,,Ref-121-Research,Ref-121-Research
shared_semantic_recoding_50_percent,leave_one_publication_out,False,Bayesian Ridge,held_out_publication,12,123.0,197.9122603309851,-74.9122603309851,74.9122603309851,5611.846747897284,1354,1354,,shared_semantic_dataset,,Ref-121-Research,Ref-121-Research
shared_semantic_recoding_50_percent,leave_one_publication_out,False,Bayesian Ridge,held_out_publication,13,116.0,175.26263971064944,-59.26263971064944,59.26263971064944,3512.0604654742438,1355,1355,,shared_semantic_dataset,,Ref-121-Research,Ref-121-Research
shared_semantic_recoding_50_percent,leave_one_publication_out,False,Bayesian Ridge,held_out_publication,14,131.0,183.10237228729994,-52.10237228729994,52.10237228729994,2714.657197964401,1356,1356,,shared_semantic_dataset,,Ref-121-Research,Ref-121-Research
shared_semantic_recoding_50_percent,leave_one_publication_out,False,Bayesian Ridge,held_out_publication,15,110.0,198.86416929807837,-88.86416929807837,88.86416929807837,7896.840585037534,1357,1357,,shared_semantic_dataset,,Ref-121-Research,Ref-121-Research
shared_semantic_recoding_50_percent,leave_one_publication_out,False,Bayesian Ridge,held_out_publication,16,149.0,190.20722495674,-41.20722495673999,41.20722495673999,1698.0353886353753,1358,1358,,shared_semantic_dataset,,Ref-121-Research,Ref-121-Research
shared_semantic_recoding_50_percent,leave_one_publication_out,False,Bayesian Ridge,held_out_publication,17,149.0,190.20722495674,-41.20722495673999,41.20722495673999,1698.0353886353753,1359,1359,,shared_semantic_dataset,,Ref-121-Research,Ref-121-Research
shared_semantic_recoding_50_percent,leave_one_publication_out,False,Bayesian Ridge,held_out_publication,18,146.0,190.20722495674,-44.20722495673999,44.20722495673999,1954.2787383758152,1360,1360,,shared_semantic_dataset,,Ref-121-Research,Ref-121-Research
shared_semantic_recoding_50_percent,leave_one_publication_out,False,Bayesian Ridge,held_out_publication,19,149.0,178.61774711548767,-29.617747115487674,29.617747115487674,877.2109441969784,1361,1361,,shared_semantic_dataset,,Ref-121-Research,Ref-121-Research
shared_semantic_recoding_50_percent,leave_one_publication_out,False,Bayesian Ridge,held_out_publication,20,146.0,184.15880900328844,-38.15880900328844,38.15880900328844,1456.0947045494468,1362,1362,,shared_semantic_dataset,,Ref-121-Research,Ref-121-Research
shared_semantic_recoding_50_percent,leave_one_publication_out,False,Bayesian Ridge,held_out_publication,21,131.0,178.61774711548767,-47.617747115487674,47.617747115487674,2267.449840354535,1363,1363,,shared_semantic_dataset,,Ref-121-Research,Ref-121-Research
shared_semantic_recoding_50_percent,leave_one_publication_out,False,Bayesian Ridge,held_out_publication,22,142.0,167.4508743803696,-25.450874380369612,25.450874380369612,647.7470067253543,1364,1364,,shared_semantic_dataset,,Ref-121-Research,Ref-121-Research
shared_semantic_recoding_50_percent,leave_one_publication_out,False,Bayesian Ridge,held_out_publication,23,130.0,182.67161282107753,-52.67161282107753,52.67161282107753,2774.2987971734988,1365,1365,,shared_semantic_dataset,,Ref-121-Research,Ref-121-Research
shared_semantic_recoding_50_percent,leave_one_publication_out,False,Bayesian Ridge,held_out_publication,24,136.0,165.13116144614528,-29.131161446145285,29.131161446145285,848.6245672013814,1366,1366,,shared_semantic_dataset,,Ref-121-Research,Ref-121-Research
shared_semantic_recoding_50_percent,leave_one_publication_out,False,Bayesian Ridge,held_out_publication,25,160.0,156.23781813707168,3.7621818629283155,3.7621818629283155,14.15401236974677,1367,1367,,shared_semantic_dataset,,Ref-121-Research,Ref-121-Research
shared_semantic_recoding_50_percent,leave_one_publication_out,False,Bayesian Ridge,held_out_publication,26,156.0,163.27830134406034,-7.278301344060338,7.278301344060338,52.97367045495053,1368,1368,,shared_semantic_dataset,,Ref-121-Research,Ref-121-Research
shared_semantic_recoding_50_percent,leave_one_publication_out,False,Bayesian Ridge,held_out_publication,27,138.0,167.0526606662061,-29.052660666206094,29.052660666206094,844.0570917857187,1369,1369,,shared_semantic_dataset,,Ref-121-Research,Ref-121-Research
shared_semantic_recoding_50_percent,leave_one_publication_out,False,Bayesian Ridge,held_out_publication,28,141.0,161.49985277302227,-20.49985277302227,20.49985277302227,420.2439637155888,1370,1370,,shared_semantic_dataset,,Ref-121-Research,Ref-121-Research
shared_semantic_recoding_50_percent,leave_one_publication_out,False,Bayesian Ridge,held_out_publication,29,153.0,155.61371112006972,-2.6137111200697234,2.6137111200697234,6.831485819176128,1371,1371,,shared_semantic_dataset,,Ref-121-Research,Ref-121-Research
shared_semantic_recoding_50_percent,leave_one_publication_out,False,Bayesian Ridge,held_out_publication,30,148.0,165.49064078823164,-17.490640788231644,17.490640788231644,305.92251518295245,1372,1372,,shared_semantic_dataset,,Ref-121-Research,Ref-121-Research
shared_semantic_recoding_50_percent,leave_one_publication_out,False,Bayesian Ridge,held_out_publication,31,162.0,159.9127790178973,2.087220982102707,2.087220982102707,4.356491428129789,1373,1373,,shared_semantic_dataset,,Ref-121-Research,Ref-121-Research
shared_semantic_recoding_50_percent,leave_one_publication_out,False,Bayesian Ridge,held_out_publication,32,171.0,158.63049760296437,12.369502397035632,12.369502397035632,153.00458955027023,1374,1374,,shared_semantic_dataset,,Ref-121-Research,Ref-121-Research
shared_semantic_recoding_50_percent,leave_one_publication_out,False,Bayesian Ridge,held_out_publication,33,177.0,158.20232908894957,18.79767091105043,18.79767091105043,353.35243168015154,1375,1375,,shared_semantic_dataset,,Ref-121-Research,Ref-121-Research
shared_semantic_recoding_50_percent,leave_one_publication_out,False,Bayesian Ridge,held_out_publication,34,152.0,158.20232908894957,-6.202329088949568,6.202329088949568,38.468886127629986,1376,1376,,shared_semantic_dataset,,Ref-121-Research,Ref-121-Research
shared_semantic_recoding_50_percent,leave_one_publication_out,False,Bayesian Ridge,held_out_publication,35,136.0,158.20232908894957,-22.20232908894957,22.20232908894957,492.94341697401615,1377,1377,,shared_semantic_dataset,,Ref-121-Research,Ref-121-Research
shared_semantic_recoding_50_percent,leave_one_publication_out,False,Bayesian Ridge,held_out_publication,36,138.0,158.20232908894957,-20.20232908894957,20.20232908894957,408.1341006182179,1378,1378,,shared_semantic_dataset,,Ref-121-Research,Ref-121-Research
shared_semantic_recoding_50_percent,leave_one_publication_out,False,Bayesian Ridge,held_out_publication,37,208.0,218.12551818126593,-10.125518181265932,10.125518181265932,102.52611843914694,1379,1379,,shared_semantic_dataset,,Ref-121-Research,Ref-121-Research
shared_semantic_recoding_50_percent,leave_one_publication_out,False,Bayesian Ridge,held_out_publication,38,213.0,194.21462531138684,18.78537468861316,18.78537468861316,352.890302191588,1380,1380,,shared_semantic_dataset,,Ref-121-Research,Ref-121-Research
shared_semantic_recoding_50_percent,leave_one_publication_out,False,Bayesian Ridge,held_out_publication,39,225.0,202.16527973367874,22.834720266321256,22.834720266321256,521.4244496411427,1381,1381,,shared_semantic_dataset,,Ref-121-Research,Ref-121-Research
shared_semantic_recoding_50_percent,leave_one_publication_out,False,Bayesian Ridge,held_out_publication,40,197.0,220.80689405981371,-23.806894059813715,23.806894059813715,566.7682047751936,1382,1382,,shared_semantic_dataset,,Ref-121-Research,Ref-121-Research
shared_semantic_recoding_50_percent,leave_one_publication_out,False,Bayesian Ridge,held_out_publication,41,187.0,204.5481768620295,-17.548176862029493,17.548176862029493,307.93851118106727,1383,1383,,shared_semantic_dataset,,Ref-121-Research,Ref-121-Research
shared_semantic_recoding_50_percent,leave_one_publication_out,False,Bayesian Ridge,held_out_publication,42,188.0,223.52217495540265,-35.52217495540265,35.52217495540265,1261.824913562235,1384,1384,,shared_semantic_dataset,,Ref-121-Research,Ref-121-Research
shared_semantic_recoding_50_percent,leave_one_publication_out,False,Bayesian Ridge,held_out_publication,43,195.0,231.22010511431125,-36.22010511431125,36.22010511431125,1311.8960144917562,1385,1385,,shared_semantic_dataset,,Ref-121-Research,Ref-121-Research
shared_semantic_recoding_50_percent,leave_one_publication_out,False,Bayesian Ridge,held_out_publication,44,179.0,207.91725818476004,-28.917258184760044,28.917258184760044,836.2078209240717,1386,1386,,shared_semantic_dataset,,Ref-121-Research,Ref-121-Research
shared_semantic_recoding_50_percent,leave_one_publication_out,False,Bayesian Ridge,held_out_publication,45,174.0,187.1316102000139,-13.13161020001391,13.13161020001391,172.43918644510936,1387,1387,,shared_semantic_dataset,,Ref-121-Research,Ref-121-Research
shared_semantic_recoding_50_percent,leave_one_publication_out,False,Bayesian Ridge,held_out_publication,46,168.0,205.20783897081924,-37.20783897081924,37.20783897081924,1384.423280878415,1388,1388,,shared_semantic_dataset,,Ref-121-Research,Ref-121-Research
shared_semantic_recoding_50_percent,leave_one_publication_out,False,Bayesian Ridge,held_out_publication,47,192.0,213.5105626460678,-21.510562646067797,21.510562646067797,462.7043053504072,1389,1389,,shared_semantic_dataset,,Ref-121-Research,Ref-121-Research
shared_semantic_recoding_50_percent,leave_one_publication_out,False,Bayesian Ridge,held_out_publication,48,187.0,191.05411195120595,-4.054111951205954,4.054111951205954,16.435823712910945,1390,1390,,shared_semantic_dataset,,Ref-121-Research,Ref-121-Research
shared_semantic_recoding_50_percent,leave_one_publication_out,False,Bayesian Ridge,held_out_publication,49,165.0,215.38088934379388,-50.38088934379388,50.38088934379388,2538.234011071604,1391,1391,,shared_semantic_dataset,,Ref-121-Research,Ref-121-Research
shared_semantic_recoding_50_percent,leave_one_publication_out,False,Bayesian Ridge,held_out_publication,50,163.0,192.7312687234582,-29.731268723458186,29.731268723458186,883.9483399064829,1392,1392,,shared_semantic_dataset,,Ref-121-Research,Ref-121-Research
shared_semantic_recoding_50_percent,leave_one_publication_out,False,Bayesian Ridge,held_out_publication,51,185.0,200.57100130010872,-15.571001300108719,15.571001300108719,242.45608148798743,1393,1393,,shared_semantic_dataset,,Ref-121-Research,Ref-121-Research
shared_semantic_recoding_50_percent,leave_one_publication_out,False,Bayesian Ridge,held_out_publication,52,158.0,216.33279831088714,-58.33279831088714,58.33279831088714,3402.715358778638,1394,1394,,shared_semantic_dataset,,Ref-121-Research,Ref-121-Research
shared_semantic_recoding_50_percent,leave_one_publication_out,False,Bayesian Ridge,held_out_publication,53,200.0,207.67585396954877,-7.675853969548768,7.675853969548768,58.918734161837584,1395,1395,,shared_semantic_dataset,,Ref-121-Research,Ref-121-Research
shared_semantic_recoding_50_percent,leave_one_publication_out,False,Bayesian Ridge,held_out_publication,54,198.0,207.67585396954877,-9.675853969548768,9.675853969548768,93.62215004003266,1396,1396,,shared_semantic_dataset,,Ref-121-Research,Ref-121-Research
shared_semantic_recoding_50_percent,leave_one_publication_out,False,Bayesian Ridge,held_out_publication,55,201.0,207.67585396954877,-6.675853969548768,6.675853969548768,44.56702622274005,1397,1397,,shared_semantic_dataset,,Ref-121-Research,Ref-121-Research
shared_semantic_recoding_50_percent,leave_one_publication_out,False,Bayesian Ridge,held_out_publication,56,198.0,196.08637612829642,1.913623871703578,1.913623871703578,3.661956322353792,1398,1398,,shared_semantic_dataset,,Ref-121-Research,Ref-121-Research
shared_semantic_recoding_50_percent,leave_one_publication_out,False,Bayesian Ridge,held_out_publication,57,201.0,201.6274380160972,-0.6274380160971873,0.6274380160971873,0.3936784640439743,1399,1399,,shared_semantic_dataset,,Ref-121-Research,Ref-121-Research
shared_semantic_recoding_50_percent,leave_one_publication_out,False,Bayesian Ridge,held_out_publication,58,183.0,196.08637612829642,-13.086376128296422,13.086376128296422,171.25324017124646,1400,1400,,shared_semantic_dataset,,Ref-121-Research,Ref-121-Research
shared_semantic_recoding_50_percent,leave_one_publication_out,False,Bayesian Ridge,held_out_publication,59,193.0,184.9195033931784,8.080496606821612,8.080496606821612,65.29442541285557,1401,1401,,shared_semantic_dataset,,Ref-121-Research,Ref-121-Research
shared_semantic_recoding_50_percent,leave_one_publication_out,False,Bayesian Ridge,held_out_publication,60,187.0,200.1402418338863,-13.140241833886307,13.140241833886307,172.66595545301578,1402,1402,,shared_semantic_dataset,,Ref-121-Research,Ref-121-Research
shared_semantic_recoding_50_percent,leave_one_publication_out,False,Bayesian Ridge,held_out_publication,61,181.0,182.59979045895406,-1.599790458954061,1.599790458954061,2.559329512560445,1403,1403,,shared_semantic_dataset,,Ref-121-Research,Ref-121-Research
shared_semantic_recoding_50_percent,leave_one_publication_out,False,Bayesian Ridge,held_out_publication,62,211.0,173.70644714988046,37.29355285011954,37.29355285011954,1390.8090841846592,1404,1404,,shared_semantic_dataset,,Ref-121-Research,Ref-121-Research
shared_semantic_recoding_50_percent,leave_one_publication_out,False,Bayesian Ridge,held_out_publication,63,208.0,180.74693035686911,27.253069643130885,27.253069643130885,742.7298049733422,1405,1405,,shared_semantic_dataset,,Ref-121-Research,Ref-121-Research
shared_semantic_recoding_50_percent,leave_one_publication_out,False,Bayesian Ridge,held_out_publication,64,182.0,184.52128967901487,-2.5212896790148704,2.5212896790148704,6.356901645506908,1406,1406,,shared_semantic_dataset,,Ref-121-Research,Ref-121-Research
shared_semantic_recoding_50_percent,leave_one_publication_out,False,Bayesian Ridge,held_out_publication,65,190.0,178.96848178583105,11.031518214168955,11.031518214168955,121.6943941095414,1407,1407,,shared_semantic_dataset,,Ref-121-Research,Ref-121-Research
shared_semantic_recoding_50_percent,leave_one_publication_out,False,Bayesian Ridge,held_out_publication,66,192.0,173.0823401328785,18.9176598671215,18.9176598671215,357.87785484809945,1408,1408,,shared_semantic_dataset,,Ref-121-Research,Ref-121-Research
shared_semantic_recoding_50_percent,leave_one_publication_out,False,Bayesian Ridge,held_out_publication,67,194.0,182.95926980104042,11.04073019895958,11.04073019895958,121.89772332621803,1409,1409,,shared_semantic_dataset,,Ref-121-Research,Ref-121-Research
shared_semantic_recoding_50_percent,leave_one_publication_out,False,Bayesian Ridge,held_out_publication,68,199.0,177.38140803070607,21.61859196929393,21.61859196929393,467.36351873482005,1410,1410,,shared_semantic_dataset,,Ref-121-Research,Ref-121-Research
shared_semantic_recoding_50_percent,leave_one_publication_out,False,Bayesian Ridge,held_out_publication,69,222.0,176.09912661577314,45.900873384226855,45.900873384226855,2106.8901774348255,1411,1411,,shared_semantic_dataset,,Ref-121-Research,Ref-121-Research
shared_semantic_recoding_50_percent,leave_one_publication_out,False,Bayesian Ridge,held_out_publication,70,200.0,175.67095810175834,24.329041898241655,24.329041898241655,591.902279686398,1412,1412,,shared_semantic_dataset,,Ref-121-Research,Ref-121-Research
shared_semantic_recoding_50_percent,leave_one_publication_out,False,Bayesian Ridge,held_out_publication,71,193.0,175.67095810175834,17.329041898241655,17.329041898241655,300.29569311101477,1413,1413,,shared_semantic_dataset,,Ref-121-Research,Ref-121-Research
shared_semantic_recoding_50_percent,leave_one_publication_out,False,Bayesian Ridge,held_out_publication,72,190.0,175.67095810175834,14.329041898241655,14.329041898241655,205.3214417215648,1414,1414,,shared_semantic_dataset,,Ref-121-Research,Ref-121-Research
shared_semantic_recoding_50_percent,leave_one_publication_out,False,Bayesian Ridge,held_out_publication,73,193.0,175.67095810175834,17.329041898241655,17.329041898241655,300.29569311101477,1415,1415,,shared_semantic_dataset,,Ref-121-Research,Ref-121-Research
shared_semantic_recoding_50_percent,leave_one_publication_out,False,Bayesian Ridge,held_out_publication,74,147.0,147.63345410136287,-0.6334541013628723,0.6334541013628723,0.4012640985334441,1416,1416,,shared_semantic_dataset,,Ref-121-Research,Ref-121-Research
shared_semantic_recoding_50_percent,leave_one_publication_out,False,Bayesian Ridge,held_out_publication,75,146.0,168.3534269743503,-22.3534269743503,22.3534269743503,499.67569749761157,1417,1417,,shared_semantic_dataset,,Ref-121-Research,Ref-121-Research
shared_semantic_recoding_50_percent,leave_one_publication_out,False,Bayesian Ridge,held_out_publication,76,123.0,180.5293100133325,-57.52931001333249,57.52931001333249,3309.621510610118,1418,1418,,shared_semantic_dataset,,Ref-121-Research,Ref-121-Research
shared_semantic_recoding_50_percent,leave_one_publication_out,False,Bayesian Ridge,held_out_publication,77,127.0,154.7429545978884,-27.7429545978884,27.7429545978884,769.6715298204971,1419,1419,,shared_semantic_dataset,,Ref-121-Research,Ref-121-Research
shared_semantic_recoding_50_percent,leave_one_publication_out,False,Bayesian Ridge,held_out_publication,78,119.0,164.89586968487447,-45.89586968487447,45.89586968487447,2106.4308541309792,1420,1420,,shared_semantic_dataset,,Ref-121-Research,Ref-121-Research
shared_semantic_recoding_50_percent,leave_one_publication_out,False,Bayesian Ridge,held_out_publication,79,111.0,175.7420046704992,-64.7420046704992,64.7420046704992,4191.52716875494,1421,1421,,shared_semantic_dataset,,Ref-121-Research,Ref-121-Research
shared_semantic_recoding_50_percent,leave_one_publication_out,False,Bayesian Ridge,held_out_publication,0,125.6,162.83392311058793,-37.23392311058794,37.23392311058794,1386.3650302051744,1648,1648,,shared_semantic_dataset,,Ref-141-Research,Ref-141-Research
shared_semantic_recoding_50_percent,leave_one_publication_out,False,Bayesian Ridge,held_out_publication,1,128.7,163.6433431098016,-34.94334310980162,34.94334310980162,1221.0372276893202,1649,1649,,shared_semantic_dataset,,Ref-141-Research,Ref-141-Research
shared_semantic_recoding_50_percent,leave_one_publication_out,False,Bayesian Ridge,held_out_publication,2,130.3,164.451011117675,-34.15101111767498,34.15101111767498,1166.2915603595602,1650,1650,,shared_semantic_dataset,,Ref-141-Research,Ref-141-Research
shared_semantic_recoding_50_percent,leave_one_publication_out,False,Bayesian Ridge,held_out_publication,3,129.4,165.26043111688867,-35.86043111688866,35.86043111688866,1285.9705198891165,1651,1651,,shared_semantic_dataset,,Ref-141-Research,Ref-141-Research
shared_semantic_recoding_50_percent,leave_one_publication_out,False,Bayesian Ridge,held_out_publication,4,130.6,166.06809912476206,-35.46809912476206,35.46809912476206,1257.9860555239475,1652,1652,,shared_semantic_dataset,,Ref-141-Research,Ref-141-Research
shared_semantic_recoding_50_percent,leave_one_publication_out,False,Bayesian Ridge,held_out_publication,5,121.4,161.04435098858406,-39.64435098858405,39.64435098858405,1571.6745653060452,1653,1653,,shared_semantic_dataset,,Ref-141-Research,Ref-141-Research
shared_semantic_recoding_50_percent,leave_one_publication_out,False,Bayesian Ridge,held_out_publication,6,124.6,161.85377098779773,-37.253770987797736,37.253770987797736,1387.8434528112803,1654,1654,,shared_semantic_dataset,,Ref-141-Research,Ref-141-Research
shared_semantic_recoding_50_percent,leave_one_publication_out,False,Bayesian Ridge,held_out_publication,7,126.5,162.66143899567112,-36.16143899567112,36.16143899567112,1307.649670237644,1655,1655,,shared_semantic_dataset,,Ref-141-Research,Ref-141-Research
shared_semantic_recoding_50_percent,leave_one_publication_out,False,Bayesian Ridge,held_out_publication,8,126.0,163.4708589948848,-37.47085899488479,37.47085899488479,1404.0652738145386,1656,1656,,shared_semantic_dataset,,Ref-141-Research,Ref-141-Research
shared_semantic_recoding_50_percent,leave_one_publication_out,False,Bayesian Ridge,held_out_publication,9,125.7,164.27852700275818,-38.57852700275818,38.57852700275818,1488.3027457025419,1657,1657,,shared_semantic_dataset,,Ref-141-Research,Ref-141-Research
shared_semantic_recoding_50_percent,leave_one_publication_out,False,Bayesian Ridge,held_out_publication,10,125.6,162.83392311058793,-37.23392311058794,37.23392311058794,1386.3650302051744,1658,1658,,shared_semantic_dataset,,Ref-141-Research,Ref-141-Research
shared_semantic_recoding_50_percent,leave_one_publication_out,False,Bayesian Ridge,held_out_publication,11,130.3,162.14395204529845,-31.843952045298437,31.843952045298437,1014.0372818632665,1659,1659,,shared_semantic_dataset,,Ref-141-Research,Ref-141-Research
shared_semantic_recoding_50_percent,leave_one_publication_out,False,Bayesian Ridge,held_out_publication,12,134.7,161.45398098000896,-26.753980980008976,26.753980980008976,715.775498278682,1660,1660,,shared_semantic_dataset,,Ref-141-Research,Ref-141-Research
shared_semantic_recoding_50_percent,leave_one_publication_out,False,Bayesian Ridge,held_out_publication,13,138.2,160.7640099147195,-22.56400991471952,22.56400991471952,509.1345434315608,1661,1661,,shared_semantic_dataset,,Ref-141-Research,Ref-141-Research
shared_semantic_recoding_50_percent,leave_one_publication_out,False,Bayesian Ridge,held_out_publication,14,136.4,160.07403884943002,-23.67403884943002,23.67403884943002,560.4601154443218,1662,1662,,shared_semantic_dataset,,Ref-141-Research,Ref-141-Research
shared_semantic_recoding_50_percent,leave_one_publication_out,False,Bayesian Ridge,held_out_publication,15,120.8,161.04435098858406,-40.24435098858406,40.24435098858406,1619.6077864923468,1663,1663,,shared_semantic_dataset,,Ref-141-Research,Ref-141-Research
shared_semantic_recoding_50_percent,leave_one_publication_out,False,Bayesian Ridge,held_out_publication,16,122.4,160.35437992329457,-37.95437992329457,37.95437992329457,1440.5349553617857,1664,1664,,shared_semantic_dataset,,Ref-141-Research,Ref-141-Research
shared_semantic_recoding_50_percent,leave_one_publication_out,False,Bayesian Ridge,held_out_publication,17,130.5,159.66440885800512,-29.164408858005118,29.164408858005118,850.5627440368874,1665,1665,,shared_semantic_dataset,,Ref-141-Research,Ref-141-Research
shared_semantic_recoding_50_percent,leave_one_publication_out,False,Bayesian Ridge,held_out_publication,18,133.1,158.97443779271563,-25.87443779271564,25.87443779271564,669.4865310891114,1666,1666,,shared_semantic_dataset,,Ref-141-Research,Ref-141-Research
shared_semantic_recoding_50_percent,leave_one_publication_out,False,Bayesian Ridge,held_out_publication,19,130.3,158.28446672742615,-27.98446672742614,27.98446672742614,783.1303780184206,1667,1667,,shared_semantic_dataset,,Ref-141-Research,Ref-141-Research
shared_semantic_recoding_50_percent,leave_one_publication_out,False,Bayesian Ridge,held_out_publication,20,140.3,185.79788565632197,-45.497885656321955,45.497885656321955,2070.057599195747,1668,1668,,shared_semantic_dataset,,Ref-141-Research,Ref-141-Research
shared_semantic_recoding_50_percent,leave_one_publication_out,False,Bayesian Ridge,held_out_publication,21,146.6,186.60730565553564,-40.007305655535646,40.007305655535646,1600.5845058154546,1669,1669,,shared_semantic_dataset,,Ref-141-Research,Ref-141-Research
shared_semantic_recoding_50_percent,leave_one_publication_out,False,Bayesian Ridge,held_out_publication,22,144.7,187.41497366340903,-42.71497366340904,42.71497366340904,1824.568975065728,1670,1670,,shared_semantic_dataset,,Ref-141-Research,Ref-141-Research
shared_semantic_recoding_50_percent,leave_one_publication_out,False,Bayesian Ridge,held_out_publication,23,145.1,188.2243936626227,-43.12439366262271,43.12439366262271,1859.7133287688537,1671,1671,,shared_semantic_dataset,,Ref-141-Research,Ref-141-Research
shared_semantic_recoding_50_percent,leave_one_publication_out,False,Bayesian Ridge,held_out_publication,24,142.2,189.0320616704961,-46.8320616704961,46.8320616704961,2193.24200030915,1672,1672,,shared_semantic_dataset,,Ref-141-Research,Ref-141-Research
shared_semantic_recoding_50_percent,leave_one_publication_out,False,Bayesian Ridge,held_out_publication,25,134.3,184.0083135343181,-49.70831353431808,49.70831353431808,2470.91643442607,1673,1673,,shared_semantic_dataset,,Ref-141-Research,Ref-141-Research
shared_semantic_recoding_50_percent,leave_one_publication_out,False,Bayesian Ridge,held_out_publication,26,141.5,184.81773353353177,-43.317733533531765,43.317733533531765,1876.4260384820623,1674,1674,,shared_semantic_dataset,,Ref-141-Research,Ref-141-Research
shared_semantic_recoding_50_percent,leave_one_publication_out,False,Bayesian Ridge,held_out_publication,27,142.7,185.62540154140515,-42.925401541405165,42.925401541405165,1842.5900974908689,1675,1675,,shared_semantic_dataset,,Ref-141-Research,Ref-141-Research
shared_semantic_recoding_50_percent,leave_one_publication_out,False,Bayesian Ridge,held_out_publication,28,140.6,186.43482154061883,-45.83482154061883,45.83482154061883,2100.8308656603763,1676,1676,,shared_semantic_dataset,,Ref-141-Research,Ref-141-Research
shared_semantic_recoding_50_percent,leave_one_publication_out,False,Bayesian Ridge,held_out_publication,29,133.4,187.24248954849222,-53.84248954849221,53.84248954849221,2899.013680779493,1677,1677,,shared_semantic_dataset,,Ref-141-Research,Ref-141-Research
shared_semantic_recoding_50_percent,leave_one_publication_out,False,Bayesian Ridge,held_out_publication,30,140.3,185.79788565632197,-45.497885656321955,45.497885656321955,2070.057599195747,1678,1678,,shared_semantic_dataset,,Ref-141-Research,Ref-141-Research
shared_semantic_recoding_50_percent,leave_one_publication_out,False,Bayesian Ridge,held_out_publication,31,153.8,185.10791459103248,-31.30791459103247,31.30791459103247,980.1855160393839,1679,1679,,shared_semantic_dataset,,Ref-141-Research,Ref-141-Research
shared_semantic_recoding_50_percent,leave_one_publication_out,False,Bayesian Ridge,held_out_publication,32,156.6,184.417943525743,-27.817943525743004,27.817943525743004,773.8379820014271,1680,1680,,shared_semantic_dataset,,Ref-141-Research,Ref-141-Research
shared_semantic_recoding_50_percent,leave_one_publication_out,False,Bayesian Ridge,held_out_publication,33,163.7,183.72797246045354,-20.027972460453555,20.027972460453555,401.119680876686,1681,1681,,shared_semantic_dataset,,Ref-141-Research,Ref-141-Research
shared_semantic_recoding_50_percent,leave_one_publication_out,False,Bayesian Ridge,held_out_publication,34,161.2,183.03800139516406,-21.83800139516407,21.83800139516407,476.89830493518787,1682,1682,,shared_semantic_dataset,,Ref-141-Research,Ref-141-Research
shared_semantic_recoding_50_percent,leave_one_publication_out,False,Bayesian Ridge,held_out_publication,35,133.9,184.0083135343181,-50.108313534318086,50.108313534318086,2510.8430852535253,1683,1683,,shared_semantic_dataset,,Ref-141-Research,Ref-141-Research
shared_semantic_recoding_50_percent,leave_one_publication_out,False,Bayesian Ridge,held_out_publication,36,141.7,183.3183424690286,-41.61834246902862,41.61834246902862,1732.0864298693512,1684,1684,,shared_semantic_dataset,,Ref-141-Research,Ref-141-Research
shared_semantic_recoding_50_percent,leave_one_publication_out,False,Bayesian Ridge,held_out_publication,37,144.2,182.62837140373915,-38.42837140373916,38.42837140373916,1476.739728743718,1685,1685,,shared_semantic_dataset,,Ref-141-Research,Ref-141-Research
shared_semantic_recoding_50_percent,leave_one_publication_out,False,Bayesian Ridge,held_out_publication,38,150.8,181.93840033844967,-31.138400338449657,31.138400338449657,969.5999756375617,1686,1686,,shared_semantic_dataset,,Ref-141-Research,Ref-141-Research
shared_semantic_recoding_50_percent,leave_one_publication_out,False,Bayesian Ridge,held_out_publication,39,149.2,181.24842927316018,-32.048429273160195,32.048429273160195,1027.1018188767514,1687,1687,,shared_semantic_dataset,,Ref-141-Research,Ref-141-Research
shared_semantic_recoding_50_percent,leave_one_publication_out,False,Bayesian Ridge,held_out_publication,40,131.0,162.95337204451212,-31.953372044512122,31.953372044512122,1021.0179850150088,1688,1688,,shared_semantic_dataset,,Ref-141-Research,Ref-141-Research
shared_semantic_recoding_50_percent,leave_one_publication_out,False,Bayesian Ridge,held_out_publication,41,132.9,162.26340097922264,-29.363400979222632,29.363400979222632,862.2093170666126,1689,1689,,shared_semantic_dataset,,Ref-141-Research,Ref-141-Research
shared_semantic_recoding_50_percent,leave_one_publication_out,False,Bayesian Ridge,held_out_publication,42,135.6,161.57342991393318,-25.973429913933188,25.973429913933188,674.6190614939994,1690,1690,,shared_semantic_dataset,,Ref-141-Research,Ref-141-Research
shared_semantic_recoding_50_percent,leave_one_publication_out,False,Bayesian Ridge,held_out_publication,43,131.0,163.7610400523855,-32.76104005238551,32.76104005238551,1073.2857453140077,1691,1691,,shared_semantic_dataset,,Ref-141-Research,Ref-141-Research
shared_semantic_recoding_50_percent,leave_one_publication_out,False,Bayesian Ridge,held_out_publication,44,134.7,163.07106898709603,-28.371068987096038,28.371068987096038,804.9175554705627,1692,1692,,shared_semantic_dataset,,Ref-141-Research,Ref-141-Research
shared_semantic_recoding_50_percent,leave_one_publication_out,False,Bayesian Ridge,held_out_publication,45,140.2,162.38109792180654,-22.181097921806554,22.181097921806554,492.001105016771,1693,1693,,shared_semantic_dataset,,Ref-141-Research,Ref-141-Research
shared_semantic_recoding_50_percent,leave_one_publication_out,False,Bayesian Ridge,held_out_publication,46,129.2,164.57046005159918,-35.370460051599196,35.370460051599196,1251.0694442617746,1694,1694,,shared_semantic_dataset,,Ref-141-Research,Ref-141-Research
shared_semantic_recoding_50_percent,leave_one_publication_out,False,Bayesian Ridge,held_out_publication,47,132.9,163.8804889863097,-30.980488986309695,30.980488986309695,959.7906978308563,1695,1695,,shared_semantic_dataset,,Ref-141-Research,Ref-141-Research
shared_semantic_recoding_50_percent,leave_one_publication_out,False,Bayesian Ridge,held_out_publication,48,134.7,163.19051792102022,-28.490517921020228,28.490517921020228,811.7096114079748,1696,1696,,shared_semantic_dataset,,Ref-141-Research,Ref-141-Research
shared_semantic_recoding_50_percent,leave_one_publication_out,False,Bayesian Ridge,held_out_publication,49,138.2,162.83392311058793,-24.633923110587943,24.633923110587943,606.8301678183587,1697,1697,,shared_semantic_dataset,,Ref-141-Research,Ref-141-Research
shared_semantic_recoding_50_percent,leave_one_publication_out,False,Bayesian Ridge,held_out_publication,50,127.4,159.25639400387442,-31.856394003874414,31.856394003874414,1014.8298389300857,1698,1698,,shared_semantic_dataset,,Ref-141-Research,Ref-141-Research
shared_semantic_recoding_50_percent,leave_one_publication_out,False,Bayesian Ridge,held_out_publication,51,122.5,155.67724975986667,-33.17724975986667,33.17724975986667,1100.7299016285729,1699,1699,,shared_semantic_dataset,,Ref-141-Research,Ref-141-Research
shared_semantic_recoding_50_percent,leave_one_publication_out,False,Bayesian Ridge,held_out_publication,52,115.3,152.09972065315316,-36.79972065315316,36.79972065315316,1354.2194401501072,1700,1700,,shared_semantic_dataset,,Ref-141-Research,Ref-141-Research
shared_semantic_recoding_50_percent,leave_one_publication_out,False,Bayesian Ridge,held_out_publication,53,125.6,164.451011117675,-38.851011117675,38.851011117675,1509.4010648657065,1701,1701,,shared_semantic_dataset,,Ref-141-Research,Ref-141-Research
shared_semantic_recoding_50_percent,leave_one_publication_out,False,Bayesian Ridge,held_out_publication,54,116.7,160.87348201096148,-44.17348201096148,44.17348201096148,1951.2965129727374,1702,1702,,shared_semantic_dataset,,Ref-141-Research,Ref-141-Research
shared_semantic_recoding_50_percent,leave_one_publication_out,False,Bayesian Ridge,held_out_publication,55,113.4,157.29433776695373,-43.894337766953726,43.894337766953726,1926.7128879994202,1703,1703,,shared_semantic_dataset,,Ref-141-Research,Ref-141-Research
shared_semantic_recoding_50_percent,leave_one_publication_out,False,Bayesian Ridge,held_out_publication,56,109.5,153.71680866024022,-44.21680866024022,44.21680866024022,1955.1261680962944,1704,1704,,shared_semantic_dataset,,Ref-141-Research,Ref-141-Research
shared_semantic_recoding_50_percent,leave_one_publication_out,False,Bayesian Ridge,held_out_publication,57,130.3,160.7640099147195,-30.464009914719497,30.464009914719497,928.0559000841279,1705,1705,,shared_semantic_dataset,,Ref-141-Research,Ref-141-Research
shared_semantic_recoding_50_percent,leave_one_publication_out,False,Bayesian Ridge,held_out_publication,58,120.7,157.18648080800597,-36.486480808005965,36.486480808005965,1331.2632817529875,1706,1706,,shared_semantic_dataset,,Ref-141-Research,Ref-141-Research
shared_semantic_recoding_50_percent,leave_one_publication_out,False,Bayesian Ridge,held_out_publication,59,116.6,153.60733656399825,-37.00733656399825,37.00733656399825,1369.542959561042,1707,1707,,shared_semantic_dataset,,Ref-141-Research,Ref-141-Research
shared_semantic_recoding_50_percent,leave_one_publication_out,False,Bayesian Ridge,held_out_publication,60,111.2,150.02980745728473,-38.82980745728473,38.82980745728473,1507.7539471698049,1708,1708,,shared_semantic_dataset,,Ref-141-Research,Ref-141-Research
shared_semantic_recoding_50_percent,leave_one_publication_out,False,Bayesian Ridge,held_out_publication,61,163.3,185.79788565632197,-22.497885656321955,22.497885656321955,506.1548590049372,1709,1709,,shared_semantic_dataset,,Ref-141-Research,Ref-141-Research
shared_semantic_recoding_50_percent,leave_one_publication_out,False,Bayesian Ridge,held_out_publication,62,140.9,182.22035654960845,-41.32035654960845,41.32035654960845,1707.3718653867697,1710,1710,,shared_semantic_dataset,,Ref-141-Research,Ref-141-Research
shared_semantic_recoding_50_percent,leave_one_publication_out,False,Bayesian Ridge,held_out_publication,63,131.8,178.6412123056007,-46.84121230560069,46.84121230560069,2194.099170258358,1711,1711,,shared_semantic_dataset,,Ref-141-Research,Ref-141-Research
shared_semantic_recoding_50_percent,leave_one_publication_out,False,Bayesian Ridge,held_out_publication,64,112.2,175.0636831988872,-62.86368319888719,62.86368319888719,3951.842665330051,1712,1712,,shared_semantic_dataset,,Ref-141-Research,Ref-141-Research
shared_semantic_recoding_50_percent,leave_one_publication_out,False,Bayesian Ridge,held_out_publication,65,140.3,187.41497366340903,-47.11497366340902,47.11497366340902,2219.8207433037255,1713,1713,,shared_semantic_dataset,,Ref-141-Research,Ref-141-Research
shared_semantic_recoding_50_percent,leave_one_publication_out,False,Bayesian Ridge,held_out_publication,66,125.2,183.83744455669552,-58.63744455669551,58.63744455669551,3438.3499041395403,1714,1714,,shared_semantic_dataset,,Ref-141-Research,Ref-141-Research
shared_semantic_recoding_50_percent,leave_one_publication_out,False,Bayesian Ridge,held_out_publication,67,117.5,180.25830031268777,-62.758300312687766,62.758300312687766,3938.6042581375054,1715,1715,,shared_semantic_dataset,,Ref-141-Research,Ref-141-Research
shared_semantic_recoding_50_percent,leave_one_publication_out,False,Bayesian Ridge,held_out_publication,68,105.4,176.68077120597425,-71.28077120597425,71.28077120597425,5080.948343718447,1716,1716,,shared_semantic_dataset,,Ref-141-Research,Ref-141-Research
shared_semantic_recoding_50_percent,leave_one_publication_out,False,Bayesian Ridge,held_out_publication,69,146.7,183.72797246045354,-37.027972460453555,37.027972460453555,1371.0707445321068,1717,1717,,shared_semantic_dataset,,Ref-141-Research,Ref-141-Research
shared_semantic_recoding_50_percent,leave_one_publication_out,False,Bayesian Ridge,held_out_publication,70,130.3,180.15044335374,-49.85044335373999,49.85044335373999,2485.0667025644398,1718,1718,,shared_semantic_dataset,,Ref-141-Research,Ref-141-Research
shared_semantic_recoding_50_percent,leave_one_publication_out,False,Bayesian Ridge,held_out_publication,71,124.4,176.57129910973228,-52.171299109732274,52.171299109732274,2721.8444507971517,1719,1719,,shared_semantic_dataset,,Ref-141-Research,Ref-141-Research
shared_semantic_recoding_50_percent,leave_one_publication_out,False,Bayesian Ridge,held_out_publication,72,107.5,172.99377000301877,-65.49377000301877,65.49377000301877,4289.433909208321,1720,1720,,shared_semantic_dataset,,Ref-141-Research,Ref-141-Research
shared_semantic_recoding_50_percent,leave_one_publication_out,False,Bayesian Ridge,held_out_publication,0,102.0,157.1327637183331,-55.13276371833311,55.13276371833311,3039.6216352215474,490,490,,shared_semantic_dataset,,Ref-48-Research,Ref-48-Research
shared_semantic_recoding_50_percent,leave_one_publication_out,False,Bayesian Ridge,held_out_publication,1,100.0,148.68036274660938,-48.680362746609376,48.680362746609376,2369.777717141474,491,491,,shared_semantic_dataset,,Ref-48-Research,Ref-48-Research
shared_semantic_recoding_50_percent,leave_one_publication_out,False,Bayesian Ridge,held_out_publication,2,166.0,171.21505949661628,-5.215059496616277,5.215059496616277,27.196845553247616,492,492,,shared_semantic_dataset,,Ref-48-Research,Ref-48-Research
shared_semantic_recoding_50_percent,leave_one_publication_out,False,Bayesian Ridge,held_out_publication,3,158.0,174.14026020421178,-16.140260204211785,16.140260204211785,260.50799945966264,493,493,,shared_semantic_dataset,,Ref-48-Research,Ref-48-Research
shared_semantic_recoding_50_percent,leave_one_publication_out,False,Bayesian Ridge,held_out_publication,4,116.0,174.18185725823764,-58.18185725823764,58.18185725823764,3385.1285140179402,494,494,,shared_semantic_dataset,,Ref-48-Research,Ref-48-Research
shared_semantic_recoding_50_percent,leave_one_publication_out,False,Bayesian Ridge,held_out_publication,5,118.0,165.7294562865139,-47.72945628651391,47.72945628651391,2278.100997406242,495,495,,shared_semantic_dataset,,Ref-48-Research,Ref-48-Research
shared_semantic_recoding_50_percent,leave_one_publication_out,False,Bayesian Ridge,held_out_publication,6,170.0,188.26415303652078,-18.26415303652078,18.26415303652078,333.5792861414513,496,496,,shared_semantic_dataset,,Ref-48-Research,Ref-48-Research
shared_semantic_recoding_50_percent,leave_one_publication_out,False,Bayesian Ridge,held_out_publication,7,170.0,191.1893537441163,-21.18935374411629,21.18935374411629,448.988712093295,497,497,,shared_semantic_dataset,,Ref-48-Research,Ref-48-Research
shared_semantic_recoding_50_percent,leave_one_publication_out,False,Bayesian Ridge,held_out_publication,8,130.0,196.05501616264584,-66.05501616264584,66.05501616264584,4363.265160247403,498,498,,shared_semantic_dataset,,Ref-48-Research,Ref-48-Research
shared_semantic_recoding_50_percent,leave_one_publication_out,False,Bayesian Ridge,held_out_publication,9,144.0,187.60261519092214,-43.60261519092214,43.60261519092214,1901.1880514876339,499,499,,shared_semantic_dataset,,Ref-48-Research,Ref-48-Research
shared_semantic_recoding_50_percent,leave_one_publication_out,False,Bayesian Ridge,held_out_publication,10,184.0,210.137311940929,-26.13731194092901,26.13731194092901,683.1590754974302,500,500,,shared_semantic_dataset,,Ref-48-Research,Ref-48-Research
shared_semantic_recoding_50_percent,leave_one_publication_out,False,Bayesian Ridge,held_out_publication,11,182.0,213.06251264852452,-31.062512648524518,31.062512648524518,964.8796920397457,501,501,,shared_semantic_dataset,,Ref-48-Research,Ref-48-Research
shared_semantic_recoding_50_percent,leave_one_publication_out,False,Bayesian Ridge,held_out_publication,12,185.0,168.75667681860418,16.243323181395823,16.243323181395823,263.8455479752709,502,502,,shared_semantic_dataset,,Ref-48-Research,Ref-48-Research
shared_semantic_recoding_50_percent,leave_one_publication_out,False,Bayesian Ridge,held_out_publication,13,188.0,167.90125769734303,20.098742302656973,20.098742302656973,403.95944214861294,503,503,,shared_semantic_dataset,,Ref-48-Research,Ref-48-Research
shared_semantic_recoding_50_percent,leave_one_publication_out,False,Bayesian Ridge,held_out_publication,14,192.0,167.04583857608188,24.954161423918123,24.954161423918123,622.7101723709634,504,504,,shared_semantic_dataset,,Ref-48-Research,Ref-48-Research
shared_semantic_recoding_50_percent,leave_one_publication_out,False,Bayesian Ridge,held_out_publication,15,196.0,166.19041945482073,29.809580545179273,29.809580545179273,888.6110922795306,505,505,,shared_semantic_dataset,,Ref-48-Research,Ref-48-Research
shared_semantic_recoding_50_percent,leave_one_publication_out,False,Bayesian Ridge,held_out_publication,16,198.0,165.33500033355958,32.66499966644042,32.66499966644042,1067.0022032085528,506,506,,shared_semantic_dataset,,Ref-48-Research,Ref-48-Research
shared_semantic_recoding_50_percent,leave_one_publication_out,False,Bayesian Ridge,held_out_publication,17,205.0,164.47958121229843,40.52041878770157,40.52041878770157,1641.9043387307186,507,507,,shared_semantic_dataset,,Ref-48-Research,Ref-48-Research
shared_semantic_recoding_50_percent,leave_one_publication_out,False,Bayesian Ridge,held_out_publication,18,201.0,163.62416209103728,37.37583790896272,37.37583790896272,1396.953259397055,508,508,,shared_semantic_dataset,,Ref-48-Research,Ref-48-Research
shared_semantic_recoding_50_percent,leave_one_publication_out,False,Bayesian Ridge,held_out_publication,19,196.0,162.76874296977613,33.23125703022387,33.23125703022387,1104.3164438088036,509,509,,shared_semantic_dataset,,Ref-48-Research,Ref-48-Research
shared_semantic_recoding_50_percent,leave_one_publication_out,False,Bayesian Ridge,held_out_publication,20,191.0,161.913323848515,29.086676151484994,29.086676151484994,846.0347295413659,510,510,,shared_semantic_dataset,,Ref-48-Research,Ref-48-Research
shared_semantic_recoding_50_percent,leave_one_publication_out,False,Bayesian Ridge,held_out_publication,21,189.0,142.94673036524827,46.05326963475173,46.05326963475173,2120.9036440511454,511,511,,shared_semantic_dataset,,Ref-48-Research,Ref-48-Research
shared_semantic_recoding_50_percent,leave_one_publication_out,False,Bayesian Ridge,held_out_publication,22,182.0,168.75667681860418,13.243323181395823,13.243323181395823,175.385608886896,512,512,,shared_semantic_dataset,,Ref-48-Research,Ref-48-Research
shared_semantic_recoding_50_percent,leave_one_publication_out,False,Bayesian Ridge,held_out_publication,23,185.0,167.90125769734303,17.098742302656973,17.098742302656973,292.3669883326711,513,513,,shared_semantic_dataset,,Ref-48-Research,Ref-48-Research
shared_semantic_recoding_50_percent,leave_one_publication_out,False,Bayesian Ridge,held_out_publication,24,185.5,167.04583857608188,18.454161423918123,18.454161423918123,340.55607386002777,514,514,,shared_semantic_dataset,,Ref-48-Research,Ref-48-Research
shared_semantic_recoding_50_percent,leave_one_publication_out,False,Bayesian Ridge,held_out_publication,25,186.0,166.19041945482073,19.809580545179273,19.809580545179273,392.4194813759451,515,515,,shared_semantic_dataset,,Ref-48-Research,Ref-48-Research
shared_semantic_recoding_50_percent,leave_one_publication_out,False,Bayesian Ridge,held_out_publication,26,172.0,165.33500033355958,6.664999666440423,6.664999666440423,44.422220553650945,516,516,,shared_semantic_dataset,,Ref-48-Research,Ref-48-Research
shared_semantic_recoding_50_percent,leave_one_publication_out,False,Bayesian Ridge,held_out_publication,27,170.5,164.47958121229843,6.020418787701573,6.020418787701573,36.24544237931008,517,517,,shared_semantic_dataset,,Ref-48-Research,Ref-48-Research
shared_semantic_recoding_50_percent,leave_one_publication_out,False,Bayesian Ridge,held_out_publication,28,162.0,163.62416209103728,-1.6241620910372774,1.6241620910372774,2.6379024979625814,518,518,,shared_semantic_dataset,,Ref-48-Research,Ref-48-Research
shared_semantic_recoding_50_percent,leave_one_publication_out,False,Bayesian Ridge,held_out_publication,29,159.0,162.76874296977613,-3.7687429697761274,3.7687429697761274,14.203423572236984,519,519,,shared_semantic_dataset,,Ref-48-Research,Ref-48-Research
shared_semantic_recoding_50_percent,leave_one_publication_out,False,Bayesian Ridge,held_out_publication,30,169.0,161.913323848515,7.086676151484994,7.086676151484994,50.220978876026166,520,520,,shared_semantic_dataset,,Ref-48-Research,Ref-48-Research
shared_semantic_recoding_50_percent,leave_one_publication_out,False,Bayesian Ridge,held_out_publication,31,157.0,142.94673036524827,14.053269634751729,14.053269634751729,197.49438742703498,521,521,,shared_semantic_dataset,,Ref-48-Research,Ref-48-Research
shared_semantic_recoding_50_percent,leave_one_publication_out,False,Bayesian Ridge,held_out_publication,32,199.0,185.80577035850868,13.194229641491319,13.194229641491319,174.08769583240814,522,522,,shared_semantic_dataset,,Ref-48-Research,Ref-48-Research
shared_semantic_recoding_50_percent,leave_one_publication_out,False,Bayesian Ridge,held_out_publication,33,202.0,184.95035123724753,17.04964876275247,17.04964876275247,290.69052293322676,523,523,,shared_semantic_dataset,,Ref-48-Research,Ref-48-Research
shared_semantic_recoding_50_percent,leave_one_publication_out,False,Bayesian Ridge,held_out_publication,34,203.0,184.09493211598638,18.90506788401362,18.90506788401362,357.40159169916313,524,524,,shared_semantic_dataset,,Ref-48-Research,Ref-48-Research
shared_semantic_recoding_50_percent,leave_one_publication_out,False,Bayesian Ridge,held_out_publication,35,209.0,183.23951299472523,25.76048700527477,25.76048700527477,663.6026907489302,525,525,,shared_semantic_dataset,,Ref-48-Research,Ref-48-Research
shared_semantic_recoding_50_percent,leave_one_publication_out,False,Bayesian Ridge,held_out_publication,36,212.0,182.3840938734641,29.61590612653589,29.61590612653589,877.1018956957861,526,526,,shared_semantic_dataset,,Ref-48-Research,Ref-48-Research
shared_semantic_recoding_50_percent,leave_one_publication_out,False,Bayesian Ridge,held_out_publication,37,218.0,181.52867475220296,36.47132524779704,36.47132524779704,1330.157565330598,527,527,,shared_semantic_dataset,,Ref-48-Research,Ref-48-Research
shared_semantic_recoding_50_percent,leave_one_publication_out,False,Bayesian Ridge,held_out_publication,38,216.0,180.6732556309418,35.32674436905819,35.32674436905819,1247.9788677167846,528,528,,shared_semantic_dataset,,Ref-48-Research,Ref-48-Research
shared_semantic_recoding_50_percent,leave_one_publication_out,False,Bayesian Ridge,held_out_publication,39,212.0,179.81783650968066,32.18216349031934,32.18216349031934,1035.691646917643,529,529,,shared_semantic_dataset,,Ref-48-Research,Ref-48-Research
shared_semantic_recoding_50_percent,leave_one_publication_out,False,Bayesian Ridge,held_out_publication,40,210.0,178.9624173884195,31.03758261158049,31.03758261158049,963.3315343706836,530,530,,shared_semantic_dataset,,Ref-48-Research,Ref-48-Research
shared_semantic_recoding_50_percent,leave_one_publication_out,False,Bayesian Ridge,held_out_publication,41,208.0,159.99582390515278,48.004176094847224,48.004176094847224,2304.400922545102,531,531,,shared_semantic_dataset,,Ref-48-Research,Ref-48-Research
shared_semantic_recoding_50_percent,leave_one_publication_out,False,Bayesian Ridge,held_out_publication,42,194.0,185.80577035850868,8.194229641491319,8.194229641491319,67.14539941749494,532,532,,shared_semantic_dataset,,Ref-48-Research,Ref-48-Research
shared_semantic_recoding_50_percent,leave_one_publication_out,False,Bayesian Ridge,held_out_publication,43,197.0,184.95035123724753,12.049648762752469,12.049648762752469,145.1940353057021,533,533,,shared_semantic_dataset,,Ref-48-Research,Ref-48-Research
shared_semantic_recoding_50_percent,leave_one_publication_out,False,Bayesian Ridge,held_out_publication,44,198.0,184.09493211598638,13.905067884013619,13.905067884013619,193.35091285902698,534,534,,shared_semantic_dataset,,Ref-48-Research,Ref-48-Research
shared_semantic_recoding_50_percent,leave_one_publication_out,False,Bayesian Ridge,held_out_publication,45,200.0,183.23951299472523,16.76048700527477,16.76048700527477,280.9139246539844,535,535,,shared_semantic_dataset,,Ref-48-Research,Ref-48-Research
shared_semantic_recoding_50_percent,leave_one_publication_out,False,Bayesian Ridge,held_out_publication,46,182.0,182.3840938734641,-0.38409387346410995,0.38409387346410995,0.1475281036326637,536,536,,shared_semantic_dataset,,Ref-48-Research,Ref-48-Research
shared_semantic_recoding_50_percent,leave_one_publication_out,False,Bayesian Ridge,held_out_publication,47,181.0,181.52867475220296,-0.52867475220296,0.52867475220296,0.27949699361686114,537,537,,shared_semantic_dataset,,Ref-48-Research,Ref-48-Research
shared_semantic_recoding_50_percent,leave_one_publication_out,False,Bayesian Ridge,held_out_publication,48,178.0,180.6732556309418,-2.67325563094181,2.67325563094181,7.146295668362095,538,538,,shared_semantic_dataset,,Ref-48-Research,Ref-48-Research
shared_semantic_recoding_50_percent,leave_one_publication_out,False,Bayesian Ridge,held_out_publication,49,176.0,179.81783650968066,-3.81783650968066,3.81783650968066,14.575875614650606,539,539,,shared_semantic_dataset,,Ref-48-Research,Ref-48-Research
shared_semantic_recoding_50_percent,leave_one_publication_out,False,Bayesian Ridge,held_out_publication,50,175.0,178.9624173884195,-3.96241738841951,3.96241738841951,15.70075156004929,540,540,,shared_semantic_dataset,,Ref-48-Research,Ref-48-Research
shared_semantic_recoding_50_percent,leave_one_publication_out,False,Bayesian Ridge,held_out_publication,51,171.0,159.99582390515278,11.004176094847224,11.004176094847224,121.09189152640711,541,541,,shared_semantic_dataset,,Ref-48-Research,Ref-48-Research
shared_semantic_recoding_50_percent,leave_one_publication_out,False,Bayesian Ridge,held_out_publication,52,210.0,207.6789292629169,2.3210707370830903,2.3210707370830903,5.387369366543441,542,542,,shared_semantic_dataset,,Ref-48-Research,Ref-48-Research
shared_semantic_recoding_50_percent,leave_one_publication_out,False,Bayesian Ridge,held_out_publication,53,212.0,206.82351014165576,5.17648985834424,5.17648985834424,26.796047253540774,543,543,,shared_semantic_dataset,,Ref-48-Research,Ref-48-Research
shared_semantic_recoding_50_percent,leave_one_publication_out,False,Bayesian Ridge,held_out_publication,54,217.0,205.9680910203946,11.03190897960539,11.03190897960539,121.70301573429803,544,544,,shared_semantic_dataset,,Ref-48-Research,Ref-48-Research
shared_semantic_recoding_50_percent,leave_one_publication_out,False,Bayesian Ridge,held_out_publication,55,225.0,205.11267189913346,19.88732810086654,19.88732810086654,395.5058189915159,545,545,,shared_semantic_dataset,,Ref-48-Research,Ref-48-Research
shared_semantic_recoding_50_percent,leave_one_publication_out,False,Bayesian Ridge,held_out_publication,56,227.0,204.2572527778723,22.74274722212769,22.74274722212769,517.2325512095967,546,546,,shared_semantic_dataset,,Ref-48-Research,Ref-48-Research
shared_semantic_recoding_50_percent,leave_one_publication_out,False,Bayesian Ridge,held_out_publication,57,234.0,203.40183365661116,30.59816634338884,30.59816634338884,936.2477835776936,547,547,,shared_semantic_dataset,,Ref-48-Research,Ref-48-Research
shared_semantic_recoding_50_percent,leave_one_publication_out,False,Bayesian Ridge,held_out_publication,58,232.0,202.54641453535004,29.45358546464996,29.45358546464996,867.5136967234395,548,548,,shared_semantic_dataset,,Ref-48-Research,Ref-48-Research
shared_semantic_recoding_50_percent,leave_one_publication_out,False,Bayesian Ridge,held_out_publication,59,227.0,201.6909954140889,25.30900458591111,25.30900458591111,640.5457131296697,549,549,,shared_semantic_dataset,,Ref-48-Research,Ref-48-Research
shared_semantic_recoding_50_percent,leave_one_publication_out,False,Bayesian Ridge,held_out_publication,60,221.0,200.83557629282774,20.16442370717226,20.16442370717226,406.60398344237075,550,550,,shared_semantic_dataset,,Ref-48-Research,Ref-48-Research
shared_semantic_recoding_50_percent,leave_one_publication_out,False,Bayesian Ridge,held_out_publication,61,219.0,181.868982809561,37.131017190438996,37.131017190438996,1378.7124375966762,551,551,,shared_semantic_dataset,,Ref-48-Research,Ref-48-Research
shared_semantic_recoding_50_percent,leave_one_publication_out,False,Bayesian Ridge,held_out_publication,62,209.0,207.6789292629169,1.3210707370830903,1.3210707370830903,1.7452278923772595,552,552,,shared_semantic_dataset,,Ref-48-Research,Ref-48-Research
shared_semantic_recoding_50_percent,leave_one_publication_out,False,Bayesian Ridge,held_out_publication,63,210.0,206.82351014165576,3.1764898583442402,3.1764898583442402,10.090087820163811,553,553,,shared_semantic_dataset,,Ref-48-Research,Ref-48-Research
shared_semantic_recoding_50_percent,leave_one_publication_out,False,Bayesian Ridge,held_out_publication,64,213.0,205.9680910203946,7.03190897960539,7.03190897960539,49.44774389745492,554,554,,shared_semantic_dataset,,Ref-48-Research,Ref-48-Research
shared_semantic_recoding_50_percent,leave_one_publication_out,False,Bayesian Ridge,held_out_publication,65,215.0,205.1126718991335,9.887328100866512,9.887328100866512,97.75925697418458,555,555,,shared_semantic_dataset,,Ref-48-Research,Ref-48-Research
shared_semantic_recoding_50_percent,leave_one_publication_out,False,Bayesian Ridge,held_out_publication,66,198.0,204.25725277787234,-6.257252777872338,6.257252777872338,39.153212326191095,556,556,,shared_semantic_dataset,,Ref-48-Research,Ref-48-Research
shared_semantic_recoding_50_percent,leave_one_publication_out,False,Bayesian Ridge,held_out_publication,67,192.0,203.4018336566112,-11.401833656611188,11.401833656611188,130.00181073303168,557,557,,shared_semantic_dataset,,Ref-48-Research,Ref-48-Research
shared_semantic_recoding_50_percent,leave_one_publication_out,False,Bayesian Ridge,held_out_publication,68,186.5,202.54641453535004,-16.04641453535004,16.04641453535004,257.48741944029297,558,558,,shared_semantic_dataset,,Ref-48-Research,Ref-48-Research
shared_semantic_recoding_50_percent,leave_one_publication_out,False,Bayesian Ridge,held_out_publication,69,185.0,201.6909954140889,-16.69099541408889,16.69099541408889,278.5893279131363,559,559,,shared_semantic_dataset,,Ref-48-Research,Ref-48-Research
shared_semantic_recoding_50_percent,leave_one_publication_out,False,Bayesian Ridge,held_out_publication,70,183.0,200.83557629282774,-17.83557629282774,17.83557629282774,318.1077816972789,560,560,,shared_semantic_dataset,,Ref-48-Research,Ref-48-Research
shared_semantic_recoding_50_percent,leave_one_publication_out,False,Bayesian Ridge,held_out_publication,71,178.0,181.868982809561,-3.868982809561004,3.868982809561004,14.96902798067856,561,561,,shared_semantic_dataset,,Ref-48-Research,Ref-48-Research
shared_semantic_recoding_50_percent,leave_one_publication_out,False,Bayesian Ridge,held_out_publication,0,160.0,147.96913747205997,12.03086252794003,12.03086252794003,144.74165316619158,988,988,,shared_semantic_dataset,,Ref-85-Research,Ref-85-Research
shared_semantic_recoding_50_percent,leave_one_publication_out,False,Bayesian Ridge,held_out_publication,1,141.0,147.63708296235785,-6.637082962357852,6.637082962357852,44.05087024922087,989,989,,shared_semantic_dataset,,Ref-85-Research,Ref-85-Research
shared_semantic_recoding_50_percent,leave_one_publication_out,False,Bayesian Ridge,held_out_publication,2,131.0,147.30635667069453,-16.306356670694527,16.306356670694527,265.89726787190386,990,990,,shared_semantic_dataset,,Ref-85-Research,Ref-85-Research
shared_semantic_recoding_50_percent,leave_one_publication_out,False,Bayesian Ridge,held_out_publication,3,128.0,146.9743021609924,-18.97430216099241,18.97430216099241,360.02414249664116,991,991,,shared_semantic_dataset,,Ref-85-Research,Ref-85-Research
shared_semantic_recoding_50_percent,leave_one_publication_out,False,Bayesian Ridge,held_out_publication,4,147.0,143.67762201586822,3.3223779841317764,3.3223779841317764,11.038195469443526,992,992,,shared_semantic_dataset,,Ref-85-Research,Ref-85-Research
shared_semantic_recoding_50_percent,leave_one_publication_out,False,Bayesian Ridge,held_out_publication,5,155.0,143.3468957242049,11.653104275795101,11.653104275795101,135.79483926255406,993,993,,shared_semantic_dataset,,Ref-85-Research,Ref-85-Research
shared_semantic_recoding_50_percent,leave_one_publication_out,False,Bayesian Ridge,held_out_publication,6,134.0,143.01484121450278,-9.01484121450278,9.01484121450278,81.26736212269796,994,994,,shared_semantic_dataset,,Ref-85-Research,Ref-85-Research
shared_semantic_recoding_50_percent,leave_one_publication_out,False,Bayesian Ridge,held_out_publication,7,123.0,142.68411492283946,-19.684114922839456,19.684114922839456,387.46438029555094,995,995,,shared_semantic_dataset,,Ref-85-Research,Ref-85-Research
shared_semantic_recoding_50_percent,leave_one_publication_out,False,Bayesian Ridge,held_out_publication,8,129.0,139.38743477771527,-10.38743477771527,10.38743477771527,107.8988012612887,996,996,,shared_semantic_dataset,,Ref-85-Research,Ref-85-Research
shared_semantic_recoding_50_percent,leave_one_publication_out,False,Bayesian Ridge,held_out_publication,9,128.0,139.05538026801315,-11.055380268013153,11.055380268013153,122.22143287037457,997,997,,shared_semantic_dataset,,Ref-85-Research,Ref-85-Research
shared_semantic_recoding_50_percent,leave_one_publication_out,False,Bayesian Ridge,held_out_publication,10,130.0,138.72465397634986,-8.724653976349856,8.724653976349856,76.11958700703735,998,998,,shared_semantic_dataset,,Ref-85-Research,Ref-85-Research
shared_semantic_recoding_50_percent,leave_one_publication_out,False,Bayesian Ridge,held_out_publication,11,144.0,138.39259946664774,5.607400533352262,5.607400533352262,31.442940741439234,999,999,,shared_semantic_dataset,,Ref-85-Research,Ref-85-Research
shared_semantic_recoding_50_percent,leave_one_publication_out,False,Bayesian Ridge,held_out_publication,12,119.0,135.09724753956235,-16.097247539562346,16.097247539562346,259.121378349946,1000,1000,,shared_semantic_dataset,,Ref-85-Research,Ref-85-Research
shared_semantic_recoding_50_percent,leave_one_publication_out,False,Bayesian Ridge,held_out_publication,13,112.0,134.76519302986023,-22.765193029860228,22.765193029860228,518.2540136867967,1001,1001,,shared_semantic_dataset,,Ref-85-Research,Ref-85-Research
shared_semantic_recoding_50_percent,leave_one_publication_out,False,Bayesian Ridge,held_out_publication,14,141.0,134.4331385201581,6.56686147984189,6.56686147984189,43.12366969543122,1002,1002,,shared_semantic_dataset,,Ref-85-Research,Ref-85-Research
shared_semantic_recoding_50_percent,leave_one_publication_out,False,Bayesian Ridge,held_out_publication,15,142.0,134.10241222849479,7.897587771505215,7.897587771505215,62.371892608628706,1003,1003,,shared_semantic_dataset,,Ref-85-Research,Ref-85-Research
shared_semantic_recoding_50_percent,leave_one_publication_out,False,Bayesian Ridge,held_out_publication,16,198.0,159.73730746992644,38.262692530073565,38.262692530073565,1464.0336396509474,1004,1004,,shared_semantic_dataset,,Ref-85-Research,Ref-85-Research
shared_semantic_recoding_50_percent,leave_one_publication_out,False,Bayesian Ridge,held_out_publication,17,191.0,159.40525296022432,31.594747039775683,31.594747039775683,998.2280405074143,1005,1005,,shared_semantic_dataset,,Ref-85-Research,Ref-85-Research
shared_semantic_recoding_50_percent,leave_one_publication_out,False,Bayesian Ridge,held_out_publication,18,187.0,159.074526668561,27.925473331439008,27.925473331439008,779.8320607849113,1006,1006,,shared_semantic_dataset,,Ref-85-Research,Ref-85-Research
shared_semantic_recoding_50_percent,leave_one_publication_out,False,Bayesian Ridge,held_out_publication,19,178.0,158.74247215885887,19.257527841141126,19.257527841141126,370.8523785523256,1007,1007,,shared_semantic_dataset,,Ref-85-Research,Ref-85-Research
shared_semantic_recoding_50_percent,leave_one_publication_out,False,Bayesian Ridge,held_out_publication,20,170.0,155.4457920137347,14.554207986265311,14.554207986265311,211.82497010746897,1008,1008,,shared_semantic_dataset,,Ref-85-Research,Ref-85-Research
shared_semantic_recoding_50_percent,leave_one_publication_out,False,Bayesian Ridge,held_out_publication,21,175.0,155.11506572207136,19.884934277928636,19.884934277928636,395.4106112375412,1009,1009,,shared_semantic_dataset,,Ref-85-Research,Ref-85-Research
shared_semantic_recoding_50_percent,leave_one_publication_out,False,Bayesian Ridge,held_out_publication,22,179.0,154.78301121236925,24.216988787630754,24.216988787630754,586.4625459402337,1010,1010,,shared_semantic_dataset,,Ref-85-Research,Ref-85-Research
shared_semantic_recoding_50_percent,leave_one_publication_out,False,Bayesian Ridge,held_out_publication,23,168.0,154.45228492070595,13.54771507929405,13.54771507929405,183.5405838697314,1011,1011,,shared_semantic_dataset,,Ref-85-Research,Ref-85-Research
shared_semantic_recoding_50_percent,leave_one_publication_out,False,Bayesian Ridge,held_out_publication,24,149.0,151.15560477558174,-2.155604775581736,2.155604775581736,4.6466319485107865,1012,1012,,shared_semantic_dataset,,Ref-85-Research,Ref-85-Research
shared_semantic_recoding_50_percent,leave_one_publication_out,False,Bayesian Ridge,held_out_publication,25,147.0,150.82355026587962,-3.823550265879618,3.823550265879618,14.619536635708096,1013,1013,,shared_semantic_dataset,,Ref-85-Research,Ref-85-Research
shared_semantic_recoding_50_percent,leave_one_publication_out,False,Bayesian Ridge,held_out_publication,26,152.0,150.49282397421632,1.5071760257836786,1.5071760257836786,2.271579572697084,1014,1014,,shared_semantic_dataset,,Ref-85-Research,Ref-85-Research
shared_semantic_recoding_50_percent,leave_one_publication_out,False,Bayesian Ridge,held_out_publication,27,158.0,150.1607694645142,7.839230535485797,7.839230535485797,61.45353538849293,1015,1015,,shared_semantic_dataset,,Ref-85-Research,Ref-85-Research
shared_semantic_recoding_50_percent,leave_one_publication_out,False,Bayesian Ridge,held_out_publication,28,146.0,146.8654175374288,-0.8654175374288116,0.8654175374288116,0.7489475140893485,1016,1016,,shared_semantic_dataset,,Ref-85-Research,Ref-85-Research
shared_semantic_recoding_50_percent,leave_one_publication_out,False,Bayesian Ridge,held_out_publication,29,142.0,146.5333630277267,-4.533363027726693,4.533363027726693,20.551380341159334,1017,1017,,shared_semantic_dataset,,Ref-85-Research,Ref-85-Research
shared_semantic_recoding_50_percent,leave_one_publication_out,False,Bayesian Ridge,held_out_publication,30,156.0,146.20130851802458,9.798691481975425,9.798691481975425,96.01435475893774,1018,1018,,shared_semantic_dataset,,Ref-85-Research,Ref-85-Research
shared_semantic_recoding_50_percent,leave_one_publication_out,False,Bayesian Ridge,held_out_publication,31,158.0,145.87058222636125,12.12941777363875,12.12941777363875,147.1227755274636,1019,1019,,shared_semantic_dataset,,Ref-85-Research,Ref-85-Research
shared_semantic_recoding_50_percent,leave_one_publication_out,False,Bayesian Ridge,held_out_publication,32,213.0,166.49595462713222,46.50404537286778,46.50404537286778,2162.626236041745,1020,1020,,shared_semantic_dataset,,Ref-85-Research,Ref-85-Research
shared_semantic_recoding_50_percent,leave_one_publication_out,False,Bayesian Ridge,held_out_publication,33,210.0,166.1639001174301,43.8360998825699,43.8360998825699,1921.6036529146445,1021,1021,,shared_semantic_dataset,,Ref-85-Research,Ref-85-Research
shared_semantic_recoding_50_percent,leave_one_publication_out,False,Bayesian Ridge,held_out_publication,34,205.0,165.83317382576678,39.16682617423322,39.16682617423322,1534.0402725626006,1022,1022,,shared_semantic_dataset,,Ref-85-Research,Ref-85-Research
shared_semantic_recoding_50_percent,leave_one_publication_out,False,Bayesian Ridge,held_out_publication,35,196.0,165.50111931606466,30.49888068393534,30.49888068393534,930.1817229729241,1023,1023,,shared_semantic_dataset,,Ref-85-Research,Ref-85-Research
shared_semantic_recoding_50_percent,leave_one_publication_out,False,Bayesian Ridge,held_out_publication,36,207.0,162.20443917094047,44.795560829059525,44.795560829059525,2006.6422699899722,1024,1024,,shared_semantic_dataset,,Ref-85-Research,Ref-85-Research
shared_semantic_recoding_50_percent,leave_one_publication_out,False,Bayesian Ridge,held_out_publication,37,194.0,161.87371287927718,32.12628712072282,32.12628712072282,1032.098324163121,1025,1025,,shared_semantic_dataset,,Ref-85-Research,Ref-85-Research
shared_semantic_recoding_50_percent,leave_one_publication_out,False,Bayesian Ridge,held_out_publication,38,208.0,161.54165836957506,46.45834163042494,46.45834163042494,2158.377507049275,1026,1026,,shared_semantic_dataset,,Ref-85-Research,Ref-85-Research
shared_semantic_recoding_50_percent,leave_one_publication_out,False,Bayesian Ridge,held_out_publication,39,192.0,161.21093207791174,30.789067922088265,30.789067922088265,947.9667035109645,1027,1027,,shared_semantic_dataset,,Ref-85-Research,Ref-85-Research
shared_semantic_recoding_50_percent,leave_one_publication_out,False,Bayesian Ridge,held_out_publication,40,175.0,157.91425193278755,17.08574806721245,17.08574806721245,291.92278701625395,1028,1028,,shared_semantic_dataset,,Ref-85-Research,Ref-85-Research
shared_semantic_recoding_50_percent,leave_one_publication_out,False,Bayesian Ridge,held_out_publication,41,176.0,157.58219742308543,18.417802576914568,18.417802576914568,339.21545176220087,1029,1029,,shared_semantic_dataset,,Ref-85-Research,Ref-85-Research
shared_semantic_recoding_50_percent,leave_one_publication_out,False,Bayesian Ridge,held_out_publication,42,186.0,157.2514711314221,28.748528868577893,28.748528868577893,826.4779121074565,1030,1030,,shared_semantic_dataset,,Ref-85-Research,Ref-85-Research
shared_semantic_recoding_50_percent,leave_one_publication_out,False,Bayesian Ridge,held_out_publication,43,183.0,156.91941662172,26.08058337828001,26.08058337828001,680.1968293514155,1031,1031,,shared_semantic_dataset,,Ref-85-Research,Ref-85-Research
shared_semantic_recoding_50_percent,leave_one_publication_out,False,Bayesian Ridge,held_out_publication,44,168.0,153.62406469463463,14.375935305365374,14.375935305365374,206.66751590405062,1032,1032,,shared_semantic_dataset,,Ref-85-Research,Ref-85-Research
shared_semantic_recoding_50_percent,leave_one_publication_out,False,Bayesian Ridge,held_out_publication,45,162.0,153.29201018493248,8.70798981506752,8.70798981506752,75.82908661931967,1033,1033,,shared_semantic_dataset,,Ref-85-Research,Ref-85-Research
shared_semantic_recoding_50_percent,leave_one_publication_out,False,Bayesian Ridge,held_out_publication,46,175.0,152.95995567523036,22.04004432476964,22.04004432476964,485.7635538378104,1034,1034,,shared_semantic_dataset,,Ref-85-Research,Ref-85-Research
shared_semantic_recoding_50_percent,leave_one_publication_out,False,Bayesian Ridge,held_out_publication,47,170.0,152.62922938356706,17.370770616432935,17.370770616432935,301.74367180872986,1035,1035,,shared_semantic_dataset,,Ref-85-Research,Ref-85-Research
shared_semantic_recoding_50_percent,leave_one_publication_out,False,Bayesian Ridge,held_out_publication,48,232.0,173.25460178433804,58.745398215661965,58.745398215661965,3451.0218115167,1036,1036,,shared_semantic_dataset,,Ref-85-Research,Ref-85-Research
shared_semantic_recoding_50_percent,leave_one_publication_out,False,Bayesian Ridge,held_out_publication,49,229.0,172.92254727463592,56.07745272536408,56.07745272536408,3144.680704165444,1037,1037,,shared_semantic_dataset,,Ref-85-Research,Ref-85-Research
shared_semantic_recoding_50_percent,leave_one_publication_out,False,Bayesian Ridge,held_out_publication,50,217.0,172.5918209829726,44.40817901702741,44.40817901702741,1972.0863636083534,1038,1038,,shared_semantic_dataset,,Ref-85-Research,Ref-85-Research
shared_semantic_recoding_50_percent,leave_one_publication_out,False,Bayesian Ridge,held_out_publication,51,213.0,172.25976647327047,40.740233526729526,40.740233526729526,1659.7666278124566,1039,1039,,shared_semantic_dataset,,Ref-85-Research,Ref-85-Research
shared_semantic_recoding_50_percent,leave_one_publication_out,False,Bayesian Ridge,held_out_publication,52,226.0,168.9630863281463,57.03691367185371,57.03691367185371,3253.2095212104928,1040,1040,,shared_semantic_dataset,,Ref-85-Research,Ref-85-Research
shared_semantic_recoding_50_percent,leave_one_publication_out,False,Bayesian Ridge,held_out_publication,53,220.0,168.63236003648296,51.367639963517036,51.367639963517036,2638.6344354215125,1041,1041,,shared_semantic_dataset,,Ref-85-Research,Ref-85-Research
shared_semantic_recoding_50_percent,leave_one_publication_out,False,Bayesian Ridge,held_out_publication,54,211.0,168.30030552678085,42.699694473219154,42.699694473219154,1823.2639081062623,1042,1042,,shared_semantic_dataset,,Ref-85-Research,Ref-85-Research
shared_semantic_recoding_50_percent,leave_one_publication_out,False,Bayesian Ridge,held_out_publication,55,204.0,167.96957923511755,36.03042076488245,36.03042076488245,1298.1912204944724,1043,1043,,shared_semantic_dataset,,Ref-85-Research,Ref-85-Research
shared_semantic_recoding_50_percent,leave_one_publication_out,False,Bayesian Ridge,held_out_publication,56,197.0,164.67289908999334,32.32710091000666,32.32710091000666,1045.0414532457537,1044,1044,,shared_semantic_dataset,,Ref-85-Research,Ref-85-Research
shared_semantic_recoding_50_percent,leave_one_publication_out,False,Bayesian Ridge,held_out_publication,57,194.0,164.34084458029122,29.65915541970878,29.65915541970878,879.6655002104408,1045,1045,,shared_semantic_dataset,,Ref-85-Research,Ref-85-Research
shared_semantic_recoding_50_percent,leave_one_publication_out,False,Bayesian Ridge,held_out_publication,58,201.0,164.01011828862792,36.98988171137208,36.98988171137208,1368.2513490212984,1046,1046,,shared_semantic_dataset,,Ref-85-Research,Ref-85-Research
shared_semantic_recoding_50_percent,leave_one_publication_out,False,Bayesian Ridge,held_out_publication,59,198.0,163.6780637789258,34.321936221074196,34.321936221074196,1177.995305963485,1047,1047,,shared_semantic_dataset,,Ref-85-Research,Ref-85-Research
shared_semantic_recoding_50_percent,leave_one_publication_out,False,Bayesian Ridge,held_out_publication,60,170.0,160.3827118518404,9.617288148159588,9.617288148159588,92.49223132473088,1048,1048,,shared_semantic_dataset,,Ref-85-Research,Ref-85-Research
shared_semantic_recoding_50_percent,leave_one_publication_out,False,Bayesian Ridge,held_out_publication,61,170.0,160.0506573421383,9.949342657861706,9.949342657861706,98.98941932354664,1049,1049,,shared_semantic_dataset,,Ref-85-Research,Ref-85-Research
shared_semantic_recoding_50_percent,leave_one_publication_out,False,Bayesian Ridge,held_out_publication,62,190.0,159.71860283243618,30.281397167563824,30.281397167563824,916.9630144197424,1050,1050,,shared_semantic_dataset,,Ref-85-Research,Ref-85-Research
shared_semantic_recoding_50_percent,leave_one_publication_out,False,Bayesian Ridge,held_out_publication,63,178.0,159.38787654077285,18.61212345922715,18.61212345922715,346.4111396615136,1051,1051,,shared_semantic_dataset,,Ref-85-Research,Ref-85-Research
shared_semantic_recoding_50_percent,leave_one_publication_out,False,Bayesian Ridge,held_out_publication,0,81.2,142.11620271692829,-60.91620271692828,60.91620271692828,3710.783753449901,1591,1591,,shared_semantic_dataset,,Ref-139-Research,Ref-139-Research
shared_semantic_recoding_50_percent,leave_one_publication_out,False,Bayesian Ridge,held_out_publication,1,80.0,139.44598877302656,-59.445988773026556,59.445988773026556,3533.825581202799,1592,1592,,shared_semantic_dataset,,Ref-139-Research,Ref-139-Research
shared_semantic_recoding_50_percent,leave_one_publication_out,False,Bayesian Ridge,held_out_publication,2,130.8,131.69013233297113,-0.8901323329711204,0.8901323329711204,0.7923355702006095,1593,1593,,shared_semantic_dataset,,Ref-139-Research,Ref-139-Research
shared_semantic_recoding_50_percent,leave_one_publication_out,False,Bayesian Ridge,held_out_publication,3,158.0,135.7166454229817,22.283354577018287,22.283354577018287,496.5478912051218,1594,1594,,shared_semantic_dataset,,Ref-139-Research,Ref-139-Research
shared_semantic_recoding_50_percent,leave_one_publication_out,False,Bayesian Ridge,held_out_publication,4,109.7,138.06972900404764,-28.36972900404764,28.36972900404764,804.841523763102,1595,1595,,shared_semantic_dataset,,Ref-139-Research,Ref-139-Research
shared_semantic_recoding_50_percent,leave_one_publication_out,False,Bayesian Ridge,held_out_publication,5,113.6,136.49260323415618,-22.892603234156184,22.892603234156184,524.0712828364982,1596,1596,,shared_semantic_dataset,,Ref-139-Research,Ref-139-Research
shared_semantic_recoding_50_percent,leave_one_publication_out,False,Bayesian Ridge,held_out_publication,6,103.1,135.14690017512632,-32.046900175126325,32.046900175126325,1027.0038108345116,1597,1597,,shared_semantic_dataset,,Ref-139-Research,Ref-139-Research
shared_semantic_recoding_50_percent,leave_one_publication_out,False,Bayesian Ridge,held_out_publication,7,143.2,139.71137025175534,3.488629748244648,3.488629748244648,12.170537520337517,1598,1598,,shared_semantic_dataset,,Ref-139-Research,Ref-139-Research
shared_semantic_recoding_50_percent,leave_one_publication_out,False,Bayesian Ridge,held_out_publication,8,138.2,142.423968543973,-4.223968543973001,4.223968543973001,17.841910260473394,1599,1599,,shared_semantic_dataset,,Ref-139-Research,Ref-139-Research
shared_semantic_recoding_50_percent,leave_one_publication_out,False,Bayesian Ridge,held_out_publication,9,143.3,143.08092594286947,0.21907405713054118,0.21907405713054118,0.04799344250763562,1600,1600,,shared_semantic_dataset,,Ref-139-Research,Ref-139-Research
shared_semantic_recoding_50_percent,leave_one_publication_out,False,Bayesian Ridge,held_out_publication,10,141.4,144.15113073784596,-2.751130737845955,2.751130737845955,7.568720336720828,1601,1601,,shared_semantic_dataset,,Ref-139-Research,Ref-139-Research
shared_semantic_recoding_50_percent,leave_one_publication_out,False,Bayesian Ridge,held_out_publication,11,144.8,163.81547996754176,-19.01547996754175,19.01547996754175,361.5884783959816,1602,1602,,shared_semantic_dataset,,Ref-139-Research,Ref-139-Research
shared_semantic_recoding_50_percent,leave_one_publication_out,False,Bayesian Ridge,held_out_publication,12,147.7,180.09379809140663,-32.39379809140664,32.39379809140664,1049.3581547868203,1603,1603,,shared_semantic_dataset,,Ref-139-Research,Ref-139-Research
shared_semantic_recoding_50_percent,leave_one_publication_out,False,Bayesian Ridge,held_out_publication,13,162.2,196.37211621527152,-34.17211621527153,34.17211621527153,1167.7335266300233,1604,1604,,shared_semantic_dataset,,Ref-139-Research,Ref-139-Research
shared_semantic_recoding_50_percent,leave_one_publication_out,False,Bayesian Ridge,held_out_publication,14,128.8,143.40107911041653,-14.60107911041652,14.60107911041652,213.1915111886417,1605,1605,,shared_semantic_dataset,,Ref-139-Research,Ref-139-Research
shared_semantic_recoding_50_percent,leave_one_publication_out,False,Bayesian Ridge,held_out_publication,15,141.8,145.76627708420583,-3.9662770842058137,3.9662770842058137,15.731353908696171,1606,1606,,shared_semantic_dataset,,Ref-139-Research,Ref-139-Research
shared_semantic_recoding_50_percent,leave_one_publication_out,False,Bayesian Ridge,held_out_publication,16,128.6,141.38323449008033,-12.783234490080332,12.783234490080332,163.41108402837938,1607,1607,,shared_semantic_dataset,,Ref-139-Research,Ref-139-Research
shared_semantic_recoding_50_percent,leave_one_publication_out,False,Bayesian Ridge,held_out_publication,17,141.4,141.36273835842087,0.037261641579135585,0.037261641579135585,0.0013884299331719658,1608,1608,,shared_semantic_dataset,,Ref-139-Research,Ref-139-Research
shared_semantic_recoding_50_percent,leave_one_publication_out,False,Bayesian Ridge,held_out_publication,18,132.2,139.7006133980408,-7.500613398040798,7.500613398040798,56.259201346869126,1609,1609,,shared_semantic_dataset,,Ref-139-Research,Ref-139-Research
shared_semantic_recoding_50_percent,leave_one_publication_out,False,Bayesian Ridge,held_out_publication,19,141.8,139.6535661579985,2.1464338420014997,2.1464338420014997,4.607178238089319,1610,1610,,shared_semantic_dataset,,Ref-139-Research,Ref-139-Research
shared_semantic_recoding_50_percent,leave_one_publication_out,False,Bayesian Ridge,held_out_publication,20,142.7,160.38812018267083,-17.688120182670843,17.688120182670843,312.8695955966076,1611,1611,,shared_semantic_dataset,,Ref-139-Research,Ref-139-Research
shared_semantic_recoding_50_percent,leave_one_publication_out,False,Bayesian Ridge,held_out_publication,21,150.1,176.6664383065357,-26.5664383065357,26.5664383065357,705.7756442949675,1612,1612,,shared_semantic_dataset,,Ref-139-Research,Ref-139-Research
shared_semantic_recoding_50_percent,leave_one_publication_out,False,Bayesian Ridge,held_out_publication,22,152.6,192.94475643040056,-40.344756430400565,40.344756430400565,1627.6993714283478,1613,1613,,shared_semantic_dataset,,Ref-139-Research,Ref-139-Research
shared_semantic_recoding_50_percent,leave_one_publication_out,False,Bayesian Ridge,held_out_publication,23,131.0,135.68003350338282,-4.680033503382816,4.680033503382816,21.902713592785638,1614,1614,,shared_semantic_dataset,,Ref-139-Research,Ref-139-Research
shared_semantic_recoding_50_percent,leave_one_publication_out,False,Bayesian Ridge,held_out_publication,24,135.2,156.4145875280551,-21.21458752805512,21.21458752805512,450.05872398551185,1615,1615,,shared_semantic_dataset,,Ref-139-Research,Ref-139-Research
shared_semantic_recoding_50_percent,leave_one_publication_out,False,Bayesian Ridge,held_out_publication,25,134.5,172.69290565192,-38.19290565192,38.19290565192,1458.6980421364626,1616,1616,,shared_semantic_dataset,,Ref-139-Research,Ref-139-Research
shared_semantic_recoding_50_percent,leave_one_publication_out,False,Bayesian Ridge,held_out_publication,26,151.0,188.97122377578486,-37.971223775784864,37.971223775784864,1441.8138350307297,1617,1617,,shared_semantic_dataset,,Ref-139-Research,Ref-139-Research
shared_semantic_recoding_50_percent,leave_one_publication_out,False,Bayesian Ridge,held_out_publication,27,132.0,147.59488490998118,-15.594884909981175,15.594884909981175,243.20043535555857,1618,1618,,shared_semantic_dataset,,Ref-139-Research,Ref-139-Research
shared_semantic_recoding_50_percent,leave_one_publication_out,False,Bayesian Ridge,held_out_publication,28,139.6,149.7000912568612,-10.10009125686122,10.10009125686122,102.01184339692445,1619,1619,,shared_semantic_dataset,,Ref-139-Research,Ref-139-Research
shared_semantic_recoding_50_percent,leave_one_publication_out,False,Bayesian Ridge,held_out_publication,29,142.3,152.32869930418488,-10.028699304184869,10.028699304184869,100.57480973375807,1620,1620,,shared_semantic_dataset,,Ref-139-Research,Ref-139-Research
shared_semantic_recoding_50_percent,leave_one_publication_out,False,Bayesian Ridge,held_out_publication,30,153.6,173.06325332885717,-19.463253328857178,19.463253328857178,378.81823014327,1621,1621,,shared_semantic_dataset,,Ref-139-Research,Ref-139-Research
shared_semantic_recoding_50_percent,leave_one_publication_out,False,Bayesian Ridge,held_out_publication,31,151.5,189.34157145272206,-37.841571452722064,37.841571452722064,1431.9845300114696,1622,1622,,shared_semantic_dataset,,Ref-139-Research,Ref-139-Research
shared_semantic_recoding_50_percent,leave_one_publication_out,False,Bayesian Ridge,held_out_publication,32,169.3,205.61988957658693,-36.31988957658692,36.31988957658692,1319.134378855467,1623,1623,,shared_semantic_dataset,,Ref-139-Research,Ref-139-Research
shared_semantic_recoding_50_percent,leave_one_publication_out,False,Bayesian Ridge,held_out_publication,33,136.1,143.08092594286947,-6.980925942869476,6.980925942869476,48.73332701982808,1624,1624,,shared_semantic_dataset,,Ref-139-Research,Ref-139-Research
shared_semantic_recoding_50_percent,leave_one_publication_out,False,Bayesian Ridge,held_out_publication,34,131.4,142.423968543973,-11.023968543972984,11.023968543972984,121.52788245850583,1625,1625,,shared_semantic_dataset,,Ref-139-Research,Ref-139-Research
shared_semantic_recoding_50_percent,leave_one_publication_out,False,Bayesian Ridge,held_out_publication,35,107.0,153.99050026400764,-46.990500264007636,46.990500264007636,2208.1071150617017,1626,1626,,shared_semantic_dataset,,Ref-139-Research,Ref-139-Research
shared_semantic_recoding_50_percent,leave_one_publication_out,False,Bayesian Ridge,held_out_publication,36,132.0,163.1585225686453,-31.15852256864531,31.15852256864531,970.8535286607791,1627,1627,,shared_semantic_dataset,,Ref-139-Research,Ref-139-Research
shared_semantic_recoding_50_percent,leave_one_publication_out,False,Bayesian Ridge,held_out_publication,37,126.9,178.08054154640135,-51.180541546401344,51.180541546401344,2619.447832982914,1628,1628,,shared_semantic_dataset,,Ref-139-Research,Ref-139-Research
shared_semantic_recoding_50_percent,leave_one_publication_out,False,Bayesian Ridge,held_out_publication,38,128.9,193.6913061842908,-64.79130618429079,64.79130618429079,4197.913357066518,1629,1629,,shared_semantic_dataset,,Ref-139-Research,Ref-139-Research
shared_semantic_recoding_50_percent,leave_one_publication_out,False,Bayesian Ridge,held_out_publication,39,145.1,151.2584945092084,-6.158494509208396,6.158494509208396,37.927054619949956,1630,1630,,shared_semantic_dataset,,Ref-139-Research,Ref-139-Research
shared_semantic_recoding_50_percent,leave_one_publication_out,False,Bayesian Ridge,held_out_publication,40,146.9,171.99304853388068,-25.093048533880676,25.093048533880676,629.6610847236911,1631,1631,,shared_semantic_dataset,,Ref-139-Research,Ref-139-Research
shared_semantic_recoding_50_percent,leave_one_publication_out,False,Bayesian Ridge,held_out_publication,41,151.0,188.27136665774555,-37.271366657745546,37.271366657745546,1389.1547725361063,1632,1632,,shared_semantic_dataset,,Ref-139-Research,Ref-139-Research
shared_semantic_recoding_50_percent,leave_one_publication_out,False,Bayesian Ridge,held_out_publication,42,155.1,204.54968478161044,-49.44968478161044,49.44968478161044,2445.2713250006354,1633,1633,,shared_semantic_dataset,,Ref-139-Research,Ref-139-Research
shared_semantic_recoding_50_percent,leave_one_publication_out,False,Bayesian Ridge,held_out_publication,43,143.0,138.19893663066293,4.801063369337072,4.801063369337072,23.05020947639024,1634,1634,,shared_semantic_dataset,,Ref-139-Research,Ref-139-Research
shared_semantic_recoding_50_percent,leave_one_publication_out,False,Bayesian Ridge,held_out_publication,44,144.3,158.93349065533522,-14.633490655335208,14.633490655335208,214.13904875978287,1635,1635,,shared_semantic_dataset,,Ref-139-Research,Ref-139-Research
shared_semantic_recoding_50_percent,leave_one_publication_out,False,Bayesian Ridge,held_out_publication,45,129.7,148.67104695139736,-18.97104695139737,18.97104695139737,359.90062243212344,1636,1636,,shared_semantic_dataset,,Ref-139-Research,Ref-139-Research
shared_semantic_recoding_50_percent,leave_one_publication_out,False,Bayesian Ridge,held_out_publication,46,130.2,145.33433704278926,-15.13433704278927,15.13433704278927,229.04815772474345,1637,1637,,shared_semantic_dataset,,Ref-139-Research,Ref-139-Research
shared_semantic_recoding_50_percent,leave_one_publication_out,False,Bayesian Ridge,held_out_publication,47,82.0,141.99762713418116,-59.99762713418116,59.99762713418116,3599.7152617322313,1638,1638,,shared_semantic_dataset,,Ref-139-Research,Ref-139-Research
shared_semantic_recoding_50_percent,leave_one_publication_out,False,Bayesian Ridge,held_out_publication,48,132.7,169.40560097606968,-36.70560097606969,36.70560097606969,1347.3011430144481,1639,1639,,shared_semantic_dataset,,Ref-139-Research,Ref-139-Research
shared_semantic_recoding_50_percent,leave_one_publication_out,False,Bayesian Ridge,held_out_publication,49,133.4,166.06889106746155,-32.668891067461544,32.668891067461544,1067.2564435776687,1640,1640,,shared_semantic_dataset,,Ref-139-Research,Ref-139-Research
shared_semantic_recoding_50_percent,leave_one_publication_out,False,Bayesian Ridge,held_out_publication,50,86.3,162.73218115885345,-76.43218115885345,76.43218115885345,5841.878316699793,1641,1641,,shared_semantic_dataset,,Ref-139-Research,Ref-139-Research
shared_semantic_recoding_50_percent,leave_one_publication_out,False,Polynomial Ridge,held_out_publication,0,172.0,140.56830320719865,31.431696792801347,31.431696792801347,987.9515632745985,1736,1736,,shared_semantic_dataset,,Ref-144-Research,Ref-144-Research
shared_semantic_recoding_50_percent,leave_one_publication_out,False,Polynomial Ridge,held_out_publication,1,149.0,144.50914033957835,4.490859660421648,4.490859660421648,20.167820489602445,1737,1737,,shared_semantic_dataset,,Ref-144-Research,Ref-144-Research
shared_semantic_recoding_50_percent,leave_one_publication_out,False,Polynomial Ridge,held_out_publication,2,154.0,147.67102216978898,6.3289778302110165,6.3289778302110165,40.05596037530255,1738,1738,,shared_semantic_dataset,,Ref-144-Research,Ref-144-Research
shared_semantic_recoding_50_percent,leave_one_publication_out,False,Polynomial Ridge,held_out_publication,3,135.0,145.71338294402446,-10.71338294402446,10.71338294402446,114.7765741053142,1739,1739,,shared_semantic_dataset,,Ref-144-Research,Ref-144-Research
shared_semantic_recoding_50_percent,leave_one_publication_out,False,Polynomial Ridge,held_out_publication,4,142.0,140.56830320719865,1.4316967928013469,1.4316967928013469,2.049755706517663,1740,1740,,shared_semantic_dataset,,Ref-144-Research,Ref-144-Research
shared_semantic_recoding_50_percent,leave_one_publication_out,False,Polynomial Ridge,held_out_publication,5,141.0,138.77720001717023,2.2227999828297698,2.2227999828297698,4.940839763668024,1741,1741,,shared_semantic_dataset,,Ref-144-Research,Ref-144-Research
shared_semantic_recoding_50_percent,leave_one_publication_out,False,Polynomial Ridge,held_out_publication,6,149.0,138.8883296726706,10.111670327329392,10.111670327329392,102.24587680859369,1742,1742,,shared_semantic_dataset,,Ref-144-Research,Ref-144-Research
shared_semantic_recoding_50_percent,leave_one_publication_out,False,Polynomial Ridge,held_out_publication,7,179.0,138.1330808194636,40.8669191805364,40.8669191805364,1670.105083308494,1743,1743,,shared_semantic_dataset,,Ref-144-Research,Ref-144-Research
shared_semantic_recoding_50_percent,leave_one_publication_out,False,Polynomial Ridge,held_out_publication,8,90.0,139.131372074479,-49.131372074479,49.131372074479,2413.891721920895,1744,1744,,shared_semantic_dataset,,Ref-144-Research,Ref-144-Research
shared_semantic_recoding_50_percent,leave_one_publication_out,False,Polynomial Ridge,held_out_publication,9,151.0,140.5069213280003,10.493078671999712,10.493078671999712,110.10470001677523,1745,1745,,shared_semantic_dataset,,Ref-144-Research,Ref-144-Research
shared_semantic_recoding_50_percent,leave_one_publication_out,False,Polynomial Ridge,held_out_publication,10,125.0,130.93601241869345,-5.936012418693451,5.936012418693451,35.23624343488288,1746,1746,,shared_semantic_dataset,,Ref-144-Research,Ref-144-Research
shared_semantic_recoding_50_percent,leave_one_publication_out,False,Polynomial Ridge,held_out_publication,11,116.0,133.45399592628817,-17.453995926288172,17.453995926288172,304.6419737948841,1747,1747,,shared_semantic_dataset,,Ref-144-Research,Ref-144-Research
shared_semantic_recoding_50_percent,leave_one_publication_out,False,Polynomial Ridge,held_out_publication,12,108.0,135.54631235504988,-27.546312355049878,27.546312355049878,758.7993243619735,1748,1748,,shared_semantic_dataset,,Ref-144-Research,Ref-144-Research
shared_semantic_recoding_50_percent,leave_one_publication_out,False,Polynomial Ridge,held_out_publication,13,128.0,135.43425967226622,-7.434259672266222,7.434259672266222,55.26821687468388,1749,1749,,shared_semantic_dataset,,Ref-144-Research,Ref-144-Research
shared_semantic_recoding_50_percent,leave_one_publication_out,False,Polynomial Ridge,held_out_publication,14,125.0,138.03665380849753,-13.036653808497533,13.036653808497533,169.95434252261325,1750,1750,,shared_semantic_dataset,,Ref-144-Research,Ref-144-Research
shared_semantic_recoding_50_percent,leave_one_publication_out,False,Polynomial Ridge,held_out_publication,15,114.0,131.48524110644843,-17.485241106448427,17.485241106448427,305.73365655063384,1751,1751,,shared_semantic_dataset,,Ref-144-Research,Ref-144-Research
shared_semantic_recoding_50_percent,leave_one_publication_out,False,Polynomial Ridge,held_out_publication,16,182.0,140.86992471906126,41.13007528093874,41.13007528093874,1691.683092615688,1752,1752,,shared_semantic_dataset,,Ref-144-Research,Ref-144-Research
shared_semantic_recoding_50_percent,leave_one_publication_out,False,Polynomial Ridge,held_out_publication,17,142.0,139.35761195035707,2.642388049642932,2.642388049642932,6.982214604895778,1753,1753,,shared_semantic_dataset,,Ref-144-Research,Ref-144-Research
shared_semantic_recoding_50_percent,leave_one_publication_out,False,Polynomial Ridge,held_out_publication,18,150.0,139.35761195035707,10.642388049642932,10.642388049642932,113.26042339918268,1754,1754,,shared_semantic_dataset,,Ref-144-Research,Ref-144-Research
shared_semantic_recoding_50_percent,leave_one_publication_out,False,Polynomial Ridge,held_out_publication,19,155.0,139.00966222604401,15.990337773955986,15.990337773955986,255.69090212520368,1755,1755,,shared_semantic_dataset,,Ref-144-Research,Ref-144-Research
shared_semantic_recoding_50_percent,leave_one_publication_out,False,Polynomial Ridge,held_out_publication,20,132.0,139.1359177020037,-7.135917702003695,7.135917702003695,50.9213214497697,1756,1756,,shared_semantic_dataset,,Ref-144-Research,Ref-144-Research
shared_semantic_recoding_50_percent,leave_one_publication_out,False,Polynomial Ridge,held_out_publication,21,143.0,141.007635610509,1.9923643894910015,1.9923643894910015,3.969515860511851,1757,1757,,shared_semantic_dataset,,Ref-144-Research,Ref-144-Research
shared_semantic_recoding_50_percent,leave_one_publication_out,False,Polynomial Ridge,held_out_publication,22,151.0,139.78357169090566,11.21642830909434,11.21642830909434,125.80826401305292,1758,1758,,shared_semantic_dataset,,Ref-144-Research,Ref-144-Research
shared_semantic_recoding_50_percent,leave_one_publication_out,False,Polynomial Ridge,held_out_publication,23,111.0,136.93956200809515,-25.93956200809515,25.93956200809515,672.8608771718134,1759,1759,,shared_semantic_dataset,,Ref-144-Research,Ref-144-Research
shared_semantic_recoding_50_percent,leave_one_publication_out,False,Polynomial Ridge,held_out_publication,24,166.0,140.56205422836507,25.43794577163493,25.43794577163493,647.0890850806394,1760,1760,,shared_semantic_dataset,,Ref-144-Research,Ref-144-Research
shared_semantic_recoding_50_percent,leave_one_publication_out,False,Polynomial Ridge,held_out_publication,25,132.0,138.03665380849753,-6.036653808497533,6.036653808497533,36.441189203647774,1761,1761,,shared_semantic_dataset,,Ref-144-Research,Ref-144-Research
shared_semantic_recoding_50_percent,leave_one_publication_out,False,Polynomial Ridge,held_out_publication,26,105.0,138.68100478798024,-33.68100478798024,33.68100478798024,1134.410083527948,1762,1762,,shared_semantic_dataset,,Ref-144-Research,Ref-144-Research
shared_semantic_recoding_50_percent,leave_one_publication_out,False,Polynomial Ridge,held_out_publication,27,106.0,138.7970961745653,-32.7970961745653,32.7970961745653,1075.6495174836857,1763,1763,,shared_semantic_dataset,,Ref-144-Research,Ref-144-Research
shared_semantic_recoding_50_percent,leave_one_publication_out,False,Polynomial Ridge,held_out_publication,28,123.0,139.30369879758712,-16.303698797587117,16.303698797587117,265.8105944824436,1764,1764,,shared_semantic_dataset,,Ref-144-Research,Ref-144-Research
shared_semantic_recoding_50_percent,leave_one_publication_out,False,Polynomial Ridge,held_out_publication,29,135.0,137.55287141538287,-2.5528714153828673,2.5528714153828673,6.517152463478924,1765,1765,,shared_semantic_dataset,,Ref-144-Research,Ref-144-Research
shared_semantic_recoding_50_percent,leave_one_publication_out,False,Polynomial Ridge,held_out_publication,30,96.0,138.72324186466182,-42.723241864661816,42.723241864661816,1825.275395426392,1766,1766,,shared_semantic_dataset,,Ref-144-Research,Ref-144-Research
shared_semantic_recoding_50_percent,leave_one_publication_out,False,Polynomial Ridge,held_out_publication,31,134.0,140.56830320719865,-6.568303207198653,6.568303207198653,43.142607021696115,1767,1767,,shared_semantic_dataset,,Ref-144-Research,Ref-144-Research
shared_semantic_recoding_50_percent,leave_one_publication_out,False,Polynomial Ridge,held_out_publication,32,153.0,145.2392843425119,7.760715657488106,7.760715657488106,60.22870751638104,1768,1768,,shared_semantic_dataset,,Ref-144-Research,Ref-144-Research
shared_semantic_recoding_50_percent,leave_one_publication_out,False,Polynomial Ridge,held_out_publication,33,145.0,143.82480074576424,1.175199254235764,1.175199254235764,1.3810932871562962,1769,1769,,shared_semantic_dataset,,Ref-144-Research,Ref-144-Research
shared_semantic_recoding_50_percent,leave_one_publication_out,False,Polynomial Ridge,held_out_publication,34,140.0,141.44694066357852,-1.4469406635785163,1.4469406635785163,2.0936372839170367,1770,1770,,shared_semantic_dataset,,Ref-144-Research,Ref-144-Research
shared_semantic_recoding_50_percent,leave_one_publication_out,False,Polynomial Ridge,held_out_publication,35,181.0,136.36262530367708,44.63737469632292,44.63737469632292,1992.4952197799298,1771,1771,,shared_semantic_dataset,,Ref-144-Research,Ref-144-Research
shared_semantic_recoding_50_percent,leave_one_publication_out,False,Polynomial Ridge,held_out_publication,36,138.0,143.82480074576424,-5.824800745764236,5.824800745764236,33.9283037278556,1772,1772,,shared_semantic_dataset,,Ref-144-Research,Ref-144-Research
shared_semantic_recoding_50_percent,leave_one_publication_out,False,Polynomial Ridge,held_out_publication,37,146.0,138.1330808194636,7.866919180536399,7.866919180536399,61.888417393091494,1773,1773,,shared_semantic_dataset,,Ref-144-Research,Ref-144-Research
shared_semantic_recoding_50_percent,leave_one_publication_out,False,Polynomial Ridge,held_out_publication,38,141.0,137.55287141538287,3.4471285846171327,3.4471285846171327,11.882695478884516,1774,1774,,shared_semantic_dataset,,Ref-144-Research,Ref-144-Research
shared_semantic_recoding_50_percent,leave_one_publication_out,False,Polynomial Ridge,held_out_publication,39,156.0,139.78357169090566,16.21642830909434,16.21642830909434,262.9725471039963,1775,1775,,shared_semantic_dataset,,Ref-144-Research,Ref-144-Research
shared_semantic_recoding_50_percent,leave_one_publication_out,False,Polynomial Ridge,held_out_publication,40,157.0,135.50310293395052,21.496897066049485,21.496897066049485,462.11658346832695,1776,1776,,shared_semantic_dataset,,Ref-144-Research,Ref-144-Research
shared_semantic_recoding_50_percent,leave_one_publication_out,False,Polynomial Ridge,held_out_publication,41,135.0,139.08459818508842,-4.084598185088424,4.084598185088424,16.68394233362765,1777,1777,,shared_semantic_dataset,,Ref-144-Research,Ref-144-Research
shared_semantic_recoding_50_percent,leave_one_publication_out,False,Polynomial Ridge,held_out_publication,42,200.0,137.7119969914586,62.28800300854141,62.28800300854141,3879.7953187920634,1778,1778,,shared_semantic_dataset,,Ref-144-Research,Ref-144-Research
shared_semantic_recoding_50_percent,leave_one_publication_out,False,Polynomial Ridge,held_out_publication,43,144.0,139.15456900368443,4.845430996315571,4.845430996315571,23.478201540055707,1779,1779,,shared_semantic_dataset,,Ref-144-Research,Ref-144-Research
shared_semantic_recoding_50_percent,leave_one_publication_out,False,Polynomial Ridge,held_out_publication,44,166.0,140.56205422836507,25.43794577163493,25.43794577163493,647.0890850806394,1780,1780,,shared_semantic_dataset,,Ref-144-Research,Ref-144-Research
shared_semantic_recoding_50_percent,leave_one_publication_out,False,Polynomial Ridge,held_out_publication,45,143.0,140.5069213280003,2.4930786719997116,2.4930786719997116,6.215441264779845,1781,1781,,shared_semantic_dataset,,Ref-144-Research,Ref-144-Research
shared_semantic_recoding_50_percent,leave_one_publication_out,False,Polynomial Ridge,held_out_publication,46,93.0,138.88157032792847,-45.88157032792847,45.88157032792847,2105.1184957566466,1782,1782,,shared_semantic_dataset,,Ref-144-Research,Ref-144-Research
shared_semantic_recoding_50_percent,leave_one_publication_out,False,Polynomial Ridge,held_out_publication,47,194.0,140.86992471906126,53.13007528093874,53.13007528093874,2822.804899358218,1783,1783,,shared_semantic_dataset,,Ref-144-Research,Ref-144-Research
shared_semantic_recoding_50_percent,leave_one_publication_out,False,Polynomial Ridge,held_out_publication,48,185.0,145.3087451299888,39.69125487001119,39.69125487001119,1575.3957131561872,1784,1784,,shared_semantic_dataset,,Ref-144-Research,Ref-144-Research
shared_semantic_recoding_50_percent,leave_one_publication_out,False,Polynomial Ridge,held_out_publication,49,174.0,140.56205422836507,33.43794577163493,33.43794577163493,1118.0962174267981,1785,1785,,shared_semantic_dataset,,Ref-144-Research,Ref-144-Research
shared_semantic_recoding_50_percent,leave_one_publication_out,False,Polynomial Ridge,held_out_publication,50,147.0,138.96904160785772,8.030958392142281,8.030958392142281,64.49629269632054,1786,1786,,shared_semantic_dataset,,Ref-144-Research,Ref-144-Research
shared_semantic_recoding_50_percent,leave_one_publication_out,False,Polynomial Ridge,held_out_publication,51,114.0,139.00466084443426,-25.004660844434255,25.004660844434255,625.2330639451836,1787,1787,,shared_semantic_dataset,,Ref-144-Research,Ref-144-Research
shared_semantic_recoding_50_percent,leave_one_publication_out,False,Polynomial Ridge,held_out_publication,52,196.0,138.72874027608063,57.27125972391937,57.27125972391937,3279.997190364629,1788,1788,,shared_semantic_dataset,,Ref-144-Research,Ref-144-Research
shared_semantic_recoding_50_percent,leave_one_publication_out,False,Polynomial Ridge,held_out_publication,53,201.0,166.14618847594764,34.85381152405236,34.85381152405236,1214.7881777541652,1789,1789,,shared_semantic_dataset,,Ref-144-Research,Ref-144-Research
shared_semantic_recoding_50_percent,leave_one_publication_out,False,Polynomial Ridge,held_out_publication,54,173.0,172.17734979001705,0.8226502099829531,0.8226502099829531,0.6767533679849969,1790,1790,,shared_semantic_dataset,,Ref-144-Research,Ref-144-Research
shared_semantic_recoding_50_percent,leave_one_publication_out,False,Polynomial Ridge,held_out_publication,55,178.0,178.84968726725856,-0.8496872672585596,0.8496872672585596,0.7219684521413189,1791,1791,,shared_semantic_dataset,,Ref-144-Research,Ref-144-Research
shared_semantic_recoding_50_percent,leave_one_publication_out,False,Polynomial Ridge,held_out_publication,56,159.0,175.2310528073201,-16.23105280732011,16.23105280732011,263.44707523401405,1792,1792,,shared_semantic_dataset,,Ref-144-Research,Ref-144-Research
shared_semantic_recoding_50_percent,leave_one_publication_out,False,Polynomial Ridge,held_out_publication,57,171.0,166.14618847594764,4.853811524052361,4.853811524052361,23.5594863110235,1793,1793,,shared_semantic_dataset,,Ref-144-Research,Ref-144-Research
shared_semantic_recoding_50_percent,leave_one_publication_out,False,Polynomial Ridge,held_out_publication,58,165.0,166.69543056759127,-1.6954305675912735,1.6954305675912735,2.874484809522868,1794,1794,,shared_semantic_dataset,,Ref-144-Research,Ref-144-Research
shared_semantic_recoding_50_percent,leave_one_publication_out,False,Polynomial Ridge,held_out_publication,59,173.0,168.1999812167777,4.800018783222299,4.800018783222299,23.040180319286883,1795,1795,,shared_semantic_dataset,,Ref-144-Research,Ref-144-Research
shared_semantic_recoding_50_percent,leave_one_publication_out,False,Polynomial Ridge,held_out_publication,60,208.0,166.08004669461317,41.91995330538683,41.91995330538683,1757.282485125812,1796,1796,,shared_semantic_dataset,,Ref-144-Research,Ref-144-Research
shared_semantic_recoding_50_percent,leave_one_publication_out,False,Polynomial Ridge,held_out_publication,61,104.0,170.01288015265874,-66.01288015265874,66.01288015265874,4357.700346049286,1797,1797,,shared_semantic_dataset,,Ref-144-Research,Ref-144-Research
shared_semantic_recoding_50_percent,leave_one_publication_out,False,Polynomial Ridge,held_out_publication,62,175.0,171.5846599547734,3.4153400452266,3.4153400452266,11.664547624528433,1798,1798,,shared_semantic_dataset,,Ref-144-Research,Ref-144-Research
shared_semantic_recoding_50_percent,leave_one_publication_out,False,Polynomial Ridge,held_out_publication,63,149.0,146.63217656562978,2.367823434370223,2.367823434370223,5.606587816352797,1799,1799,,shared_semantic_dataset,,Ref-144-Research,Ref-144-Research
shared_semantic_recoding_50_percent,leave_one_publication_out,False,Polynomial Ridge,held_out_publication,64,140.0,150.6850298064302,-10.685029806430208,10.685029806430208,114.16986196430197,1800,1800,,shared_semantic_dataset,,Ref-144-Research,Ref-144-Research
shared_semantic_recoding_50_percent,leave_one_publication_out,False,Polynomial Ridge,held_out_publication,65,132.0,157.03792987574636,-25.037929875746357,25.037929875746357,626.897932462792,1801,1801,,shared_semantic_dataset,,Ref-144-Research,Ref-144-Research
shared_semantic_recoding_50_percent,leave_one_publication_out,False,Polynomial Ridge,held_out_publication,66,152.0,166.44682051286912,-14.446820512869124,14.446820512869124,208.7106229310561,1802,1802,,shared_semantic_dataset,,Ref-144-Research,Ref-144-Research
shared_semantic_recoding_50_percent,leave_one_publication_out,False,Polynomial Ridge,held_out_publication,67,149.0,163.93030370926812,-14.930303709268117,14.930303709268117,222.91396885098527,1803,1803,,shared_semantic_dataset,,Ref-144-Research,Ref-144-Research
shared_semantic_recoding_50_percent,leave_one_publication_out,False,Polynomial Ridge,held_out_publication,68,138.0,161.4162920170303,-23.416292017030287,23.416292017030287,548.3227318268364,1804,1804,,shared_semantic_dataset,,Ref-144-Research,Ref-144-Research
shared_semantic_recoding_50_percent,leave_one_publication_out,False,Polynomial Ridge,held_out_publication,69,211.0,163.8293187126319,47.1706812873681,47.1706812873681,2225.0731731144588,1805,1805,,shared_semantic_dataset,,Ref-144-Research,Ref-144-Research
shared_semantic_recoding_50_percent,leave_one_publication_out,False,Polynomial Ridge,held_out_publication,70,166.0,170.8047288436226,-4.804728843622598,4.804728843622598,23.085419260738952,1806,1806,,shared_semantic_dataset,,Ref-144-Research,Ref-144-Research
shared_semantic_recoding_50_percent,leave_one_publication_out,False,Polynomial Ridge,held_out_publication,71,174.0,170.8047288436226,3.1952711563774017,3.1952711563774017,10.209757762777377,1807,1807,,shared_semantic_dataset,,Ref-144-Research,Ref-144-Research
shared_semantic_recoding_50_percent,leave_one_publication_out,False,Polynomial Ridge,held_out_publication,72,179.0,172.42591741920603,6.57408258079397,6.57408258079397,43.21856177909871,1808,1808,,shared_semantic_dataset,,Ref-144-Research,Ref-144-Research
shared_semantic_recoding_50_percent,leave_one_publication_out,False,Polynomial Ridge,held_out_publication,73,156.0,164.68506764602415,-8.685067646024152,8.685067646024152,75.4304000160155,1809,1809,,shared_semantic_dataset,,Ref-144-Research,Ref-144-Research
shared_semantic_recoding_50_percent,leave_one_publication_out,False,Polynomial Ridge,held_out_publication,74,167.0,165.77609352099418,1.2239064790058194,1.2239064790058194,1.4979470693524222,1810,1810,,shared_semantic_dataset,,Ref-144-Research,Ref-144-Research
shared_semantic_recoding_50_percent,leave_one_publication_out,False,Polynomial Ridge,held_out_publication,75,180.0,165.8289749601108,14.171025039889201,14.171025039889201,200.81795068116674,1811,1811,,shared_semantic_dataset,,Ref-144-Research,Ref-144-Research
shared_semantic_recoding_50_percent,leave_one_publication_out,False,Polynomial Ridge,held_out_publication,76,135.0,159.93548522198566,-24.935485221985658,24.935485221985658,621.7784232558652,1812,1812,,shared_semantic_dataset,,Ref-144-Research,Ref-144-Research
shared_semantic_recoding_50_percent,leave_one_publication_out,False,Polynomial Ridge,held_out_publication,77,195.0,166.6930954202533,28.306904579746714,28.306904579746714,801.2808468868855,1813,1813,,shared_semantic_dataset,,Ref-144-Research,Ref-144-Research
shared_semantic_recoding_50_percent,leave_one_publication_out,False,Polynomial Ridge,held_out_publication,78,156.0,163.93030370926812,-7.930303709268117,7.930303709268117,62.889716921231646,1814,1814,,shared_semantic_dataset,,Ref-144-Research,Ref-144-Research
shared_semantic_recoding_50_percent,leave_one_publication_out,False,Polynomial Ridge,held_out_publication,79,129.0,166.77567087878788,-37.77567087878788,37.77567087878788,1427.0013103425026,1815,1815,,shared_semantic_dataset,,Ref-144-Research,Ref-144-Research
shared_semantic_recoding_50_percent,leave_one_publication_out,False,Polynomial Ridge,held_out_publication,80,130.0,166.1950517685299,-36.19505176852991,36.19505176852991,1310.08177252656,1816,1816,,shared_semantic_dataset,,Ref-144-Research,Ref-144-Research
shared_semantic_recoding_50_percent,leave_one_publication_out,False,Polynomial Ridge,held_out_publication,81,147.0,165.30823339786565,-18.30823339786565,18.30823339786565,335.1914101507232,1817,1817,,shared_semantic_dataset,,Ref-144-Research,Ref-144-Research
shared_semantic_recoding_50_percent,leave_one_publication_out,False,Polynomial Ridge,held_out_publication,82,159.0,171.9199079115171,-12.9199079115171,12.9199079115171,166.92402044208217,1818,1818,,shared_semantic_dataset,,Ref-144-Research,Ref-144-Research
shared_semantic_recoding_50_percent,leave_one_publication_out,False,Polynomial Ridge,held_out_publication,83,120.0,168.21132894915553,-48.21132894915553,48.21132894915553,2324.332239043682,1819,1819,,shared_semantic_dataset,,Ref-144-Research,Ref-144-Research
shared_semantic_recoding_50_percent,leave_one_publication_out,False,Polynomial Ridge,held_out_publication,84,163.0,166.14618847594764,-3.146188475947639,3.146188475947639,9.898501926185729,1820,1820,,shared_semantic_dataset,,Ref-144-Research,Ref-144-Research
shared_semantic_recoding_50_percent,leave_one_publication_out,False,Polynomial Ridge,held_out_publication,85,177.0,176.2045022456545,0.7954977543454902,0.7954977543454902,0.6328166771687178,1821,1821,,shared_semantic_dataset,,Ref-144-Research,Ref-144-Research
shared_semantic_recoding_50_percent,leave_one_publication_out,False,Polynomial Ridge,held_out_publication,86,169.0,173.83721249286123,-4.837212492861227,4.837212492861227,23.39862470109272,1822,1822,,shared_semantic_dataset,,Ref-144-Research,Ref-144-Research
shared_semantic_recoding_50_percent,leave_one_publication_out,False,Polynomial Ridge,held_out_publication,87,164.0,171.51276990735607,-7.512769907356073,7.512769907356073,56.44171168087498,1823,1823,,shared_semantic_dataset,,Ref-144-Research,Ref-144-Research
shared_semantic_recoding_50_percent,leave_one_publication_out,False,Polynomial Ridge,held_out_publication,88,210.0,164.33978675175575,45.66021324824425,45.66021324824425,2084.8550738751396,1824,1824,,shared_semantic_dataset,,Ref-144-Research,Ref-144-Research
shared_semantic_recoding_50_percent,leave_one_publication_out,False,Polynomial Ridge,held_out_publication,89,162.0,173.83721249286123,-11.837212492861227,11.837212492861227,140.1195996011499,1825,1825,,shared_semantic_dataset,,Ref-144-Research,Ref-144-Research
shared_semantic_recoding_50_percent,leave_one_publication_out,False,Polynomial Ridge,held_out_publication,90,175.0,166.08004669461317,8.919953305386827,8.919953305386827,79.56556697028137,1826,1826,,shared_semantic_dataset,,Ref-144-Research,Ref-144-Research
shared_semantic_recoding_50_percent,leave_one_publication_out,False,Polynomial Ridge,held_out_publication,91,165.0,171.9199079115171,-6.9199079115171,6.9199079115171,47.88512550387696,1827,1827,,shared_semantic_dataset,,Ref-144-Research,Ref-144-Research
shared_semantic_recoding_50_percent,leave_one_publication_out,False,Polynomial Ridge,held_out_publication,92,185.0,165.8289749601108,19.1710250398892,19.1710250398892,367.52820108005875,1828,1828,,shared_semantic_dataset,,Ref-144-Research,Ref-144-Research
shared_semantic_recoding_50_percent,leave_one_publication_out,False,Polynomial Ridge,held_out_publication,93,181.0,167.6670983869743,13.332901613025712,13.332901613025712,177.76626542262363,1829,1829,,shared_semantic_dataset,,Ref-144-Research,Ref-144-Research
shared_semantic_recoding_50_percent,leave_one_publication_out,False,Polynomial Ridge,held_out_publication,94,159.0,169.20384492554652,-10.20384492554652,10.20384492554652,104.11845126460146,1830,1830,,shared_semantic_dataset,,Ref-144-Research,Ref-144-Research
shared_semantic_recoding_50_percent,leave_one_publication_out,False,Polynomial Ridge,held_out_publication,95,229.0,165.22164043908114,63.77835956091886,63.77835956091886,4067.67914828185,1831,1831,,shared_semantic_dataset,,Ref-144-Research,Ref-144-Research
shared_semantic_recoding_50_percent,leave_one_publication_out,False,Polynomial Ridge,held_out_publication,96,168.0,170.54624354719596,-2.5462435471959566,2.5462435471959566,6.483356201637047,1832,1832,,shared_semantic_dataset,,Ref-144-Research,Ref-144-Research
shared_semantic_recoding_50_percent,leave_one_publication_out,False,Polynomial Ridge,held_out_publication,97,195.0,166.6930954202533,28.306904579746714,28.306904579746714,801.2808468868855,1833,1833,,shared_semantic_dataset,,Ref-144-Research,Ref-144-Research
shared_semantic_recoding_50_percent,leave_one_publication_out,False,Polynomial Ridge,held_out_publication,98,167.0,171.5846599547734,-4.5846599547734,4.5846599547734,21.019106900902834,1834,1834,,shared_semantic_dataset,,Ref-144-Research,Ref-144-Research
shared_semantic_recoding_50_percent,leave_one_publication_out,False,Polynomial Ridge,held_out_publication,99,117.0,169.06636790926518,-52.06636790926518,52.06636790926518,2710.906667262959,1835,1835,,shared_semantic_dataset,,Ref-144-Research,Ref-144-Research
shared_semantic_recoding_50_percent,leave_one_publication_out,False,Polynomial Ridge,held_out_publication,100,223.0,163.8293187126319,59.1706812873681,59.1706812873681,3501.169524011293,1836,1836,,shared_semantic_dataset,,Ref-144-Research,Ref-144-Research
shared_semantic_recoding_50_percent,leave_one_publication_out,False,Polynomial Ridge,held_out_publication,101,214.0,169.94554020047357,44.05445979952643,44.05445979952643,1940.79542822809,1837,1837,,shared_semantic_dataset,,Ref-144-Research,Ref-144-Research
shared_semantic_recoding_50_percent,leave_one_publication_out,False,Polynomial Ridge,held_out_publication,102,203.0,166.6930954202533,36.306904579746714,36.306904579746714,1318.1913201628329,1838,1838,,shared_semantic_dataset,,Ref-144-Research,Ref-144-Research
shared_semantic_recoding_50_percent,leave_one_publication_out,False,Polynomial Ridge,held_out_publication,103,176.0,165.99579022004676,10.004209779953243,10.004209779953243,100.0842133213121,1839,1839,,shared_semantic_dataset,,Ref-144-Research,Ref-144-Research
shared_semantic_recoding_50_percent,leave_one_publication_out,False,Polynomial Ridge,held_out_publication,104,138.0,165.70590594155584,-27.70590594155584,27.70590594155584,767.6172240423392,1840,1840,,shared_semantic_dataset,,Ref-144-Research,Ref-144-Research
shared_semantic_recoding_50_percent,leave_one_publication_out,False,Polynomial Ridge,held_out_publication,105,225.0,166.64603661355005,58.35396338644995,58.35396338644995,3405.185042907141,1841,1841,,shared_semantic_dataset,,Ref-144-Research,Ref-144-Research
shared_semantic_recoding_50_percent,leave_one_publication_out,False,Polynomial Ridge,held_out_publication,106,156.0,150.60412452344636,5.395875476553641,5.395875476553641,29.115472158472983,1842,1842,,shared_semantic_dataset,,Ref-144-Research,Ref-144-Research
shared_semantic_recoding_50_percent,leave_one_publication_out,False,Polynomial Ridge,held_out_publication,107,150.0,146.98040937962259,3.0195906203774143,3.0195906203774143,9.117927514671258,1843,1843,,shared_semantic_dataset,,Ref-144-Research,Ref-144-Research
shared_semantic_recoding_50_percent,leave_one_publication_out,False,Polynomial Ridge,held_out_publication,108,151.0,147.0525290818214,3.9474709181785954,3.9474709181785954,15.582526649865763,1844,1844,,shared_semantic_dataset,,Ref-144-Research,Ref-144-Research
shared_semantic_recoding_50_percent,leave_one_publication_out,False,Polynomial Ridge,held_out_publication,109,210.0,172.14586462893993,37.85413537106007,37.85413537106007,1432.935564690541,1845,1845,,shared_semantic_dataset,,Ref-144-Research,Ref-144-Research
shared_semantic_recoding_50_percent,leave_one_publication_out,False,Polynomial Ridge,held_out_publication,110,205.0,168.6275018303236,36.37249816967639,36.37249816967639,1322.9586231031124,1846,1846,,shared_semantic_dataset,,Ref-144-Research,Ref-144-Research
shared_semantic_recoding_50_percent,leave_one_publication_out,False,Polynomial Ridge,held_out_publication,111,193.0,168.40596008649987,24.594039913500126,24.594039913500126,604.8667992668372,1847,1847,,shared_semantic_dataset,,Ref-144-Research,Ref-144-Research
shared_semantic_recoding_50_percent,leave_one_publication_out,False,Polynomial Ridge,held_out_publication,0,159.0,150.6516532728189,8.34834672718111,8.34834672718111,69.69489307723553,1342,1342,,shared_semantic_dataset,,Ref-121-Research,Ref-121-Research
shared_semantic_recoding_50_percent,leave_one_publication_out,False,Polynomial Ridge,held_out_publication,1,173.0,151.91821295553908,21.081787044460924,21.081787044460924,444.4417449880005,1343,1343,,shared_semantic_dataset,,Ref-121-Research,Ref-121-Research
shared_semantic_recoding_50_percent,leave_one_publication_out,False,Polynomial Ridge,held_out_publication,2,159.0,168.77689095517692,-9.776890955176924,9.776890955176924,95.58759674942034,1344,1344,,shared_semantic_dataset,,Ref-121-Research,Ref-121-Research
shared_semantic_recoding_50_percent,leave_one_publication_out,False,Polynomial Ridge,held_out_publication,3,150.0,148.74258309320862,1.2574169067913772,1.2574169067913772,1.581097277484795,1345,1345,,shared_semantic_dataset,,Ref-121-Research,Ref-121-Research
shared_semantic_recoding_50_percent,leave_one_publication_out,False,Polynomial Ridge,held_out_publication,4,134.0,148.07858801540013,-14.078588015400129,14.078588015400129,198.20664050736815,1346,1346,,shared_semantic_dataset,,Ref-121-Research,Ref-121-Research
shared_semantic_recoding_50_percent,leave_one_publication_out,False,Polynomial Ridge,held_out_publication,5,139.0,99.37898899313434,39.62101100686566,39.62101100686566,1569.8245132061695,1347,1347,,shared_semantic_dataset,,Ref-121-Research,Ref-121-Research
shared_semantic_recoding_50_percent,leave_one_publication_out,False,Polynomial Ridge,held_out_publication,6,132.0,154.58153818847646,-22.581538188476458,22.581538188476458,509.9258669576206,1348,1348,,shared_semantic_dataset,,Ref-121-Research,Ref-121-Research
shared_semantic_recoding_50_percent,leave_one_publication_out,False,Polynomial Ridge,held_out_publication,7,132.0,149.20946355839678,-17.209463558396777,17.209463558396777,296.16563596778667,1349,1349,,shared_semantic_dataset,,Ref-121-Research,Ref-121-Research
shared_semantic_recoding_50_percent,leave_one_publication_out,False,Polynomial Ridge,held_out_publication,8,141.0,160.75360475086237,-19.753604750862365,19.753604750862365,390.2049006532922,1350,1350,,shared_semantic_dataset,,Ref-121-Research,Ref-121-Research
shared_semantic_recoding_50_percent,leave_one_publication_out,False,Polynomial Ridge,held_out_publication,9,133.0,130.17224642605788,2.8277535739421182,2.8277535739421182,7.996190274942423,1351,1351,,shared_semantic_dataset,,Ref-121-Research,Ref-121-Research
shared_semantic_recoding_50_percent,leave_one_publication_out,False,Polynomial Ridge,held_out_publication,10,149.0,165.9201776351817,-16.920177635181687,16.920177635181687,286.29241120610254,1352,1352,,shared_semantic_dataset,,Ref-121-Research,Ref-121-Research
shared_semantic_recoding_50_percent,leave_one_publication_out,False,Polynomial Ridge,held_out_publication,11,142.0,157.38365623718502,-15.383656237185022,15.383656237185022,236.65687922388165,1353,1353,,shared_semantic_dataset,,Ref-121-Research,Ref-121-Research
shared_semantic_recoding_50_percent,leave_one_publication_out,False,Polynomial Ridge,held_out_publication,12,123.0,122.88477836699224,0.11522163300776356,0.11522163300776356,0.013276024712975749,1354,1354,,shared_semantic_dataset,,Ref-121-Research,Ref-121-Research
shared_semantic_recoding_50_percent,leave_one_publication_out,False,Polynomial Ridge,held_out_publication,13,116.0,129.8297514849432,-13.829751484943188,13.829751484943188,191.2620261352883,1355,1355,,shared_semantic_dataset,,Ref-121-Research,Ref-121-Research
shared_semantic_recoding_50_percent,leave_one_publication_out,False,Polynomial Ridge,held_out_publication,14,131.0,160.04606870773563,-29.04606870773563,29.04606870773563,843.6741073744988,1356,1356,,shared_semantic_dataset,,Ref-121-Research,Ref-121-Research
shared_semantic_recoding_50_percent,leave_one_publication_out,False,Polynomial Ridge,held_out_publication,15,110.0,113.70782896922398,-3.707828969223982,3.707828969223982,13.747995665016578,1357,1357,,shared_semantic_dataset,,Ref-121-Research,Ref-121-Research
shared_semantic_recoding_50_percent,leave_one_publication_out,False,Polynomial Ridge,held_out_publication,16,149.0,146.93013365719938,2.0698663428006228,2.0698663428006228,4.284346677058825,1358,1358,,shared_semantic_dataset,,Ref-121-Research,Ref-121-Research
shared_semantic_recoding_50_percent,leave_one_publication_out,False,Polynomial Ridge,held_out_publication,17,149.0,146.93013365719938,2.0698663428006228,2.0698663428006228,4.284346677058825,1359,1359,,shared_semantic_dataset,,Ref-121-Research,Ref-121-Research
shared_semantic_recoding_50_percent,leave_one_publication_out,False,Polynomial Ridge,held_out_publication,18,146.0,146.93013365719938,-0.9301336571993772,0.9301336571993772,0.8651486202550887,1360,1360,,shared_semantic_dataset,,Ref-121-Research,Ref-121-Research
shared_semantic_recoding_50_percent,leave_one_publication_out,False,Polynomial Ridge,held_out_publication,19,149.0,149.60490039813632,-0.6049003981363228,0.6049003981363228,0.36590449166548183,1361,1361,,shared_semantic_dataset,,Ref-121-Research,Ref-121-Research
shared_semantic_recoding_50_percent,leave_one_publication_out,False,Polynomial Ridge,held_out_publication,20,146.0,161.4783068665784,-15.478306866578407,15.478306866578407,239.57798345596828,1362,1362,,shared_semantic_dataset,,Ref-121-Research,Ref-121-Research
shared_semantic_recoding_50_percent,leave_one_publication_out,False,Polynomial Ridge,held_out_publication,21,131.0,149.60490039813632,-18.604900398136323,18.604900398136323,346.1423188245731,1363,1363,,shared_semantic_dataset,,Ref-121-Research,Ref-121-Research
shared_semantic_recoding_50_percent,leave_one_publication_out,False,Polynomial Ridge,held_out_publication,22,142.0,149.83620494757233,-7.836204947572327,7.836204947572327,61.406107980357014,1364,1364,,shared_semantic_dataset,,Ref-121-Research,Ref-121-Research
shared_semantic_recoding_50_percent,leave_one_publication_out,False,Polynomial Ridge,held_out_publication,23,130.0,159.09479930017417,-29.094799300174174,29.094799300174174,846.5073463174156,1365,1365,,shared_semantic_dataset,,Ref-121-Research,Ref-121-Research
shared_semantic_recoding_50_percent,leave_one_publication_out,False,Polynomial Ridge,held_out_publication,24,136.0,178.4369462668129,-42.436946266812896,42.436946266812896,1800.894408452365,1366,1366,,shared_semantic_dataset,,Ref-121-Research,Ref-121-Research
shared_semantic_recoding_50_percent,leave_one_publication_out,False,Polynomial Ridge,held_out_publication,25,160.0,167.10193000852547,-7.101930008525471,7.101930008525471,50.4374098459946,1367,1367,,shared_semantic_dataset,,Ref-121-Research,Ref-121-Research
shared_semantic_recoding_50_percent,leave_one_publication_out,False,Polynomial Ridge,held_out_publication,26,156.0,171.91808900626225,-15.91808900626225,15.91808900626225,253.38555761128708,1368,1368,,shared_semantic_dataset,,Ref-121-Research,Ref-121-Research
shared_semantic_recoding_50_percent,leave_one_publication_out,False,Polynomial Ridge,held_out_publication,27,138.0,175.7501592160059,-37.7501592160059,37.7501592160059,1425.074520833795,1369,1369,,shared_semantic_dataset,,Ref-121-Research,Ref-121-Research
shared_semantic_recoding_50_percent,leave_one_publication_out,False,Polynomial Ridge,held_out_publication,28,141.0,171.77973512047964,-30.779735120479643,30.779735120479643,947.3920940868879,1370,1370,,shared_semantic_dataset,,Ref-121-Research,Ref-121-Research
shared_semantic_recoding_50_percent,leave_one_publication_out,False,Polynomial Ridge,held_out_publication,29,153.0,156.3316769680354,-3.3316769680353957,3.3316769680353957,11.100071419337526,1371,1371,,shared_semantic_dataset,,Ref-121-Research,Ref-121-Research
shared_semantic_recoding_50_percent,leave_one_publication_out,False,Polynomial Ridge,held_out_publication,30,148.0,179.7015758062537,-31.701575806253686,31.701575806253686,1004.9899085996491,1372,1372,,shared_semantic_dataset,,Ref-121-Research,Ref-121-Research
shared_semantic_recoding_50_percent,leave_one_publication_out,False,Polynomial Ridge,held_out_publication,31,162.0,170.35667776983647,-8.356677769836466,8.356677769836466,69.83406334887897,1373,1373,,shared_semantic_dataset,,Ref-121-Research,Ref-121-Research
shared_semantic_recoding_50_percent,leave_one_publication_out,False,Polynomial Ridge,held_out_publication,32,171.0,152.96082564642973,18.039174353570274,18.039174353570274,325.4118113585075,1374,1374,,shared_semantic_dataset,,Ref-121-Research,Ref-121-Research
shared_semantic_recoding_50_percent,leave_one_publication_out,False,Polynomial Ridge,held_out_publication,33,177.0,170.8565155359237,6.143484464076295,6.143484464076295,37.7424013603468,1375,1375,,shared_semantic_dataset,,Ref-121-Research,Ref-121-Research
shared_semantic_recoding_50_percent,leave_one_publication_out,False,Polynomial Ridge,held_out_publication,34,152.0,170.8565155359237,-18.856515535923705,18.856515535923705,355.56817815653204,1376,1376,,shared_semantic_dataset,,Ref-121-Research,Ref-121-Research
shared_semantic_recoding_50_percent,leave_one_publication_out,False,Polynomial Ridge,held_out_publication,35,136.0,170.8565155359237,-34.856515535923705,34.856515535923705,1214.9766753060906,1377,1377,,shared_semantic_dataset,,Ref-121-Research,Ref-121-Research
shared_semantic_recoding_50_percent,leave_one_publication_out,False,Polynomial Ridge,held_out_publication,36,138.0,170.8565155359237,-32.856515535923705,32.856515535923705,1079.5506131623958,1378,1378,,shared_semantic_dataset,,Ref-121-Research,Ref-121-Research
shared_semantic_recoding_50_percent,leave_one_publication_out,False,Polynomial Ridge,held_out_publication,37,208.0,186.9003144943307,21.0996855056693,21.0996855056693,445.1967284381511,1379,1379,,shared_semantic_dataset,,Ref-121-Research,Ref-121-Research
shared_semantic_recoding_50_percent,leave_one_publication_out,False,Polynomial Ridge,held_out_publication,38,213.0,180.63774168951147,32.36225831048853,32.36225831048853,1047.3157629547838,1380,1380,,shared_semantic_dataset,,Ref-121-Research,Ref-121-Research
shared_semantic_recoding_50_percent,leave_one_publication_out,False,Polynomial Ridge,held_out_publication,39,225.0,195.45679755864614,29.543202441353856,29.543202441353856,872.8008104908164,1381,1381,,shared_semantic_dataset,,Ref-121-Research,Ref-121-Research
shared_semantic_recoding_50_percent,leave_one_publication_out,False,Polynomial Ridge,held_out_publication,40,197.0,178.91968479415294,18.080315205847057,18.080315205847057,326.89779794278434,1382,1382,,shared_semantic_dataset,,Ref-121-Research,Ref-121-Research
shared_semantic_recoding_50_percent,leave_one_publication_out,False,Polynomial Ridge,held_out_publication,41,187.0,185.72782938778312,1.2721706122168825,1.2721706122168825,1.6184180665882777,1383,1383,,shared_semantic_dataset,,Ref-121-Research,Ref-121-Research
shared_semantic_recoding_50_percent,leave_one_publication_out,False,Polynomial Ridge,held_out_publication,42,188.0,141.51214437334534,46.487855626654664,46.487855626654664,2161.1207207646876,1384,1384,,shared_semantic_dataset,,Ref-121-Research,Ref-121-Research
shared_semantic_recoding_50_percent,leave_one_publication_out,False,Polynomial Ridge,held_out_publication,43,195.0,196.12836499062865,-1.1283649906286541,1.1283649906286541,1.2732075520764028,1385,1385,,shared_semantic_dataset,,Ref-121-Research,Ref-121-Research
shared_semantic_recoding_50_percent,leave_one_publication_out,False,Polynomial Ridge,held_out_publication,44,179.0,181.99162545022722,-2.991625450227218,2.991625450227218,8.949822834447206,1386,1386,,shared_semantic_dataset,,Ref-121-Research,Ref-121-Research
shared_semantic_recoding_50_percent,leave_one_publication_out,False,Polynomial Ridge,held_out_publication,45,174.0,191.26595949776117,-17.265959497761173,17.265959497761173,298.1133573783293,1387,1387,,shared_semantic_dataset,,Ref-121-Research,Ref-121-Research
shared_semantic_recoding_50_percent,leave_one_publication_out,False,Polynomial Ridge,held_out_publication,46,168.0,166.43860199719904,1.5613980028009564,1.5613980028009564,2.4379637231508156,1388,1388,,shared_semantic_dataset,,Ref-121-Research,Ref-121-Research
shared_semantic_recoding_50_percent,leave_one_publication_out,False,Polynomial Ridge,held_out_publication,47,192.0,201.27455498496096,-9.274554984960957,9.274554984960957,86.01737016906415,1389,1389,,shared_semantic_dataset,,Ref-121-Research,Ref-121-Research
shared_semantic_recoding_50_percent,leave_one_publication_out,False,Polynomial Ridge,held_out_publication,48,187.0,186.3843112530186,0.615688746981391,0.615688746981391,0.3790726331595153,1390,1390,,shared_semantic_dataset,,Ref-121-Research,Ref-121-Research
shared_semantic_recoding_50_percent,leave_one_publication_out,False,Polynomial Ridge,held_out_publication,49,165.0,167.66075531327863,-2.660755313278628,2.660755313278628,7.079618837140449,1391,1391,,shared_semantic_dataset,,Ref-121-Research,Ref-121-Research
shared_semantic_recoding_50_percent,leave_one_publication_out,False,Polynomial Ridge,held_out_publication,50,163.0,165.5293707733352,-2.529370773335188,2.529370773335188,6.397716509002247,1392,1392,,shared_semantic_dataset,,Ref-121-Research,Ref-121-Research
shared_semantic_recoding_50_percent,leave_one_publication_out,False,Polynomial Ridge,held_out_publication,51,185.0,195.97789463312563,-10.97789463312563,10.97789463312563,120.5141705760085,1393,1393,,shared_semantic_dataset,,Ref-121-Research,Ref-121-Research
shared_semantic_recoding_50_percent,leave_one_publication_out,False,Polynomial Ridge,held_out_publication,52,158.0,156.72037514371215,1.2796248562878532,1.2796248562878532,1.6374397728297088,1394,1394,,shared_semantic_dataset,,Ref-121-Research,Ref-121-Research
shared_semantic_recoding_50_percent,leave_one_publication_out,False,Polynomial Ridge,held_out_publication,53,200.0,182.1074165854262,17.892583414573807,17.892583414573807,320.14454124748164,1395,1395,,shared_semantic_dataset,,Ref-121-Research,Ref-121-Research
shared_semantic_recoding_50_percent,leave_one_publication_out,False,Polynomial Ridge,held_out_publication,54,198.0,182.1074165854262,15.892583414573807,15.892583414573807,252.57420758918644,1396,1396,,shared_semantic_dataset,,Ref-121-Research,Ref-121-Research
shared_semantic_recoding_50_percent,leave_one_publication_out,False,Polynomial Ridge,held_out_publication,55,201.0,182.1074165854262,18.892583414573807,18.892583414573807,356.92970807662925,1397,1397,,shared_semantic_dataset,,Ref-121-Research,Ref-121-Research
shared_semantic_recoding_50_percent,leave_one_publication_out,False,Polynomial Ridge,held_out_publication,56,198.0,183.3792176823559,14.620782317644114,14.620782317644114,213.7672755799348,1398,1398,,shared_semantic_dataset,,Ref-121-Research,Ref-121-Research
shared_semantic_recoding_50_percent,leave_one_publication_out,False,Polynomial Ridge,held_out_publication,57,201.0,192.71187652490096,8.288123475099042,8.288123475099042,68.69299073848781,1399,1399,,shared_semantic_dataset,,Ref-121-Research,Ref-121-Research
shared_semantic_recoding_50_percent,leave_one_publication_out,False,Polynomial Ridge,held_out_publication,58,183.0,183.3792176823559,-0.37921768235588615,0.37921768235588615,0.14380605061136978,1400,1400,,shared_semantic_dataset,,Ref-121-Research,Ref-121-Research
shared_semantic_recoding_50_percent,leave_one_publication_out,False,Polynomial Ridge,held_out_publication,59,193.0,179.13780500336608,13.862194996633917,13.862194996633917,192.1604501247024,1401,1401,,shared_semantic_dataset,,Ref-121-Research,Ref-121-Research
shared_semantic_recoding_50_percent,leave_one_publication_out,False,Polynomial Ridge,held_out_publication,60,187.0,185.08759186574662,1.9124081342533827,1.9124081342533827,3.6573048719585044,1402,1402,,shared_semantic_dataset,,Ref-121-Research,Ref-121-Research
shared_semantic_recoding_50_percent,leave_one_publication_out,False,Polynomial Ridge,held_out_publication,61,181.0,205.65227900018317,-24.65227900018317,24.65227900018317,607.7348599028721,1403,1403,,shared_semantic_dataset,,Ref-121-Research,Ref-121-Research
shared_semantic_recoding_50_percent,leave_one_publication_out,False,Polynomial Ridge,held_out_publication,62,211.0,194.23044841410962,16.769551585890383,16.769551585890383,281.21786039183866,1404,1404,,shared_semantic_dataset,,Ref-121-Research,Ref-121-Research
shared_semantic_recoding_50_percent,leave_one_publication_out,False,Polynomial Ridge,held_out_publication,63,208.0,200.88606327858145,7.113936721418554,7.113936721418554,50.60809567634737,1405,1405,,shared_semantic_dataset,,Ref-121-Research,Ref-121-Research
shared_semantic_recoding_50_percent,leave_one_publication_out,False,Polynomial Ridge,held_out_publication,64,182.0,204.1450859604336,-22.14508596043359,22.14508596043359,490.40483219499293,1406,1406,,shared_semantic_dataset,,Ref-121-Research,Ref-121-Research
shared_semantic_recoding_50_percent,leave_one_publication_out,False,Polynomial Ridge,held_out_publication,65,190.0,199.15233623506066,-9.152336235060659,9.152336235060659,83.76525855960432,1407,1407,,shared_semantic_dataset,,Ref-121-Research,Ref-121-Research
shared_semantic_recoding_50_percent,leave_one_publication_out,False,Polynomial Ridge,held_out_publication,66,192.0,182.28461696522004,9.715383034779961,9.715383034779961,94.38866751249029,1408,1408,,shared_semantic_dataset,,Ref-121-Research,Ref-121-Research
shared_semantic_recoding_50_percent,leave_one_publication_out,False,Polynomial Ridge,held_out_publication,67,194.0,206.2678758032998,-12.267875803299802,12.267875803299802,150.50077672518876,1409,1409,,shared_semantic_dataset,,Ref-121-Research,Ref-121-Research
shared_semantic_recoding_50_percent,leave_one_publication_out,False,Polynomial Ridge,held_out_publication,68,199.0,192.4855037410871,6.514496258912914,6.514496258912914,42.43866150739035,1410,1410,,shared_semantic_dataset,,Ref-121-Research,Ref-121-Research
shared_semantic_recoding_50_percent,leave_one_publication_out,False,Polynomial Ridge,held_out_publication,69,222.0,182.3957668707241,39.60423312927591,39.60423312927591,1568.4952817580356,1411,1411,,shared_semantic_dataset,,Ref-121-Research,Ref-121-Research
shared_semantic_recoding_50_percent,leave_one_publication_out,False,Polynomial Ridge,held_out_publication,70,200.0,199.19481112618337,0.8051888738166326,0.8051888738166326,0.6483291225180972,1412,1412,,shared_semantic_dataset,,Ref-121-Research,Ref-121-Research
shared_semantic_recoding_50_percent,leave_one_publication_out,False,Polynomial Ridge,held_out_publication,71,193.0,199.19481112618337,-6.194811126183367,6.194811126183367,38.37568488908524,1413,1413,,shared_semantic_dataset,,Ref-121-Research,Ref-121-Research
shared_semantic_recoding_50_percent,leave_one_publication_out,False,Polynomial Ridge,held_out_publication,72,190.0,199.19481112618337,-9.194811126183367,9.194811126183367,84.54455164618544,1414,1414,,shared_semantic_dataset,,Ref-121-Research,Ref-121-Research
shared_semantic_recoding_50_percent,leave_one_publication_out,False,Polynomial Ridge,held_out_publication,73,193.0,199.19481112618337,-6.194811126183367,6.194811126183367,38.37568488908524,1415,1415,,shared_semantic_dataset,,Ref-121-Research,Ref-121-Research
shared_semantic_recoding_50_percent,leave_one_publication_out,False,Polynomial Ridge,held_out_publication,74,147.0,148.7689024441212,-1.7689024441212098,1.7689024441212098,3.1290158568179898,1416,1416,,shared_semantic_dataset,,Ref-121-Research,Ref-121-Research
shared_semantic_recoding_50_percent,leave_one_publication_out,False,Polynomial Ridge,held_out_publication,75,146.0,169.53717034310196,-23.537170343101963,23.537170343101963,553.9983877601985,1417,1417,,shared_semantic_dataset,,Ref-121-Research,Ref-121-Research
shared_semantic_recoding_50_percent,leave_one_publication_out,False,Polynomial Ridge,held_out_publication,76,123.0,181.9312402795562,-58.93124027955619,58.93124027955619,3472.8910808867863,1418,1418,,shared_semantic_dataset,,Ref-121-Research,Ref-121-Research
shared_semantic_recoding_50_percent,leave_one_publication_out,False,Polynomial Ridge,held_out_publication,77,127.0,163.34714221975418,-36.347142219754176,36.347142219754176,1321.1147475430364,1419,1419,,shared_semantic_dataset,,Ref-121-Research,Ref-121-Research
shared_semantic_recoding_50_percent,leave_one_publication_out,False,Polynomial Ridge,held_out_publication,78,119.0,170.29187507967055,-51.29187507967055,51.29187507967055,2630.8564491885286,1420,1420,,shared_semantic_dataset,,Ref-121-Research,Ref-121-Research
shared_semantic_recoding_50_percent,leave_one_publication_out,False,Polynomial Ridge,held_out_publication,79,111.0,178.90714548403835,-67.90714548403835,67.90714548403835,4611.380407790351,1421,1421,,shared_semantic_dataset,,Ref-121-Research,Ref-121-Research
shared_semantic_recoding_50_percent,leave_one_publication_out,False,Polynomial Ridge,held_out_publication,0,125.6,126.9187691039356,-1.3187691039356082,1.3187691039356082,1.739151949495127,1648,1648,,shared_semantic_dataset,,Ref-141-Research,Ref-141-Research
shared_semantic_recoding_50_percent,leave_one_publication_out,False,Polynomial Ridge,held_out_publication,1,128.7,125.77155888224821,2.928441117751774,2.928441117751774,8.57576738013926,1649,1649,,shared_semantic_dataset,,Ref-141-Research,Ref-141-Research
shared_semantic_recoding_50_percent,leave_one_publication_out,False,Polynomial Ridge,held_out_publication,2,130.3,124.61856628444914,5.681433715550867,5.681433715550867,32.278689064198126,1650,1650,,shared_semantic_dataset,,Ref-141-Research,Ref-141-Research
shared_semantic_recoding_50_percent,leave_one_publication_out,False,Polynomial Ridge,held_out_publication,3,129.4,123.45478917345469,5.9452108265453205,5.9452108265453205,35.345531772071695,1651,1651,,shared_semantic_dataset,,Ref-141-Research,Ref-141-Research
shared_semantic_recoding_50_percent,leave_one_publication_out,False,Polynomial Ridge,held_out_publication,4,130.6,122.28526554541631,8.314734454583686,8.314734454583686,69.13480905024106,1652,1652,,shared_semantic_dataset,,Ref-141-Research,Ref-141-Research
shared_semantic_recoding_50_percent,leave_one_publication_out,False,Polynomial Ridge,held_out_publication,5,121.4,125.38557710544661,-3.985577105446609,3.985577105446609,15.88482486346017,1653,1653,,shared_semantic_dataset,,Ref-141-Research,Ref-141-Research
shared_semantic_recoding_50_percent,leave_one_publication_out,False,Polynomial Ridge,held_out_publication,6,124.6,124.38170528856006,0.21829471143993828,0.21829471143993828,0.04765258104264592,1654,1654,,shared_semantic_dataset,,Ref-141-Research,Ref-141-Research
shared_semantic_recoding_50_percent,leave_one_publication_out,False,Polynomial Ridge,held_out_publication,7,126.5,123.37174083927435,3.128259160725648,3.128259160725648,9.786005376663935,1655,1655,,shared_semantic_dataset,,Ref-141-Research,Ref-141-Research
shared_semantic_recoding_50_percent,leave_one_publication_out,False,Polynomial Ridge,held_out_publication,8,126.0,122.35130213308071,3.648697866919292,3.648697866919292,13.312996124061392,1656,1656,,shared_semantic_dataset,,Ref-141-Research,Ref-141-Research
shared_semantic_recoding_50_percent,leave_one_publication_out,False,Polynomial Ridge,held_out_publication,9,125.7,121.32480665355571,4.375193346444291,4.375193346444291,19.142316818770396,1657,1657,,shared_semantic_dataset,,Ref-141-Research,Ref-141-Research
shared_semantic_recoding_50_percent,leave_one_publication_out,False,Polynomial Ridge,held_out_publication,10,125.6,126.9187691039356,-1.3187691039356082,1.3187691039356082,1.739151949495127,1658,1658,,shared_semantic_dataset,,Ref-141-Research,Ref-141-Research
shared_semantic_recoding_50_percent,leave_one_publication_out,False,Polynomial Ridge,held_out_publication,11,130.3,108.13549373137843,22.16450626862158,22.16450626862158,491.2653381317653,1659,1659,,shared_semantic_dataset,,Ref-141-Research,Ref-141-Research
shared_semantic_recoding_50_percent,leave_one_publication_out,False,Polynomial Ridge,held_out_publication,12,134.7,89.27456134001653,45.425438659983456,45.425438659983456,2063.4704774519196,1660,1660,,shared_semantic_dataset,,Ref-141-Research,Ref-141-Research
shared_semantic_recoding_50_percent,leave_one_publication_out,False,Polynomial Ridge,held_out_publication,13,138.2,70.3359719298499,67.86402807015008,67.86402807015008,4605.526305906119,1661,1661,,shared_semantic_dataset,,Ref-141-Research,Ref-141-Research
shared_semantic_recoding_50_percent,leave_one_publication_out,False,Polynomial Ridge,held_out_publication,14,136.4,51.319725500878576,85.08027449912143,85.08027449912143,7238.653108845852,1662,1662,,shared_semantic_dataset,,Ref-141-Research,Ref-141-Research
shared_semantic_recoding_50_percent,leave_one_publication_out,False,Polynomial Ridge,held_out_publication,15,120.8,125.38557710544661,-4.5855771054466175,4.5855771054466175,21.027517389996177,1663,1663,,shared_semantic_dataset,,Ref-141-Research,Ref-141-Research
shared_semantic_recoding_50_percent,leave_one_publication_out,False,Polynomial Ridge,held_out_publication,16,122.4,106.8226177262062,15.577382273793802,15.577382273793802,242.65483850390535,1664,1664,,shared_semantic_dataset,,Ref-141-Research,Ref-141-Research
shared_semantic_recoding_50_percent,leave_one_publication_out,False,Polynomial Ridge,held_out_publication,17,130.5,88.18200132816108,42.31799867183892,42.31799867183892,1790.8130115897607,1665,1665,,shared_semantic_dataset,,Ref-141-Research,Ref-141-Research
shared_semantic_recoding_50_percent,leave_one_publication_out,False,Polynomial Ridge,held_out_publication,18,133.1,69.4637279113112,63.6362720886888,63.6362720886888,4049.575125345633,1666,1666,,shared_semantic_dataset,,Ref-141-Research,Ref-141-Research
shared_semantic_recoding_50_percent,leave_one_publication_out,False,Polynomial Ridge,held_out_publication,19,130.3,50.667797475656656,79.63220252434336,79.63220252434336,6341.287678878036,1667,1667,,shared_semantic_dataset,,Ref-141-Research,Ref-141-Research
shared_semantic_recoding_50_percent,leave_one_publication_out,False,Polynomial Ridge,held_out_publication,20,140.3,149.28031304837307,-8.980313048373063,8.980313048373063,80.64602244677948,1668,1668,,shared_semantic_dataset,,Ref-141-Research,Ref-141-Research
shared_semantic_recoding_50_percent,leave_one_publication_out,False,Polynomial Ridge,held_out_publication,21,146.6,141.72105740350867,4.878942596491328,4.878942596491328,23.80408085985754,1669,1669,,shared_semantic_dataset,,Ref-141-Research,Ref-141-Research
shared_semantic_recoding_50_percent,leave_one_publication_out,False,Polynomial Ridge,held_out_publication,22,144.7,134.16989826872992,10.530101731270065,10.530101731270065,110.88304247089683,1670,1670,,shared_semantic_dataset,,Ref-141-Research,Ref-141-Research
shared_semantic_recoding_50_percent,leave_one_publication_out,False,Polynomial Ridge,held_out_publication,23,145.1,126.59407573455846,18.505924265441536,18.505924265441536,342.46923291825783,1671,1671,,shared_semantic_dataset,,Ref-141-Research,Ref-141-Research
shared_semantic_recoding_50_percent,leave_one_publication_out,False,Polynomial Ridge,held_out_publication,24,142.2,119.02638556954042,23.173614430459565,23.173614430459565,537.0164057716038,1672,1672,,shared_semantic_dataset,,Ref-141-Research,Ref-141-Research
shared_semantic_recoding_50_percent,leave_one_publication_out,False,Polynomial Ridge,held_out_publication,25,134.3,147.16472532832307,-12.864725328323061,12.864725328323061,165.5011577731969,1673,1673,,shared_semantic_dataset,,Ref-141-Research,Ref-141-Research
shared_semantic_recoding_50_percent,leave_one_publication_out,False,Polynomial Ridge,held_out_publication,26,141.5,139.74880808825947,1.7511919117405341,1.7511919117405341,3.066673111745467,1674,1674,,shared_semantic_dataset,,Ref-141-Research,Ref-141-Research
shared_semantic_recoding_50_percent,leave_one_publication_out,False,Polynomial Ridge,held_out_publication,27,142.7,132.34067710199412,10.359322898005871,10.359322898005871,107.31557090514876,1675,1675,,shared_semantic_dataset,,Ref-141-Research,Ref-141-Research
shared_semantic_recoding_50_percent,leave_one_publication_out,False,Polynomial Ridge,held_out_publication,28,140.6,124.90819297262347,15.691807027376527,15.691807027376527,246.23280778442336,1676,1676,,shared_semantic_dataset,,Ref-141-Research,Ref-141-Research
shared_semantic_recoding_50_percent,leave_one_publication_out,False,Polynomial Ridge,held_out_publication,29,133.4,117.48353095611881,15.916469043881193,15.916469043881193,253.33398682482832,1677,1677,,shared_semantic_dataset,,Ref-141-Research,Ref-141-Research
shared_semantic_recoding_50_percent,leave_one_publication_out,False,Polynomial Ridge,held_out_publication,30,140.3,149.28031304837307,-8.980313048373063,8.980313048373063,80.64602244677948,1678,1678,,shared_semantic_dataset,,Ref-141-Research,Ref-141-Research
shared_semantic_recoding_50_percent,leave_one_publication_out,False,Polynomial Ridge,held_out_publication,31,153.8,80.47756906326705,73.32243093673296,73.32243093673296,5376.178878471974,1679,1679,,shared_semantic_dataset,,Ref-141-Research,Ref-141-Research
shared_semantic_recoding_50_percent,leave_one_publication_out,False,Polynomial Ridge,held_out_publication,32,156.6,11.597168059356306,145.0028319406437,145.0028319406437,21025.82127080656,1680,1680,,shared_semantic_dataset,,Ref-141-Research,Ref-141-Research
shared_semantic_recoding_50_percent,leave_one_publication_out,False,Polynomial Ridge,held_out_publication,33,163.7,-57.36088996335914,221.06088996335913,221.06088996335913,48867.917071392374,1681,1681,,shared_semantic_dataset,,Ref-141-Research,Ref-141-Research
shared_semantic_recoding_50_percent,leave_one_publication_out,False,Polynomial Ridge,held_out_publication,34,161.2,-126.3966050048794,287.5966050048794,287.5966050048794,82711.80721033261,1682,1682,,shared_semantic_dataset,,Ref-141-Research,Ref-141-Research
shared_semantic_recoding_50_percent,leave_one_publication_out,False,Polynomial Ridge,held_out_publication,35,133.9,147.16472532832307,-13.264725328323067,13.264725328323067,175.95293803585548,1683,1683,,shared_semantic_dataset,,Ref-141-Research,Ref-141-Research
shared_semantic_recoding_50_percent,leave_one_publication_out,False,Polynomial Ridge,held_out_publication,36,141.7,78.58229733653381,63.117702663466176,63.117702663466176,3983.844389513725,1684,1684,,shared_semantic_dataset,,Ref-141-Research,Ref-141-Research
shared_semantic_recoding_50_percent,leave_one_publication_out,False,Polynomial Ridge,held_out_publication,37,144.2,9.922212325939853,134.27778767406014,134.27778767406014,18030.524262639978,1685,1685,,shared_semantic_dataset,,Ref-141-Research,Ref-141-Research
shared_semantic_recoding_50_percent,leave_one_publication_out,False,Polynomial Ridge,held_out_publication,38,150.8,-58.81552970345891,209.61552970345892,209.61552970345892,43938.670292861665,1686,1686,,shared_semantic_dataset,,Ref-141-Research,Ref-141-Research
shared_semantic_recoding_50_percent,leave_one_publication_out,False,Polynomial Ridge,held_out_publication,39,149.2,-127.63092875166234,276.8309287516623,276.8309287516623,76635.36311350795,1687,1687,,shared_semantic_dataset,,Ref-141-Research,Ref-141-Research
shared_semantic_recoding_50_percent,leave_one_publication_out,False,Polynomial Ridge,held_out_publication,40,131.0,106.58737430113821,24.41262569886179,24.41262569886179,595.976293512727,1688,1688,,shared_semantic_dataset,,Ref-141-Research,Ref-141-Research
shared_semantic_recoding_50_percent,leave_one_publication_out,False,Polynomial Ridge,held_out_publication,41,132.9,87.32553270122347,45.57446729877654,45.57446729877654,2077.032069567252,1689,1689,,shared_semantic_dataset,,Ref-141-Research,Ref-141-Research
shared_semantic_recoding_50_percent,leave_one_publication_out,False,Polynomial Ridge,held_out_publication,42,135.6,67.986034082504,67.61396591749599,67.61396591749599,4571.648387092309,1690,1690,,shared_semantic_dataset,,Ref-141-Research,Ref-141-Research
shared_semantic_recoding_50_percent,leave_one_publication_out,False,Polynomial Ridge,held_out_publication,43,131.0,105.034340263636,25.965659736364003,25.965659736364003,674.2154855446347,1691,1691,,shared_semantic_dataset,,Ref-141-Research,Ref-141-Research
shared_semantic_recoding_50_percent,leave_one_publication_out,False,Polynomial Ridge,held_out_publication,44,134.7,85.3724572240181,49.32754277598188,49.32754277598188,2433.2064763163226,1692,1692,,shared_semantic_dataset,,Ref-141-Research,Ref-141-Research
shared_semantic_recoding_50_percent,leave_one_publication_out,False,Polynomial Ridge,held_out_publication,45,140.2,65.6329171655955,74.56708283440449,74.56708283440449,5560.249842432941,1693,1693,,shared_semantic_dataset,,Ref-141-Research,Ref-141-Research
shared_semantic_recoding_50_percent,leave_one_publication_out,False,Polynomial Ridge,held_out_publication,46,129.2,103.4696539440887,25.730346055911284,25.730346055911284,662.0507081569493,1694,1694,,shared_semantic_dataset,,Ref-141-Research,Ref-141-Research
shared_semantic_recoding_50_percent,leave_one_publication_out,False,Polynomial Ridge,held_out_publication,47,132.9,83.406861695918,49.49313830408201,49.49313830408201,2449.5707391869896,1695,1695,,shared_semantic_dataset,,Ref-141-Research,Ref-141-Research
shared_semantic_recoding_50_percent,leave_one_publication_out,False,Polynomial Ridge,held_out_publication,48,134.7,63.26641242894256,71.43358757105743,71.43358757105743,5102.7574332719305,1696,1696,,shared_semantic_dataset,,Ref-141-Research,Ref-141-Research
shared_semantic_recoding_50_percent,leave_one_publication_out,False,Polynomial Ridge,held_out_publication,49,138.2,126.9187691039356,11.281230896064386,11.281230896064386,127.26617053031767,1697,1697,,shared_semantic_dataset,,Ref-141-Research,Ref-141-Research
shared_semantic_recoding_50_percent,leave_one_publication_out,False,Polynomial Ridge,held_out_publication,50,127.4,123.76877588177015,3.631224118229852,3.631224118229852,13.185788596814167,1698,1698,,shared_semantic_dataset,,Ref-141-Research,Ref-141-Research
shared_semantic_recoding_50_percent,leave_one_publication_out,False,Polynomial Ridge,held_out_publication,51,122.5,120.27700472742714,2.2229952725728594,2.2229952725728594,4.941707981881281,1699,1699,,shared_semantic_dataset,,Ref-141-Research,Ref-141-Research
shared_semantic_recoding_50_percent,leave_one_publication_out,False,Polynomial Ridge,held_out_publication,52,115.3,116.44660705891587,-1.146607058915876,1.146607058915876,1.3147077475557154,1700,1700,,shared_semantic_dataset,,Ref-141-Research,Ref-141-Research
shared_semantic_recoding_50_percent,leave_one_publication_out,False,Polynomial Ridge,held_out_publication,53,125.6,124.61856628444914,0.9814337155508497,0.9814337155508497,0.9632121380199461,1701,1701,,shared_semantic_dataset,,Ref-141-Research,Ref-141-Research
shared_semantic_recoding_50_percent,leave_one_publication_out,False,Polynomial Ridge,held_out_publication,54,116.7,122.0410477153441,-5.341047715344104,5.341047715344104,28.52679069758247,1702,1702,,shared_semantic_dataset,,Ref-141-Research,Ref-141-Research
shared_semantic_recoding_50_percent,leave_one_publication_out,False,Polynomial Ridge,held_out_publication,55,113.4,119.12200966762947,-5.7220096676294645,5.7220096676294645,32.74139463644506,1703,1703,,shared_semantic_dataset,,Ref-141-Research,Ref-141-Research
shared_semantic_recoding_50_percent,leave_one_publication_out,False,Polynomial Ridge,held_out_publication,56,109.5,115.86408665217861,-6.364086652178614,6.364086652178614,40.50159891643799,1704,1704,,shared_semantic_dataset,,Ref-141-Research,Ref-141-Research
shared_semantic_recoding_50_percent,leave_one_publication_out,False,Polynomial Ridge,held_out_publication,57,130.3,70.33597192984989,59.96402807015012,59.96402807015012,3595.6846623977517,1705,1705,,shared_semantic_dataset,,Ref-141-Research,Ref-141-Research
shared_semantic_recoding_50_percent,leave_one_publication_out,False,Polynomial Ridge,held_out_publication,58,120.7,68.50727814413743,52.19272185586257,52.19272185586257,2724.0802147234344,1706,1706,,shared_semantic_dataset,,Ref-141-Research,Ref-141-Research
shared_semantic_recoding_50_percent,leave_one_publication_out,False,Polynomial Ridge,held_out_publication,59,116.6,66.337402949695,50.26259705030499,50.26259705030499,2526.328662241328,1707,1707,,shared_semantic_dataset,,Ref-141-Research,Ref-141-Research
shared_semantic_recoding_50_percent,leave_one_publication_out,False,Polynomial Ridge,held_out_publication,60,111.2,63.828304717636726,47.37169528236328,47.37169528236328,2244.077513925079,1708,1708,,shared_semantic_dataset,,Ref-141-Research,Ref-141-Research
shared_semantic_recoding_50_percent,leave_one_publication_out,False,Polynomial Ridge,held_out_publication,61,163.3,149.28031304837307,14.019686951626937,14.019686951626937,196.5516222216186,1709,1709,,shared_semantic_dataset,,Ref-141-Research,Ref-141-Research
shared_semantic_recoding_50_percent,leave_one_publication_out,False,Polynomial Ridge,held_out_publication,62,140.9,144.96605401099313,-4.066054010993128,4.066054010993128,16.5327952203133,1710,1710,,shared_semantic_dataset,,Ref-141-Research,Ref-141-Research
shared_semantic_recoding_50_percent,leave_one_publication_out,False,Polynomial Ridge,held_out_publication,63,131.8,140.30949141352806,-8.509491413528053,8.509491413528053,72.41144411690766,1711,1711,,shared_semantic_dataset,,Ref-141-Research,Ref-141-Research
shared_semantic_recoding_50_percent,leave_one_publication_out,False,Polynomial Ridge,held_out_publication,64,112.2,135.3148279298023,-23.114827929802303,23.114827929802303,534.2952702243687,1712,1712,,shared_semantic_dataset,,Ref-141-Research,Ref-141-Research
shared_semantic_recoding_50_percent,leave_one_publication_out,False,Polynomial Ridge,held_out_publication,65,140.3,134.16989826872992,6.130101731270088,6.130101731270088,37.57814723572053,1713,1713,,shared_semantic_dataset,,Ref-141-Research,Ref-141-Research
shared_semantic_recoding_50_percent,leave_one_publication_out,False,Polynomial Ridge,held_out_publication,66,125.2,130.4281138844104,-5.228113884410405,5.228113884410405,27.333174788364854,1714,1714,,shared_semantic_dataset,,Ref-141-Research,Ref-141-Research
shared_semantic_recoding_50_percent,leave_one_publication_out,False,Polynomial Ridge,held_out_publication,67,117.5,126.34428439357372,-8.844284393573716,8.844284393573716,78.22136643441159,1715,1715,,shared_semantic_dataset,,Ref-141-Research,Ref-141-Research
shared_semantic_recoding_50_percent,leave_one_publication_out,False,Polynomial Ridge,held_out_publication,68,105.4,121.92209556290838,-16.522095562908376,16.522095562908376,272.97964178987667,1716,1716,,shared_semantic_dataset,,Ref-141-Research,Ref-141-Research
shared_semantic_recoding_50_percent,leave_one_publication_out,False,Polynomial Ridge,held_out_publication,69,146.7,-57.36088996335917,204.06088996335916,204.06088996335916,41640.84681263818,1717,1717,,shared_semantic_dataset,,Ref-141-Research,Ref-141-Research
shared_semantic_recoding_50_percent,leave_one_publication_out,False,Polynomial Ridge,held_out_publication,70,130.3,-60.35384956428618,190.6538495642862,190.6538495642862,36348.89035368147,1718,1718,,shared_semantic_dataset,,Ref-141-Research,Ref-141-Research
shared_semantic_recoding_50_percent,leave_one_publication_out,False,Polynomial Ridge,held_out_publication,71,124.4,-63.688516201850575,188.08851620185058,188.08851620185058,35377.28992701381,1719,1719,,shared_semantic_dataset,,Ref-141-Research,Ref-141-Research
shared_semantic_recoding_50_percent,leave_one_publication_out,False,Polynomial Ridge,held_out_publication,72,107.5,-67.3618802491234,174.8618802491234,174.8618802491234,30576.677164258774,1720,1720,,shared_semantic_dataset,,Ref-141-Research,Ref-141-Research
shared_semantic_recoding_50_percent,leave_one_publication_out,False,Polynomial Ridge,held_out_publication,0,102.0,153.80422265298802,-51.80422265298802,51.80422265298802,2683.677484680357,490,490,,shared_semantic_dataset,,Ref-48-Research,Ref-48-Research
shared_semantic_recoding_50_percent,leave_one_publication_out,False,Polynomial Ridge,held_out_publication,1,100.0,137.05752582537605,-37.05752582537605,37.05752582537605,1373.2602202984126,491,491,,shared_semantic_dataset,,Ref-48-Research,Ref-48-Research
shared_semantic_recoding_50_percent,leave_one_publication_out,False,Polynomial Ridge,held_out_publication,2,166.0,151.39771213348362,14.602287866516377,14.602287866516377,213.22681093661143,492,492,,shared_semantic_dataset,,Ref-48-Research,Ref-48-Research
shared_semantic_recoding_50_percent,leave_one_publication_out,False,Polynomial Ridge,held_out_publication,3,158.0,168.0464863392685,-10.046486339268512,10.046486339268512,100.93188776510883,493,493,,shared_semantic_dataset,,Ref-48-Research,Ref-48-Research
shared_semantic_recoding_50_percent,leave_one_publication_out,False,Polynomial Ridge,held_out_publication,4,116.0,188.8089219001443,-72.8089219001443,72.8089219001443,5301.139108261312,494,494,,shared_semantic_dataset,,Ref-48-Research,Ref-48-Research
shared_semantic_recoding_50_percent,leave_one_publication_out,False,Polynomial Ridge,held_out_publication,5,118.0,173.71920094288043,-55.719200942880434,55.719200942880434,3104.6293537130878,495,495,,shared_semantic_dataset,,Ref-48-Research,Ref-48-Research
shared_semantic_recoding_50_percent,leave_one_publication_out,False,Polynomial Ridge,held_out_publication,6,170.0,194.12150486989376,-24.121504869893755,24.121504869893755,581.8469971883081,496,496,,shared_semantic_dataset,,Ref-48-Research,Ref-48-Research
shared_semantic_recoding_50_percent,leave_one_publication_out,False,Polynomial Ridge,held_out_publication,7,170.0,204.16123686830565,-34.16123686830565,34.16123686830565,1166.9901043724851,497,497,,shared_semantic_dataset,,Ref-48-Research,Ref-48-Research
shared_semantic_recoding_50_percent,leave_one_publication_out,False,Polynomial Ridge,held_out_publication,8,130.0,190.47368783982353,-60.473687839823526,60.473687839823526,3657.06692094842,498,498,,shared_semantic_dataset,,Ref-48-Research,Ref-48-Research
shared_semantic_recoding_50_percent,leave_one_publication_out,False,Polynomial Ridge,held_out_publication,9,144.0,171.34586399858713,-27.345863998587134,27.345863998587134,747.796277829224,499,499,,shared_semantic_dataset,,Ref-48-Research,Ref-48-Research
shared_semantic_recoding_50_percent,leave_one_publication_out,False,Polynomial Ridge,held_out_publication,10,184.0,195.90191419507016,-11.901914195070162,11.901914195070162,141.65556150681263,500,500,,shared_semantic_dataset,,Ref-48-Research,Ref-48-Research
shared_semantic_recoding_50_percent,leave_one_publication_out,False,Polynomial Ridge,held_out_publication,11,182.0,214.51739916438717,-32.51739916438717,32.51739916438717,1057.3812484160876,501,501,,shared_semantic_dataset,,Ref-48-Research,Ref-48-Research
shared_semantic_recoding_50_percent,leave_one_publication_out,False,Polynomial Ridge,held_out_publication,12,185.0,143.9392260065825,41.06077399341751,41.06077399341751,1685.987160938512,502,502,,shared_semantic_dataset,,Ref-48-Research,Ref-48-Research
shared_semantic_recoding_50_percent,leave_one_publication_out,False,Polynomial Ridge,held_out_publication,13,188.0,139.97790153282955,48.02209846717045,48.02209846717045,2306.1219411906145,503,503,,shared_semantic_dataset,,Ref-48-Research,Ref-48-Research
shared_semantic_recoding_50_percent,leave_one_publication_out,False,Polynomial Ridge,held_out_publication,14,192.0,135.9508839936517,56.0491160063483,56.0491160063483,3141.503405093089,504,504,,shared_semantic_dataset,,Ref-48-Research,Ref-48-Research
shared_semantic_recoding_50_percent,leave_one_publication_out,False,Polynomial Ridge,held_out_publication,15,196.0,131.85817338904897,64.14182661095103,64.14182661095103,4114.173920989306,505,505,,shared_semantic_dataset,,Ref-48-Research,Ref-48-Research
shared_semantic_recoding_50_percent,leave_one_publication_out,False,Polynomial Ridge,held_out_publication,16,198.0,127.6997697190213,70.3002302809787,70.3002302809787,4942.122377558634,506,506,,shared_semantic_dataset,,Ref-48-Research,Ref-48-Research
shared_semantic_recoding_50_percent,leave_one_publication_out,False,Polynomial Ridge,held_out_publication,17,205.0,123.47567298356876,81.52432701643124,81.52432701643124,6646.215895482022,507,507,,shared_semantic_dataset,,Ref-48-Research,Ref-48-Research
shared_semantic_recoding_50_percent,leave_one_publication_out,False,Polynomial Ridge,held_out_publication,18,201.0,119.18588318269128,81.81411681730872,81.81411681730872,6693.549710596237,508,508,,shared_semantic_dataset,,Ref-48-Research,Ref-48-Research
shared_semantic_recoding_50_percent,leave_one_publication_out,False,Polynomial Ridge,held_out_publication,19,196.0,114.8304003163889,81.1695996836111,81.1695996836111,6588.503912797679,509,509,,shared_semantic_dataset,,Ref-48-Research,Ref-48-Research
shared_semantic_recoding_50_percent,leave_one_publication_out,False,Polynomial Ridge,held_out_publication,20,191.0,110.40922438466163,80.59077561533837,80.59077561533837,6494.873114281818,510,510,,shared_semantic_dataset,,Ref-48-Research,Ref-48-Research
shared_semantic_recoding_50_percent,leave_one_publication_out,False,Polynomial Ridge,held_out_publication,21,189.0,102.53487591502551,86.46512408497449,86.46512408497449,7476.217683030036,511,511,,shared_semantic_dataset,,Ref-48-Research,Ref-48-Research
shared_semantic_recoding_50_percent,leave_one_publication_out,False,Polynomial Ridge,held_out_publication,22,182.0,143.9392260065825,38.06077399341751,38.06077399341751,1448.6225169780068,512,512,,shared_semantic_dataset,,Ref-48-Research,Ref-48-Research
shared_semantic_recoding_50_percent,leave_one_publication_out,False,Polynomial Ridge,held_out_publication,23,185.0,139.97790153282955,45.02209846717045,45.02209846717045,2026.989350387592,513,513,,shared_semantic_dataset,,Ref-48-Research,Ref-48-Research
shared_semantic_recoding_50_percent,leave_one_publication_out,False,Polynomial Ridge,held_out_publication,24,185.5,135.9508839936517,49.5491160063483,49.5491160063483,2455.1148970105614,514,514,,shared_semantic_dataset,,Ref-48-Research,Ref-48-Research
shared_semantic_recoding_50_percent,leave_one_publication_out,False,Polynomial Ridge,held_out_publication,25,186.0,131.85817338904897,54.14182661095103,54.14182661095103,2931.337388770285,515,515,,shared_semantic_dataset,,Ref-48-Research,Ref-48-Research
shared_semantic_recoding_50_percent,leave_one_publication_out,False,Polynomial Ridge,held_out_publication,26,172.0,127.6997697190213,44.300230280978695,44.300230280978695,1962.5104029477418,516,516,,shared_semantic_dataset,,Ref-48-Research,Ref-48-Research
shared_semantic_recoding_50_percent,leave_one_publication_out,False,Polynomial Ridge,held_out_publication,27,170.5,123.47567298356876,47.02432701643124,47.02432701643124,2211.2873313482655,517,517,,shared_semantic_dataset,,Ref-48-Research,Ref-48-Research
shared_semantic_recoding_50_percent,leave_one_publication_out,False,Polynomial Ridge,held_out_publication,28,162.0,119.18588318269128,42.814116817308715,42.814116817308715,1833.048598846157,518,518,,shared_semantic_dataset,,Ref-48-Research,Ref-48-Research
shared_semantic_recoding_50_percent,leave_one_publication_out,False,Polynomial Ridge,held_out_publication,29,159.0,114.8304003163889,44.1695996836111,44.1695996836111,1950.9535362104575,519,519,,shared_semantic_dataset,,Ref-48-Research,Ref-48-Research
shared_semantic_recoding_50_percent,leave_one_publication_out,False,Polynomial Ridge,held_out_publication,30,169.0,110.40922438466163,58.59077561533837,58.59077561533837,3432.8789872069297,520,520,,shared_semantic_dataset,,Ref-48-Research,Ref-48-Research
shared_semantic_recoding_50_percent,leave_one_publication_out,False,Polynomial Ridge,held_out_publication,31,157.0,102.53487591502551,54.46512408497449,54.46512408497449,2966.4497415916685,521,521,,shared_semantic_dataset,,Ref-48-Research,Ref-48-Research
shared_semantic_recoding_50_percent,leave_one_publication_out,False,Polynomial Ridge,held_out_publication,32,199.0,164.93822569051028,34.06177430948972,34.06177430948972,1160.204469110614,522,522,,shared_semantic_dataset,,Ref-48-Research,Ref-48-Research
shared_semantic_recoding_50_percent,leave_one_publication_out,False,Polynomial Ridge,held_out_publication,33,202.0,141.70385667275534,60.296143327244664,60.296143327244664,3635.6249001396313,523,523,,shared_semantic_dataset,,Ref-48-Research,Ref-48-Research
shared_semantic_recoding_50_percent,leave_one_publication_out,False,Polynomial Ridge,held_out_publication,34,203.0,118.40379458957548,84.59620541042452,84.59620541042452,7156.517969842738,524,524,,shared_semantic_dataset,,Ref-48-Research,Ref-48-Research
shared_semantic_recoding_50_percent,leave_one_publication_out,False,Polynomial Ridge,held_out_publication,35,209.0,95.03803944097072,113.96196055902928,113.96196055902928,12987.328454457745,525,525,,shared_semantic_dataset,,Ref-48-Research,Ref-48-Research
shared_semantic_recoding_50_percent,leave_one_publication_out,False,Polynomial Ridge,held_out_publication,36,212.0,71.60659122694105,140.39340877305895,140.39340877305895,19710.309226919228,526,526,,shared_semantic_dataset,,Ref-48-Research,Ref-48-Research
shared_semantic_recoding_50_percent,leave_one_publication_out,False,Polynomial Ridge,held_out_publication,37,218.0,48.10944994748647,169.89055005251353,169.89055005251353,28862.798997145605,527,527,,shared_semantic_dataset,,Ref-48-Research,Ref-48-Research
shared_semantic_recoding_50_percent,leave_one_publication_out,False,Polynomial Ridge,held_out_publication,38,216.0,24.54661560260689,191.4533843973931,191.4533843973931,36654.39839721597,528,528,,shared_semantic_dataset,,Ref-48-Research,Ref-48-Research
shared_semantic_recoding_50_percent,leave_one_publication_out,False,Polynomial Ridge,held_out_publication,39,212.0,0.9180881923025197,211.08191180769748,211.08191180769748,44555.57349239258,529,529,,shared_semantic_dataset,,Ref-48-Research,Ref-48-Research
shared_semantic_recoding_50_percent,leave_one_publication_out,False,Polynomial Ridge,held_out_publication,40,210.0,-22.776132283426733,232.77613228342673,232.77613228342673,54184.72776083138,530,530,,shared_semantic_dataset,,Ref-48-Research,Ref-48-Research
shared_semantic_recoding_50_percent,leave_one_publication_out,False,Polynomial Ridge,held_out_publication,41,208.0,-49.90889092390884,257.90889092390887,257.90889092390887,66516.99601760073,531,531,,shared_semantic_dataset,,Ref-48-Research,Ref-48-Research
shared_semantic_recoding_50_percent,leave_one_publication_out,False,Polynomial Ridge,held_out_publication,42,194.0,164.93822569051028,29.06177430948972,29.06177430948972,844.5867260157167,532,532,,shared_semantic_dataset,,Ref-48-Research,Ref-48-Research
shared_semantic_recoding_50_percent,leave_one_publication_out,False,Polynomial Ridge,held_out_publication,43,197.0,141.70385667275534,55.296143327244664,55.296143327244664,3057.6634668671845,533,533,,shared_semantic_dataset,,Ref-48-Research,Ref-48-Research
shared_semantic_recoding_50_percent,leave_one_publication_out,False,Polynomial Ridge,held_out_publication,44,198.0,118.40379458957548,79.59620541042452,79.59620541042452,6335.555915738493,534,534,,shared_semantic_dataset,,Ref-48-Research,Ref-48-Research
shared_semantic_recoding_50_percent,leave_one_publication_out,False,Polynomial Ridge,held_out_publication,45,200.0,95.03803944097072,104.96196055902928,104.96196055902928,11017.013164395217,535,535,,shared_semantic_dataset,,Ref-48-Research,Ref-48-Research
shared_semantic_recoding_50_percent,leave_one_publication_out,False,Polynomial Ridge,held_out_publication,46,182.0,71.60659122694105,110.39340877305895,110.39340877305895,12186.704700535689,536,536,,shared_semantic_dataset,,Ref-48-Research,Ref-48-Research
shared_semantic_recoding_50_percent,leave_one_publication_out,False,Polynomial Ridge,held_out_publication,47,181.0,48.10944994748647,132.89055005251353,132.89055005251353,17659.898293259605,537,537,,shared_semantic_dataset,,Ref-48-Research,Ref-48-Research
shared_semantic_recoding_50_percent,leave_one_publication_out,False,Polynomial Ridge,held_out_publication,48,178.0,24.54661560260689,153.4533843973931,153.4533843973931,23547.94118301409,538,538,,shared_semantic_dataset,,Ref-48-Research,Ref-48-Research
shared_semantic_recoding_50_percent,leave_one_publication_out,False,Polynomial Ridge,held_out_publication,49,176.0,0.9180881923025197,175.08191180769748,175.08191180769748,30653.675842238357,539,539,,shared_semantic_dataset,,Ref-48-Research,Ref-48-Research
shared_semantic_recoding_50_percent,leave_one_publication_out,False,Polynomial Ridge,held_out_publication,50,175.0,-22.776132283426733,197.77613228342673,197.77613228342673,39115.39850099151,540,540,,shared_semantic_dataset,,Ref-48-Research,Ref-48-Research
shared_semantic_recoding_50_percent,leave_one_publication_out,False,Polynomial Ridge,held_out_publication,51,171.0,-49.90889092390884,220.90889092390884,220.90889092390884,48800.738089231454,541,541,,shared_semantic_dataset,,Ref-48-Research,Ref-48-Research
shared_semantic_recoding_50_percent,leave_one_publication_out,False,Polynomial Ridge,held_out_publication,52,210.0,178.21225336550657,31.78774663449343,31.78774663449343,1010.4608360987485,542,542,,shared_semantic_dataset,,Ref-48-Research,Ref-48-Research
shared_semantic_recoding_50_percent,leave_one_publication_out,False,Polynomial Ridge,held_out_publication,53,212.0,167.9831227262473,44.0168772737527,44.0168772737527,1937.4854849326068,543,543,,shared_semantic_dataset,,Ref-48-Research,Ref-48-Research
shared_semantic_recoding_50_percent,leave_one_publication_out,False,Polynomial Ridge,held_out_publication,54,217.0,157.68829902156313,59.311700978436875,59.311700978436875,3517.8778729555097,544,544,,shared_semantic_dataset,,Ref-48-Research,Ref-48-Research
shared_semantic_recoding_50_percent,leave_one_publication_out,False,Polynomial Ridge,held_out_publication,55,225.0,147.32778225145404,77.67221774854596,77.67221774854596,6032.973409977538,545,545,,shared_semantic_dataset,,Ref-48-Research,Ref-48-Research
shared_semantic_recoding_50_percent,leave_one_publication_out,False,Polynomial Ridge,held_out_publication,56,227.0,136.90157241592004,90.09842758407996,90.09842758407996,8117.7266531237,546,546,,shared_semantic_dataset,,Ref-48-Research,Ref-48-Research
shared_semantic_recoding_50_percent,leave_one_publication_out,False,Polynomial Ridge,held_out_publication,57,234.0,126.40966951496114,107.59033048503886,107.59033048503886,11575.679213879883,547,547,,shared_semantic_dataset,,Ref-48-Research,Ref-48-Research
shared_semantic_recoding_50_percent,leave_one_publication_out,False,Polynomial Ridge,held_out_publication,58,232.0,115.85207354857732,116.14792645142268,116.14792645142268,13490.34081896509,548,548,,shared_semantic_dataset,,Ref-48-Research,Ref-48-Research
shared_semantic_recoding_50_percent,leave_one_publication_out,False,Polynomial Ridge,held_out_publication,59,227.0,105.2287845167686,121.7712154832314,121.7712154832314,14828.228920263575,549,549,,shared_semantic_dataset,,Ref-48-Research,Ref-48-Research
shared_semantic_recoding_50_percent,leave_one_publication_out,False,Polynomial Ridge,held_out_publication,60,221.0,94.53980241953498,126.46019758046502,126.46019758046502,15992.18157209025,550,550,,shared_semantic_dataset,,Ref-48-Research,Ref-48-Research
shared_semantic_recoding_50_percent,leave_one_publication_out,False,Polynomial Ridge,held_out_publication,61,219.0,74.71230716612241,144.2876928338776,144.2876928338776,20818.93830332341,551,551,,shared_semantic_dataset,,Ref-48-Research,Ref-48-Research
shared_semantic_recoding_50_percent,leave_one_publication_out,False,Polynomial Ridge,held_out_publication,62,209.0,178.21225336550657,30.78774663449343,30.78774663449343,947.8853428297616,552,552,,shared_semantic_dataset,,Ref-48-Research,Ref-48-Research
shared_semantic_recoding_50_percent,leave_one_publication_out,False,Polynomial Ridge,held_out_publication,63,210.0,167.9831227262473,42.0168772737527,42.0168772737527,1765.417975837596,553,553,,shared_semantic_dataset,,Ref-48-Research,Ref-48-Research
shared_semantic_recoding_50_percent,leave_one_publication_out,False,Polynomial Ridge,held_out_publication,64,213.0,157.68829902156313,55.311700978436875,55.311700978436875,3059.3842651280147,554,554,,shared_semantic_dataset,,Ref-48-Research,Ref-48-Research
shared_semantic_recoding_50_percent,leave_one_publication_out,False,Polynomial Ridge,held_out_publication,65,215.0,147.32778225145404,67.67221774854596,67.67221774854596,4579.529055006619,555,555,,shared_semantic_dataset,,Ref-48-Research,Ref-48-Research
shared_semantic_recoding_50_percent,leave_one_publication_out,False,Polynomial Ridge,held_out_publication,66,198.0,136.90157241592004,61.09842758407996,61.09842758407996,3733.0178532470627,556,556,,shared_semantic_dataset,,Ref-48-Research,Ref-48-Research
shared_semantic_recoding_50_percent,leave_one_publication_out,False,Polynomial Ridge,held_out_publication,67,192.0,126.40966951496114,65.59033048503886,65.59033048503886,4302.091453136618,557,557,,shared_semantic_dataset,,Ref-48-Research,Ref-48-Research
shared_semantic_recoding_50_percent,leave_one_publication_out,False,Polynomial Ridge,held_out_publication,68,186.5,115.85207354857732,70.64792645142268,70.64792645142268,4991.129511885628,558,558,,shared_semantic_dataset,,Ref-48-Research,Ref-48-Research
shared_semantic_recoding_50_percent,leave_one_publication_out,False,Polynomial Ridge,held_out_publication,69,185.0,105.2287845167686,79.7712154832314,79.7712154832314,6363.446819672137,559,559,,shared_semantic_dataset,,Ref-48-Research,Ref-48-Research
shared_semantic_recoding_50_percent,leave_one_publication_out,False,Polynomial Ridge,held_out_publication,70,183.0,94.53980241953498,88.46019758046502,88.46019758046502,7825.20655597491,560,560,,shared_semantic_dataset,,Ref-48-Research,Ref-48-Research
shared_semantic_recoding_50_percent,leave_one_publication_out,False,Polynomial Ridge,held_out_publication,71,178.0,74.71230716612241,103.28769283387759,103.28769283387759,10668.347490945447,561,561,,shared_semantic_dataset,,Ref-48-Research,Ref-48-Research
shared_semantic_recoding_50_percent,leave_one_publication_out,False,Polynomial Ridge,held_out_publication,0,160.0,145.308926356231,14.691073643768988,14.691073643768988,215.8276448066438,988,988,,shared_semantic_dataset,,Ref-85-Research,Ref-85-Research
shared_semantic_recoding_50_percent,leave_one_publication_out,False,Polynomial Ridge,held_out_publication,1,141.0,144.81086809576385,-3.810868095763851,3.810868095763851,14.522715643310802,989,989,,shared_semantic_dataset,,Ref-85-Research,Ref-85-Research
shared_semantic_recoding_50_percent,leave_one_publication_out,False,Polynomial Ridge,held_out_publication,2,131.0,144.31932741632747,-13.319327416327468,13.319327416327468,177.40448282333256,990,990,,shared_semantic_dataset,,Ref-85-Research,Ref-85-Research
shared_semantic_recoding_50_percent,leave_one_publication_out,False,Polynomial Ridge,held_out_publication,3,128.0,143.83035620001473,-15.830356200014734,15.830356200014734,250.60017741934493,991,991,,shared_semantic_dataset,,Ref-85-Research,Ref-85-Research
shared_semantic_recoding_50_percent,leave_one_publication_out,False,Polynomial Ridge,held_out_publication,4,147.0,140.79186782936304,6.208132170636958,6.208132170636958,38.54090504809755,992,992,,shared_semantic_dataset,,Ref-85-Research,Ref-85-Research
shared_semantic_recoding_50_percent,leave_one_publication_out,False,Polynomial Ridge,held_out_publication,5,155.0,140.29699532909106,14.703004670908939,14.703004670908939,216.1783463527701,993,993,,shared_semantic_dataset,,Ref-85-Research,Ref-85-Research
shared_semantic_recoding_50_percent,leave_one_publication_out,False,Polynomial Ridge,held_out_publication,6,134.0,139.80467891113616,-5.804678911136165,5.804678911136165,33.69429726138893,994,994,,shared_semantic_dataset,,Ref-85-Research,Ref-85-Research
shared_semantic_recoding_50_percent,leave_one_publication_out,False,Polynomial Ridge,held_out_publication,7,123.0,139.318857106842,-16.31885710684199,16.31885710684199,266.3050972735273,995,995,,shared_semantic_dataset,,Ref-85-Research,Ref-85-Research
shared_semantic_recoding_50_percent,leave_one_publication_out,False,Polynomial Ridge,held_out_publication,8,129.0,135.8824972691616,-6.882497269161604,6.882497269161604,47.36876866001693,996,996,,shared_semantic_dataset,,Ref-85-Research,Ref-85-Research
shared_semantic_recoding_50_percent,leave_one_publication_out,False,Polynomial Ridge,held_out_publication,9,128.0,135.38683564956455,-7.386835649564546,7.386835649564546,54.565340913677666,997,997,,shared_semantic_dataset,,Ref-85-Research,Ref-85-Research
shared_semantic_recoding_50_percent,leave_one_publication_out,False,Polynomial Ridge,held_out_publication,10,130.0,134.89768202443477,-4.897682024434772,4.897682024434772,23.987289212471488,998,998,,shared_semantic_dataset,,Ref-85-Research,Ref-85-Research
shared_semantic_recoding_50_percent,leave_one_publication_out,False,Polynomial Ridge,held_out_publication,11,144.0,134.4111074489921,9.588892551007888,9.588892551007888,91.94686035477456,999,999,,shared_semantic_dataset,,Ref-85-Research,Ref-85-Research
shared_semantic_recoding_50_percent,leave_one_publication_out,False,Polynomial Ridge,held_out_publication,12,119.0,130.57881337375116,-11.57881337375116,11.57881337375116,134.0689191441587,1000,1000,,shared_semantic_dataset,,Ref-85-Research,Ref-85-Research
shared_semantic_recoding_50_percent,leave_one_publication_out,False,Polynomial Ridge,held_out_publication,13,112.0,130.08434096933448,-18.084340969334477,18.084340969334477,327.04338829514944,1001,1001,,shared_semantic_dataset,,Ref-85-Research,Ref-85-Research
shared_semantic_recoding_50_percent,leave_one_publication_out,False,Polynomial Ridge,held_out_publication,14,141.0,129.59442119224968,11.405578807750317,11.405578807750317,130.08722793980314,1002,1002,,shared_semantic_dataset,,Ref-85-Research,Ref-85-Research
shared_semantic_recoding_50_percent,leave_one_publication_out,False,Polynomial Ridge,held_out_publication,15,142.0,129.11098644226212,12.889013557737883,12.889013557737883,166.12667049155095,1003,1003,,shared_semantic_dataset,,Ref-85-Research,Ref-85-Research
shared_semantic_recoding_50_percent,leave_one_publication_out,False,Polynomial Ridge,held_out_publication,16,198.0,153.21527450815825,44.784725491841755,44.784725491841755,2005.6716373796207,1004,1004,,shared_semantic_dataset,,Ref-85-Research,Ref-85-Research
shared_semantic_recoding_50_percent,leave_one_publication_out,False,Polynomial Ridge,held_out_publication,17,191.0,152.9578160262064,38.04218397379361,38.04218397379361,1447.2077614959596,1005,1005,,shared_semantic_dataset,,Ref-85-Research,Ref-85-Research
shared_semantic_recoding_50_percent,leave_one_publication_out,False,Polynomial Ridge,held_out_publication,18,187.0,152.70591272617122,34.29408727382878,34.29408727382878,1176.084421944985,1006,1006,,shared_semantic_dataset,,Ref-85-Research,Ref-85-Research
shared_semantic_recoding_50_percent,leave_one_publication_out,False,Polynomial Ridge,held_out_publication,19,178.0,152.4575412883738,25.54245871162621,25.54245871162621,652.4171970351297,1007,1007,,shared_semantic_dataset,,Ref-85-Research,Ref-85-Research
shared_semantic_recoding_50_percent,leave_one_publication_out,False,Polynomial Ridge,held_out_publication,20,170.0,148.924688032359,21.075311967641,21.075311967641,444.1687745333919,1008,1008,,shared_semantic_dataset,,Ref-85-Research,Ref-85-Research
shared_semantic_recoding_50_percent,leave_one_publication_out,False,Polynomial Ridge,held_out_publication,21,175.0,148.66945291148826,26.330547088511736,26.330547088511736,693.2977099803338,1009,1009,,shared_semantic_dataset,,Ref-85-Research,Ref-85-Research
shared_semantic_recoding_50_percent,leave_one_publication_out,False,Polynomial Ridge,held_out_publication,22,179.0,148.41773627204864,30.582263727951357,30.582263727951357,935.2748547259692,1010,1010,,shared_semantic_dataset,,Ref-85-Research,Ref-85-Research
shared_semantic_recoding_50_percent,leave_one_publication_out,False,Polynomial Ridge,held_out_publication,23,168.0,148.17155184715568,19.828448152844317,19.828448152844317,393.1673561500352,1011,1011,,shared_semantic_dataset,,Ref-85-Research,Ref-85-Research
shared_semantic_recoding_50_percent,leave_one_publication_out,False,Polynomial Ridge,held_out_publication,24,149.0,144.2408271241122,4.759172875887799,4.759172875887799,22.649726462586145,1012,1012,,shared_semantic_dataset,,Ref-85-Research,Ref-85-Research
shared_semantic_recoding_50_percent,leave_one_publication_out,False,Polynomial Ridge,held_out_publication,25,147.0,143.98576528303045,3.014234716969554,3.014234716969554,9.085610928984527,1013,1013,,shared_semantic_dataset,,Ref-85-Research,Ref-85-Research
shared_semantic_recoding_50_percent,leave_one_publication_out,False,Polynomial Ridge,held_out_publication,26,152.0,143.7362490373019,8.263750962698111,8.263750962698111,68.28957997349396,1014,1014,,shared_semantic_dataset,,Ref-85-Research,Ref-85-Research
shared_semantic_recoding_50_percent,leave_one_publication_out,False,Polynomial Ridge,held_out_publication,27,158.0,143.49027424037456,14.50972575962544,14.50972575962544,210.53214161953804,1015,1015,,shared_semantic_dataset,,Ref-85-Research,Ref-85-Research
shared_semantic_recoding_50_percent,leave_one_publication_out,False,Polynomial Ridge,held_out_publication,28,146.0,139.16265288065642,6.837347119343576,6.837347119343576,46.7493156303959,1016,1016,,shared_semantic_dataset,,Ref-85-Research,Ref-85-Research
shared_semantic_recoding_50_percent,leave_one_publication_out,False,Polynomial Ridge,held_out_publication,29,142.0,138.90878025475504,3.091219745244956,3.091219745244956,9.555639513392292,1017,1017,,shared_semantic_dataset,,Ref-85-Research,Ref-85-Research
shared_semantic_recoding_50_percent,leave_one_publication_out,False,Polynomial Ridge,held_out_publication,30,156.0,138.65946025618553,17.340539743814475,17.340539743814475,300.69431860680936,1018,1018,,shared_semantic_dataset,,Ref-85-Research,Ref-85-Research
shared_semantic_recoding_50_percent,leave_one_publication_out,False,Polynomial Ridge,held_out_publication,31,158.0,138.4156628855992,19.584337114400796,19.584337114400796,383.5462602104965,1019,1019,,shared_semantic_dataset,,Ref-85-Research,Ref-85-Research
shared_semantic_recoding_50_percent,leave_one_publication_out,False,Polynomial Ridge,held_out_publication,32,213.0,158.13581017927882,54.86418982072118,54.86418982072118,3010.0793246841254,1020,1020,,shared_semantic_dataset,,Ref-85-Research,Ref-85-Research
shared_semantic_recoding_50_percent,leave_one_publication_out,False,Polynomial Ridge,held_out_publication,33,210.0,157.85907286814637,52.14092713185363,52.14092713185363,2718.67628216927,1021,1021,,shared_semantic_dataset,,Ref-85-Research,Ref-85-Research
shared_semantic_recoding_50_percent,leave_one_publication_out,False,Polynomial Ridge,held_out_publication,34,205.0,157.58796785424735,47.41203214575265,47.41203214575265,2247.9007921898824,1022,1022,,shared_semantic_dataset,,Ref-85-Research,Ref-85-Research
shared_semantic_recoding_50_percent,leave_one_publication_out,False,Polynomial Ridge,held_out_publication,35,196.0,157.3203175872693,38.6796824127307,38.6796824127307,1496.1178315497086,1023,1023,,shared_semantic_dataset,,Ref-85-Research,Ref-85-Research
shared_semantic_recoding_50_percent,leave_one_publication_out,False,Polynomial Ridge,held_out_publication,36,207.0,153.56041908317246,53.43958091682754,53.43958091682754,2855.788808566158,1024,1024,,shared_semantic_dataset,,Ref-85-Research,Ref-85-Research
shared_semantic_recoding_50_percent,leave_one_publication_out,False,Polynomial Ridge,held_out_publication,37,194.0,153.28598224843785,40.71401775156215,40.71401775156215,1657.6312414745182,1025,1025,,shared_semantic_dataset,,Ref-85-Research,Ref-85-Research
shared_semantic_recoding_50_percent,leave_one_publication_out,False,Polynomial Ridge,held_out_publication,38,208.0,153.01498677981766,54.98501322018234,54.98501322018234,3023.3516788236266,1026,1026,,shared_semantic_dataset,,Ref-85-Research,Ref-85-Research
shared_semantic_recoding_50_percent,leave_one_publication_out,False,Polynomial Ridge,held_out_publication,39,192.0,152.74960064106082,39.25039935893918,39.25039935893918,1540.593849836213,1027,1027,,shared_semantic_dataset,,Ref-85-Research,Ref-85-Research
shared_semantic_recoding_50_percent,leave_one_publication_out,False,Polynomial Ridge,held_out_publication,40,175.0,148.5918306699353,26.40816933006471,26.40816933006471,697.3914073653704,1028,1028,,shared_semantic_dataset,,Ref-85-Research,Ref-85-Research
shared_semantic_recoding_50_percent,leave_one_publication_out,False,Polynomial Ridge,held_out_publication,41,176.0,148.31748999967292,27.682510000327085,27.682510000327085,766.321359918209,1029,1029,,shared_semantic_dataset,,Ref-85-Research,Ref-85-Research
shared_semantic_recoding_50_percent,leave_one_publication_out,False,Polynomial Ridge,held_out_publication,42,186.0,148.0487720400805,37.95122795991949,37.95122795991949,1440.2957036657751,1030,1030,,shared_semantic_dataset,,Ref-85-Research,Ref-85-Research
shared_semantic_recoding_50_percent,leave_one_publication_out,False,Polynomial Ridge,held_out_publication,43,183.0,147.7835184139726,35.21648158602741,35.21648158602741,1240.2005752990078,1031,1031,,shared_semantic_dataset,,Ref-85-Research,Ref-85-Research
shared_semantic_recoding_50_percent,leave_one_publication_out,False,Polynomial Ridge,held_out_publication,44,168.0,143.22892892148909,24.771071078510914,24.771071078510914,613.6059623766399,1032,1032,,shared_semantic_dataset,,Ref-85-Research,Ref-85-Research
shared_semantic_recoding_50_percent,leave_one_publication_out,False,Polynomial Ridge,held_out_publication,45,162.0,142.95577746640714,19.04422253359286,19.04422253359286,362.68241190900596,1033,1033,,shared_semantic_dataset,,Ref-85-Research,Ref-85-Research
shared_semantic_recoding_50_percent,leave_one_publication_out,False,Polynomial Ridge,held_out_publication,46,175.0,142.68717863865703,32.31282136134297,32.31282136134297,1044.1184243300625,1034,1034,,shared_semantic_dataset,,Ref-85-Research,Ref-85-Research
shared_semantic_recoding_50_percent,leave_one_publication_out,False,Polynomial Ridge,held_out_publication,47,170.0,142.42417955420683,27.57582044579317,27.57582044579317,760.4258732586246,1035,1035,,shared_semantic_dataset,,Ref-85-Research,Ref-85-Research
shared_semantic_recoding_50_percent,leave_one_publication_out,False,Polynomial Ridge,held_out_publication,48,232.0,162.7702486858986,69.2297513141014,69.2297513141014,4792.758467012325,1036,1036,,shared_semantic_dataset,,Ref-85-Research,Ref-85-Research
shared_semantic_recoding_50_percent,leave_one_publication_out,False,Polynomial Ridge,held_out_publication,49,229.0,162.47423254558555,66.52576745441445,66.52576745441445,4425.677735398829,1037,1037,,shared_semantic_dataset,,Ref-85-Research,Ref-85-Research
shared_semantic_recoding_50_percent,leave_one_publication_out,False,Polynomial Ridge,held_out_publication,50,217.0,162.18392581782268,54.81607418217732,54.81607418217732,3004.801988745967,1038,1038,,shared_semantic_dataset,,Ref-85-Research,Ref-85-Research
shared_semantic_recoding_50_percent,leave_one_publication_out,False,Polynomial Ridge,held_out_publication,51,213.0,161.89699672166407,51.10300327833593,51.10300327833593,2611.516944065613,1039,1039,,shared_semantic_dataset,,Ref-85-Research,Ref-85-Research
shared_semantic_recoding_50_percent,leave_one_publication_out,False,Polynomial Ridge,held_out_publication,52,226.0,157.91005296948512,68.08994703051488,68.08994703051488,4636.240886618322,1040,1040,,shared_semantic_dataset,,Ref-85-Research,Ref-85-Research
shared_semantic_recoding_50_percent,leave_one_publication_out,False,Polynomial Ridge,held_out_publication,53,220.0,157.61641442088666,62.383585579113344,62.383585579113344,3891.7117497065583,1041,1041,,shared_semantic_dataset,,Ref-85-Research,Ref-85-Research
shared_semantic_recoding_50_percent,leave_one_publication_out,False,Polynomial Ridge,held_out_publication,54,211.0,157.32614012308588,53.67385987691412,53.67385987691412,2880.8832340866115,1042,1042,,shared_semantic_dataset,,Ref-85-Research,Ref-85-Research
shared_semantic_recoding_50_percent,leave_one_publication_out,False,Polynomial Ridge,held_out_publication,55,204.0,157.0415522704652,46.95844772953481,46.95844772953481,2205.095813167453,1043,1043,,shared_semantic_dataset,,Ref-85-Research,Ref-85-Research
shared_semantic_recoding_50_percent,leave_one_publication_out,False,Polynomial Ridge,held_out_publication,56,197.0,152.65673705125755,44.34326294874245,44.34326294874245,1966.3249689413149,1044,1044,,shared_semantic_dataset,,Ref-85-Research,Ref-85-Research
shared_semantic_recoding_50_percent,leave_one_publication_out,False,Polynomial Ridge,held_out_publication,57,194.0,152.3631175518146,41.63688244818539,41.63688244818539,1733.6299800040085,1045,1045,,shared_semantic_dataset,,Ref-85-Research,Ref-85-Research
shared_semantic_recoding_50_percent,leave_one_publication_out,False,Polynomial Ridge,held_out_publication,58,201.0,152.07519787835835,48.92480212164165,48.92480212164165,2393.636262641791,1046,1046,,shared_semantic_dataset,,Ref-85-Research,Ref-85-Research
shared_semantic_recoding_50_percent,leave_one_publication_out,False,Polynomial Ridge,held_out_publication,59,198.0,151.7906654230698,46.20933457693019,46.20933457693019,2135.302602042676,1047,1047,,shared_semantic_dataset,,Ref-85-Research,Ref-85-Research
shared_semantic_recoding_50_percent,leave_one_publication_out,False,Polynomial Ridge,held_out_publication,60,170.0,147.00910779782097,22.990892202179026,22.990892202179026,528.5811242522163,1048,1048,,shared_semantic_dataset,,Ref-85-Research,Ref-85-Research
shared_semantic_recoding_50_percent,leave_one_publication_out,False,Polynomial Ridge,held_out_publication,61,170.0,146.71667751355844,23.283322486441563,23.283322486441563,542.1131060076353,1049,1049,,shared_semantic_dataset,,Ref-85-Research,Ref-85-Research
shared_semantic_recoding_50_percent,leave_one_publication_out,False,Polynomial Ridge,held_out_publication,62,190.0,146.42879985662773,43.571200143372266,43.571200143372266,1898.4494819338033,1050,1050,,shared_semantic_dataset,,Ref-85-Research,Ref-85-Research
shared_semantic_recoding_50_percent,leave_one_publication_out,False,Polynomial Ridge,held_out_publication,63,178.0,146.14659905831365,31.853400941686346,31.853400941686346,1014.6391515518245,1051,1051,,shared_semantic_dataset,,Ref-85-Research,Ref-85-Research
shared_semantic_recoding_50_percent,leave_one_publication_out,False,Polynomial Ridge,held_out_publication,0,81.2,138.28811185871493,-57.088111858714925,57.088111858714925,3259.0525155931477,1591,1591,,shared_semantic_dataset,,Ref-139-Research,Ref-139-Research
shared_semantic_recoding_50_percent,leave_one_publication_out,False,Polynomial Ridge,held_out_publication,1,80.0,145.51775150893528,-65.51775150893528,65.51775150893528,4292.5757627865905,1592,1592,,shared_semantic_dataset,,Ref-139-Research,Ref-139-Research
shared_semantic_recoding_50_percent,leave_one_publication_out,False,Polynomial Ridge,held_out_publication,2,130.8,134.29045452181532,-3.490454521815309,3.490454521815309,12.183272768860936,1593,1593,,shared_semantic_dataset,,Ref-139-Research,Ref-139-Research
shared_semantic_recoding_50_percent,leave_one_publication_out,False,Polynomial Ridge,held_out_publication,3,158.0,124.58855840330028,33.41144159669972,33.41144159669972,1116.324429569676,1594,1594,,shared_semantic_dataset,,Ref-139-Research,Ref-139-Research
shared_semantic_recoding_50_percent,leave_one_publication_out,False,Polynomial Ridge,held_out_publication,4,109.7,127.9242553365435,-18.224255336543493,18.224255336543493,332.123482571534,1595,1595,,shared_semantic_dataset,,Ref-139-Research,Ref-139-Research
shared_semantic_recoding_50_percent,leave_one_publication_out,False,Polynomial Ridge,held_out_publication,5,113.6,125.69316788927675,-12.093167889276756,12.093167889276756,146.24470959823444,1596,1596,,shared_semantic_dataset,,Ref-139-Research,Ref-139-Research
shared_semantic_recoding_50_percent,leave_one_publication_out,False,Polynomial Ridge,held_out_publication,6,103.1,128.41434292502558,-25.314342925025585,25.314342925025585,640.8159577257929,1597,1597,,shared_semantic_dataset,,Ref-139-Research,Ref-139-Research
shared_semantic_recoding_50_percent,leave_one_publication_out,False,Polynomial Ridge,held_out_publication,7,143.2,119.70959730667484,23.49040269332515,23.49040269332515,551.7990186945775,1598,1598,,shared_semantic_dataset,,Ref-139-Research,Ref-139-Research
shared_semantic_recoding_50_percent,leave_one_publication_out,False,Polynomial Ridge,held_out_publication,8,138.2,119.09160381208486,19.108396187915133,19.108396187915133,365.1308048743296,1599,1599,,shared_semantic_dataset,,Ref-139-Research,Ref-139-Research
shared_semantic_recoding_50_percent,leave_one_publication_out,False,Polynomial Ridge,held_out_publication,9,143.3,119.2698328403014,24.030167159698607,24.030167159698607,577.4489337230574,1600,1600,,shared_semantic_dataset,,Ref-139-Research,Ref-139-Research
shared_semantic_recoding_50_percent,leave_one_publication_out,False,Polynomial Ridge,held_out_publication,10,141.4,119.83397194356672,21.566028056433282,21.566028056433282,465.0935661308675,1601,1601,,shared_semantic_dataset,,Ref-139-Research,Ref-139-Research
shared_semantic_recoding_50_percent,leave_one_publication_out,False,Polynomial Ridge,held_out_publication,11,144.8,159.18734976378124,-14.38734976378123,14.38734976378123,206.99583322537583,1602,1602,,shared_semantic_dataset,,Ref-139-Research,Ref-139-Research
shared_semantic_recoding_50_percent,leave_one_publication_out,False,Polynomial Ridge,held_out_publication,12,147.7,182.92685599496866,-35.22685599496867,35.22685599496867,1240.9313832902603,1603,1603,,shared_semantic_dataset,,Ref-139-Research,Ref-139-Research
shared_semantic_recoding_50_percent,leave_one_publication_out,False,Polynomial Ridge,held_out_publication,13,162.2,206.03410286165536,-43.83410286165537,43.83410286165537,1921.4285736861832,1604,1604,,shared_semantic_dataset,,Ref-139-Research,Ref-139-Research
shared_semantic_recoding_50_percent,leave_one_publication_out,False,Polynomial Ridge,held_out_publication,14,128.8,124.51468589109909,4.28531410890092,4.28531410890092,18.363917011945286,1605,1605,,shared_semantic_dataset,,Ref-139-Research,Ref-139-Research
shared_semantic_recoding_50_percent,leave_one_publication_out,False,Polynomial Ridge,held_out_publication,15,141.8,129.60281278968858,12.197187210311426,12.197187210311426,148.77137584338465,1606,1606,,shared_semantic_dataset,,Ref-139-Research,Ref-139-Research
shared_semantic_recoding_50_percent,leave_one_publication_out,False,Polynomial Ridge,held_out_publication,16,128.6,139.07847174171803,-10.478471741718039,10.478471741718039,109.79837004198347,1607,1607,,shared_semantic_dataset,,Ref-139-Research,Ref-139-Research
shared_semantic_recoding_50_percent,leave_one_publication_out,False,Polynomial Ridge,held_out_publication,17,141.4,119.52755461068811,21.872445389311892,21.872445389311892,478.403867308431,1608,1608,,shared_semantic_dataset,,Ref-139-Research,Ref-139-Research
shared_semantic_recoding_50_percent,leave_one_publication_out,False,Polynomial Ridge,held_out_publication,18,132.2,145.7854665654483,-13.585466565448314,13.585466565448314,184.56490180091401,1609,1609,,shared_semantic_dataset,,Ref-139-Research,Ref-139-Research
shared_semantic_recoding_50_percent,leave_one_publication_out,False,Polynomial Ridge,held_out_publication,19,141.8,119.29034151252854,22.50965848747147,22.50965848747147,506.68472522259634,1610,1610,,shared_semantic_dataset,,Ref-139-Research,Ref-139-Research
shared_semantic_recoding_50_percent,leave_one_publication_out,False,Polynomial Ridge,held_out_publication,20,142.7,157.24630183583523,-14.546301835835237,14.546301835835237,211.5948970992236,1611,1611,,shared_semantic_dataset,,Ref-139-Research,Ref-139-Research
shared_semantic_recoding_50_percent,leave_one_publication_out,False,Polynomial Ridge,held_out_publication,21,150.1,180.43022205098583,-30.33022205098584,30.33022205098584,919.9223696621076,1612,1612,,shared_semantic_dataset,,Ref-139-Research,Ref-139-Research
shared_semantic_recoding_50_percent,leave_one_publication_out,False,Polynomial Ridge,held_out_publication,22,152.6,202.98188290163574,-50.38188290163575,50.38188290163575,2538.3341247141366,1613,1613,,shared_semantic_dataset,,Ref-139-Research,Ref-139-Research
shared_semantic_recoding_50_percent,leave_one_publication_out,False,Polynomial Ridge,held_out_publication,23,131.0,123.80750516018904,7.192494839810962,7.192494839810962,51.73198202070731,1614,1614,,shared_semantic_dataset,,Ref-139-Research,Ref-139-Research
shared_semantic_recoding_50_percent,leave_one_publication_out,False,Polynomial Ridge,held_out_publication,24,135.2,164.2438250205126,-29.0438250205126,29.0438250205126,843.5437718221538,1615,1615,,shared_semantic_dataset,,Ref-139-Research,Ref-139-Research
shared_semantic_recoding_50_percent,leave_one_publication_out,False,Polynomial Ridge,held_out_publication,25,134.5,187.4791922535146,-52.97919225351461,52.97919225351461,2806.7948118348627,1616,1616,,shared_semantic_dataset,,Ref-139-Research,Ref-139-Research
shared_semantic_recoding_50_percent,leave_one_publication_out,False,Polynomial Ridge,held_out_publication,26,151.0,210.0823001220159,-59.08230012201591,59.08230012201591,3490.718187707961,1617,1617,,shared_semantic_dataset,,Ref-139-Research,Ref-139-Research
shared_semantic_recoding_50_percent,leave_one_publication_out,False,Polynomial Ridge,held_out_publication,27,132.0,112.64009804181033,19.359901958189667,19.359901958189667,374.8058038307161,1618,1618,,shared_semantic_dataset,,Ref-139-Research,Ref-139-Research
shared_semantic_recoding_50_percent,leave_one_publication_out,False,Polynomial Ridge,held_out_publication,28,139.6,122.16651402014685,17.433485979853145,17.433485979853145,303.9264334097362,1619,1619,,shared_semantic_dataset,,Ref-139-Research,Ref-139-Research
shared_semantic_recoding_50_percent,leave_one_publication_out,False,Polynomial Ridge,held_out_publication,29,142.3,127.32418210421865,14.975817895781361,14.975817895781361,224.2751216476053,1620,1620,,shared_semantic_dataset,,Ref-139-Research,Ref-139-Research
shared_semantic_recoding_50_percent,leave_one_publication_out,False,Polynomial Ridge,held_out_publication,30,153.6,169.91310397854483,-16.31310397854483,16.31310397854483,266.1173614148152,1621,1621,,shared_semantic_dataset,,Ref-139-Research,Ref-139-Research
shared_semantic_recoding_50_percent,leave_one_publication_out,False,Polynomial Ridge,held_out_publication,31,151.5,193.05231055827653,-41.55231055827653,41.55231055827653,1726.5945127314592,1622,1622,,shared_semantic_dataset,,Ref-139-Research,Ref-139-Research
shared_semantic_recoding_50_percent,leave_one_publication_out,False,Polynomial Ridge,held_out_publication,32,169.3,215.5592577735075,-46.2592577735075,46.2592577735075,2139.918929755814,1623,1623,,shared_semantic_dataset,,Ref-139-Research,Ref-139-Research
shared_semantic_recoding_50_percent,leave_one_publication_out,False,Polynomial Ridge,held_out_publication,33,136.1,119.2698328403014,16.83016715969859,16.83016715969859,283.2545266233969,1624,1624,,shared_semantic_dataset,,Ref-139-Research,Ref-139-Research
shared_semantic_recoding_50_percent,leave_one_publication_out,False,Polynomial Ridge,held_out_publication,34,131.4,119.09160381208486,12.30839618791515,12.30839618791515,151.4966167186842,1625,1625,,shared_semantic_dataset,,Ref-139-Research,Ref-139-Research
shared_semantic_recoding_50_percent,leave_one_publication_out,False,Polynomial Ridge,held_out_publication,35,107.0,132.2271683264128,-25.227168326412794,25.227168326412794,636.4100217691649,1626,1626,,shared_semantic_dataset,,Ref-139-Research,Ref-139-Research
shared_semantic_recoding_50_percent,leave_one_publication_out,False,Polynomial Ridge,held_out_publication,36,132.0,159.41920684568484,-27.41920684568484,27.41920684568484,751.8129040464504,1627,1627,,shared_semantic_dataset,,Ref-139-Research,Ref-139-Research
shared_semantic_recoding_50_percent,leave_one_publication_out,False,Polynomial Ridge,held_out_publication,37,126.9,184.06792129401413,-57.16792129401412,57.16792129401412,3268.171225078593,1628,1628,,shared_semantic_dataset,,Ref-139-Research,Ref-139-Research
shared_semantic_recoding_50_percent,leave_one_publication_out,False,Polynomial Ridge,held_out_publication,38,128.9,207.85331453517213,-78.95331453517213,78.95331453517213,6233.625876089822,1629,1629,,shared_semantic_dataset,,Ref-139-Research,Ref-139-Research
shared_semantic_recoding_50_percent,leave_one_publication_out,False,Polynomial Ridge,held_out_publication,39,145.1,127.94399552663742,17.15600447336257,17.15600447336257,294.3284894900366,1630,1630,,shared_semantic_dataset,,Ref-139-Research,Ref-139-Research
shared_semantic_recoding_50_percent,leave_one_publication_out,False,Polynomial Ridge,held_out_publication,40,146.9,171.20096090293347,-24.30096090293347,24.30096090293347,590.536700805901,1631,1631,,shared_semantic_dataset,,Ref-139-Research,Ref-139-Research
shared_semantic_recoding_50_percent,leave_one_publication_out,False,Polynomial Ridge,held_out_publication,41,151.0,194.35402387947315,-43.35402387947315,43.35402387947315,1879.5713865419277,1632,1632,,shared_semantic_dataset,,Ref-139-Research,Ref-139-Research
shared_semantic_recoding_50_percent,leave_one_publication_out,False,Polynomial Ridge,held_out_publication,42,155.1,216.87482749151212,-61.77482749151213,61.77482749151213,3816.1293116060824,1633,1633,,shared_semantic_dataset,,Ref-139-Research,Ref-139-Research
shared_semantic_recoding_50_percent,leave_one_publication_out,False,Polynomial Ridge,held_out_publication,43,143.0,103.85269711067585,39.14730288932415,39.14730288932415,1532.511323508487,1634,1634,,shared_semantic_dataset,,Ref-139-Research,Ref-139-Research
shared_semantic_recoding_50_percent,leave_one_publication_out,False,Polynomial Ridge,held_out_publication,44,144.3,143.2148541895212,1.0851458104788207,1.0851458104788207,1.1775414299997367,1635,1635,,shared_semantic_dataset,,Ref-139-Research,Ref-139-Research
shared_semantic_recoding_50_percent,leave_one_publication_out,False,Polynomial Ridge,held_out_publication,45,129.7,119.59018585612063,10.109814143879362,10.109814143879362,102.20834202378319,1636,1636,,shared_semantic_dataset,,Ref-139-Research,Ref-139-Research
shared_semantic_recoding_50_percent,leave_one_publication_out,False,Polynomial Ridge,held_out_publication,46,130.2,113.57050943538808,16.629490564611913,16.629490564611913,276.53995643851664,1637,1637,,shared_semantic_dataset,,Ref-139-Research,Ref-139-Research
shared_semantic_recoding_50_percent,leave_one_publication_out,False,Polynomial Ridge,held_out_publication,47,82.0,106.24555769978221,-24.24555769978221,24.24555769978221,587.8470681734684,1638,1638,,shared_semantic_dataset,,Ref-139-Research,Ref-139-Research
shared_semantic_recoding_50_percent,leave_one_publication_out,False,Polynomial Ridge,held_out_publication,48,132.7,171.63938954224778,-38.939389542247795,38.939389542247795,1516.276057922917,1639,1639,,shared_semantic_dataset,,Ref-139-Research,Ref-139-Research
shared_semantic_recoding_50_percent,leave_one_publication_out,False,Polynomial Ridge,held_out_publication,49,133.4,168.68467475100283,-35.284674751002825,35.284674751002825,1245.0082722840564,1640,1640,,shared_semantic_dataset,,Ref-139-Research,Ref-139-Research
shared_semantic_recoding_50_percent,leave_one_publication_out,False,Polynomial Ridge,held_out_publication,50,86.3,164.42468464488462,-78.12468464488462,78.12468464488462,6103.466350862672,1641,1641,,shared_semantic_dataset,,Ref-139-Research,Ref-139-Research
