model,Total Samples,Test Samples,MAE,RMSE,R,R2
kNN,1005,201,6.418354462264218,8.773738401882582,0.8680401714297158,0.7534937392157304
