model,Total Samples,Test Samples,MAE,RMSE,R,R2
kNN,1005,201,6.670972196250639,8.948846037682285,0.8622968910310684,0.7435559282818462
