model,Total Samples,Test Samples,MAE,RMSE,R,R2
kNN,1005,201,7.085532504608848,9.297157630136416,0.8504143277587067,0.723204528857293
