model,Total Samples,Test Samples,MAE,RMSE,R,R2
nuSVR,1005,201,4.737999633964598,6.816073710384041,0.9226190779110718,0.8512259629254763
