model,Total Samples,Test Samples,MAE,RMSE,R,R2
nuSVR,1005,201,4.153910177525445,5.568086004700734,0.9334714670688362,0.8713689798316453
