model,Total Samples,Test Samples,MAE,RMSE,R,R2
NuSVR,1005,201,3.893599817180161,6.09195973815792,0.9386997732942007,0.8811572643825839
