model,Total Samples,Test Samples,MAE,RMSE,R,R2
SVR,1005,201,4.240451283373916,6.1233386124737725,0.9380457478540896,0.8799298250671382
