model,Total Samples,Test Samples,MAE,RMSE,R,R2
SVR,1005,201,4.243227398883336,6.063228136914666,0.9392952786255246,0.8822756204482021
