model,Total Samples,Test Samples,MAE,RMSE,R,R2
SVR,1005,201,4.689543660164204,6.7873557316709165,0.9232967958236175,0.8524769731781587
