model,Total Samples,Test Samples,MAE,RMSE,R,R2
SVR,1005,201,4.500875216502225,6.688286607622804,0.9256090288470774,0.8567520742832299
