row_position,cement,cement_type,silica_fume,fly_ash,fly_ash_type,limestone_powder,quartz_powder,glass_powder,rice_husk_ash,metakaolin,ggbfs,slag,slag_type,nano_caco3,nano_al2o3,nano_tio2,nano_sio2,filler,filler_type,sand,sand_type,sand_max_size,fiber1_type,fiber1_amount,fiber1_length,fiber1_diameter,fiber2_type,fiber2_amount,water,sp_type,sp_amount,curing_method,curing_temp
0,-2.0921172532690737,-4.150010346715866,-1.5035636271634947,1.4787380803789334,-1.8547748861799784,-0.27198619003653246,0.0,-0.22528877600450053,-0.3369292376608116,-0.10138189813316302,0.2118708779587947,-2.662797465999015e-17,0.0,-7.142194219373707e-17,0.0,0.0,-0.0027770138933169808,0.4821687555046006,-0.39586860886548714,0.01699517067638341,4.626396811584536,1.2527324483089537,2.791955939641249,-0.6641458916101511,-0.22073438571566711,0.04980406680336992,0.012137573255088229,-0.035186686056372755,1.156243859643163,1.1848205557864693,-0.2369750859966211,-1.399138185230591,-5.665865387740056
1,-2.037181383015782,-4.150010346715866,-1.59625461134557,1.4787380803789334,-1.8547748861799784,-0.27198619003653246,0.0,-0.22528877600450053,-0.3369292376608116,-0.10138189813316302,0.2118708779587947,-2.662797465999015e-17,0.0,-7.142194219373707e-17,0.0,0.0,-0.0027770138933169808,0.4821687555046006,-0.39586860886548714,0.012923642179232274,4.626396811584536,1.2527324483089537,2.791955939641249,-0.03785165775841466,-0.22073438571566711,0.04980406680336992,0.012137573255088229,-0.035186686056372755,0.8301708960949544,1.1848205557864693,0.2077595960198784,-1.399138185230591,-5.665865387740056
2,-2.0097134478891365,-4.150010346715866,2.01869377175538,1.4787380803789334,-1.8547748861799784,-0.27198619003653246,0.0,-0.22528877600450053,-0.3369292376608116,-0.10138189813316302,0.2118708779587947,-2.662797465999015e-17,0.0,-7.142194219373707e-17,0.0,0.0,-0.0027770138933169808,0.4821687555046006,-0.39586860886548714,0.07806809813365043,4.626396811584536,1.2527324483089537,2.791955939641249,-5.361352645498175,-0.22073438571566711,0.04980406680336992,0.012137573255088229,-0.035186686056372755,1.5910078110407746,1.1848205557864693,0.05951470201437856,-1.399138185230591,-5.665865387740056
3,-1.3092811021596702,-4.150010346715866,1.2308204062077368,1.4787380803789334,-1.8547748861799784,-0.27198619003653246,0.0,-0.22528877600450053,-0.3369292376608116,-0.10138189813316302,0.2118708779587947,-2.662797465999015e-17,0.0,-7.142194219373707e-17,0.0,0.0,-0.0027770138933169808,0.4821687555046006,-0.39586860886548714,-0.04000622828373247,4.626396811584536,1.2527324483089537,2.791955939641249,1.1364500307135914,-0.22073438571566711,0.04980406680336992,0.012137573255088229,-0.035186686056372755,0.7214799082455515,1.1848205557864693,0.2077595960198784,-1.399138185230591,-5.665865387740056
4,-0.9796658806399215,-4.150010346715866,2.7138761531209465,1.4787380803789334,-1.8547748861799784,-0.27198619003653246,0.0,-0.22528877600450053,-0.3369292376608116,-0.10138189813316302,0.2118708779587947,-2.662797465999015e-17,0.0,-9.277722387501036,0.0,0.0,-0.0027770138933169808,-1.4220322722517968,11.413121349443044,0.12489067585088846,-10.766623476558992,0.43844933722614177,2.791955939641249,7.242818810768024,-0.40136808924730966,-0.018187833269490056,0.012137573255088229,-0.035186686056372755,0.8301708960949544,-5.102581167051729,2.2831881120968758,-1.399138185230591,-5.243826997591822
5,-0.9796658806399215,-4.150010346715866,2.7138761531209465,1.4787380803789334,-1.8547748861799784,-0.27198619003653246,0.0,-0.22528877600450053,-0.3369292376608116,-0.10138189813316302,0.2118708779587947,-2.662797465999015e-17,0.0,-7.142194219373707e-17,0.0,0.0,0.1310984362314453,-1.4220322722517968,11.413121349443044,0.12489067585088846,-10.766623476558992,0.43844933722614177,2.791955939641249,7.242818810768024,-0.40136808924730966,-0.018187833269490056,0.012137573255088229,-0.035186686056372755,0.8301708960949544,-5.102581167051729,2.2831881120968758,-1.399138185230591,-5.243826997591822
6,-0.9796658806399215,-4.150010346715866,2.7138761531209465,1.4787380803789334,-1.8547748861799784,-0.27198619003653246,0.0,-0.22528877600450053,-0.3369292376608116,-0.10138189813316302,0.2118708779587947,-2.662797465999015e-17,0.0,-7.142194219373707e-17,0.0,0.0,-0.0027770138933169808,-1.4220322722517968,11.413121349443044,0.12489067585088846,-10.766623476558992,0.43844933722614177,2.791955939641249,7.242818810768024,-0.40136808924730966,-0.018187833269490056,0.012137573255088229,-0.035186686056372755,0.8301708960949544,-5.102581167051729,2.2831881120968758,-1.399138185230591,-5.243826997591822
7,-0.9796658806399215,-4.150010346715866,2.7138761531209465,1.4787380803789334,-1.8547748861799784,-0.27198619003653246,0.0,-0.22528877600450053,-0.3369292376608116,-0.10138189813316302,0.2118708779587947,-2.662797465999015e-17,0.0,-7.142194219373707e-17,0.0,0.0,-0.0027770138933169808,-1.4220322722517968,11.413121349443044,0.12489067585088846,-10.766623476558992,0.43844933722614177,2.791955939641249,7.242818810768024,-0.40136808924730966,-0.018187833269490056,0.012137573255088229,-0.035186686056372755,0.8301708960949544,-5.102581167051729,2.2831881120968758,-1.399138185230591,-5.243826997591822
8,-2.256924864028948,-4.150010346715866,-2.1987460085290618,1.4787380803789334,-1.8547748861799784,-0.27198619003653246,0.0,-0.22528877600450053,-0.3369292376608116,-0.10138189813316302,-2.949252301180841,-2.662797465999015e-17,0.0,-7.142194219373707e-17,0.0,0.0,-0.0027770138933169808,0.4821687555046006,-0.39586860886548714,0.14626620046093192,4.626396811584536,1.7160314597871051,2.791955939641249,4.5810683168981425,-0.22073438571566711,0.04980406680336992,0.012137573255088229,-0.035186686056372755,1.373625835341969,1.1671546083972855,-1.27468934403512,0.4455570167871936,9.105478267448175
9,-2.256924864028948,-4.150010346715866,-2.1987460085290618,1.4787380803789334,-1.8547748861799784,-0.27198619003653246,0.0,-0.22528877600450053,-0.3369292376608116,-0.10138189813316302,-2.949252301180841,-2.662797465999015e-17,0.0,-7.142194219373707e-17,0.0,0.0,-0.0027770138933169808,0.4821687555046006,-0.39586860886548714,0.14626620046093192,4.626396811584536,1.7160314597871051,-4.221544848493454,-7.709956022442187,0.9533846872400094,-0.12017568337878,0.012137573255088229,-0.035186686056372755,1.373625835341969,1.1671546083972855,-1.27468934403512,0.4455570167871936,9.105478267448175
10,3.1405243883569387,-4.150010346715866,5.031150757672838,1.4787380803789334,-1.8547748861799784,-0.27198619003653246,0.0,-0.22528877600450053,-0.3369292376608116,-0.10138189813316302,0.2118708779587947,-2.662797465999015e-17,0.0,-7.142194219373707e-17,0.0,0.0,-0.0027770138933169808,0.4821687555046006,-0.39586860886548714,-0.1804739614354466,8.830503888144262,0.43844933722614177,2.791955939641249,29.084830216347335,0.05021616958179668,0.04980406680336992,0.012137573255088229,-0.035186686056372755,0.8301708960949544,-5.102581167051729,-0.5334648740076207,-1.399138185230591,-5.243826997591822
11,-1.666364258806065,4.357291311459363,-3.0793103582587804,1.4787380803789334,-1.8547748861799784,2.7591760749420944,0.0,-0.22528877600450053,-0.3369292376608116,-0.10138189813316302,0.2118708779587947,-2.662797465999015e-17,0.0,-7.142194219373707e-17,0.0,0.0,-0.0027770138933169808,0.4821687555046006,-0.39586860886548714,-0.05832810652091257,8.830503888144262,1.2527324483089537,2.791955939641249,4.502781537666676,-0.22073438571566711,0.0668020418215849,0.012137573255088229,-0.035186686056372755,4.0909005315770415,1.1848205557864693,1.9866983240858762,-1.399138185230591,-5.665865387740056
12,-3.0397610151383514,4.357291311459363,-3.0793103582587804,1.4787380803789334,-1.8547748861799784,2.7591760749420944,0.0,-0.22528877600450053,-0.3369292376608116,-0.10138189813316302,0.2118708779587947,-1.9999060359061667,-1.421664663496823,-7.142194219373707e-17,0.0,0.0,-0.0027770138933169808,0.4821687555046006,-0.39586860886548714,-0.05832810652091257,8.830503888144262,1.2527324483089537,2.791955939641249,4.502781537666676,-0.22073438571566711,0.0668020418215849,0.012137573255088229,-0.035186686056372755,4.0909005315770415,1.1848205557864693,1.9866983240858762,-1.399138185230591,-5.665865387740056
13,-3.7264593933044945,4.357291311459363,-3.0793103582587804,1.4787380803789334,-1.8547748861799784,2.7591760749420944,0.0,-0.22528877600450053,-0.3369292376608116,-0.10138189813316302,0.2118708779587947,-2.99985905385925,-1.421664663496823,-7.142194219373707e-17,0.0,0.0,-0.0027770138933169808,0.4821687555046006,-0.39586860886548714,-0.05832810652091257,8.830503888144262,1.2527324483089537,2.791955939641249,4.502781537666676,-0.22073438571566711,0.0668020418215849,0.012137573255088229,-0.035186686056372755,4.0909005315770415,1.1848205557864693,1.9866983240858762,-1.399138185230591,-5.665865387740056
14,-4.4131577714706385,4.357291311459363,-3.0793103582587804,1.4787380803789334,-1.8547748861799784,2.7591760749420944,0.0,-0.22528877600450053,-0.3369292376608116,-0.10138189813316302,0.2118708779587947,-3.9998120718123333,-1.421664663496823,-7.142194219373707e-17,0.0,0.0,-0.0027770138933169808,0.4821687555046006,-0.39586860886548714,-0.05832810652091257,8.830503888144262,1.2527324483089537,2.791955939641249,4.502781537666676,-0.22073438571566711,0.0668020418215849,0.012137573255088229,-0.035186686056372755,4.0909005315770415,1.1848205557864693,1.9866983240858762,-1.399138185230591,-5.665865387740056
15,0.9430895782252798,-0.9583170796157323,2.5748396768478337,1.4787380803789334,-1.8547748861799784,-0.27198619003653246,0.0,-0.22528877600450053,-0.3369292376608116,-0.10138189813316302,0.2118708779587947,-2.662797465999015e-17,0.0,-7.142194219373707e-17,0.0,0.0,-0.0027770138933169808,0.4821687555046006,-0.39586860886548714,-0.11024009485958952,8.830503888144262,1.2527324483089537,2.791955939641249,1.6061707061023938,0.05021616958179668,-0.018187833269490056,0.012137573255088229,-0.035186686056372755,-2.647940715085938,0.606241924718532,0.2522330642215284,-1.399138185230591,-5.243826997591822
16,1.533650183448163,-0.9583170796157323,3.084640089849249,1.4787380803789334,-1.8547748861799784,-0.27198619003653246,0.0,-0.22528877600450053,-0.3369292376608116,-0.10138189813316302,0.2118708779587947,-2.662797465999015e-17,0.0,-7.142194219373707e-17,0.0,0.0,-0.0027770138933169808,0.4821687555046006,-0.39586860886548714,0.12081914735373733,8.830503888144262,1.2527324483089537,-4.221544848493454,-7.709956022442187,0.9533846872400094,-0.12017568337878,0.012137573255088229,-0.035186686056372755,3.2213726287818183,0.606241924718532,-0.9189015984219204,-1.399138185230591,-5.243826997591822
17,0.39373087569236515,-0.9583170796157323,4.335968376307271,1.4787380803789334,-1.8547748861799784,-0.27198619003653246,0.0,-0.22528877600450053,-0.3369292376608116,-0.10138189813316302,0.2118708779587947,-2.662797465999015e-17,0.0,-7.142194219373707e-17,0.0,0.0,-0.0027770138933169808,0.4821687555046006,-0.39586860886548714,-0.05832810652091257,8.830503888144262,1.2527324483089537,2.791955939641249,4.5810683168981425,0.05021616958179668,-0.018187833269490056,0.012137573255088229,-0.035186686056372755,3.0039906530830125,0.606241924718532,-2.015913814062619,-1.399138185230591,-5.243826997591822
18,1.7671276320246518,-0.9583170796157323,3.1309855819402874,1.4787380803789334,-1.8547748861799784,-0.27198619003653246,0.0,-0.22528877600450053,-0.3369292376608116,-0.10138189813316302,0.2118708779587947,-2.662797465999015e-17,0.0,-7.142194219373707e-17,0.0,0.0,-0.0027770138933169808,0.4821687555046006,-0.39586860886548714,0.12489067585088846,8.830503888144262,1.2527324483089537,2.791955939641249,10.609150317721108,0.05021616958179668,-0.018187833269490056,0.012137573255088229,-0.035186686056372755,-1.8871038001401177,0.606241924718532,2.772396262315025,-1.399138185230591,-5.243826997591822
19,0.9430895782252798,-0.9583170796157323,2.5748396768478337,1.4787380803789334,-1.8547748861799784,-0.27198619003653246,0.0,-0.22528877600450053,-0.3369292376608116,-0.10138189813316302,0.2118708779587947,-2.662797465999015e-17,0.0,-7.142194219373707e-17,0.0,0.0,-0.0027770138933169808,0.4821687555046006,-0.39586860886548714,-0.11024009485958952,8.830503888144262,1.2527324483089537,2.791955939641249,1.6061707061023938,0.05021616958179668,-0.018187833269490056,0.012137573255088229,-0.035186686056372755,-2.647940715085938,0.606241924718532,0.2522330642215284,4.51040970765265,4.885094365965823
20,1.533650183448163,-0.9583170796157323,3.084640089849249,1.4787380803789334,-1.8547748861799784,-0.27198619003653246,0.0,-0.22528877600450053,-0.3369292376608116,-0.10138189813316302,0.2118708779587947,-2.662797465999015e-17,0.0,-7.142194219373707e-17,0.0,0.0,-0.0027770138933169808,0.4821687555046006,-0.39586860886548714,0.12081914735373733,8.830503888144262,1.2527324483089537,-4.221544848493454,-7.709956022442187,0.9533846872400094,-0.12017568337878,0.012137573255088229,-0.035186686056372755,3.2213726287818183,0.606241924718532,-0.9189015984219204,4.51040970765265,4.885094365965823
21,0.39373087569236515,-0.9583170796157323,4.335968376307271,1.4787380803789334,-1.8547748861799784,-0.27198619003653246,0.0,-0.22528877600450053,-0.3369292376608116,-0.10138189813316302,0.2118708779587947,-2.662797465999015e-17,0.0,-7.142194219373707e-17,0.0,0.0,-0.0027770138933169808,0.4821687555046006,-0.39586860886548714,-0.05832810652091257,8.830503888144262,1.2527324483089537,2.791955939641249,4.5810683168981425,0.05021616958179668,-0.018187833269490056,0.012137573255088229,-0.035186686056372755,3.0039906530830125,0.606241924718532,-2.015913814062619,4.51040970765265,4.885094365965823
22,1.7671276320246518,-0.9583170796157323,3.1309855819402874,1.4787380803789334,-1.8547748861799784,-0.27198619003653246,0.0,-0.22528877600450053,-0.3369292376608116,-0.10138189813316302,0.2118708779587947,-2.662797465999015e-17,0.0,-7.142194219373707e-17,0.0,0.0,-0.0027770138933169808,0.4821687555046006,-0.39586860886548714,0.12489067585088846,8.830503888144262,1.2527324483089537,2.791955939641249,10.609150317721108,0.05021616958179668,-0.018187833269490056,0.012137573255088229,-0.035186686056372755,-1.8871038001401177,0.606241924718532,2.772396262315025,4.51040970765265,4.885094365965823
23,0.9430895782252798,-0.9583170796157323,2.5748396768478337,1.4787380803789334,-1.8547748861799784,-0.27198619003653246,0.0,-0.22528877600450053,-0.3369292376608116,-0.10138189813316302,0.2118708779587947,-2.662797465999015e-17,0.0,-7.142194219373707e-17,0.0,0.0,-0.0027770138933169808,0.4821687555046006,-0.39586860886548714,-0.11024009485958952,8.830503888144262,1.2527324483089537,2.791955939641249,1.6061707061023938,0.05021616958179668,-0.018187833269490056,0.012137573255088229,-0.035186686056372755,-2.647940715085938,0.606241924718532,0.2522330642215284,0.4455570167871936,23.876821922636406
24,1.533650183448163,-0.9583170796157323,3.084640089849249,1.4787380803789334,-1.8547748861799784,-0.27198619003653246,0.0,-0.22528877600450053,-0.3369292376608116,-0.10138189813316302,0.2118708779587947,-2.662797465999015e-17,0.0,-7.142194219373707e-17,0.0,0.0,-0.0027770138933169808,0.4821687555046006,-0.39586860886548714,0.12081914735373733,8.830503888144262,1.2527324483089537,-4.221544848493454,-7.709956022442187,0.9533846872400094,-0.12017568337878,0.012137573255088229,-0.035186686056372755,3.2213726287818183,0.606241924718532,-0.9189015984219204,0.4455570167871936,23.876821922636406
25,0.39373087569236515,-0.9583170796157323,4.335968376307271,1.4787380803789334,-1.8547748861799784,-0.27198619003653246,0.0,-0.22528877600450053,-0.3369292376608116,-0.10138189813316302,0.2118708779587947,-2.662797465999015e-17,0.0,-7.142194219373707e-17,0.0,0.0,-0.0027770138933169808,0.4821687555046006,-0.39586860886548714,-0.05832810652091257,8.830503888144262,1.2527324483089537,2.791955939641249,4.5810683168981425,0.05021616958179668,-0.018187833269490056,0.012137573255088229,-0.035186686056372755,3.0039906530830125,0.606241924718532,-2.015913814062619,0.4455570167871936,23.876821922636406
26,1.7671276320246518,-0.9583170796157323,3.1309855819402874,1.4787380803789334,-1.8547748861799784,-0.27198619003653246,0.0,-0.22528877600450053,-0.3369292376608116,-0.10138189813316302,0.2118708779587947,-2.662797465999015e-17,0.0,-7.142194219373707e-17,0.0,0.0,-0.0027770138933169808,0.4821687555046006,-0.39586860886548714,0.12489067585088846,8.830503888144262,1.2527324483089537,2.791955939641249,10.609150317721108,0.05021616958179668,-0.018187833269490056,0.012137573255088229,-0.035186686056372755,-1.8871038001401177,0.606241924718532,2.772396262315025,0.4455570167871936,23.876821922636406
27,0.39373087569236515,-0.9583170796157323,4.335968376307271,1.4787380803789334,-1.8547748861799784,-0.27198619003653246,0.0,-0.22528877600450053,-0.3369292376608116,-0.10138189813316302,0.2118708779587947,-1.6999201305202418,-0.5058954553255007,-7.142194219373707e-17,0.0,0.0,-0.0027770138933169808,0.4821687555046006,-0.39586860886548714,-0.14484808708537417,8.830503888144262,1.2527324483089537,2.791955939641249,4.5810683168981425,0.05021616958179668,-0.018187833269490056,0.012137573255088229,-0.035186686056372755,3.0039906530830125,0.606241924718532,-2.015913814062619,-1.399138185230591,-5.243826997591822
28,0.39373087569236515,-0.9583170796157323,4.335968376307271,1.4787380803789334,-1.8547748861799784,-0.27198619003653246,0.0,-0.22528877600450053,-0.3369292376608116,-0.10138189813316302,0.2118708779587947,-3.399840261040483,-0.5058954553255007,-7.142194219373707e-17,0.0,0.0,-0.0027770138933169808,0.4821687555046006,-0.39586860886548714,-0.23136806764983575,8.830503888144262,1.2527324483089537,2.791955939641249,4.5810683168981425,0.05021616958179668,-0.018187833269490056,0.012137573255088229,-0.035186686056372755,3.0039906530830125,0.606241924718532,-2.015913814062619,-1.399138185230591,-5.243826997591822
29,0.39373087569236515,-0.9583170796157323,4.335968376307271,1.4787380803789334,-1.8547748861799784,-0.27198619003653246,0.0,-0.22528877600450053,-0.3369292376608116,-0.10138189813316302,0.2118708779587947,-5.099760391560725,-0.5058954553255007,-7.142194219373707e-17,0.0,0.0,-0.0027770138933169808,0.4821687555046006,-0.39586860886548714,-0.31788804821429734,8.830503888144262,1.2527324483089537,2.791955939641249,4.5810683168981425,0.05021616958179668,-0.018187833269490056,0.012137573255088229,-0.035186686056372755,3.0039906530830125,0.606241924718532,-2.015913814062619,-1.399138185230591,-5.243826997591822
30,0.39373087569236515,-0.9583170796157323,4.335968376307271,1.4787380803789334,-1.8547748861799784,-0.27198619003653246,0.0,-0.22528877600450053,-0.3369292376608116,-0.10138189813316302,0.2118708779587947,-6.7996805220809655,-0.5058954553255007,-7.142194219373707e-17,0.0,0.0,-0.0027770138933169808,0.4821687555046006,-0.39586860886548714,-0.4044080287787589,8.830503888144262,1.2527324483089537,2.791955939641249,4.5810683168981425,0.05021616958179668,-0.018187833269490056,0.012137573255088229,-0.035186686056372755,3.0039906530830125,0.606241924718532,-2.015913814062619,-1.399138185230591,-5.243826997591822
31,0.39373087569236515,-0.9583170796157323,4.335968376307271,1.4787380803789334,-1.8547748861799784,-0.27198619003653246,0.0,-0.22528877600450053,-0.3369292376608116,-0.10138189813316302,0.2118708779587947,-8.499600652601208,-0.5058954553255007,-7.142194219373707e-17,0.0,0.0,-0.0027770138933169808,0.4821687555046006,-0.39586860886548714,-0.49092800934322056,8.830503888144262,1.2527324483089537,2.791955939641249,4.5810683168981425,0.05021616958179668,-0.018187833269490056,0.012137573255088229,-0.035186686056372755,3.0039906530830125,0.606241924718532,-2.015913814062619,-1.399138185230591,-5.243826997591822
32,0.39373087569236515,-0.9583170796157323,4.335968376307271,1.4787380803789334,-1.8547748861799784,-0.27198619003653246,0.0,-0.22528877600450053,-0.3369292376608116,-0.10138189813316302,0.2118708779587947,-10.19952078312145,-0.5058954553255007,-7.142194219373707e-17,0.0,0.0,-0.0027770138933169808,0.4821687555046006,-0.39586860886548714,-0.5774479899076821,8.830503888144262,1.2527324483089537,2.791955939641249,4.5810683168981425,0.05021616958179668,-0.018187833269490056,0.012137573255088229,-0.035186686056372755,3.0039906530830125,0.606241924718532,-2.015913814062619,-1.399138185230591,-5.243826997591822
33,0.39373087569236515,-0.9583170796157323,4.335968376307271,1.4787380803789334,-1.8547748861799784,-0.27198619003653246,0.0,-0.22528877600450053,-0.3369292376608116,-0.10138189813316302,0.2118708779587947,-11.899440913641692,-0.5058954553255007,-7.142194219373707e-17,0.0,0.0,-0.0027770138933169808,0.4821687555046006,-0.39586860886548714,-0.6639679704721437,8.830503888144262,1.2527324483089537,2.791955939641249,4.5810683168981425,0.05021616958179668,-0.018187833269490056,0.012137573255088229,-0.035186686056372755,3.0039906530830125,0.606241924718532,-2.015913814062619,-1.399138185230591,-5.243826997591822
34,0.39373087569236515,-0.9583170796157323,4.335968376307271,1.4787380803789334,-1.8547748861799784,-0.27198619003653246,0.0,-0.22528877600450053,-0.3369292376608116,-0.10138189813316302,0.2118708779587947,-13.599361044161933,-0.5058954553255007,-7.142194219373707e-17,0.0,0.0,-0.0027770138933169808,0.4821687555046006,-0.39586860886548714,-0.7504879510366054,8.830503888144262,1.2527324483089537,2.791955939641249,4.5810683168981425,0.05021616958179668,-0.018187833269490056,0.012137573255088229,-0.035186686056372755,3.0039906530830125,0.606241924718532,-2.015913814062619,-1.399138185230591,-5.243826997591822
35,0.39373087569236515,-0.9583170796157323,4.335968376307271,1.4787380803789334,-1.8547748861799784,-0.27198619003653246,0.0,-0.22528877600450053,-0.3369292376608116,-0.10138189813316302,0.2118708779587947,-15.299281174682173,-0.5058954553255007,-7.142194219373707e-17,0.0,0.0,-0.0027770138933169808,0.4821687555046006,-0.39586860886548714,-0.8370079316010669,8.830503888144262,1.2527324483089537,2.791955939641249,4.5810683168981425,0.05021616958179668,-0.018187833269490056,0.012137573255088229,-0.035186686056372755,3.0039906530830125,0.606241924718532,-2.015913814062619,-1.399138185230591,-5.243826997591822
36,0.39373087569236515,-0.9583170796157323,4.335968376307271,1.4787380803789334,-1.8547748861799784,-0.27198619003653246,0.0,-0.22528877600450053,-0.3369292376608116,-0.10138189813316302,0.2118708779587947,-16.999201305202412,-0.5058954553255007,-7.142194219373707e-17,0.0,0.0,-0.0027770138933169808,0.4821687555046006,-0.39586860886548714,-0.9235279121655285,-9.340654034751132,1.2527324483089537,2.791955939641249,4.5810683168981425,0.05021616958179668,-0.018187833269490056,0.012137573255088229,-0.035186686056372755,3.0039906530830125,0.606241924718532,-2.015913814062619,-1.399138185230591,-5.243826997591822
37,0.39373087569236515,-0.9583170796157323,4.335968376307271,1.4787380803789334,-1.8547748861799784,-0.27198619003653246,0.0,-0.22528877600450053,-0.3369292376608116,-0.10138189813316302,0.2118708779587947,-1.6999201305202418,-0.5058954553255007,-7.142194219373707e-17,0.0,0.0,-0.0027770138933169808,0.4821687555046006,-0.39586860886548714,-0.14484808708537417,8.830503888144262,1.2527324483089537,2.791955939641249,4.5810683168981425,0.05021616958179668,-0.018187833269490056,0.012137573255088229,-0.035186686056372755,3.0039906530830125,0.606241924718532,-2.015913814062619,-1.399138185230591,-5.243826997591822
38,0.39373087569236515,-0.9583170796157323,4.335968376307271,1.4787380803789334,-1.8547748861799784,-0.27198619003653246,0.0,-0.22528877600450053,-0.3369292376608116,-0.10138189813316302,0.2118708779587947,-3.399840261040483,-0.5058954553255007,-7.142194219373707e-17,0.0,0.0,-0.0027770138933169808,0.4821687555046006,-0.39586860886548714,-0.23136806764983575,8.830503888144262,1.2527324483089537,2.791955939641249,4.5810683168981425,0.05021616958179668,-0.018187833269490056,0.012137573255088229,-0.035186686056372755,3.0039906530830125,0.606241924718532,-2.015913814062619,-1.399138185230591,-5.243826997591822
39,0.39373087569236515,-0.9583170796157323,4.335968376307271,1.4787380803789334,-1.8547748861799784,-0.27198619003653246,0.0,-0.22528877600450053,-0.3369292376608116,-0.10138189813316302,0.2118708779587947,-5.099760391560725,-0.5058954553255007,-7.142194219373707e-17,0.0,0.0,-0.0027770138933169808,0.4821687555046006,-0.39586860886548714,-0.31788804821429734,8.830503888144262,1.2527324483089537,2.791955939641249,4.5810683168981425,0.05021616958179668,-0.018187833269490056,0.012137573255088229,-0.035186686056372755,3.0039906530830125,0.606241924718532,-2.015913814062619,-1.399138185230591,-5.243826997591822
40,0.39373087569236515,-0.9583170796157323,4.335968376307271,1.4787380803789334,-1.8547748861799784,-0.27198619003653246,0.0,-0.22528877600450053,-0.3369292376608116,-0.10138189813316302,0.2118708779587947,-6.7996805220809655,-0.5058954553255007,-7.142194219373707e-17,0.0,0.0,-0.0027770138933169808,0.4821687555046006,-0.39586860886548714,-0.4044080287787589,8.830503888144262,1.2527324483089537,2.791955939641249,4.5810683168981425,0.05021616958179668,-0.018187833269490056,0.012137573255088229,-0.035186686056372755,3.0039906530830125,0.606241924718532,-2.015913814062619,-1.399138185230591,-5.243826997591822
41,0.39373087569236515,-0.9583170796157323,4.335968376307271,1.4787380803789334,-1.8547748861799784,-0.27198619003653246,0.0,-0.22528877600450053,-0.3369292376608116,-0.10138189813316302,0.2118708779587947,-8.499600652601208,-0.5058954553255007,-7.142194219373707e-17,0.0,0.0,-0.0027770138933169808,0.4821687555046006,-0.39586860886548714,-0.49092800934322056,8.830503888144262,1.2527324483089537,2.791955939641249,4.5810683168981425,0.05021616958179668,-0.018187833269490056,0.012137573255088229,-0.035186686056372755,3.0039906530830125,0.606241924718532,-2.015913814062619,-1.399138185230591,-5.243826997591822
42,0.39373087569236515,-0.9583170796157323,4.335968376307271,1.4787380803789334,-1.8547748861799784,-0.27198619003653246,0.0,-0.22528877600450053,-0.3369292376608116,-0.10138189813316302,0.2118708779587947,-10.19952078312145,-0.5058954553255007,-7.142194219373707e-17,0.0,0.0,-0.0027770138933169808,0.4821687555046006,-0.39586860886548714,-0.5774479899076821,8.830503888144262,1.2527324483089537,2.791955939641249,4.5810683168981425,0.05021616958179668,-0.018187833269490056,0.012137573255088229,-0.035186686056372755,3.0039906530830125,0.606241924718532,-2.015913814062619,-1.399138185230591,-5.243826997591822
43,0.39373087569236515,-0.9583170796157323,4.335968376307271,1.4787380803789334,-1.8547748861799784,-0.27198619003653246,0.0,-0.22528877600450053,-0.3369292376608116,-0.10138189813316302,0.2118708779587947,-11.899440913641692,-0.5058954553255007,-7.142194219373707e-17,0.0,0.0,-0.0027770138933169808,0.4821687555046006,-0.39586860886548714,-0.6639679704721437,8.830503888144262,1.2527324483089537,2.791955939641249,4.5810683168981425,0.05021616958179668,-0.018187833269490056,0.012137573255088229,-0.035186686056372755,3.0039906530830125,0.606241924718532,-2.015913814062619,-1.399138185230591,-5.243826997591822
44,0.39373087569236515,-0.9583170796157323,4.335968376307271,1.4787380803789334,-1.8547748861799784,-0.27198619003653246,0.0,-0.22528877600450053,-0.3369292376608116,-0.10138189813316302,0.2118708779587947,-13.599361044161933,-0.5058954553255007,-7.142194219373707e-17,0.0,0.0,-0.0027770138933169808,0.4821687555046006,-0.39586860886548714,-0.7504879510366054,8.830503888144262,1.2527324483089537,2.791955939641249,4.5810683168981425,0.05021616958179668,-0.018187833269490056,0.012137573255088229,-0.035186686056372755,3.0039906530830125,0.606241924718532,-2.015913814062619,-1.399138185230591,-5.243826997591822
45,0.39373087569236515,-0.9583170796157323,4.335968376307271,1.4787380803789334,-1.8547748861799784,-0.27198619003653246,0.0,-0.22528877600450053,-0.3369292376608116,-0.10138189813316302,0.2118708779587947,-15.299281174682173,-0.5058954553255007,-7.142194219373707e-17,0.0,0.0,-0.0027770138933169808,0.4821687555046006,-0.39586860886548714,-0.8370079316010669,8.830503888144262,1.2527324483089537,2.791955939641249,4.5810683168981425,0.05021616958179668,-0.018187833269490056,0.012137573255088229,-0.035186686056372755,3.0039906530830125,0.606241924718532,-2.015913814062619,-1.399138185230591,-5.243826997591822
46,0.39373087569236515,-0.9583170796157323,4.335968376307271,1.4787380803789334,-1.8547748861799784,-0.27198619003653246,0.0,-0.22528877600450053,-0.3369292376608116,-0.10138189813316302,0.2118708779587947,-16.999201305202412,-0.5058954553255007,-7.142194219373707e-17,0.0,0.0,-0.0027770138933169808,0.4821687555046006,-0.39586860886548714,-0.9235279121655285,-9.340654034751132,1.2527324483089537,2.791955939641249,4.5810683168981425,0.05021616958179668,-0.018187833269490056,0.012137573255088229,-0.035186686056372755,3.0039906530830125,0.606241924718532,-2.015913814062619,-1.399138185230591,-5.243826997591822
47,0.39373087569236515,-0.9583170796157323,4.335968376307271,1.4787380803789334,-1.8547748861799784,-0.27198619003653246,0.0,-0.22528877600450053,-0.3369292376608116,-0.10138189813316302,0.2118708779587947,-1.6999201305202418,-0.5058954553255007,-7.142194219373707e-17,0.0,0.0,-0.0027770138933169808,0.4821687555046006,-0.39586860886548714,-0.14484808708537417,8.830503888144262,1.2527324483089537,2.791955939641249,4.5810683168981425,0.05021616958179668,-0.018187833269490056,0.012137573255088229,-0.035186686056372755,3.0039906530830125,0.606241924718532,-2.015913814062619,4.51040970765265,4.885094365965823
48,0.39373087569236515,-0.9583170796157323,4.335968376307271,1.4787380803789334,-1.8547748861799784,-0.27198619003653246,0.0,-0.22528877600450053,-0.3369292376608116,-0.10138189813316302,0.2118708779587947,-3.399840261040483,-0.5058954553255007,-7.142194219373707e-17,0.0,0.0,-0.0027770138933169808,0.4821687555046006,-0.39586860886548714,-0.23136806764983575,8.830503888144262,1.2527324483089537,2.791955939641249,4.5810683168981425,0.05021616958179668,-0.018187833269490056,0.012137573255088229,-0.035186686056372755,3.0039906530830125,0.606241924718532,-2.015913814062619,4.51040970765265,4.885094365965823
49,0.39373087569236515,-0.9583170796157323,4.335968376307271,1.4787380803789334,-1.8547748861799784,-0.27198619003653246,0.0,-0.22528877600450053,-0.3369292376608116,-0.10138189813316302,0.2118708779587947,-5.099760391560725,-0.5058954553255007,-7.142194219373707e-17,0.0,0.0,-0.0027770138933169808,0.4821687555046006,-0.39586860886548714,-0.31788804821429734,8.830503888144262,1.2527324483089537,2.791955939641249,4.5810683168981425,0.05021616958179668,-0.018187833269490056,0.012137573255088229,-0.035186686056372755,3.0039906530830125,0.606241924718532,-2.015913814062619,4.51040970765265,4.885094365965823
50,0.39373087569236515,-0.9583170796157323,4.335968376307271,1.4787380803789334,-1.8547748861799784,-0.27198619003653246,0.0,-0.22528877600450053,-0.3369292376608116,-0.10138189813316302,0.2118708779587947,-6.7996805220809655,-0.5058954553255007,-7.142194219373707e-17,0.0,0.0,-0.0027770138933169808,0.4821687555046006,-0.39586860886548714,-0.4044080287787589,8.830503888144262,1.2527324483089537,2.791955939641249,4.5810683168981425,0.05021616958179668,-0.018187833269490056,0.012137573255088229,-0.035186686056372755,3.0039906530830125,0.606241924718532,-2.015913814062619,4.51040970765265,4.885094365965823
51,0.39373087569236515,-0.9583170796157323,4.335968376307271,1.4787380803789334,-1.8547748861799784,-0.27198619003653246,0.0,-0.22528877600450053,-0.3369292376608116,-0.10138189813316302,0.2118708779587947,-8.499600652601208,-0.5058954553255007,-7.142194219373707e-17,0.0,0.0,-0.0027770138933169808,0.4821687555046006,-0.39586860886548714,-0.49092800934322056,8.830503888144262,1.2527324483089537,2.791955939641249,4.5810683168981425,0.05021616958179668,-0.018187833269490056,0.012137573255088229,-0.035186686056372755,3.0039906530830125,0.606241924718532,-2.015913814062619,4.51040970765265,4.885094365965823
52,0.39373087569236515,-0.9583170796157323,4.335968376307271,1.4787380803789334,-1.8547748861799784,-0.27198619003653246,0.0,-0.22528877600450053,-0.3369292376608116,-0.10138189813316302,0.2118708779587947,-10.19952078312145,-0.5058954553255007,-7.142194219373707e-17,0.0,0.0,-0.0027770138933169808,0.4821687555046006,-0.39586860886548714,-0.5774479899076821,8.830503888144262,1.2527324483089537,2.791955939641249,4.5810683168981425,0.05021616958179668,-0.018187833269490056,0.012137573255088229,-0.035186686056372755,3.0039906530830125,0.606241924718532,-2.015913814062619,4.51040970765265,4.885094365965823
53,0.39373087569236515,-0.9583170796157323,4.335968376307271,1.4787380803789334,-1.8547748861799784,-0.27198619003653246,0.0,-0.22528877600450053,-0.3369292376608116,-0.10138189813316302,0.2118708779587947,-11.899440913641692,-0.5058954553255007,-7.142194219373707e-17,0.0,0.0,-0.0027770138933169808,0.4821687555046006,-0.39586860886548714,-0.6639679704721437,8.830503888144262,1.2527324483089537,2.791955939641249,4.5810683168981425,0.05021616958179668,-0.018187833269490056,0.012137573255088229,-0.035186686056372755,3.0039906530830125,0.606241924718532,-2.015913814062619,4.51040970765265,4.885094365965823
54,0.39373087569236515,-0.9583170796157323,4.335968376307271,1.4787380803789334,-1.8547748861799784,-0.27198619003653246,0.0,-0.22528877600450053,-0.3369292376608116,-0.10138189813316302,0.2118708779587947,-13.599361044161933,-0.5058954553255007,-7.142194219373707e-17,0.0,0.0,-0.0027770138933169808,0.4821687555046006,-0.39586860886548714,-0.7504879510366054,8.830503888144262,1.2527324483089537,2.791955939641249,4.5810683168981425,0.05021616958179668,-0.018187833269490056,0.012137573255088229,-0.035186686056372755,3.0039906530830125,0.606241924718532,-2.015913814062619,4.51040970765265,4.885094365965823
55,0.39373087569236515,-0.9583170796157323,4.335968376307271,1.4787380803789334,-1.8547748861799784,-0.27198619003653246,0.0,-0.22528877600450053,-0.3369292376608116,-0.10138189813316302,0.2118708779587947,-15.299281174682173,-0.5058954553255007,-7.142194219373707e-17,0.0,0.0,-0.0027770138933169808,0.4821687555046006,-0.39586860886548714,-0.8370079316010669,8.830503888144262,1.2527324483089537,2.791955939641249,4.5810683168981425,0.05021616958179668,-0.018187833269490056,0.012137573255088229,-0.035186686056372755,3.0039906530830125,0.606241924718532,-2.015913814062619,4.51040970765265,4.885094365965823
56,0.39373087569236515,-0.9583170796157323,4.335968376307271,1.4787380803789334,-1.8547748861799784,-0.27198619003653246,0.0,-0.22528877600450053,-0.3369292376608116,-0.10138189813316302,0.2118708779587947,-16.999201305202412,-0.5058954553255007,-7.142194219373707e-17,0.0,0.0,-0.0027770138933169808,0.4821687555046006,-0.39586860886548714,-0.9235279121655285,-9.340654034751132,1.2527324483089537,2.791955939641249,4.5810683168981425,0.05021616958179668,-0.018187833269490056,0.012137573255088229,-0.035186686056372755,3.0039906530830125,0.606241924718532,-2.015913814062619,4.51040970765265,4.885094365965823
57,0.39373087569236515,-0.9583170796157323,4.335968376307271,1.4787380803789334,-1.8547748861799784,-0.27198619003653246,0.0,-0.22528877600450053,-0.3369292376608116,-0.10138189813316302,0.2118708779587947,-1.6999201305202418,-0.5058954553255007,-7.142194219373707e-17,0.0,0.0,-0.0027770138933169808,0.4821687555046006,-0.39586860886548714,-0.14484808708537417,8.830503888144262,1.2527324483089537,2.791955939641249,4.5810683168981425,0.05021616958179668,-0.018187833269490056,0.012137573255088229,-0.035186686056372755,3.0039906530830125,0.606241924718532,-2.015913814062619,4.51040970765265,4.885094365965823
58,0.39373087569236515,-0.9583170796157323,4.335968376307271,1.4787380803789334,-1.8547748861799784,-0.27198619003653246,0.0,-0.22528877600450053,-0.3369292376608116,-0.10138189813316302,0.2118708779587947,-3.399840261040483,-0.5058954553255007,-7.142194219373707e-17,0.0,0.0,-0.0027770138933169808,0.4821687555046006,-0.39586860886548714,-0.23136806764983575,8.830503888144262,1.2527324483089537,2.791955939641249,4.5810683168981425,0.05021616958179668,-0.018187833269490056,0.012137573255088229,-0.035186686056372755,3.0039906530830125,0.606241924718532,-2.015913814062619,4.51040970765265,4.885094365965823
59,0.39373087569236515,-0.9583170796157323,4.335968376307271,1.4787380803789334,-1.8547748861799784,-0.27198619003653246,0.0,-0.22528877600450053,-0.3369292376608116,-0.10138189813316302,0.2118708779587947,-5.099760391560725,-0.5058954553255007,-7.142194219373707e-17,0.0,0.0,-0.0027770138933169808,0.4821687555046006,-0.39586860886548714,-0.31788804821429734,8.830503888144262,1.2527324483089537,2.791955939641249,4.5810683168981425,0.05021616958179668,-0.018187833269490056,0.012137573255088229,-0.035186686056372755,3.0039906530830125,0.606241924718532,-2.015913814062619,4.51040970765265,4.885094365965823
60,0.39373087569236515,-0.9583170796157323,4.335968376307271,1.4787380803789334,-1.8547748861799784,-0.27198619003653246,0.0,-0.22528877600450053,-0.3369292376608116,-0.10138189813316302,0.2118708779587947,-6.7996805220809655,-0.5058954553255007,-7.142194219373707e-17,0.0,0.0,-0.0027770138933169808,0.4821687555046006,-0.39586860886548714,-0.4044080287787589,8.830503888144262,1.2527324483089537,2.791955939641249,4.5810683168981425,0.05021616958179668,-0.018187833269490056,0.012137573255088229,-0.035186686056372755,3.0039906530830125,0.606241924718532,-2.015913814062619,4.51040970765265,4.885094365965823
61,0.39373087569236515,-0.9583170796157323,4.335968376307271,1.4787380803789334,-1.8547748861799784,-0.27198619003653246,0.0,-0.22528877600450053,-0.3369292376608116,-0.10138189813316302,0.2118708779587947,-8.499600652601208,-0.5058954553255007,-7.142194219373707e-17,0.0,0.0,-0.0027770138933169808,0.4821687555046006,-0.39586860886548714,-0.49092800934322056,8.830503888144262,1.2527324483089537,2.791955939641249,4.5810683168981425,0.05021616958179668,-0.018187833269490056,0.012137573255088229,-0.035186686056372755,3.0039906530830125,0.606241924718532,-2.015913814062619,4.51040970765265,4.885094365965823
62,0.39373087569236515,-0.9583170796157323,4.335968376307271,1.4787380803789334,-1.8547748861799784,-0.27198619003653246,0.0,-0.22528877600450053,-0.3369292376608116,-0.10138189813316302,0.2118708779587947,-10.19952078312145,-0.5058954553255007,-7.142194219373707e-17,0.0,0.0,-0.0027770138933169808,0.4821687555046006,-0.39586860886548714,-0.5774479899076821,8.830503888144262,1.2527324483089537,2.791955939641249,4.5810683168981425,0.05021616958179668,-0.018187833269490056,0.012137573255088229,-0.035186686056372755,3.0039906530830125,0.606241924718532,-2.015913814062619,4.51040970765265,4.885094365965823
63,0.39373087569236515,-0.9583170796157323,4.335968376307271,1.4787380803789334,-1.8547748861799784,-0.27198619003653246,0.0,-0.22528877600450053,-0.3369292376608116,-0.10138189813316302,0.2118708779587947,-11.899440913641692,-0.5058954553255007,-7.142194219373707e-17,0.0,0.0,-0.0027770138933169808,0.4821687555046006,-0.39586860886548714,-0.6639679704721437,8.830503888144262,1.2527324483089537,2.791955939641249,4.5810683168981425,0.05021616958179668,-0.018187833269490056,0.012137573255088229,-0.035186686056372755,3.0039906530830125,0.606241924718532,-2.015913814062619,4.51040970765265,4.885094365965823
64,0.39373087569236515,-0.9583170796157323,4.335968376307271,1.4787380803789334,-1.8547748861799784,-0.27198619003653246,0.0,-0.22528877600450053,-0.3369292376608116,-0.10138189813316302,0.2118708779587947,-13.599361044161933,-0.5058954553255007,-7.142194219373707e-17,0.0,0.0,-0.0027770138933169808,0.4821687555046006,-0.39586860886548714,-0.7504879510366054,8.830503888144262,1.2527324483089537,2.791955939641249,4.5810683168981425,0.05021616958179668,-0.018187833269490056,0.012137573255088229,-0.035186686056372755,3.0039906530830125,0.606241924718532,-2.015913814062619,4.51040970765265,4.885094365965823
65,0.39373087569236515,-0.9583170796157323,4.335968376307271,1.4787380803789334,-1.8547748861799784,-0.27198619003653246,0.0,-0.22528877600450053,-0.3369292376608116,-0.10138189813316302,0.2118708779587947,-15.299281174682173,-0.5058954553255007,-7.142194219373707e-17,0.0,0.0,-0.0027770138933169808,0.4821687555046006,-0.39586860886548714,-0.8370079316010669,8.830503888144262,1.2527324483089537,2.791955939641249,4.5810683168981425,0.05021616958179668,-0.018187833269490056,0.012137573255088229,-0.035186686056372755,3.0039906530830125,0.606241924718532,-2.015913814062619,4.51040970765265,4.885094365965823
66,0.39373087569236515,-0.9583170796157323,4.335968376307271,1.4787380803789334,-1.8547748861799784,-0.27198619003653246,0.0,-0.22528877600450053,-0.3369292376608116,-0.10138189813316302,0.2118708779587947,-16.999201305202412,-0.5058954553255007,-7.142194219373707e-17,0.0,0.0,-0.0027770138933169808,0.4821687555046006,-0.39586860886548714,-0.9235279121655285,-9.340654034751132,1.2527324483089537,2.791955939641249,4.5810683168981425,0.05021616958179668,-0.018187833269490056,0.012137573255088229,-0.035186686056372755,3.0039906530830125,0.606241924718532,-2.015913814062619,4.51040970765265,4.885094365965823
67,0.39373087569236515,-0.9583170796157323,4.335968376307271,1.4787380803789334,-1.8547748861799784,-0.27198619003653246,0.0,-0.22528877600450053,-0.3369292376608116,-0.10138189813316302,0.2118708779587947,-1.6999201305202418,-0.5058954553255007,-7.142194219373707e-17,0.0,0.0,-0.0027770138933169808,0.4821687555046006,-0.39586860886548714,-0.14484808708537417,8.830503888144262,1.2527324483089537,2.791955939641249,4.5810683168981425,0.05021616958179668,-0.018187833269490056,0.012137573255088229,-0.035186686056372755,3.0039906530830125,0.606241924718532,-2.015913814062619,0.4455570167871936,23.876821922636406
68,0.39373087569236515,-0.9583170796157323,4.335968376307271,1.4787380803789334,-1.8547748861799784,-0.27198619003653246,0.0,-0.22528877600450053,-0.3369292376608116,-0.10138189813316302,0.2118708779587947,-3.399840261040483,-0.5058954553255007,-7.142194219373707e-17,0.0,0.0,-0.0027770138933169808,0.4821687555046006,-0.39586860886548714,-0.23136806764983575,8.830503888144262,1.2527324483089537,2.791955939641249,4.5810683168981425,0.05021616958179668,-0.018187833269490056,0.012137573255088229,-0.035186686056372755,3.0039906530830125,0.606241924718532,-2.015913814062619,0.4455570167871936,23.876821922636406
69,0.39373087569236515,-0.9583170796157323,4.335968376307271,1.4787380803789334,-1.8547748861799784,-0.27198619003653246,0.0,-0.22528877600450053,-0.3369292376608116,-0.10138189813316302,0.2118708779587947,-5.099760391560725,-0.5058954553255007,-7.142194219373707e-17,0.0,0.0,-0.0027770138933169808,0.4821687555046006,-0.39586860886548714,-0.31788804821429734,8.830503888144262,1.2527324483089537,2.791955939641249,4.5810683168981425,0.05021616958179668,-0.018187833269490056,0.012137573255088229,-0.035186686056372755,3.0039906530830125,0.606241924718532,-2.015913814062619,0.4455570167871936,23.876821922636406
70,0.39373087569236515,-0.9583170796157323,4.335968376307271,1.4787380803789334,-1.8547748861799784,-0.27198619003653246,0.0,-0.22528877600450053,-0.3369292376608116,-0.10138189813316302,0.2118708779587947,-6.7996805220809655,-0.5058954553255007,-7.142194219373707e-17,0.0,0.0,-0.0027770138933169808,0.4821687555046006,-0.39586860886548714,-0.4044080287787589,8.830503888144262,1.2527324483089537,2.791955939641249,4.5810683168981425,0.05021616958179668,-0.018187833269490056,0.012137573255088229,-0.035186686056372755,3.0039906530830125,0.606241924718532,-2.015913814062619,0.4455570167871936,23.876821922636406
71,0.39373087569236515,-0.9583170796157323,4.335968376307271,1.4787380803789334,-1.8547748861799784,-0.27198619003653246,0.0,-0.22528877600450053,-0.3369292376608116,-0.10138189813316302,0.2118708779587947,-8.499600652601208,-0.5058954553255007,-7.142194219373707e-17,0.0,0.0,-0.0027770138933169808,0.4821687555046006,-0.39586860886548714,-0.49092800934322056,8.830503888144262,1.2527324483089537,2.791955939641249,4.5810683168981425,0.05021616958179668,-0.018187833269490056,0.012137573255088229,-0.035186686056372755,3.0039906530830125,0.606241924718532,-2.015913814062619,0.4455570167871936,23.876821922636406
72,0.39373087569236515,-0.9583170796157323,4.335968376307271,1.4787380803789334,-1.8547748861799784,-0.27198619003653246,0.0,-0.22528877600450053,-0.3369292376608116,-0.10138189813316302,0.2118708779587947,-10.19952078312145,-0.5058954553255007,-7.142194219373707e-17,0.0,0.0,-0.0027770138933169808,0.4821687555046006,-0.39586860886548714,-0.5774479899076821,8.830503888144262,1.2527324483089537,2.791955939641249,4.5810683168981425,0.05021616958179668,-0.018187833269490056,0.012137573255088229,-0.035186686056372755,3.0039906530830125,0.606241924718532,-2.015913814062619,0.4455570167871936,23.876821922636406
73,0.39373087569236515,-0.9583170796157323,4.335968376307271,1.4787380803789334,-1.8547748861799784,-0.27198619003653246,0.0,-0.22528877600450053,-0.3369292376608116,-0.10138189813316302,0.2118708779587947,-11.899440913641692,-0.5058954553255007,-7.142194219373707e-17,0.0,0.0,-0.0027770138933169808,0.4821687555046006,-0.39586860886548714,-0.6639679704721437,8.830503888144262,1.2527324483089537,2.791955939641249,4.5810683168981425,0.05021616958179668,-0.018187833269490056,0.012137573255088229,-0.035186686056372755,3.0039906530830125,0.606241924718532,-2.015913814062619,0.4455570167871936,23.876821922636406
74,0.39373087569236515,-0.9583170796157323,4.335968376307271,1.4787380803789334,-1.8547748861799784,-0.27198619003653246,0.0,-0.22528877600450053,-0.3369292376608116,-0.10138189813316302,0.2118708779587947,-13.599361044161933,-0.5058954553255007,-7.142194219373707e-17,0.0,0.0,-0.0027770138933169808,0.4821687555046006,-0.39586860886548714,-0.7504879510366054,8.830503888144262,1.2527324483089537,2.791955939641249,4.5810683168981425,0.05021616958179668,-0.018187833269490056,0.012137573255088229,-0.035186686056372755,3.0039906530830125,0.606241924718532,-2.015913814062619,0.4455570167871936,23.876821922636406
75,0.39373087569236515,-0.9583170796157323,4.335968376307271,1.4787380803789334,-1.8547748861799784,-0.27198619003653246,0.0,-0.22528877600450053,-0.3369292376608116,-0.10138189813316302,0.2118708779587947,-15.299281174682173,-0.5058954553255007,-7.142194219373707e-17,0.0,0.0,-0.0027770138933169808,0.4821687555046006,-0.39586860886548714,-0.8370079316010669,8.830503888144262,1.2527324483089537,2.791955939641249,4.5810683168981425,0.05021616958179668,-0.018187833269490056,0.012137573255088229,-0.035186686056372755,3.0039906530830125,0.606241924718532,-2.015913814062619,0.4455570167871936,23.876821922636406
76,0.39373087569236515,-0.9583170796157323,4.335968376307271,1.4787380803789334,-1.8547748861799784,-0.27198619003653246,0.0,-0.22528877600450053,-0.3369292376608116,-0.10138189813316302,0.2118708779587947,-16.999201305202412,-0.5058954553255007,-7.142194219373707e-17,0.0,0.0,-0.0027770138933169808,0.4821687555046006,-0.39586860886548714,-0.9235279121655285,-9.340654034751132,1.2527324483089537,2.791955939641249,4.5810683168981425,0.05021616958179668,-0.018187833269490056,0.012137573255088229,-0.035186686056372755,3.0039906530830125,0.606241924718532,-2.015913814062619,0.4455570167871936,23.876821922636406
77,0.39373087569236515,-0.9583170796157323,4.335968376307271,1.4787380803789334,-1.8547748861799784,-0.27198619003653246,0.0,-0.22528877600450053,-0.3369292376608116,-0.10138189813316302,0.2118708779587947,-1.6999201305202418,-0.5058954553255007,-7.142194219373707e-17,0.0,0.0,-0.0027770138933169808,0.4821687555046006,-0.39586860886548714,-0.14484808708537417,8.830503888144262,1.2527324483089537,2.791955939641249,4.5810683168981425,0.05021616958179668,-0.018187833269490056,0.012137573255088229,-0.035186686056372755,3.0039906530830125,0.606241924718532,-2.015913814062619,0.4455570167871936,23.876821922636406
78,0.39373087569236515,-0.9583170796157323,4.335968376307271,1.4787380803789334,-1.8547748861799784,-0.27198619003653246,0.0,-0.22528877600450053,-0.3369292376608116,-0.10138189813316302,0.2118708779587947,-3.399840261040483,-0.5058954553255007,-7.142194219373707e-17,0.0,0.0,-0.0027770138933169808,0.4821687555046006,-0.39586860886548714,-0.23136806764983575,8.830503888144262,1.2527324483089537,2.791955939641249,4.5810683168981425,0.05021616958179668,-0.018187833269490056,0.012137573255088229,-0.035186686056372755,3.0039906530830125,0.606241924718532,-2.015913814062619,0.4455570167871936,23.876821922636406
79,0.39373087569236515,-0.9583170796157323,4.335968376307271,1.4787380803789334,-1.8547748861799784,-0.27198619003653246,0.0,-0.22528877600450053,-0.3369292376608116,-0.10138189813316302,0.2118708779587947,-5.099760391560725,-0.5058954553255007,-7.142194219373707e-17,0.0,0.0,-0.0027770138933169808,0.4821687555046006,-0.39586860886548714,-0.31788804821429734,8.830503888144262,1.2527324483089537,2.791955939641249,4.5810683168981425,0.05021616958179668,-0.018187833269490056,0.012137573255088229,-0.035186686056372755,3.0039906530830125,0.606241924718532,-2.015913814062619,0.4455570167871936,23.876821922636406
80,0.39373087569236515,-0.9583170796157323,4.335968376307271,1.4787380803789334,-1.8547748861799784,-0.27198619003653246,0.0,-0.22528877600450053,-0.3369292376608116,-0.10138189813316302,0.2118708779587947,-6.7996805220809655,-0.5058954553255007,-7.142194219373707e-17,0.0,0.0,-0.0027770138933169808,0.4821687555046006,-0.39586860886548714,-0.4044080287787589,8.830503888144262,1.2527324483089537,2.791955939641249,4.5810683168981425,0.05021616958179668,-0.018187833269490056,0.012137573255088229,-0.035186686056372755,3.0039906530830125,0.606241924718532,-2.015913814062619,0.4455570167871936,23.876821922636406
81,0.39373087569236515,-0.9583170796157323,4.335968376307271,1.4787380803789334,-1.8547748861799784,-0.27198619003653246,0.0,-0.22528877600450053,-0.3369292376608116,-0.10138189813316302,0.2118708779587947,-8.499600652601208,-0.5058954553255007,-7.142194219373707e-17,0.0,0.0,-0.0027770138933169808,0.4821687555046006,-0.39586860886548714,-0.49092800934322056,8.830503888144262,1.2527324483089537,2.791955939641249,4.5810683168981425,0.05021616958179668,-0.018187833269490056,0.012137573255088229,-0.035186686056372755,3.0039906530830125,0.606241924718532,-2.015913814062619,0.4455570167871936,23.876821922636406
82,0.39373087569236515,-0.9583170796157323,4.335968376307271,1.4787380803789334,-1.8547748861799784,-0.27198619003653246,0.0,-0.22528877600450053,-0.3369292376608116,-0.10138189813316302,0.2118708779587947,-10.19952078312145,-0.5058954553255007,-7.142194219373707e-17,0.0,0.0,-0.0027770138933169808,0.4821687555046006,-0.39586860886548714,-0.5774479899076821,8.830503888144262,1.2527324483089537,2.791955939641249,4.5810683168981425,0.05021616958179668,-0.018187833269490056,0.012137573255088229,-0.035186686056372755,3.0039906530830125,0.606241924718532,-2.015913814062619,0.4455570167871936,23.876821922636406
83,0.39373087569236515,-0.9583170796157323,4.335968376307271,1.4787380803789334,-1.8547748861799784,-0.27198619003653246,0.0,-0.22528877600450053,-0.3369292376608116,-0.10138189813316302,0.2118708779587947,-11.899440913641692,-0.5058954553255007,-7.142194219373707e-17,0.0,0.0,-0.0027770138933169808,0.4821687555046006,-0.39586860886548714,-0.6639679704721437,8.830503888144262,1.2527324483089537,2.791955939641249,4.5810683168981425,0.05021616958179668,-0.018187833269490056,0.012137573255088229,-0.035186686056372755,3.0039906530830125,0.606241924718532,-2.015913814062619,0.4455570167871936,23.876821922636406
84,0.39373087569236515,-0.9583170796157323,4.335968376307271,1.4787380803789334,-1.8547748861799784,-0.27198619003653246,0.0,-0.22528877600450053,-0.3369292376608116,-0.10138189813316302,0.2118708779587947,-13.599361044161933,-0.5058954553255007,-7.142194219373707e-17,0.0,0.0,-0.0027770138933169808,0.4821687555046006,-0.39586860886548714,-0.7504879510366054,8.830503888144262,1.2527324483089537,2.791955939641249,4.5810683168981425,0.05021616958179668,-0.018187833269490056,0.012137573255088229,-0.035186686056372755,3.0039906530830125,0.606241924718532,-2.015913814062619,0.4455570167871936,23.876821922636406
85,0.39373087569236515,-0.9583170796157323,4.335968376307271,1.4787380803789334,-1.8547748861799784,-0.27198619003653246,0.0,-0.22528877600450053,-0.3369292376608116,-0.10138189813316302,0.2118708779587947,-15.299281174682173,-0.5058954553255007,-7.142194219373707e-17,0.0,0.0,-0.0027770138933169808,0.4821687555046006,-0.39586860886548714,-0.8370079316010669,8.830503888144262,1.2527324483089537,2.791955939641249,4.5810683168981425,0.05021616958179668,-0.018187833269490056,0.012137573255088229,-0.035186686056372755,3.0039906530830125,0.606241924718532,-2.015913814062619,0.4455570167871936,23.876821922636406
86,0.39373087569236515,-0.9583170796157323,4.335968376307271,1.4787380803789334,-1.8547748861799784,-0.27198619003653246,0.0,-0.22528877600450053,-0.3369292376608116,-0.10138189813316302,0.2118708779587947,-16.999201305202412,-0.5058954553255007,-7.142194219373707e-17,0.0,0.0,-0.0027770138933169808,0.4821687555046006,-0.39586860886548714,-0.9235279121655285,-9.340654034751132,1.2527324483089537,2.791955939641249,4.5810683168981425,0.05021616958179668,-0.018187833269490056,0.012137573255088229,-0.035186686056372755,3.0039906530830125,0.606241924718532,-2.015913814062619,0.4455570167871936,23.876821922636406
87,3.538809447693302,4.357291311459363,-7.7138595673625625,1.4787380803789334,-1.8547748861799784,-0.27198619003653246,0.0,-0.22528877600450053,-0.3369292376608116,-0.10138189813316302,0.2118708779587947,-2.662797465999015e-17,0.0,-7.142194219373707e-17,0.0,0.0,-0.0027770138933169808,0.4821687555046006,-0.39586860886548714,0.17476689994098984,-7.9290109529235115,-1.2181956129078548,2.791955939641249,4.502781537666676,-0.22073438571566711,0.04980406680336992,0.012137573255088229,-0.035186686056372755,2.243153738137192,1.1848205557864693,1.4530167056660765,-1.399138185230591,-5.665865387740056
88,2.055540950854432,4.357291311459363,-2.7085464215304778,1.4787380803789334,-1.8547748861799784,-0.27198619003653246,0.0,-0.22528877600450053,-0.3369292376608116,-0.10138189813316302,0.2118708779587947,-2.662797465999015e-17,0.0,-7.142194219373707e-17,0.0,0.0,-0.0027770138933169808,0.4821687555046006,-0.39586860886548714,0.17476689994098984,-7.9290109529235115,-1.2181956129078548,2.791955939641249,4.502781537666676,-0.22073438571566711,0.04980406680336992,0.012137573255088229,-0.035186686056372755,2.243153738137192,1.1848205557864693,1.4530167056660765,-1.399138185230591,-5.665865387740056
89,1.313906702434997,4.357291311459363,-0.20588984861443557,1.4787380803789334,-1.8547748861799784,-0.27198619003653246,0.0,-0.22528877600450053,-0.3369292376608116,-0.10138189813316302,0.2118708779587947,-2.662797465999015e-17,0.0,-7.142194219373707e-17,0.0,0.0,-0.0027770138933169808,0.4821687555046006,-0.39586860886548714,0.17476689994098984,-7.9290109529235115,-1.2181956129078548,2.791955939641249,4.502781537666676,-0.22073438571566711,0.04980406680336992,0.012137573255088229,-0.035186686056372755,2.243153738137192,1.1848205557864693,1.4530167056660765,-1.399138185230591,-5.665865387740056
90,0.5722724540155625,4.357291311459363,2.2967667243016066,1.4787380803789334,-1.8547748861799784,-0.27198619003653246,0.0,-0.22528877600450053,-0.3369292376608116,-0.10138189813316302,0.2118708779587947,-2.662797465999015e-17,0.0,-7.142194219373707e-17,0.0,0.0,-0.0027770138933169808,0.4821687555046006,-0.39586860886548714,0.17476689994098984,-7.9290109529235115,-1.2181956129078548,2.791955939641249,4.502781537666676,-0.22073438571566711,0.04980406680336992,0.012137573255088229,-0.035186686056372755,2.243153738137192,1.1848205557864693,1.4530167056660765,-1.399138185230591,-5.665865387740056
91,-0.16936179440387233,4.357291311459363,4.799423297217649,1.4787380803789334,-1.8547748861799784,-0.27198619003653246,0.0,-0.22528877600450053,-0.3369292376608116,-0.10138189813316302,0.2118708779587947,-2.662797465999015e-17,0.0,-7.142194219373707e-17,0.0,0.0,-0.0027770138933169808,0.4821687555046006,-0.39586860886548714,0.17476689994098984,-7.9290109529235115,-1.2181956129078548,2.791955939641249,4.502781537666676,-0.22073438571566711,0.04980406680336992,0.012137573255088229,-0.035186686056372755,2.243153738137192,1.1848205557864693,1.4530167056660765,-1.399138185230591,-5.665865387740056
92,-5.244062809051671,-4.150010346715866,-7.7138595673625625,1.4787380803789334,-1.8547748861799784,3.7246012563377873,0.0,-0.22528877600450053,-0.3369292376608116,-0.10138189813316302,0.2118708779587947,-2.662797465999015e-17,0.0,-7.142194219373707e-17,0.0,0.0,-0.0027770138933169808,0.4821687555046006,-0.39586860886548714,0.37264318490253506,-10.766623476558992,-0.7127785094771442,2.791955939641249,7.555965927693892,-0.22073438571566711,0.04980406680336992,0.012137573255088229,-0.035186686056372755,2.3735829235564743,-0.2353424824789328,-1.852844430656569,-1.399138185230591,-5.665865387740056
93,-5.304492266330292,-4.150010346715866,-7.7138595673625625,1.4787380803789334,-1.8547748861799784,3.7246012563377873,0.0,-0.22528877600450053,-0.3369292376608116,-0.10138189813316302,0.2118708779587947,-2.662797465999015e-17,0.0,-7.142194219373707e-17,0.0,0.0,0.00655819974454283,0.4821687555046006,-0.39586860886548714,0.37264318490253506,-10.766623476558992,-0.7127785094771442,2.791955939641249,7.555965927693892,-0.22073438571566711,0.04980406680336992,0.012137573255088229,-0.035186686056372755,2.3735829235564743,-0.2353424824789328,-1.852844430656569,-1.399138185230591,-5.665865387740056
94,-5.364921723608913,-4.150010346715866,-7.7138595673625625,1.4787380803789334,-1.8547748861799784,3.7246012563377873,0.0,-0.22528877600450053,-0.3369292376608116,-0.10138189813316302,0.2118708779587947,-2.662797465999015e-17,0.0,-7.142194219373707e-17,0.0,0.0,0.01589341338240264,0.4821687555046006,-0.39586860886548714,0.37264318490253506,-10.766623476558992,-0.7127785094771442,2.791955939641249,7.555965927693892,-0.22073438571566711,0.04980406680336992,0.012137573255088229,-0.035186686056372755,2.3735829235564743,-0.2353424824789328,-1.852844430656569,-1.399138185230591,-5.665865387740056
95,-5.4253511808875325,-4.150010346715866,-7.7138595673625625,1.4787380803789334,-1.8547748861799784,3.7246012563377873,0.0,-0.22528877600450053,-0.3369292376608116,-0.10138189813316302,0.2118708779587947,-2.662797465999015e-17,0.0,-7.142194219373707e-17,0.0,0.0,0.025228627020262448,0.4821687555046006,-0.39586860886548714,0.37264318490253506,-10.766623476558992,-0.7127785094771442,2.791955939641249,7.555965927693892,-0.22073438571566711,0.04980406680336992,0.012137573255088229,-0.035186686056372755,2.3735829235564743,-0.2353424824789328,-1.852844430656569,-1.399138185230591,-5.665865387740056
96,-5.485780638166154,-4.150010346715866,-7.7138595673625625,1.4787380803789334,-1.8547748861799784,3.7246012563377873,0.0,-0.22528877600450053,-0.3369292376608116,-0.10138189813316302,0.2118708779587947,-2.662797465999015e-17,0.0,-7.142194219373707e-17,0.0,0.0,0.03456384065812226,0.4821687555046006,-0.39586860886548714,0.37264318490253506,-10.766623476558992,-0.7127785094771442,2.791955939641249,7.555965927693892,-0.22073438571566711,0.04980406680336992,0.012137573255088229,-0.035186686056372755,2.3735829235564743,-0.2353424824789328,-1.852844430656569,-1.399138185230591,-5.665865387740056
97,-5.546210095444774,-4.150010346715866,-7.7138595673625625,1.4787380803789334,-1.8547748861799784,3.7246012563377873,0.0,-0.22528877600450053,-0.3369292376608116,-0.10138189813316302,0.2118708779587947,-2.662797465999015e-17,0.0,-7.142194219373707e-17,0.0,0.0,0.043899054295982065,0.4821687555046006,-0.39586860886548714,0.37264318490253506,-10.766623476558992,-0.7127785094771442,2.791955939641249,7.555965927693892,-0.22073438571566711,0.04980406680336992,0.012137573255088229,-0.035186686056372755,2.3735829235564743,-0.2353424824789328,-1.852844430656569,-1.399138185230591,-5.665865387740056
98,-0.03202211877064369,-4.150010346715866,-2.66220092943944,-1.6765188176453325,5.878354474741245,-0.27198619003653246,0.0,-0.22528877600450053,-0.3369292376608116,-0.10138189813316302,0.2118708779587947,-2.662797465999015e-17,0.0,-7.142194219373707e-17,0.0,0.0,-0.0027770138933169808,0.4821687555046006,-0.39586860886548714,0.18799936755673108,8.830503888144262,0.43844933722614177,2.791955939641249,4.502781537666676,-0.22073438571566711,0.0668020418215849,0.012137573255088229,-0.035186686056372755,0.11281037628889601,1.1671546083972855,1.3729644629031068,4.51040970765265,6.995286316706999
99,-1.156834062206786,-4.150010346715866,-2.66220092943944,-1.6765188176453325,5.878354474741245,-0.27198619003653246,0.0,-0.22528877600450053,-0.3369292376608116,-0.10138189813316302,0.2118708779587947,-2.662797465999015e-17,0.0,-7.142194219373707e-17,0.0,0.0,-0.0027770138933169808,-0.3386421085651308,-7.642666968276857,0.18799936755673108,8.830503888144262,0.43844933722614177,2.791955939641249,4.502781537666676,-0.22073438571566711,0.0668020418215849,0.012137573255088229,-0.035186686056372755,0.11281037628889601,1.1671546083972855,1.3729644629031068,4.51040970765265,6.995286316706999
100,-2.2816460056429286,-4.150010346715866,-2.66220092943944,-1.6765188176453325,5.878354474741245,-0.27198619003653246,0.0,-0.22528877600450053,-0.3369292376608116,-0.10138189813316302,0.2118708779587947,-2.662797465999015e-17,0.0,-7.142194219373707e-17,0.0,0.0,-0.0027770138933169808,-1.1594529726348621,-7.642666968276857,0.18799936755673108,8.830503888144262,0.43844933722614177,2.791955939641249,4.502781537666676,-0.22073438571566711,0.0668020418215849,0.012137573255088229,-0.035186686056372755,0.11281037628889601,1.1671546083972855,1.3729644629031068,4.51040970765265,6.995286316706999
101,-3.4064579490790727,-4.150010346715866,-2.66220092943944,-1.6765188176453325,5.878354474741245,-0.27198619003653246,0.0,-0.22528877600450053,-0.3369292376608116,-0.10138189813316302,0.2118708779587947,-2.662797465999015e-17,0.0,-7.142194219373707e-17,0.0,0.0,-0.0027770138933169808,-1.980263836704593,-7.642666968276857,0.18799936755673108,8.830503888144262,0.43844933722614177,2.791955939641249,4.502781537666676,-0.22073438571566711,0.0668020418215849,0.012137573255088229,-0.035186686056372755,0.11281037628889601,1.1671546083972855,1.3729644629031068,4.51040970765265,6.995286316706999
102,-2.2816460056429286,-4.150010346715866,-2.66220092943944,-1.6765188176453325,5.878354474741245,-0.27198619003653246,0.0,-0.22528877600450053,-0.3369292376608116,-0.10138189813316302,0.2118708779587947,-2.662797465999015e-17,0.0,-7.142194219373707e-17,0.0,0.0,-0.0027770138933169808,-3.895489186200634,-7.642666968276857,-0.08988245237383387,8.830503888144262,0.43844933722614177,2.791955939641249,4.502781537666676,-0.22073438571566711,0.0668020418215849,0.012137573255088229,-0.035186686056372755,0.11281037628889601,1.1671546083972855,1.3729644629031068,4.51040970765265,6.995286316706999
103,-2.2816460056429286,-4.150010346715866,-2.66220092943944,-1.6765188176453325,5.878354474741245,-0.27198619003653246,0.0,-0.22528877600450053,-0.3369292376608116,-0.10138189813316302,0.2118708779587947,-2.662797465999015e-17,0.0,-7.142194219373707e-17,0.0,0.0,-0.0027770138933169808,-6.631525399766404,-7.642666968276857,-0.3677642723043988,8.830503888144262,0.43844933722614177,2.791955939641249,4.502781537666676,-0.22073438571566711,0.0668020418215849,0.012137573255088229,-0.035186686056372755,0.11281037628889601,1.1671546083972855,1.3729644629031068,4.51040970765265,6.995286316706999
104,-2.2816460056429286,-4.150010346715866,-2.66220092943944,-1.6765188176453325,5.878354474741245,-0.27198619003653246,0.0,-0.22528877600450053,-0.3369292376608116,-0.10138189813316302,0.2118708779587947,-2.662797465999015e-17,0.0,-7.142194219373707e-17,0.0,0.0,-0.0027770138933169808,-9.367561613332175,-7.642666968276857,-0.6456460922349636,8.830503888144262,0.43844933722614177,2.791955939641249,4.502781537666676,-0.22073438571566711,0.0668020418215849,0.012137573255088229,-0.035186686056372755,0.11281037628889601,1.1671546083972855,1.3729644629031068,4.51040970765265,6.995286316706999
105,-2.2816460056429286,-4.150010346715866,-2.66220092943944,-1.6765188176453325,5.878354474741245,-0.27198619003653246,0.0,-0.22528877600450053,-0.3369292376608116,-0.10138189813316302,0.2118708779587947,-2.662797465999015e-17,0.0,-7.142194219373707e-17,0.0,0.0,-0.0027770138933169808,-12.103597826897946,-7.642666968276857,-0.9235279121655285,-9.340654034751132,0.43844933722614177,2.791955939641249,4.502781537666676,-0.22073438571566711,0.0668020418215849,0.012137573255088229,-0.035186686056372755,0.11281037628889601,1.1671546083972855,1.3729644629031068,4.51040970765265,6.995286316706999
106,0.11905152442590787,4.357291311459363,5.772678631129443,1.4787380803789334,-1.8547748861799784,-0.27198619003653246,0.0,-0.22528877600450053,-0.3369292376608116,-0.10138189813316302,0.2118708779587947,-2.662797465999015e-17,0.0,-7.142194219373707e-17,0.0,0.0,-0.0027770138933169808,0.4821687555046006,-0.39586860886548714,0.07094292326363594,8.830503888144262,-2.1167149078957856,2.791955939641249,10.609150317721108,0.4114835766450818,0.007309129257832431,0.012137573255088229,-0.035186686056372755,5.069119422221667,1.1848205557864693,-3.498362754117617,2.263058745433212,34.427781676342285
107,-2.1607870910856883,4.357291311459363,5.772678631129443,-1.7149975603041652,7.583759216711348,-0.27198619003653246,0.0,-0.22528877600450053,-0.3369292376608116,-0.10138189813316302,0.2118708779587947,-2.662797465999015e-17,0.0,-7.142194219373707e-17,0.0,0.0,-0.0027770138933169808,0.4821687555046006,-0.39586860886548714,0.012923642179232274,8.830503888144262,-2.1167149078957856,2.791955939641249,10.609150317721108,0.4114835766450818,0.007309129257832431,0.012137573255088229,-0.035186686056372755,5.069119422221667,1.1848205557864693,-3.9430974361341167,2.263058745433212,34.427781676342285
108,-4.440625706597284,4.357291311459363,5.772678631129443,-4.908733200987264,7.583759216711348,-0.27198619003653246,0.0,-0.22528877600450053,-0.3369292376608116,-0.10138189813316302,0.2118708779587947,-2.662797465999015e-17,0.0,-7.142194219373707e-17,0.0,0.0,-0.0027770138933169808,0.4821687555046006,-0.39586860886548714,-0.047131403153746955,8.830503888144262,-2.1167149078957856,2.791955939641249,10.609150317721108,0.4114835766450818,0.007309129257832431,0.012137573255088229,-0.035186686056372755,5.069119422221667,1.1848205557864693,-4.536077012156116,2.263058745433212,34.427781676342285
109,-6.720464322108881,4.357291311459363,5.772678631129443,-8.102468841670364,7.583759216711348,-0.27198619003653246,0.0,-0.22528877600450053,-0.3369292376608116,-0.10138189813316302,0.2118708779587947,-2.662797465999015e-17,0.0,-7.142194219373707e-17,0.0,0.0,-0.0027770138933169808,0.4821687555046006,-0.39586860886548714,-0.10515068423815062,8.830503888144262,-2.1167149078957856,2.791955939641249,10.609150317721108,0.4114835766450818,0.007309129257832431,0.012137573255088229,-0.035186686056372755,5.069119422221667,1.1848205557864693,-4.9808116941726155,2.263058745433212,34.427781676342285
110,-2.1607870910856883,4.357291311459363,5.772678631129443,1.4787380803789334,-1.8547748861799784,-0.27198619003653246,0.0,-0.22528877600450053,-0.3369292376608116,-0.10138189813316302,-1.04350339892441,-2.662797465999015e-17,0.0,-7.142194219373707e-17,0.0,0.0,-0.0027770138933169808,0.4821687555046006,-0.39586860886548714,0.054656809275031394,8.830503888144262,-2.1167149078957856,2.791955939641249,10.609150317721108,0.4114835766450818,0.007309129257832431,0.012137573255088229,-0.035186686056372755,5.069119422221667,1.1848205557864693,-3.498362754117617,2.263058745433212,34.427781676342285
111,-4.440625706597284,4.357291311459363,5.772678631129443,1.4787380803789334,-1.8547748861799784,-0.27198619003653246,0.0,-0.22528877600450053,-0.3369292376608116,-0.10138189813316302,-2.2988776758076144,-2.662797465999015e-17,0.0,-7.142194219373707e-17,0.0,0.0,-0.0027770138933169808,0.4821687555046006,-0.39586860886548714,0.038370695286426865,8.830503888144262,-2.1167149078957856,2.791955939641249,10.609150317721108,0.4114835766450818,0.007309129257832431,0.012137573255088229,-0.035186686056372755,5.069119422221667,1.1848205557864693,-3.498362754117617,2.263058745433212,34.427781676342285
112,-6.720464322108881,4.357291311459363,5.772678631129443,1.4787380803789334,-1.8547748861799784,-0.27198619003653246,0.0,-0.22528877600450053,-0.3369292376608116,-0.10138189813316302,-3.554251952690819,-2.662797465999015e-17,0.0,-7.142194219373707e-17,0.0,0.0,-0.0027770138933169808,0.4821687555046006,-0.39586860886548714,0.022084581297822325,8.830503888144262,-2.1167149078957856,2.791955939641249,10.609150317721108,0.4114835766450818,0.007309129257832431,0.012137573255088229,-0.035186686056372755,5.069119422221667,1.1848205557864693,-3.498362754117617,2.263058745433212,34.427781676342285
113,0.11905152442590787,4.357291311459363,-7.7138595673625625,1.4787380803789334,-1.8547748861799784,-0.27198619003653246,0.0,-0.22528877600450053,-0.3369292376608116,-0.10138189813316302,0.2118708779587947,-2.662797465999015e-17,0.0,-7.142194219373707e-17,0.0,0.0,-0.0027770138933169808,0.4821687555046006,-0.39586860886548714,0.41600496339719456,8.830503888144262,-2.1167149078957856,2.791955939641249,10.609150317721108,0.4114835766450818,0.007309129257832431,0.012137573255088229,-0.035186686056372755,5.069119422221667,1.1848205557864693,-0.08873019199112128,2.263058745433212,34.427781676342285
114,0.11905152442590787,4.357291311459363,-3.8671837238064226,1.4787380803789334,-1.8547748861799784,-0.27198619003653246,0.0,-0.22528877600450053,-0.3369292376608116,-0.10138189813316302,0.2118708779587947,-2.662797465999015e-17,0.0,-7.142194219373707e-17,0.0,0.0,-0.0027770138933169808,0.4821687555046006,-0.39586860886548714,0.31727039734127954,8.830503888144262,-2.1167149078957856,2.791955939641249,10.609150317721108,0.4114835766450818,0.007309129257832431,0.012137573255088229,-0.035186686056372755,5.069119422221667,1.1848205557864693,-0.9781995560241201,2.263058745433212,34.427781676342285
115,0.11905152442590787,4.357291311459363,-0.02050788025028432,1.4787380803789334,-1.8547748861799784,-0.27198619003653246,0.0,-0.22528877600450053,-0.3369292376608116,-0.10138189813316302,0.2118708779587947,-2.662797465999015e-17,0.0,-7.142194219373707e-17,0.0,0.0,-0.0027770138933169808,0.4821687555046006,-0.39586860886548714,0.21853583128536455,8.830503888144262,-2.1167149078957856,2.791955939641249,10.609150317721108,0.4114835766450818,0.007309129257832431,0.012137573255088229,-0.035186686056372755,5.069119422221667,1.1848205557864693,-1.867668920057119,2.263058745433212,34.427781676342285
116,0.11905152442590787,4.357291311459363,1.9260027875733041,1.4787380803789334,-1.8547748861799784,-0.27198619003653246,0.0,-0.22528877600450053,-0.3369292376608116,-0.10138189813316302,0.2118708779587947,-2.662797465999015e-17,0.0,-7.142194219373707e-17,0.0,0.0,-0.0027770138933169808,0.4821687555046006,-0.39586860886548714,0.16967748931955093,8.830503888144262,-2.1167149078957856,2.791955939641249,10.609150317721108,0.4114835766450818,0.007309129257832431,0.012137573255088229,-0.035186686056372755,5.069119422221667,1.1848205557864693,-2.757138284090118,2.263058745433212,34.427781676342285
117,0.11905152442590787,4.357291311459363,3.826167963305855,1.4787380803789334,-1.8547748861799784,-0.27198619003653246,0.0,-0.22528877600450053,-0.3369292376608116,-0.10138189813316302,0.2118708779587947,-2.662797465999015e-17,0.0,-7.142194219373707e-17,0.0,0.0,-0.0027770138933169808,0.4821687555046006,-0.39586860886548714,0.11980126522944955,8.830503888144262,-2.1167149078957856,2.791955939641249,10.609150317721108,0.4114835766450818,0.007309129257832431,0.012137573255088229,-0.035186686056372755,5.069119422221667,1.1848205557864693,-3.201872966106617,2.263058745433212,34.427781676342285
118,0.11905152442590787,4.357291311459363,5.772678631129443,1.4787380803789334,-1.8547748861799784,-0.27198619003653246,0.0,-0.22528877600450053,-0.3369292376608116,-0.10138189813316302,0.2118708779587947,-2.662797465999015e-17,0.0,-7.142194219373707e-17,0.0,0.0,-0.0027770138933169808,0.4821687555046006,-0.39586860886548714,0.07094292326363594,8.830503888144262,-2.1167149078957856,2.791955939641249,10.609150317721108,0.4114835766450818,0.007309129257832431,0.012137573255088229,-0.035186686056372755,5.069119422221667,1.1848205557864693,-3.498362754117617,2.263058745433212,34.427781676342285
119,0.11905152442590787,4.357291311459363,7.6728438068619935,1.4787380803789334,-1.8547748861799784,-0.27198619003653246,0.0,-0.22528877600450053,-0.3369292376608116,-0.10138189813316302,0.2118708779587947,-2.662797465999015e-17,0.0,-7.142194219373707e-17,0.0,0.0,-0.0027770138933169808,0.4821687555046006,-0.39586860886548714,0.021066699173534546,8.830503888144262,-2.1167149078957856,2.791955939641249,10.609150317721108,0.4114835766450818,0.007309129257832431,0.012137573255088229,-0.035186686056372755,5.069119422221667,1.1848205557864693,-3.7948525421286163,2.263058745433212,34.427781676342285
120,0.11905152442590787,4.357291311459363,9.619354474685583,1.4787380803789334,-1.8547748861799784,-0.27198619003653246,0.0,-0.22528877600450053,-0.3369292376608116,-0.10138189813316302,0.2118708779587947,-2.662797465999015e-17,0.0,-7.142194219373707e-17,0.0,0.0,-0.0027770138933169808,0.4821687555046006,-0.39586860886548714,-0.030845289165142415,8.830503888144262,-2.1167149078957856,2.791955939641249,10.609150317721108,0.4114835766450818,0.007309129257832431,0.012137573255088229,-0.035186686056372755,5.069119422221667,1.1848205557864693,-4.091342330139616,2.263058745433212,34.427781676342285
121,0.11905152442590787,4.357291311459363,5.772678631129443,1.4787380803789334,-1.8547748861799784,-0.27198619003653246,0.0,-0.22528877600450053,-0.3369292376608116,-0.10138189813316302,0.2118708779587947,-2.662797465999015e-17,0.0,-7.142194219373707e-17,0.0,0.0,-0.0027770138933169808,0.4821687555046006,-0.39586860886548714,0.07094292326363594,8.830503888144262,-2.1167149078957856,2.791955939641249,10.609150317721108,0.4114835766450818,0.007309129257832431,0.012137573255088229,-0.035186686056372755,5.069119422221667,1.1848205557864693,-3.498362754117617,2.263058745433212,34.427781676342285
122,-2.1607870910856883,4.357291311459363,5.772678631129443,-0.11812973996261587,7.583759216711348,-0.27198619003653246,0.0,-0.22528877600450053,-0.3369292376608116,-0.10138189813316302,-0.4158162604828076,-2.662797465999015e-17,0.0,-7.142194219373707e-17,0.0,0.0,-0.0027770138933169808,0.4821687555046006,-0.39586860886548714,0.03328128466498795,8.830503888144262,-2.1167149078957856,2.791955939641249,10.609150317721108,0.4114835766450818,0.007309129257832431,0.012137573255088229,-0.035186686056372755,5.069119422221667,1.1848205557864693,-3.9430974361341167,2.263058745433212,34.427781676342285
123,-3.3007063988414855,4.357291311459363,5.772678631129443,-1.7149975603041652,7.583759216711348,-0.27198619003653246,0.0,-0.22528877600450053,-0.3369292376608116,-0.10138189813316302,-0.4158162604828076,-2.662797465999015e-17,0.0,-7.142194219373707e-17,0.0,0.0,-0.0027770138933169808,0.4821687555046006,-0.39586860886548714,0.0047805851849300075,8.830503888144262,-2.1167149078957856,2.791955939641249,10.609150317721108,0.4114835766450818,0.007309129257832431,0.012137573255088229,-0.035186686056372755,5.069119422221667,1.1848205557864693,-4.239587224145116,2.263058745433212,34.427781676342285
124,-4.440625706597284,4.357291311459363,5.772678631129443,-3.311865380645714,7.583759216711348,-0.27198619003653246,0.0,-0.22528877600450053,-0.3369292376608116,-0.10138189813316302,-0.4158162604828076,-2.662797465999015e-17,0.0,-7.142194219373707e-17,0.0,0.0,-0.0027770138933169808,0.4821687555046006,-0.39586860886548714,-0.024737996419415716,8.830503888144262,-2.1167149078957856,2.791955939641249,10.609150317721108,0.4114835766450818,0.007309129257832431,0.012137573255088229,-0.035186686056372755,5.069119422221667,1.1848205557864693,-4.536077012156116,2.263058745433212,34.427781676342285
125,-3.3007063988414855,4.357291311459363,5.772678631129443,-0.11812973996261587,7.583759216711348,-0.27198619003653246,0.0,-0.22528877600450053,-0.3369292376608116,-0.10138189813316302,-1.04350339892441,-2.662797465999015e-17,0.0,-7.142194219373707e-17,0.0,0.0,-0.0027770138933169808,0.4821687555046006,-0.39586860886548714,0.025138227670685676,8.830503888144262,-2.1167149078957856,2.791955939641249,10.609150317721108,0.4114835766450818,0.007309129257832431,0.012137573255088229,-0.035186686056372755,5.069119422221667,1.1848205557864693,-3.9430974361341167,2.263058745433212,34.427781676342285
126,-4.440625706597284,4.357291311459363,5.772678631129443,-1.7149975603041652,7.583759216711348,-0.27198619003653246,0.0,-0.22528877600450053,-0.3369292376608116,-0.10138189813316302,-1.04350339892441,-2.662797465999015e-17,0.0,-7.142194219373707e-17,0.0,0.0,-0.0027770138933169808,0.4821687555046006,-0.39586860886548714,-0.0033624718093722616,8.830503888144262,-2.1167149078957856,2.791955939641249,10.609150317721108,0.4114835766450818,0.007309129257832431,0.012137573255088229,-0.035186686056372755,5.069119422221667,1.1848205557864693,-4.239587224145116,2.263058745433212,34.427781676342285
127,-4.440625706597284,4.357291311459363,5.772678631129443,-0.11812973996261587,7.583759216711348,-0.27198619003653246,0.0,-0.22528877600450053,-0.3369292376608116,-0.10138189813316302,-1.6711905373660123,-2.662797465999015e-17,0.0,-7.142194219373707e-17,0.0,0.0,-0.0027770138933169808,0.4821687555046006,-0.39586860886548714,0.01699517067638341,8.830503888144262,-2.1167149078957856,2.791955939641249,10.609150317721108,0.4114835766450818,0.007309129257832431,0.012137573255088229,-0.035186686056372755,5.069119422221667,1.1848205557864693,-3.9430974361341167,2.263058745433212,34.427781676342285
128,-6.720464322108881,4.357291311459363,5.772678631129443,-3.311865380645714,7.583759216711348,-0.27198619003653246,0.0,-0.22528877600450053,-0.3369292376608116,-0.10138189813316302,-1.6711905373660123,-2.662797465999015e-17,0.0,-7.142194219373707e-17,0.0,0.0,-0.0027770138933169808,0.4821687555046006,-0.39586860886548714,-0.04102411040802025,8.830503888144262,-2.1167149078957856,2.791955939641249,10.609150317721108,0.4114835766450818,0.007309129257832431,0.012137573255088229,-0.035186686056372755,5.069119422221667,1.1848205557864693,-4.536077012156116,2.263058745433212,34.427781676342285
129,0.11905152442590787,4.357291311459363,5.772678631129443,1.4787380803789334,-1.8547748861799784,-0.27198619003653246,0.0,-0.22528877600450053,-0.3369292376608116,-0.10138189813316302,0.2118708779587947,-2.662797465999015e-17,0.0,-7.142194219373707e-17,0.0,0.0,-0.0027770138933169808,0.4821687555046006,-0.39586860886548714,0.07094292326363594,8.830503888144262,-2.1167149078957856,2.791955939641249,10.609150317721108,0.4114835766450818,0.007309129257832431,0.012137573255088229,-0.035186686056372755,5.069119422221667,1.1848205557864693,-3.498362754117617,2.263058745433212,34.427781676342285
130,-2.1607870910856883,4.357291311459363,1.7869663113001906,-0.11812973996261587,7.583759216711348,-0.27198619003653246,0.0,-0.22528877600450053,-0.3369292376608116,-0.10138189813316302,-0.4158162604828076,-2.662797465999015e-17,0.0,-7.142194219373707e-17,0.0,0.0,-0.0027770138933169808,0.4821687555046006,-0.39586860886548714,0.13608737921805408,8.830503888144262,-2.1167149078957856,2.791955939641249,10.609150317721108,0.4114835766450818,0.007309129257832431,0.012137573255088229,-0.035186686056372755,5.069119422221667,1.1848205557864693,-0.5334648740076207,2.263058745433212,34.427781676342285
131,-3.3007063988414855,4.357291311459363,-0.43761730906962465,-1.7149975603041652,7.583759216711348,-0.27198619003653246,0.0,-0.22528877600450053,-0.3369292376608116,-0.10138189813316302,-0.4158162604828076,-2.662797465999015e-17,0.0,-7.142194219373707e-17,0.0,0.0,-0.0027770138933169808,0.4821687555046006,-0.39586860886548714,0.16153443232524867,8.830503888144262,-2.1167149078957856,2.791955939641249,10.609150317721108,0.4114835766450818,0.007309129257832431,0.012137573255088229,-0.035186686056372755,5.069119422221667,1.1848205557864693,-0.3852199800021209,2.263058745433212,34.427781676342285
132,-4.440625706597284,4.357291311459363,-2.615855437348402,-3.311865380645714,7.583759216711348,-0.27198619003653246,0.0,-0.22528877600450053,-0.3369292376608116,-0.10138189813316302,-0.4158162604828076,-2.662797465999015e-17,0.0,-7.142194219373707e-17,0.0,0.0,-0.0027770138933169808,0.4821687555046006,-0.39586860886548714,0.19003513180530657,8.830503888144262,-2.1167149078957856,2.791955939641249,10.609150317721108,0.4114835766450818,0.007309129257832431,0.012137573255088229,-0.035186686056372755,5.069119422221667,1.1848205557864693,-0.2369750859966211,2.263058745433212,34.427781676342285
133,-4.440625706597284,4.357291311459363,-2.152400516438024,-1.7149975603041652,7.583759216711348,-0.27198619003653246,0.0,-0.22528877600450053,-0.3369292376608116,-0.10138189813316302,-1.04350339892441,-2.662797465999015e-17,0.0,-7.142194219373707e-17,0.0,0.0,-0.0027770138933169808,0.4821687555046006,-0.39586860886548714,0.19817818879960886,8.830503888144262,-2.1167149078957856,2.791955939641249,10.609150317721108,0.4114835766450818,0.007309129257832431,0.012137573255088229,-0.035186686056372755,5.069119422221667,1.1848205557864693,-0.9781995560241201,2.263058745433212,34.427781676342285
134,-2.1607870910856883,4.357291311459363,1.3235113903898124,-1.7149975603041652,7.583759216711348,-0.27198619003653246,0.0,-0.22528877600450053,-0.3369292376608116,-0.10138189813316302,0.2118708779587947,-2.662797465999015e-17,0.0,-7.142194219373707e-17,0.0,0.0,-0.0027770138933169808,0.4821687555046006,-0.39586860886548714,0.12489067585088846,8.830503888144262,-2.1167149078957856,2.791955939641249,10.609150317721108,0.4114835766450818,0.007309129257832431,0.012137573255088229,-0.035186686056372755,5.069119422221667,1.1848205557864693,-0.9781995560241201,2.263058745433212,34.427781676342285
135,-4.440625706597284,4.357291311459363,-1.1791451825262298,1.4787380803789334,-1.8547748861799784,-0.27198619003653246,0.0,-0.22528877600450053,-0.3369292376608116,-0.10138189813316302,-2.2988776758076144,-2.662797465999015e-17,0.0,-7.142194219373707e-17,0.0,0.0,-0.0027770138933169808,0.4821687555046006,-0.39586860886548714,0.21548218491250118,8.830503888144262,-2.1167149078957856,2.791955939641249,10.609150317721108,0.4114835766450818,0.007309129257832431,0.012137573255088229,-0.035186686056372755,5.069119422221667,1.1848205557864693,-0.5334648740076207,2.263058745433212,34.427781676342285
136,-1.7899699668759705,-4.150010346715866,0.25756507229594267,1.4787380803789334,-1.8547748861799784,-0.27198619003653246,0.0,-0.22528877600450053,-0.3369292376608116,-0.10138189813316302,0.2118708779587947,-2.662797465999015e-17,0.0,-7.142194219373707e-17,0.0,0.0,-0.0027770138933169808,0.4821687555046006,-0.39586860886548714,-0.15095537983110086,4.626396811584536,1.673913367834546,2.791955939641249,3.093619511500268,-0.22073438571566711,0.015808116766939936,0.012137573255088229,-0.035186686056372755,1.123636563288341,-0.9842138171432164,1.3937187480638769,-1.399138185230591,-5.665865387740056
137,-1.7899699668759705,-4.150010346715866,-7.7138595673625625,1.4787380803789334,-1.8547748861799784,-0.27198619003653246,0.0,-0.22528877600450053,-0.3369292376608116,3.486619434974666,0.2118708779587947,-2.662797465999015e-17,0.0,-7.142194219373707e-17,0.0,0.0,-0.0027770138933169808,0.4821687555046006,-0.39586860886548714,-0.15095537983110086,4.626396811584536,1.673913367834546,2.791955939641249,3.093619511500268,-0.22073438571566711,0.015808116766939936,0.012137573255088229,-0.035186686056372755,1.123636563288341,-0.9842138171432164,1.3937187480638769,-1.399138185230591,-5.665865387740056
138,-4.550497447103866,-4.150010346715866,0.9527474536615099,1.4787380803789334,-1.8547748861799784,3.8200828676846137,0.0,-0.22528877600450053,-0.3369292376608116,-0.10138189813316302,0.2118708779587947,-3.9998120718123333,-0.5058954553255007,-7.142194219373707e-17,0.0,0.0,-0.0027770138933169808,0.4821687555046006,-0.39586860886548714,0.012923642179232274,-7.9290109529235115,1.2527324483089537,-4.221544848493454,-7.709956022442187,0.9533846872400094,-0.12017568337878,0.012137573255088229,-0.035186686056372755,-0.6915029337966859,-0.2353424824789328,-1.5415301532450192,-1.399138185230591,-5.665865387740056
139,-3.8637990689377233,-4.150010346715866,0.9527474536615099,1.4787380803789334,-1.8547748861799784,3.8200828676846137,0.0,-0.22528877600450053,-0.3369292376608116,-0.10138189813316302,0.2118708779587947,-2.99985905385925,-0.5058954553255007,-7.142194219373707e-17,0.0,0.0,-0.0027770138933169808,0.4821687555046006,-0.39586860886548714,0.012923642179232274,-7.9290109529235115,1.2527324483089537,-4.221544848493454,-7.709956022442187,0.9533846872400094,-0.12017568337878,0.012137573255088229,-0.035186686056372755,-0.6915029337966859,-0.2353424824789328,-1.5415301532450192,-1.399138185230591,-5.665865387740056
140,-3.17710069077158,-4.150010346715866,0.9527474536615099,1.4787380803789334,-1.8547748861799784,3.8200828676846137,0.0,-0.22528877600450053,-0.3369292376608116,-0.10138189813316302,0.2118708779587947,-1.9999060359061667,-0.5058954553255007,-7.142194219373707e-17,0.0,0.0,-0.0027770138933169808,0.4821687555046006,-0.39586860886548714,0.012923642179232274,-7.9290109529235115,1.2527324483089537,-4.221544848493454,-7.709956022442187,0.9533846872400094,-0.12017568337878,0.012137573255088229,-0.035186686056372755,-0.6915029337966859,-0.2353424824789328,-1.5415301532450192,-1.399138185230591,-5.665865387740056
141,-2.490402312605437,-4.150010346715866,0.9527474536615099,1.4787380803789334,-1.8547748861799784,3.8200828676846137,0.0,-0.22528877600450053,-0.3369292376608116,-0.10138189813316302,0.2118708779587947,-0.9999530179530833,-0.5058954553255007,-7.142194219373707e-17,0.0,0.0,-0.0027770138933169808,0.4821687555046006,-0.39586860886548714,0.012923642179232274,-7.9290109529235115,1.2527324483089537,-4.221544848493454,-7.709956022442187,0.9533846872400094,-0.12017568337878,0.012137573255088229,-0.035186686056372755,-0.6915029337966859,-0.2353424824789328,-1.5415301532450192,-1.399138185230591,-5.665865387740056
142,-1.8037039344392933,-4.150010346715866,0.9527474536615099,1.4787380803789334,-1.8547748861799784,3.8200828676846137,0.0,-0.22528877600450053,-0.3369292376608116,-0.10138189813316302,0.2118708779587947,-2.662797465999015e-17,0.0,-7.142194219373707e-17,0.0,0.0,-0.0027770138933169808,0.4821687555046006,-0.39586860886548714,0.012923642179232274,-7.9290109529235115,1.2527324483089537,-4.221544848493454,-7.709956022442187,0.9533846872400094,-0.12017568337878,0.012137573255088229,-0.035186686056372755,-0.6915029337966859,-0.2353424824789328,-1.5415301532450192,-1.399138185230591,-5.665865387740056
143,-4.687837122737095,-4.150010346715866,-3.264692326622932,-5.90918051011691,5.878354474741245,-0.27198619003653246,0.0,-0.22528877600450053,-0.3369292376608116,-0.10138189813316302,0.2118708779587947,-2.662797465999015e-17,0.0,-7.142194219373707e-17,0.0,0.0,-0.0027770138933169808,0.4821687555046006,-0.39586860886548714,0.24907229501399805,-7.9290109529235115,-1.2181956129078548,2.791955939641249,4.502781537666676,-0.22073438571566711,0.04980406680336992,0.012137573255088229,-0.035186686056372755,4.786522853813221,-5.102581167051729,-0.3259220223999212,-1.399138185230591,-5.665865387740056
144,-4.687837122737095,-4.150010346715866,-3.264692326622932,-5.90918051011691,5.878354474741245,-0.27198619003653246,0.0,-0.22528877600450053,-0.3369292376608116,-0.10138189813316302,0.2118708779587947,-2.662797465999015e-17,0.0,-7.142194219373707e-17,0.0,0.0,-0.0027770138933169808,0.4821687555046006,-0.39586860886548714,0.24907229501399805,-7.9290109529235115,-1.2181956129078548,2.791955939641249,4.502781537666676,-0.22073438571566711,0.04980406680336992,0.012137573255088229,-0.035186686056372755,4.786522853813221,-5.102581167051729,-0.3259220223999212,-1.399138185230591,-5.665865387740056
145,2.453826010190795,-4.150010346715866,-7.7138595673625625,1.4787380803789334,-1.8547748861799784,-0.27198619003653246,0.0,-0.22528877600450053,11.080530527192156,-0.10138189813316302,0.2118708779587947,-2.662797465999015e-17,0.0,-7.142194219373707e-17,0.0,0.0,-0.0027770138933169808,0.4821687555046006,-0.39586860886548714,0.09435421212225496,4.626396811584536,1.786228279708037,-4.221544848493454,-7.709956022442187,0.9533846872400094,-0.12017568337878,0.012137573255088229,-0.035186686056372755,1.9170807745889835,1.1848205557864693,2.876167688118876,-1.399138185230591,-5.665865387740056
146,2.453826010190795,-4.150010346715866,1.5552388508450017,1.4787380803789334,-1.8547748861799784,-0.27198619003653246,0.0,-0.22528877600450053,-0.3369292376608116,-0.10138189813316302,0.2118708779587947,-2.662797465999015e-17,0.0,-7.142194219373707e-17,0.0,0.0,-0.0027770138933169808,0.4821687555046006,-0.39586860886548714,0.09435421212225496,4.626396811584536,1.786228279708037,-4.221544848493454,-7.709956022442187,0.9533846872400094,-0.12017568337878,0.012137573255088229,-0.035186686056372755,1.9170807745889835,1.1848205557864693,3.528445221743074,-1.399138185230591,-5.665865387740056
147,4.798626292276908,-4.150010346715866,5.850539057842387,1.4787380803789334,-1.8547748861799784,-0.27198619003653246,0.0,-0.22528877600450053,-0.3369292376608116,-0.10138189813316302,0.2118708779587947,-2.662797465999015e-17,0.0,-7.142194219373707e-17,0.0,0.0,-0.0027770138933169808,-2.1577554167128343,11.413121349443044,-0.23832020255872138,-7.9290109529235115,1.2527324483089537,-5.796379629332266,-6.191192505351726,-0.13041753394984584,-0.09977811335692202,0.012137573255088229,-0.035186686056372755,-1.4229932820231663,1.1848205557864693,2.5722656554076004,-1.399138185230591,-5.243826997591822
148,2.788797479060241,-4.150010346715866,5.850539057842387,1.4787380803789334,-1.8547748861799784,-0.27198619003653246,0.0,2.6065679749681445,-0.3369292376608116,-0.10138189813316302,0.2118708779587947,-2.662797465999015e-17,0.0,-7.142194219373707e-17,0.0,0.0,-0.0027770138933169808,-2.1577554167128343,11.413121349443044,-0.23832020255872138,-7.9290109529235115,1.2527324483089537,-5.796379629332266,-6.191192505351726,-0.13041753394984584,-0.09977811335692202,0.012137573255088229,-0.035186686056372755,-1.4229932820231663,1.1848205557864693,2.5722656554076004,-1.399138185230591,-5.243826997591822
149,0.7789686658435708,-4.150010346715866,5.850539057842387,1.4787380803789334,-1.8547748861799784,-0.27198619003653246,0.0,5.438424725940789,-0.3369292376608116,-0.10138189813316302,0.2118708779587947,-2.662797465999015e-17,0.0,-7.142194219373707e-17,0.0,0.0,-0.0027770138933169808,-2.1577554167128343,11.413121349443044,-0.23832020255872138,-7.9290109529235115,1.2527324483089537,-5.796379629332266,-6.191192505351726,-0.13041753394984584,-0.09977811335692202,0.012137573255088229,-0.035186686056372755,-1.4229932820231663,1.1848205557864693,2.5722656554076004,-1.399138185230591,-5.243826997591822
150,-1.2308601473730962,-4.150010346715866,5.850539057842387,1.4787380803789334,-1.8547748861799784,-0.27198619003653246,0.0,8.270281476913432,-0.3369292376608116,-0.10138189813316302,0.2118708779587947,-2.662797465999015e-17,0.0,-7.142194219373707e-17,0.0,0.0,-0.0027770138933169808,-2.1577554167128343,11.413121349443044,-0.23832020255872138,-7.9290109529235115,1.2527324483089537,-5.796379629332266,-6.191192505351726,-0.13041753394984584,-0.09977811335692202,0.012137573255088229,-0.035186686056372755,-1.4229932820231663,1.1848205557864693,2.5722656554076004,-1.399138185230591,-5.243826997591822
151,-1.666364258806065,-4.150010346715866,-0.7620357537068894,1.4787380803789334,-1.8547748861799784,1.243594942452781,0.0,-0.22528877600450053,-0.3369292376608116,-0.10138189813316302,-5.460000854947251,-2.662797465999015e-17,0.0,-7.142194219373707e-17,0.0,0.0,-0.0027770138933169808,0.4821687555046006,-0.39586860886548714,-0.4145868500216368,4.626396811584536,1.81430700767641,-5.796379629332266,-6.144220437812845,-0.6723186445447734,-0.09977811335692202,0.012137573255088229,-0.035186686056372755,-3.5174686178811614,1.1848205557864693,0.9489840660473774,-1.399138185230591,-5.243826997591822
152,2.4263580750641496,4.357291311459363,6.161980764694159,1.4787380803789334,-1.8547748861799784,-0.27198619003653246,0.0,-0.22528877600450053,-0.3369292376608116,-0.10138189813316302,0.2118708779587947,-2.662797465999015e-17,0.0,-7.142194219373707e-17,0.0,0.0,-0.0027770138933169808,0.4821687555046006,-0.39586860886548714,0.29548771988152084,8.830503888144262,0.43844933722614177,2.791955939641249,4.502781537666676,0.9533846872400094,0.04980406680336992,0.012137573255088229,-0.035186686056372755,-3.467470763470435,0.606241924718532,1.6961383318350962,-1.399138185230591,-5.243826997591822
153,2.4263580750641496,4.357291311459363,3.849340709351374,1.4787380803789334,-1.8547748861799784,-0.27198619003653246,0.0,-0.22528877600450053,-0.3369292376608116,-0.10138189813316302,0.2118708779587947,-2.662797465999015e-17,0.0,-7.142194219373707e-17,0.0,0.0,-0.0027770138933169808,0.4821687555046006,-0.39586860886548714,0.49865699188936263,8.830503888144262,0.43844933722614177,2.791955939641249,4.502781537666676,0.9533846872400094,0.04980406680336992,0.012137573255088229,-0.035186686056372755,-5.636942880944518,0.606241924718532,-2.742313794689568,-1.399138185230591,-5.243826997591822
154,2.4263580750641496,4.357291311459363,-0.7759394013342013,-0.24934225242923463,5.878354474741245,-0.27198619003653246,0.0,-0.22528877600450053,-0.3369292376608116,-0.10138189813316302,0.2118708779587947,-2.662797465999015e-17,0.0,-7.142194219373707e-17,0.0,0.0,-0.0027770138933169808,0.4821687555046006,-0.39586860886548714,0.8643616815034775,8.830503888144262,0.43844933722614177,2.791955939641249,4.502781537666676,0.9533846872400094,0.04980406680336992,0.012137573255088229,-0.035186686056372755,-5.636942880944518,0.606241924718532,-2.742313794689568,-1.399138185230591,-5.243826997591822
155,0.7892691415160631,14.03058451154524,2.4682450450384463,1.4787380803789334,-1.8547748861799784,-0.27198619003653246,0.0,4.026173081236787,-0.3369292376608116,-0.10138189813316302,0.2118708779587947,-2.662797465999015e-17,0.0,-7.142194219373707e-17,0.0,0.0,-0.0027770138933169808,0.4821687555046006,-0.39586860886548714,-0.002181728545198464,-10.766623476558992,0.9719451686252253,-4.221544848493454,-7.709956022442187,0.9533846872400094,-0.12017568337878,0.012137573255088229,-0.035186686056372755,3.3331281373431523,1.1671546083972855,3.222054346706589,-1.399138185230591,-5.665865387740056
156,0.7892691415160631,14.03058451154524,2.4682450450384463,1.4787380803789334,-1.8547748861799784,-0.27198619003653246,0.0,4.026173081236787,-0.3369292376608116,-0.10138189813316302,0.2118708779587947,-2.662797465999015e-17,0.0,-7.142194219373707e-17,0.0,0.0,-0.0027770138933169808,0.4821687555046006,-0.39586860886548714,-0.10057021467885559,-10.766623476558992,0.9719451686252253,2.791955939641249,10.86559613500588,-0.22073438571566711,0.04980406680336992,0.012137573255088229,-0.035186686056372755,3.3331281373431523,1.1671546083972855,3.222054346706589,-1.399138185230591,-5.665865387740056
157,0.16025342711587648,-2.440108686569747,1.9375891605960636,1.4787380803789334,-1.8547748861799784,-0.27198619003653246,0.0,3.8046016735653594,-0.3369292376608116,-0.10138189813316302,0.2118708779587947,-2.662797465999015e-17,0.0,-7.142194219373707e-17,0.0,0.0,-0.0027770138933169808,0.4821687555046006,-0.39586860886548714,0.24656830498825005,-10.766623476558992,0.9719451686252253,-4.221544848493454,-7.709956022442187,0.9533846872400094,-0.12017568337878,0.012137573255088229,-0.035186686056372755,1.562748154199931,1.1848205557864693,3.988004393160124,-1.399138185230591,-5.665865387740056
158,0.16025342711587648,-2.440108686569747,1.9375891605960636,1.4787380803789334,-1.8547748861799784,-0.27198619003653246,0.0,3.8046016735653594,-0.3369292376608116,-0.10138189813316302,0.2118708779587947,-2.662797465999015e-17,0.0,-7.142194219373707e-17,0.0,0.0,-0.0027770138933169808,0.4821687555046006,-0.39586860886548714,0.1702576821303949,-10.766623476558992,0.9719451686252253,2.791955939641249,7.555965927693892,-0.22073438571566711,0.04980406680336992,0.012137573255088229,-0.035186686056372755,1.562748154199931,1.1848205557864693,3.988004393160124,-1.399138185230591,-5.665865387740056
159,-0.45090812945199105,-2.440108686569747,1.4222272885437228,1.4787380803789334,-1.8547748861799784,-0.27198619003653246,0.0,-0.22528877600450053,-0.3369292376608116,-0.10138189813316302,0.2118708779587947,-2.662797465999015e-17,0.0,-7.142194219373707e-17,0.0,0.0,-0.0027770138933169808,-1.888561524052114,11.413121349443044,-0.04066785166451951,4.626396811584536,1.3931260881508178,2.791955939641249,4.502781537666676,-0.22073438571566711,0.04980406680336992,0.012137573255088229,-0.035186686056372755,0.05574760766795889,1.1848205557864693,2.3172844377181407,4.51040970765265,9.105478267448175
160,-0.45090812945199105,-2.440108686569747,1.4222272885437228,1.4787380803789334,-1.8547748861799784,-0.27198619003653246,0.0,-0.22528877600450053,-0.3369292376608116,-0.10138189813316302,0.2118708779587947,-2.662797465999015e-17,0.0,-7.142194219373707e-17,0.0,0.0,-0.0027770138933169808,-1.888561524052114,11.413121349443044,-0.04066785166451951,4.626396811584536,1.3931260881508178,2.791955939641249,4.502781537666676,-0.5368433668960416,0.04980406680336992,0.012137573255088229,-0.035186686056372755,0.05574760766795889,1.1848205557864693,2.3172844377181407,4.51040970765265,9.105478267448175
161,-0.45090812945199105,-2.440108686569747,1.4222272885437228,1.4787380803789334,-1.8547748861799784,-0.27198619003653246,0.0,-0.22528877600450053,-0.3369292376608116,-0.10138189813316302,0.2118708779587947,-2.662797465999015e-17,0.0,-7.142194219373707e-17,0.0,0.0,-0.0027770138933169808,-1.888561524052114,11.413121349443044,-0.04066785166451951,4.626396811584536,1.3931260881508178,2.791955939641249,4.502781537666676,-0.8077939221935054,0.04980406680336992,0.012137573255088229,-0.035186686056372755,0.05574760766795889,1.1848205557864693,2.3172844377181407,4.51040970765265,9.105478267448175
162,-0.2929675024737781,-4.150010346715866,-0.7620357537068894,1.4787380803789334,-1.8547748861799784,-0.27198619003653246,0.0,-0.22528877600450053,-0.3369292376608116,-0.10138189813316302,-5.460000854947251,-2.662797465999015e-17,0.0,-7.142194219373707e-17,0.0,0.0,-0.0027770138933169808,0.4821687555046006,-0.39586860886548714,-0.4145868500216368,4.626396811584536,1.842385735644783,-5.796379629332266,-6.144220437812845,-0.6723186445447734,-0.10317770836056502,0.012137573255088229,-0.035186686056372755,-3.5174686178811614,0.606241924718532,0.9489840660473774,-1.399138185230591,-5.243826997591822
163,-0.2929675024737781,-4.150010346715866,-0.7620357537068894,1.4787380803789334,-1.8547748861799784,-0.27198619003653246,0.0,-0.22528877600450053,-0.3369292376608116,-0.10138189813316302,-5.460000854947251,-2.662797465999015e-17,0.0,-7.142194219373707e-17,0.0,0.0,-0.0027770138933169808,0.4821687555046006,-0.39586860886548714,-0.4145868500216368,4.626396811584536,1.842385735644783,-5.796379629332266,-6.144220437812845,-0.6723186445447734,-0.10317770836056502,0.012137573255088229,-0.035186686056372755,-3.5174686178811614,0.606241924718532,0.9489840660473774,-1.399138185230591,-5.243826997591822
164,-0.464642097015314,-4.150010346715866,0.5170998280057542,1.4787380803789334,-1.8547748861799784,-0.27198619003653246,0.0,-0.22528877600450053,-0.3369292376608116,-0.10138189813316302,0.2118708779587947,-2.662797465999015e-17,0.0,-7.142194219373707e-17,0.0,0.0,-0.0027770138933169808,0.4821687555046006,-0.39586860886548714,-0.10922221273530175,4.626396811584536,1.2527324483089537,2.791955939641249,-1.9167343593136246,0.05021616958179668,0.007309129257832431,0.012137573255088229,-0.035186686056372755,0.8301708960949544,1.1848205557864693,0.2077595960198784,-1.399138185230591,-5.665865387740056
165,0.8332178377186968,-4.150010346715866,1.5459697524267946,1.4787380803789334,-1.8547748861799784,-0.27198619003653246,0.0,-0.22528877600450053,-0.3369292376608116,-0.10138189813316302,0.2118708779587947,-2.662797465999015e-17,0.0,-7.142194219373707e-17,0.0,0.0,-0.0027770138933169808,0.4821687555046006,-0.39586860886548714,-0.1855633720568855,4.626396811584536,1.2527324483089537,-4.221544848493454,-7.709956022442187,0.9533846872400094,-0.12017568337878,0.012137573255088229,-0.035186686056372755,-0.25673898239907444,1.1848205557864693,0.2077595960198784,-1.399138185230591,-5.665865387740056
166,0.8332178377186968,-4.150010346715866,-0.5117700964152849,1.4787380803789334,-1.8547748861799784,-0.27198619003653246,0.0,-0.22528877600450053,-0.3369292376608116,-0.10138189813316302,0.2118708779587947,-2.662797465999015e-17,0.0,-7.142194219373707e-17,0.0,0.0,-0.0027770138933169808,0.4821687555046006,-0.39586860886548714,-0.2110104251640801,4.626396811584536,1.2527324483089537,-4.221544848493454,-7.709956022442187,0.9533846872400094,-0.12017568337878,0.012137573255088229,-0.035186686056372755,-0.25673898239907444,1.1848205557864693,0.2077595960198784,-1.399138185230591,-5.665865387740056
167,-0.03202211877064369,-4.150010346715866,1.5459697524267946,1.4787380803789334,-1.8547748861799784,-0.27198619003653246,0.0,-0.22528877600450053,-0.3369292376608116,-0.10138189813316302,0.2118708779587947,-2.662797465999015e-17,0.0,-7.142194219373707e-17,0.0,0.0,-0.0027770138933169808,0.4821687555046006,-0.39586860886548714,-0.26190453137846925,4.626396811584536,1.2527324483089537,-4.221544848493454,-7.709956022442187,0.9533846872400094,-0.12017568337878,0.012137573255088229,-0.035186686056372755,-1.3436488608931034,1.1848205557864693,-1.27468934403512,-1.399138185230591,-5.665865387740056
168,-0.464642097015314,-4.150010346715866,0.5170998280057542,1.4787380803789334,-1.8547748861799784,-0.27198619003653246,0.0,-0.22528877600450053,-0.3369292376608116,-0.10138189813316302,0.2118708779587947,-2.662797465999015e-17,0.0,-7.142194219373707e-17,0.0,0.0,-0.0027770138933169808,0.4821687555046006,-0.39586860886548714,-0.10922221273530175,4.626396811584536,1.2527324483089537,2.791955939641249,-1.9167343593136246,0.05021616958179668,0.007309129257832431,0.012137573255088229,-0.035186686056372755,0.8301708960949544,1.1848205557864693,0.2077595960198784,-1.399138185230591,-5.665865387740056
169,-0.464642097015314,-4.150010346715866,0.5170998280057542,1.4787380803789334,-1.8547748861799784,-0.27198619003653246,0.0,-0.22528877600450053,-0.3369292376608116,-0.10138189813316302,0.2118708779587947,-2.662797465999015e-17,0.0,-7.142194219373707e-17,0.0,0.0,-0.0027770138933169808,0.4821687555046006,-0.39586860886548714,-0.032881053413717984,4.626396811584536,1.2527324483089537,-4.221544848493454,-7.709956022442187,0.9533846872400094,-0.12017568337878,0.012137573255088229,-0.035186686056372755,0.8301708960949544,1.1848205557864693,0.2077595960198784,-1.399138185230591,-5.665865387740056
170,-0.464642097015314,-4.150010346715866,-1.5406400208363253,1.4787380803789334,-1.8547748861799784,-0.27198619003653246,0.0,-0.22528877600450053,-0.3369292376608116,-0.10138189813316302,0.2118708779587947,-2.662797465999015e-17,0.0,-7.142194219373707e-17,0.0,0.0,-0.0027770138933169808,0.4821687555046006,-0.39586860886548714,-0.032881053413717984,4.626396811584536,1.2527324483089537,-4.221544848493454,-7.709956022442187,0.9533846872400094,-0.12017568337878,0.012137573255088229,-0.035186686056372755,0.8301708960949544,1.1848205557864693,0.2077595960198784,-1.399138185230591,-5.665865387740056
171,-1.3298820535046545,-4.150010346715866,0.5170998280057542,1.4787380803789334,-1.8547748861799784,-0.27198619003653246,0.0,-0.22528877600450053,-0.3369292376608116,-0.10138189813316302,0.2118708779587947,-2.662797465999015e-17,0.0,-7.142194219373707e-17,0.0,0.0,-0.0027770138933169808,0.4821687555046006,-0.39586860886548714,-0.032881053413717984,4.626396811584536,1.2527324483089537,2.791955939641249,-1.9167343593136246,0.05021616958179668,0.007309129257832431,0.012137573255088229,-0.035186686056372755,1.9170807745889835,1.1848205557864693,0.2077595960198784,-1.399138185230591,-5.665865387740056
172,-0.8972620752599844,-4.150010346715866,-2.569509945257364,1.4787380803789334,-1.8547748861799784,-0.27198619003653246,0.0,-0.22528877600450053,-0.3369292376608116,-0.10138189813316302,0.2118708779587947,-2.662797465999015e-17,0.0,-7.142194219373707e-17,0.0,0.0,-0.0027770138933169808,0.4821687555046006,-0.39586860886548714,-0.05832810652091257,4.626396811584536,1.2527324483089537,-4.221544848493454,-7.709956022442187,0.9533846872400094,-0.12017568337878,0.012137573255088229,-0.035186686056372755,-0.25673898239907444,1.1848205557864693,0.2077595960198784,-1.399138185230591,-5.665865387740056
173,-0.8972620752599844,-4.150010346715866,0.5170998280057542,1.4787380803789334,-1.8547748861799784,-0.27198619003653246,0.0,-0.22528877600450053,-0.3369292376608116,-0.10138189813316302,0.2118708779587947,-2.662797465999015e-17,0.0,-7.142194219373707e-17,0.0,0.0,-0.0027770138933169808,0.4821687555046006,-0.39586860886548714,-0.08377515962810717,4.626396811584536,1.2527324483089537,-4.221544848493454,-7.709956022442187,0.9533846872400094,-0.12017568337878,0.012137573255088229,-0.035186686056372755,1.9170807745889835,1.1848205557864693,0.2077595960198784,-1.399138185230591,-5.665865387740056
174,3.4289377071867184,-4.150010346715866,-1.5406400208363253,1.4787380803789334,-1.8547748861799784,-0.27198619003653246,0.0,-0.22528877600450053,-0.3369292376608116,-0.10138189813316302,0.2118708779587947,-2.662797465999015e-17,0.0,-7.142194219373707e-17,0.0,0.0,-0.0027770138933169808,0.4821687555046006,-0.39586860886548714,-0.05832810652091257,4.626396811584536,1.2527324483089537,-4.221544848493454,-7.709956022442187,0.9533846872400094,-0.12017568337878,0.012137573255088229,-0.035186686056372755,-0.25673898239907444,1.1848205557864693,0.2077595960198784,-1.399138185230591,-5.665865387740056
175,2.5636977506973784,-4.150010346715866,0.5170998280057542,1.4787380803789334,-1.8547748861799784,-0.27198619003653246,0.0,-0.22528877600450053,-0.3369292376608116,-0.10138189813316302,0.2118708779587947,-2.662797465999015e-17,0.0,-7.142194219373707e-17,0.0,0.0,-0.0027770138933169808,0.4821687555046006,-0.39586860886548714,-0.08377515962810717,4.626396811584536,1.2527324483089537,-4.221544848493454,-7.709956022442187,0.9533846872400094,-0.12017568337878,0.012137573255088229,-0.035186686056372755,-0.25673898239907444,1.1848205557864693,0.2077595960198784,-1.399138185230591,-5.665865387740056
176,1.6984577942080374,-4.150010346715866,-1.5406400208363253,1.4787380803789334,-1.8547748861799784,-0.27198619003653246,0.0,-0.22528877600450053,-0.3369292376608116,-0.10138189813316302,0.2118708779587947,-2.662797465999015e-17,0.0,-7.142194219373707e-17,0.0,0.0,-0.0027770138933169808,0.4821687555046006,-0.39586860886548714,-0.05832810652091257,4.626396811584536,1.2527324483089537,-4.221544848493454,-7.709956022442187,0.9533846872400094,-0.12017568337878,0.012137573255088229,-0.035186686056372755,-0.25673898239907444,1.1848205557864693,0.2077595960198784,-1.399138185230591,-5.665865387740056
177,-1.762502031749325,-4.150010346715866,-1.5406400208363253,1.4787380803789334,-1.8547748861799784,-0.27198619003653246,0.0,-0.22528877600450053,-0.3369292376608116,-0.10138189813316302,0.2118708779587947,-2.662797465999015e-17,0.0,-7.142194219373707e-17,0.0,0.0,-0.0027770138933169808,0.4821687555046006,-0.39586860886548714,0.06890715901506037,4.626396811584536,1.2527324483089537,-4.221544848493454,-7.709956022442187,0.9533846872400094,-0.12017568337878,0.012137573255088229,-0.035186686056372755,1.9170807745889835,1.1848205557864693,0.2077595960198784,-1.399138185230591,-5.665865387740056
178,-0.03202211877064369,-4.150010346715866,0.5170998280057542,1.4787380803789334,-1.8547748861799784,-0.27198619003653246,0.0,-0.22528877600450053,-0.3369292376608116,-0.10138189813316302,0.2118708779587947,-2.662797465999015e-17,0.0,-7.142194219373707e-17,0.0,0.0,-0.0027770138933169808,0.4821687555046006,-0.39586860886548714,-0.05832810652091257,4.626396811584536,1.2527324483089537,-4.221544848493454,-7.709956022442187,0.9533846872400094,-0.12017568337878,0.012137573255088229,-0.035186686056372755,-0.25673898239907444,1.1848205557864693,0.2077595960198784,-1.399138185230591,-5.665865387740056
179,-2.627741988238665,-4.150010346715866,-0.5117700964152849,1.4787380803789334,-1.8547748861799784,-0.27198619003653246,0.0,-0.22528877600450053,-0.3369292376608116,-0.10138189813316302,0.2118708779587947,-2.662797465999015e-17,0.0,-7.142194219373707e-17,0.0,0.0,-0.0027770138933169808,0.4821687555046006,-0.39586860886548714,0.19614242455103334,4.626396811584536,1.2527324483089537,-4.221544848493454,-7.709956022442187,0.9533846872400094,-0.12017568337878,0.012137573255088229,-0.035186686056372755,1.9170807745889835,1.1848205557864693,0.2077595960198784,-1.399138185230591,-5.665865387740056
180,0.40059785947402654,-4.150010346715866,-0.5117700964152849,1.4787380803789334,-1.8547748861799784,-0.27198619003653246,0.0,-0.22528877600450053,-0.3369292376608116,-0.10138189813316302,0.2118708779587947,-2.662797465999015e-17,0.0,-7.142194219373707e-17,0.0,0.0,-0.0027770138933169808,0.4821687555046006,-0.39586860886548714,-0.16011631894969092,4.626396811584536,1.2527324483089537,2.791955939641249,3.8764873038149394,0.05021616958179668,0.007309129257832431,0.012137573255088229,-0.035186686056372755,-0.25673898239907444,1.1848205557864693,-1.27468934403512,-1.399138185230591,-5.665865387740056
181,-1.762502031749325,-4.150010346715866,2.5748396768478337,1.4787380803789334,-1.8547748861799784,-0.27198619003653246,0.0,-0.22528877600450053,-0.3369292376608116,-0.10138189813316302,0.2118708779587947,-2.662797465999015e-17,0.0,-7.142194219373707e-17,0.0,0.0,-0.0027770138933169808,0.4821687555046006,-0.39586860886548714,-0.007434000306523397,4.626396811584536,1.2527324483089537,-4.221544848493454,-7.709956022442187,0.9533846872400094,-0.12017568337878,0.012137573255088229,-0.035186686056372755,1.9170807745889835,1.1848205557864693,0.2077595960198784,-1.399138185230591,-5.665865387740056
182,-1.762502031749325,-4.150010346715866,2.5748396768478337,1.4787380803789334,-1.8547748861799784,-0.27198619003653246,0.0,-0.22528877600450053,-0.3369292376608116,-0.10138189813316302,0.2118708779587947,-2.662797465999015e-17,0.0,-7.142194219373707e-17,0.0,0.0,-0.0027770138933169808,0.4821687555046006,-0.39586860886548714,-0.007434000306523397,4.626396811584536,1.2527324483089537,-4.221544848493454,-7.709956022442187,0.9533846872400094,-0.12017568337878,0.012137573255088229,-0.035186686056372755,1.9170807745889835,1.1848205557864693,0.2077595960198784,-1.399138185230591,-5.665865387740056
183,-1.762502031749325,-4.150010346715866,0.5170998280057542,1.4787380803789334,-1.8547748861799784,-0.27198619003653246,0.0,-0.22528877600450053,-0.3369292376608116,-0.10138189813316302,0.2118708779587947,-2.662797465999015e-17,0.0,-7.142194219373707e-17,0.0,0.0,-0.0027770138933169808,0.4821687555046006,-0.39586860886548714,0.018013052800671194,4.626396811584536,1.2527324483089537,-4.221544848493454,-7.709956022442187,0.9533846872400094,-0.12017568337878,0.012137573255088229,-0.035186686056372755,3.0039906530830125,1.1848205557864693,0.2077595960198784,-1.399138185230591,-5.665865387740056
184,0.40059785947402654,-4.150010346715866,0.5170998280057542,1.4787380803789334,-1.8547748861799784,-0.27198619003653246,0.0,-0.22528877600450053,-0.3369292376608116,-0.10138189813316302,0.2118708779587947,-2.662797465999015e-17,0.0,-7.142194219373707e-17,0.0,0.0,-0.0027770138933169808,0.4821687555046006,-0.39586860886548714,-0.10922221273530175,4.626396811584536,1.2527324483089537,-4.221544848493454,-7.709956022442187,0.9533846872400094,-0.12017568337878,0.012137573255088229,-0.035186686056372755,-0.25673898239907444,1.1848205557864693,0.2077595960198784,-1.399138185230591,-5.665865387740056
185,1.2658378159633672,-4.150010346715866,0.5170998280057542,1.4787380803789334,-1.8547748861799784,-0.27198619003653246,0.0,-0.22528877600450053,-0.3369292376608116,-0.10138189813316302,0.2118708779587947,-2.662797465999015e-17,0.0,-7.142194219373707e-17,0.0,0.0,-0.0027770138933169808,0.4821687555046006,-0.39586860886548714,-0.13466926584249633,4.626396811584536,1.2527324483089537,-4.221544848493454,-7.709956022442187,0.9533846872400094,-0.12017568337878,0.012137573255088229,-0.035186686056372755,-0.25673898239907444,1.1848205557864693,0.2077595960198784,-1.399138185230591,-5.665865387740056
186,-0.464642097015314,-4.150010346715866,0.5170998280057542,1.4787380803789334,-1.8547748861799784,-0.27198619003653246,0.0,-0.22528877600450053,-0.3369292376608116,-0.10138189813316302,0.2118708779587947,-2.662797465999015e-17,0.0,-7.142194219373707e-17,0.0,0.0,-0.0027770138933169808,0.4821687555046006,-0.39586860886548714,-0.13466926584249633,4.626396811584536,1.2527324483089537,2.791955939641249,-1.9167343593136246,0.05021616958179668,0.007309129257832431,0.012137573255088229,-0.035186686056372755,-0.25673898239907444,1.1848205557864693,0.2077595960198784,-1.399138185230591,-5.665865387740056
187,0.8332178377186968,-4.150010346715866,0.5170998280057542,1.4787380803789334,-1.8547748861799784,-0.27198619003653246,0.0,-0.22528877600450053,-0.3369292376608116,-0.10138189813316302,0.2118708779587947,-2.662797465999015e-17,0.0,-7.142194219373707e-17,0.0,0.0,-0.0027770138933169808,0.4821687555046006,-0.39586860886548714,-0.05832810652091257,4.626396811584536,1.2527324483089537,-4.221544848493454,-7.709956022442187,0.9533846872400094,-0.12017568337878,0.012137573255088229,-0.035186686056372755,-0.25673898239907444,1.1848205557864693,0.2077595960198784,-1.399138185230591,-5.665865387740056
188,-0.464642097015314,-4.150010346715866,0.5170998280057542,1.4787380803789334,-1.8547748861799784,-0.27198619003653246,0.0,-0.22528877600450053,-0.3369292376608116,-0.10138189813316302,0.2118708779587947,-2.662797465999015e-17,0.0,-7.142194219373707e-17,0.0,0.0,-0.0027770138933169808,0.4821687555046006,-0.39586860886548714,-0.16011631894969092,4.626396811584536,1.2527324483089537,2.791955939641249,3.8764873038149394,0.05021616958179668,0.007309129257832431,0.012137573255088229,-0.035186686056372755,-1.3436488608931034,1.1848205557864693,0.2077595960198784,-1.399138185230591,-5.665865387740056
189,-0.03202211877064369,-4.150010346715866,0.5170998280057542,1.4787380803789334,-1.8547748861799784,-0.27198619003653246,0.0,-0.22528877600450053,-0.3369292376608116,-0.10138189813316302,0.2118708779587947,-2.662797465999015e-17,0.0,-7.142194219373707e-17,0.0,0.0,-0.0027770138933169808,0.4821687555046006,-0.39586860886548714,-0.05832810652091257,4.626396811584536,1.2527324483089537,-4.221544848493454,-7.709956022442187,0.9533846872400094,-0.12017568337878,0.012137573255088229,-0.035186686056372755,-0.25673898239907444,1.1848205557864693,0.2077595960198784,-1.399138185230591,-5.665865387740056
190,-0.8972620752599844,-4.150010346715866,1.5459697524267946,1.4787380803789334,-1.8547748861799784,-0.27198619003653246,0.0,-0.22528877600450053,-0.3369292376608116,-0.10138189813316302,0.2118708779587947,-2.662797465999015e-17,0.0,-7.142194219373707e-17,0.0,0.0,-0.0027770138933169808,0.4821687555046006,-0.39586860886548714,-0.05832810652091257,4.626396811584536,1.2527324483089537,-4.221544848493454,-7.709956022442187,0.9533846872400094,-0.12017568337878,0.012137573255088229,-0.035186686056372755,-0.25673898239907444,1.1848205557864693,0.2077595960198784,-1.399138185230591,-5.665865387740056
191,-0.8972620752599844,-4.150010346715866,2.5748396768478337,1.4787380803789334,-1.8547748861799784,-0.27198619003653246,0.0,-0.22528877600450053,-0.3369292376608116,-0.10138189813316302,0.2118708779587947,-2.662797465999015e-17,0.0,-7.142194219373707e-17,0.0,0.0,-0.0027770138933169808,0.4821687555046006,-0.39586860886548714,-0.05832810652091257,4.626396811584536,1.2527324483089537,-4.221544848493454,-7.709956022442187,0.9533846872400094,-0.12017568337878,0.012137573255088229,-0.035186686056372755,-0.25673898239907444,1.1848205557864693,0.2077595960198784,-1.399138185230591,-5.665865387740056
192,-0.8972620752599844,-4.150010346715866,4.632579525689911,1.4787380803789334,-1.8547748861799784,-0.27198619003653246,0.0,-0.22528877600450053,-0.3369292376608116,-0.10138189813316302,0.2118708779587947,-2.662797465999015e-17,0.0,-7.142194219373707e-17,0.0,0.0,-0.0027770138933169808,0.4821687555046006,-0.39586860886548714,-0.05832810652091257,4.626396811584536,1.2527324483089537,-4.221544848493454,-7.709956022442187,0.9533846872400094,-0.12017568337878,0.012137573255088229,-0.035186686056372755,-0.25673898239907444,1.1848205557864693,0.2077595960198784,-1.399138185230591,-5.665865387740056
193,-2.195122009993995,-4.150010346715866,0.5170998280057542,1.4787380803789334,-1.8547748861799784,-0.27198619003653246,0.0,-0.22528877600450053,-0.3369292376608116,-0.10138189813316302,0.2118708779587947,-2.662797465999015e-17,0.0,-7.142194219373707e-17,0.0,0.0,-0.0027770138933169808,0.4821687555046006,-0.39586860886548714,0.06890715901506037,4.626396811584536,1.2527324483089537,-4.221544848493454,-7.709956022442187,0.9533846872400094,-0.12017568337878,0.012137573255088229,-0.035186686056372755,4.0909005315770415,1.1848205557864693,0.2077595960198784,-1.399138185230591,-5.665865387740056
194,-0.8972620752599844,-4.150010346715866,-0.5117700964152849,1.4787380803789334,-1.8547748861799784,-0.27198619003653246,0.0,-0.22528877600450053,-0.3369292376608116,-0.10138189813316302,0.2118708779587947,-2.662797465999015e-17,0.0,-7.142194219373707e-17,0.0,0.0,-0.0027770138933169808,0.4821687555046006,-0.39586860886548714,-0.05832810652091257,4.626396811584536,1.2527324483089537,-4.221544848493454,-7.709956022442187,0.9533846872400094,-0.12017568337878,0.012137573255088229,-0.035186686056372755,-0.25673898239907444,1.1848205557864693,0.2077595960198784,-1.399138185230591,-5.665865387740056
195,-0.464642097015314,-4.150010346715866,0.5170998280057542,1.4787380803789334,-1.8547748861799784,-0.27198619003653246,0.0,-0.22528877600450053,-0.3369292376608116,-0.10138189813316302,0.2118708779587947,-2.662797465999015e-17,0.0,-7.142194219373707e-17,0.0,0.0,-0.0027770138933169808,0.4821687555046006,-0.39586860886548714,-0.10922221273530175,4.626396811584536,1.2527324483089537,2.791955939641249,-1.9167343593136246,0.05021616958179668,0.007309129257832431,0.012137573255088229,-0.035186686056372755,0.8301708960949544,1.1848205557864693,0.2077595960198784,-1.399138185230591,-5.665865387740056
196,0.40059785947402654,-4.150010346715866,0.5170998280057542,1.4787380803789334,-1.8547748861799784,-0.27198619003653246,0.0,-0.22528877600450053,-0.3369292376608116,-0.10138189813316302,0.2118708779587947,-2.662797465999015e-17,0.0,-7.142194219373707e-17,0.0,0.0,-0.0027770138933169808,0.4821687555046006,-0.39586860886548714,-0.13466926584249633,4.626396811584536,1.2527324483089537,-4.221544848493454,-7.709956022442187,0.9533846872400094,-0.12017568337878,0.012137573255088229,-0.035186686056372755,1.9170807745889835,1.1848205557864693,0.2077595960198784,-1.399138185230591,-5.665865387740056
197,0.40059785947402654,-4.150010346715866,-0.5117700964152849,1.4787380803789334,-1.8547748861799784,-0.27198619003653246,0.0,-0.22528877600450053,-0.3369292376608116,-0.10138189813316302,0.2118708779587947,-2.662797465999015e-17,0.0,-7.142194219373707e-17,0.0,0.0,-0.0027770138933169808,0.4821687555046006,-0.39586860886548714,-0.13466926584249633,4.626396811584536,1.2527324483089537,-4.221544848493454,-7.709956022442187,0.9533846872400094,-0.12017568337878,0.012137573255088229,-0.035186686056372755,0.8301708960949544,1.1848205557864693,0.2077595960198784,-1.399138185230591,-5.665865387740056
198,-0.464642097015314,-4.150010346715866,0.5170998280057542,1.4787380803789334,-1.8547748861799784,-0.27198619003653246,0.0,-0.22528877600450053,-0.3369292376608116,-0.10138189813316302,0.2118708779587947,-2.662797465999015e-17,0.0,-7.142194219373707e-17,0.0,0.0,-0.0027770138933169808,0.4821687555046006,-0.39586860886548714,-0.08377515962810717,4.626396811584536,1.2527324483089537,-4.221544848493454,-7.709956022442187,0.9533846872400094,-0.12017568337878,0.012137573255088229,-0.035186686056372755,0.8301708960949544,1.1848205557864693,0.2077595960198784,-1.399138185230591,-5.665865387740056
199,-0.8972620752599844,-4.150010346715866,-1.5406400208363253,1.4787380803789334,-1.8547748861799784,-0.27198619003653246,0.0,-0.22528877600450053,-0.3369292376608116,-0.10138189813316302,0.2118708779587947,-2.662797465999015e-17,0.0,-7.142194219373707e-17,0.0,0.0,-0.0027770138933169808,0.4821687555046006,-0.39586860886548714,-0.05832810652091257,4.626396811584536,1.2527324483089537,2.791955939641249,3.8764873038149394,0.05021616958179668,0.007309129257832431,0.012137573255088229,-0.035186686056372755,0.8301708960949544,1.1848205557864693,0.2077595960198784,-1.399138185230591,-5.665865387740056
200,0.40059785947402654,-4.150010346715866,-0.5117700964152849,1.4787380803789334,-1.8547748861799784,-0.27198619003653246,0.0,-0.22528877600450053,-0.3369292376608116,-0.10138189813316302,0.2118708779587947,-2.662797465999015e-17,0.0,-7.142194219373707e-17,0.0,0.0,-0.0027770138933169808,0.4821687555046006,-0.39586860886548714,-0.13466926584249633,4.626396811584536,1.2527324483089537,-4.221544848493454,-7.709956022442187,0.9533846872400094,-0.12017568337878,0.012137573255088229,-0.035186686056372755,0.8301708960949544,1.1848205557864693,0.2077595960198784,-1.399138185230591,-5.665865387740056
201,-1.3298820535046545,-4.150010346715866,0.5170998280057542,1.4787380803789334,-1.8547748861799784,-0.27198619003653246,0.0,-0.22528877600450053,-0.3369292376608116,-0.10138189813316302,0.2118708779587947,-2.662797465999015e-17,0.0,-7.142194219373707e-17,0.0,0.0,-0.0027770138933169808,0.4821687555046006,-0.39586860886548714,-0.032881053413717984,4.626396811584536,1.2527324483089537,2.791955939641249,-1.9167343593136246,0.05021616958179668,0.007309129257832431,0.012137573255088229,-0.035186686056372755,1.9170807745889835,1.1848205557864693,0.2077595960198784,-1.399138185230591,-5.665865387740056
202,-2.195122009993995,-4.150010346715866,0.5170998280057542,1.4787380803789334,-1.8547748861799784,-0.27198619003653246,0.0,-0.22528877600450053,-0.3369292376608116,-0.10138189813316302,0.2118708779587947,-2.662797465999015e-17,0.0,-7.142194219373707e-17,0.0,0.0,-0.0027770138933169808,0.4821687555046006,-0.39586860886548714,0.06890715901506037,4.626396811584536,1.2527324483089537,-4.221544848493454,-7.709956022442187,0.9533846872400094,-0.12017568337878,0.012137573255088229,-0.035186686056372755,4.0909005315770415,1.1848205557864693,0.2077595960198784,-1.399138185230591,-5.665865387740056
203,-0.464642097015314,-4.150010346715866,0.5170998280057542,1.4787380803789334,-1.8547748861799784,-0.27198619003653246,0.0,-0.22528877600450053,-0.3369292376608116,-0.10138189813316302,0.2118708779587947,-2.662797465999015e-17,0.0,-7.142194219373707e-17,0.0,0.0,-0.0027770138933169808,0.4821687555046006,-0.39586860886548714,-0.13466926584249633,4.626396811584536,1.2527324483089537,2.791955939641249,-1.9167343593136246,0.05021616958179668,0.007309129257832431,0.012137573255088229,-0.035186686056372755,-0.25673898239907444,1.1848205557864693,0.2077595960198784,-1.399138185230591,-5.665865387740056
204,-1.762502031749325,-4.150010346715866,-1.5406400208363253,1.4787380803789334,-1.8547748861799784,-0.27198619003653246,0.0,-0.22528877600450053,-0.3369292376608116,-0.10138189813316302,0.2118708779587947,-2.662797465999015e-17,0.0,-7.142194219373707e-17,0.0,0.0,-0.0027770138933169808,0.4821687555046006,-0.39586860886548714,0.11980126522944955,4.626396811584536,1.2527324483089537,-4.221544848493454,-7.709956022442187,0.9533846872400094,-0.12017568337878,0.012137573255088229,-0.035186686056372755,4.0909005315770415,1.1848205557864693,0.2077595960198784,-1.399138185230591,-5.665865387740056
205,-1.3298820535046545,-4.150010346715866,1.5459697524267946,1.4787380803789334,-1.8547748861799784,-0.27198619003653246,0.0,-0.22528877600450053,-0.3369292376608116,-0.10138189813316302,0.2118708779587947,-2.662797465999015e-17,0.0,-7.142194219373707e-17,0.0,0.0,-0.0027770138933169808,0.4821687555046006,-0.39586860886548714,-0.032881053413717984,4.626396811584536,1.2527324483089537,-4.221544848493454,-7.709956022442187,0.9533846872400094,-0.12017568337878,0.012137573255088229,-0.035186686056372755,0.8301708960949544,1.1848205557864693,0.2077595960198784,-1.399138185230591,-5.665865387740056
206,-0.8972620752599844,-4.150010346715866,-1.5406400208363253,1.4787380803789334,-1.8547748861799784,-0.27198619003653246,0.0,-0.22528877600450053,-0.3369292376608116,-0.10138189813316302,0.2118708779587947,-2.662797465999015e-17,0.0,-7.142194219373707e-17,0.0,0.0,-0.0027770138933169808,0.4821687555046006,-0.39586860886548714,-0.032881053413717984,4.626396811584536,1.2527324483089537,2.791955939641249,3.8764873038149394,0.05021616958179668,0.007309129257832431,0.012137573255088229,-0.035186686056372755,1.9170807745889835,1.1848205557864693,0.2077595960198784,-1.399138185230591,-5.665865387740056
207,-1.3298820535046545,-4.150010346715866,0.5170998280057542,1.4787380803789334,-1.8547748861799784,-0.27198619003653246,0.0,-0.22528877600450053,-0.3369292376608116,-0.10138189813316302,0.2118708779587947,-2.662797465999015e-17,0.0,-7.142194219373707e-17,0.0,0.0,-0.0027770138933169808,0.4821687555046006,-0.39586860886548714,-0.007434000306523397,4.626396811584536,1.2527324483089537,-4.221544848493454,-7.709956022442187,0.9533846872400094,-0.12017568337878,0.012137573255088229,-0.035186686056372755,1.9170807745889835,1.1848205557864693,0.2077595960198784,-1.399138185230591,-5.665865387740056
208,-0.464642097015314,-4.150010346715866,0.5170998280057542,1.4787380803789334,-1.8547748861799784,-0.27198619003653246,0.0,-0.22528877600450053,-0.3369292376608116,-0.10138189813316302,0.2118708779587947,-2.662797465999015e-17,0.0,-7.142194219373707e-17,0.0,0.0,-0.0027770138933169808,0.4821687555046006,-0.39586860886548714,-0.16011631894969092,4.626396811584536,1.2527324483089537,2.791955939641249,3.8764873038149394,0.05021616958179668,0.007309129257832431,0.012137573255088229,-0.035186686056372755,-1.3436488608931034,1.1848205557864693,0.2077595960198784,-1.399138185230591,-5.665865387740056
209,-0.8972620752599844,-4.150010346715866,0.5170998280057542,1.4787380803789334,-1.8547748861799784,-0.27198619003653246,0.0,-0.22528877600450053,-0.3369292376608116,-0.10138189813316302,0.2118708779587947,-2.662797465999015e-17,0.0,-7.142194219373707e-17,0.0,0.0,-0.0027770138933169808,0.4821687555046006,-0.39586860886548714,-0.08377515962810717,4.626396811584536,1.2527324483089537,-4.221544848493454,-7.709956022442187,0.9533846872400094,-0.12017568337878,0.012137573255088229,-0.035186686056372755,1.9170807745889835,1.1848205557864693,0.2077595960198784,-1.399138185230591,-5.665865387740056
210,-0.8972620752599844,-4.150010346715866,-1.5406400208363253,1.4787380803789334,-1.8547748861799784,-0.27198619003653246,0.0,-0.22528877600450053,-0.3369292376608116,-0.10138189813316302,0.2118708779587947,-2.662797465999015e-17,0.0,-7.142194219373707e-17,0.0,0.0,-0.0027770138933169808,0.4821687555046006,-0.39586860886548714,-0.05832810652091257,4.626396811584536,1.2527324483089537,-4.221544848493454,-7.709956022442187,0.9533846872400094,-0.12017568337878,0.012137573255088229,-0.035186686056372755,-0.25673898239907444,1.1848205557864693,0.2077595960198784,-1.399138185230591,-5.665865387740056
211,0.40059785947402654,-4.150010346715866,-0.5117700964152849,1.4787380803789334,-1.8547748861799784,-0.27198619003653246,0.0,-0.22528877600450053,-0.3369292376608116,-0.10138189813316302,0.2118708779587947,-2.662797465999015e-17,0.0,-7.142194219373707e-17,0.0,0.0,-0.0027770138933169808,0.4821687555046006,-0.39586860886548714,-0.16011631894969092,4.626396811584536,1.2527324483089537,2.791955939641249,3.8764873038149394,0.05021616958179668,0.007309129257832431,0.012137573255088229,-0.035186686056372755,-0.25673898239907444,1.1848205557864693,-1.27468934403512,-1.399138185230591,-5.665865387740056
212,-0.464642097015314,-4.150010346715866,0.5170998280057542,1.4787380803789334,-1.8547748861799784,-0.27198619003653246,0.0,-0.22528877600450053,-0.3369292376608116,-0.10138189813316302,0.2118708779587947,-2.662797465999015e-17,0.0,-7.142194219373707e-17,0.0,0.0,-0.0027770138933169808,0.4821687555046006,-0.39586860886548714,-0.007434000306523397,4.626396811584536,1.2527324483089537,2.791955939641249,3.8764873038149394,0.05021616958179668,0.007309129257832431,0.012137573255088229,-0.035186686056372755,1.9170807745889835,1.1848205557864693,0.2077595960198784,-1.399138185230591,-5.665865387740056
213,-0.464642097015314,-4.150010346715866,0.5170998280057542,1.4787380803789334,-1.8547748861799784,-0.27198619003653246,0.0,-0.22528877600450053,-0.3369292376608116,-0.10138189813316302,0.2118708779587947,-2.662797465999015e-17,0.0,-7.142194219373707e-17,0.0,0.0,-0.0027770138933169808,0.4821687555046006,-0.39586860886548714,-0.16011631894969092,4.626396811584536,1.2527324483089537,2.791955939641249,3.8764873038149394,0.05021616958179668,0.007309129257832431,0.012137573255088229,-0.035186686056372755,-1.3436488608931034,1.1848205557864693,0.2077595960198784,-1.399138185230591,-5.665865387740056
214,-0.8972620752599844,-4.150010346715866,0.5170998280057542,1.4787380803789334,-1.8547748861799784,-0.27198619003653246,0.0,-0.22528877600450053,-0.3369292376608116,-0.10138189813316302,0.2118708779587947,-2.662797465999015e-17,0.0,-7.142194219373707e-17,0.0,0.0,-0.0027770138933169808,0.4821687555046006,-0.39586860886548714,-0.10922221273530175,4.626396811584536,1.2527324483089537,2.791955939641249,-1.9167343593136246,0.05021616958179668,0.007309129257832431,0.012137573255088229,-0.035186686056372755,0.8301708960949544,1.1848205557864693,0.2077595960198784,-1.399138185230591,-5.665865387740056
215,-0.8972620752599844,-4.150010346715866,3.6037096012688723,1.4787380803789334,-1.8547748861799784,-0.27198619003653246,0.0,-0.22528877600450053,-0.3369292376608116,-0.10138189813316302,0.2118708779587947,-2.662797465999015e-17,0.0,-7.142194219373707e-17,0.0,0.0,-0.0027770138933169808,0.4821687555046006,-0.39586860886548714,-0.05832810652091257,4.626396811584536,1.2527324483089537,-4.221544848493454,-7.709956022442187,0.9533846872400094,-0.12017568337878,0.012137573255088229,-0.035186686056372755,-0.25673898239907444,1.1848205557864693,0.2077595960198784,-1.399138185230591,-5.665865387740056
216,-0.8972620752599844,-4.150010346715866,-0.5117700964152849,1.4787380803789334,-1.8547748861799784,-0.27198619003653246,0.0,-0.22528877600450053,-0.3369292376608116,-0.10138189813316302,0.2118708779587947,-2.662797465999015e-17,0.0,-7.142194219373707e-17,0.0,0.0,-0.0027770138933169808,0.4821687555046006,-0.39586860886548714,-0.08377515962810717,4.626396811584536,1.2527324483089537,2.791955939641249,3.8764873038149394,0.05021616958179668,0.007309129257832431,0.012137573255088229,-0.035186686056372755,1.9170807745889835,1.1848205557864693,0.2077595960198784,-1.399138185230591,-5.665865387740056
217,-0.464642097015314,-4.150010346715866,0.5170998280057542,1.4787380803789334,-1.8547748861799784,-0.27198619003653246,0.0,-0.22528877600450053,-0.3369292376608116,-0.10138189813316302,0.2118708779587947,-2.662797465999015e-17,0.0,-7.142194219373707e-17,0.0,0.0,-0.0027770138933169808,0.4821687555046006,-0.39586860886548714,-0.10922221273530175,4.626396811584536,1.2527324483089537,2.791955939641249,-1.9167343593136246,0.05021616958179668,0.007309129257832431,0.012137573255088229,-0.035186686056372755,0.8301708960949544,1.1848205557864693,0.2077595960198784,0.4455570167871936,9.105478267448175
218,0.8332178377186968,-4.150010346715866,1.5459697524267946,1.4787380803789334,-1.8547748861799784,-0.27198619003653246,0.0,-0.22528877600450053,-0.3369292376608116,-0.10138189813316302,0.2118708779587947,-2.662797465999015e-17,0.0,-7.142194219373707e-17,0.0,0.0,-0.0027770138933169808,0.4821687555046006,-0.39586860886548714,-0.1855633720568855,4.626396811584536,1.2527324483089537,-4.221544848493454,-7.709956022442187,0.9533846872400094,-0.12017568337878,0.012137573255088229,-0.035186686056372755,-0.25673898239907444,1.1848205557864693,0.2077595960198784,0.4455570167871936,9.105478267448175
219,0.8332178377186968,-4.150010346715866,-0.5117700964152849,1.4787380803789334,-1.8547748861799784,-0.27198619003653246,0.0,-0.22528877600450053,-0.3369292376608116,-0.10138189813316302,0.2118708779587947,-2.662797465999015e-17,0.0,-7.142194219373707e-17,0.0,0.0,-0.0027770138933169808,0.4821687555046006,-0.39586860886548714,-0.2110104251640801,4.626396811584536,1.2527324483089537,-4.221544848493454,-7.709956022442187,0.9533846872400094,-0.12017568337878,0.012137573255088229,-0.035186686056372755,-0.25673898239907444,1.1848205557864693,0.2077595960198784,0.4455570167871936,9.105478267448175
220,-0.03202211877064369,-4.150010346715866,1.5459697524267946,1.4787380803789334,-1.8547748861799784,-0.27198619003653246,0.0,-0.22528877600450053,-0.3369292376608116,-0.10138189813316302,0.2118708779587947,-2.662797465999015e-17,0.0,-7.142194219373707e-17,0.0,0.0,-0.0027770138933169808,0.4821687555046006,-0.39586860886548714,-0.26190453137846925,4.626396811584536,1.2527324483089537,-4.221544848493454,-7.709956022442187,0.9533846872400094,-0.12017568337878,0.012137573255088229,-0.035186686056372755,-1.3436488608931034,1.1848205557864693,-1.27468934403512,0.4455570167871936,9.105478267448175
221,-0.464642097015314,-4.150010346715866,0.5170998280057542,1.4787380803789334,-1.8547748861799784,-0.27198619003653246,0.0,-0.22528877600450053,-0.3369292376608116,-0.10138189813316302,0.2118708779587947,-2.662797465999015e-17,0.0,-7.142194219373707e-17,0.0,0.0,-0.0027770138933169808,0.4821687555046006,-0.39586860886548714,-0.10922221273530175,4.626396811584536,1.2527324483089537,2.791955939641249,-1.9167343593136246,0.05021616958179668,0.007309129257832431,0.012137573255088229,-0.035186686056372755,0.8301708960949544,1.1848205557864693,0.2077595960198784,0.4455570167871936,9.105478267448175
222,-0.464642097015314,-4.150010346715866,0.5170998280057542,1.4787380803789334,-1.8547748861799784,-0.27198619003653246,0.0,-0.22528877600450053,-0.3369292376608116,-0.10138189813316302,0.2118708779587947,-2.662797465999015e-17,0.0,-7.142194219373707e-17,0.0,0.0,-0.0027770138933169808,0.4821687555046006,-0.39586860886548714,-0.032881053413717984,4.626396811584536,1.2527324483089537,-4.221544848493454,-7.709956022442187,0.9533846872400094,-0.12017568337878,0.012137573255088229,-0.035186686056372755,0.8301708960949544,1.1848205557864693,0.2077595960198784,0.4455570167871936,9.105478267448175
223,-0.464642097015314,-4.150010346715866,-1.5406400208363253,1.4787380803789334,-1.8547748861799784,-0.27198619003653246,0.0,-0.22528877600450053,-0.3369292376608116,-0.10138189813316302,0.2118708779587947,-2.662797465999015e-17,0.0,-7.142194219373707e-17,0.0,0.0,-0.0027770138933169808,0.4821687555046006,-0.39586860886548714,-0.032881053413717984,4.626396811584536,1.2527324483089537,-4.221544848493454,-7.709956022442187,0.9533846872400094,-0.12017568337878,0.012137573255088229,-0.035186686056372755,0.8301708960949544,1.1848205557864693,0.2077595960198784,0.4455570167871936,9.105478267448175
224,-1.3298820535046545,-4.150010346715866,0.5170998280057542,1.4787380803789334,-1.8547748861799784,-0.27198619003653246,0.0,-0.22528877600450053,-0.3369292376608116,-0.10138189813316302,0.2118708779587947,-2.662797465999015e-17,0.0,-7.142194219373707e-17,0.0,0.0,-0.0027770138933169808,0.4821687555046006,-0.39586860886548714,-0.032881053413717984,4.626396811584536,1.2527324483089537,2.791955939641249,-1.9167343593136246,0.05021616958179668,0.007309129257832431,0.012137573255088229,-0.035186686056372755,1.9170807745889835,1.1848205557864693,0.2077595960198784,0.4455570167871936,9.105478267448175
225,-0.8972620752599844,-4.150010346715866,-2.569509945257364,1.4787380803789334,-1.8547748861799784,-0.27198619003653246,0.0,-0.22528877600450053,-0.3369292376608116,-0.10138189813316302,0.2118708779587947,-2.662797465999015e-17,0.0,-7.142194219373707e-17,0.0,0.0,-0.0027770138933169808,0.4821687555046006,-0.39586860886548714,-0.05832810652091257,4.626396811584536,1.2527324483089537,-4.221544848493454,-7.709956022442187,0.9533846872400094,-0.12017568337878,0.012137573255088229,-0.035186686056372755,-0.25673898239907444,1.1848205557864693,0.2077595960198784,0.4455570167871936,9.105478267448175
226,-0.8972620752599844,-4.150010346715866,0.5170998280057542,1.4787380803789334,-1.8547748861799784,-0.27198619003653246,0.0,-0.22528877600450053,-0.3369292376608116,-0.10138189813316302,0.2118708779587947,-2.662797465999015e-17,0.0,-7.142194219373707e-17,0.0,0.0,-0.0027770138933169808,0.4821687555046006,-0.39586860886548714,-0.08377515962810717,4.626396811584536,1.2527324483089537,-4.221544848493454,-7.709956022442187,0.9533846872400094,-0.12017568337878,0.012137573255088229,-0.035186686056372755,1.9170807745889835,1.1848205557864693,0.2077595960198784,0.4455570167871936,9.105478267448175
227,3.4289377071867184,-4.150010346715866,-1.5406400208363253,1.4787380803789334,-1.8547748861799784,-0.27198619003653246,0.0,-0.22528877600450053,-0.3369292376608116,-0.10138189813316302,0.2118708779587947,-2.662797465999015e-17,0.0,-7.142194219373707e-17,0.0,0.0,-0.0027770138933169808,0.4821687555046006,-0.39586860886548714,-0.05832810652091257,4.626396811584536,1.2527324483089537,-4.221544848493454,-7.709956022442187,0.9533846872400094,-0.12017568337878,0.012137573255088229,-0.035186686056372755,-0.25673898239907444,1.1848205557864693,0.2077595960198784,0.4455570167871936,9.105478267448175
228,2.5636977506973784,-4.150010346715866,0.5170998280057542,1.4787380803789334,-1.8547748861799784,-0.27198619003653246,0.0,-0.22528877600450053,-0.3369292376608116,-0.10138189813316302,0.2118708779587947,-2.662797465999015e-17,0.0,-7.142194219373707e-17,0.0,0.0,-0.0027770138933169808,0.4821687555046006,-0.39586860886548714,-0.08377515962810717,4.626396811584536,1.2527324483089537,-4.221544848493454,-7.709956022442187,0.9533846872400094,-0.12017568337878,0.012137573255088229,-0.035186686056372755,-0.25673898239907444,1.1848205557864693,0.2077595960198784,0.4455570167871936,9.105478267448175
229,1.6984577942080374,-4.150010346715866,-1.5406400208363253,1.4787380803789334,-1.8547748861799784,-0.27198619003653246,0.0,-0.22528877600450053,-0.3369292376608116,-0.10138189813316302,0.2118708779587947,-2.662797465999015e-17,0.0,-7.142194219373707e-17,0.0,0.0,-0.0027770138933169808,0.4821687555046006,-0.39586860886548714,-0.05832810652091257,4.626396811584536,1.2527324483089537,-4.221544848493454,-7.709956022442187,0.9533846872400094,-0.12017568337878,0.012137573255088229,-0.035186686056372755,-0.25673898239907444,1.1848205557864693,0.2077595960198784,0.4455570167871936,9.105478267448175
230,-1.762502031749325,-4.150010346715866,-1.5406400208363253,1.4787380803789334,-1.8547748861799784,-0.27198619003653246,0.0,-0.22528877600450053,-0.3369292376608116,-0.10138189813316302,0.2118708779587947,-2.662797465999015e-17,0.0,-7.142194219373707e-17,0.0,0.0,-0.0027770138933169808,0.4821687555046006,-0.39586860886548714,0.06890715901506037,4.626396811584536,1.2527324483089537,-4.221544848493454,-7.709956022442187,0.9533846872400094,-0.12017568337878,0.012137573255088229,-0.035186686056372755,1.9170807745889835,1.1848205557864693,0.2077595960198784,0.4455570167871936,9.105478267448175
231,-0.03202211877064369,-4.150010346715866,0.5170998280057542,1.4787380803789334,-1.8547748861799784,-0.27198619003653246,0.0,-0.22528877600450053,-0.3369292376608116,-0.10138189813316302,0.2118708779587947,-2.662797465999015e-17,0.0,-7.142194219373707e-17,0.0,0.0,-0.0027770138933169808,0.4821687555046006,-0.39586860886548714,-0.05832810652091257,4.626396811584536,1.2527324483089537,-4.221544848493454,-7.709956022442187,0.9533846872400094,-0.12017568337878,0.012137573255088229,-0.035186686056372755,-0.25673898239907444,1.1848205557864693,0.2077595960198784,0.4455570167871936,9.105478267448175
232,-2.627741988238665,-4.150010346715866,-0.5117700964152849,1.4787380803789334,-1.8547748861799784,-0.27198619003653246,0.0,-0.22528877600450053,-0.3369292376608116,-0.10138189813316302,0.2118708779587947,-2.662797465999015e-17,0.0,-7.142194219373707e-17,0.0,0.0,-0.0027770138933169808,0.4821687555046006,-0.39586860886548714,0.19614242455103334,4.626396811584536,1.2527324483089537,-4.221544848493454,-7.709956022442187,0.9533846872400094,-0.12017568337878,0.012137573255088229,-0.035186686056372755,1.9170807745889835,1.1848205557864693,0.2077595960198784,0.4455570167871936,9.105478267448175
233,0.40059785947402654,-4.150010346715866,-0.5117700964152849,1.4787380803789334,-1.8547748861799784,-0.27198619003653246,0.0,-0.22528877600450053,-0.3369292376608116,-0.10138189813316302,0.2118708779587947,-2.662797465999015e-17,0.0,-7.142194219373707e-17,0.0,0.0,-0.0027770138933169808,0.4821687555046006,-0.39586860886548714,-0.16011631894969092,4.626396811584536,1.2527324483089537,2.791955939641249,3.8764873038149394,0.05021616958179668,0.007309129257832431,0.012137573255088229,-0.035186686056372755,-0.25673898239907444,1.1848205557864693,-1.27468934403512,0.4455570167871936,9.105478267448175
234,-1.762502031749325,-4.150010346715866,2.5748396768478337,1.4787380803789334,-1.8547748861799784,-0.27198619003653246,0.0,-0.22528877600450053,-0.3369292376608116,-0.10138189813316302,0.2118708779587947,-2.662797465999015e-17,0.0,-7.142194219373707e-17,0.0,0.0,-0.0027770138933169808,0.4821687555046006,-0.39586860886548714,-0.007434000306523397,4.626396811584536,1.2527324483089537,-4.221544848493454,-7.709956022442187,0.9533846872400094,-0.12017568337878,0.012137573255088229,-0.035186686056372755,1.9170807745889835,1.1848205557864693,0.2077595960198784,0.4455570167871936,9.105478267448175
235,-1.762502031749325,-4.150010346715866,2.5748396768478337,1.4787380803789334,-1.8547748861799784,-0.27198619003653246,0.0,-0.22528877600450053,-0.3369292376608116,-0.10138189813316302,0.2118708779587947,-2.662797465999015e-17,0.0,-7.142194219373707e-17,0.0,0.0,-0.0027770138933169808,0.4821687555046006,-0.39586860886548714,-0.007434000306523397,4.626396811584536,1.2527324483089537,-4.221544848493454,-7.709956022442187,0.9533846872400094,-0.12017568337878,0.012137573255088229,-0.035186686056372755,1.9170807745889835,1.1848205557864693,0.2077595960198784,0.4455570167871936,9.105478267448175
236,-1.762502031749325,-4.150010346715866,0.5170998280057542,1.4787380803789334,-1.8547748861799784,-0.27198619003653246,0.0,-0.22528877600450053,-0.3369292376608116,-0.10138189813316302,0.2118708779587947,-2.662797465999015e-17,0.0,-7.142194219373707e-17,0.0,0.0,-0.0027770138933169808,0.4821687555046006,-0.39586860886548714,0.018013052800671194,4.626396811584536,1.2527324483089537,-4.221544848493454,-7.709956022442187,0.9533846872400094,-0.12017568337878,0.012137573255088229,-0.035186686056372755,3.0039906530830125,1.1848205557864693,0.2077595960198784,0.4455570167871936,9.105478267448175
237,0.40059785947402654,-4.150010346715866,0.5170998280057542,1.4787380803789334,-1.8547748861799784,-0.27198619003653246,0.0,-0.22528877600450053,-0.3369292376608116,-0.10138189813316302,0.2118708779587947,-2.662797465999015e-17,0.0,-7.142194219373707e-17,0.0,0.0,-0.0027770138933169808,0.4821687555046006,-0.39586860886548714,-0.10922221273530175,4.626396811584536,1.2527324483089537,-4.221544848493454,-7.709956022442187,0.9533846872400094,-0.12017568337878,0.012137573255088229,-0.035186686056372755,-0.25673898239907444,1.1848205557864693,0.2077595960198784,0.4455570167871936,9.105478267448175
238,1.2658378159633672,-4.150010346715866,0.5170998280057542,1.4787380803789334,-1.8547748861799784,-0.27198619003653246,0.0,-0.22528877600450053,-0.3369292376608116,-0.10138189813316302,0.2118708779587947,-2.662797465999015e-17,0.0,-7.142194219373707e-17,0.0,0.0,-0.0027770138933169808,0.4821687555046006,-0.39586860886548714,-0.13466926584249633,4.626396811584536,1.2527324483089537,-4.221544848493454,-7.709956022442187,0.9533846872400094,-0.12017568337878,0.012137573255088229,-0.035186686056372755,-0.25673898239907444,1.1848205557864693,0.2077595960198784,0.4455570167871936,9.105478267448175
239,-0.464642097015314,-4.150010346715866,0.5170998280057542,1.4787380803789334,-1.8547748861799784,-0.27198619003653246,0.0,-0.22528877600450053,-0.3369292376608116,-0.10138189813316302,0.2118708779587947,-2.662797465999015e-17,0.0,-7.142194219373707e-17,0.0,0.0,-0.0027770138933169808,0.4821687555046006,-0.39586860886548714,-0.13466926584249633,4.626396811584536,1.2527324483089537,2.791955939641249,-1.9167343593136246,0.05021616958179668,0.007309129257832431,0.012137573255088229,-0.035186686056372755,-0.25673898239907444,1.1848205557864693,0.2077595960198784,0.4455570167871936,9.105478267448175
240,0.8332178377186968,-4.150010346715866,0.5170998280057542,1.4787380803789334,-1.8547748861799784,-0.27198619003653246,0.0,-0.22528877600450053,-0.3369292376608116,-0.10138189813316302,0.2118708779587947,-2.662797465999015e-17,0.0,-7.142194219373707e-17,0.0,0.0,-0.0027770138933169808,0.4821687555046006,-0.39586860886548714,-0.05832810652091257,4.626396811584536,1.2527324483089537,-4.221544848493454,-7.709956022442187,0.9533846872400094,-0.12017568337878,0.012137573255088229,-0.035186686056372755,-0.25673898239907444,1.1848205557864693,0.2077595960198784,0.4455570167871936,9.105478267448175
241,-0.464642097015314,-4.150010346715866,0.5170998280057542,1.4787380803789334,-1.8547748861799784,-0.27198619003653246,0.0,-0.22528877600450053,-0.3369292376608116,-0.10138189813316302,0.2118708779587947,-2.662797465999015e-17,0.0,-7.142194219373707e-17,0.0,0.0,-0.0027770138933169808,0.4821687555046006,-0.39586860886548714,-0.16011631894969092,4.626396811584536,1.2527324483089537,2.791955939641249,3.8764873038149394,0.05021616958179668,0.007309129257832431,0.012137573255088229,-0.035186686056372755,-1.3436488608931034,1.1848205557864693,0.2077595960198784,0.4455570167871936,9.105478267448175
242,-0.03202211877064369,-4.150010346715866,0.5170998280057542,1.4787380803789334,-1.8547748861799784,-0.27198619003653246,0.0,-0.22528877600450053,-0.3369292376608116,-0.10138189813316302,0.2118708779587947,-2.662797465999015e-17,0.0,-7.142194219373707e-17,0.0,0.0,-0.0027770138933169808,0.4821687555046006,-0.39586860886548714,-0.05832810652091257,4.626396811584536,1.2527324483089537,-4.221544848493454,-7.709956022442187,0.9533846872400094,-0.12017568337878,0.012137573255088229,-0.035186686056372755,-0.25673898239907444,1.1848205557864693,0.2077595960198784,0.4455570167871936,9.105478267448175
243,-0.8972620752599844,-4.150010346715866,1.5459697524267946,1.4787380803789334,-1.8547748861799784,-0.27198619003653246,0.0,-0.22528877600450053,-0.3369292376608116,-0.10138189813316302,0.2118708779587947,-2.662797465999015e-17,0.0,-7.142194219373707e-17,0.0,0.0,-0.0027770138933169808,0.4821687555046006,-0.39586860886548714,-0.05832810652091257,4.626396811584536,1.2527324483089537,-4.221544848493454,-7.709956022442187,0.9533846872400094,-0.12017568337878,0.012137573255088229,-0.035186686056372755,-0.25673898239907444,1.1848205557864693,0.2077595960198784,0.4455570167871936,9.105478267448175
244,-0.8972620752599844,-4.150010346715866,2.5748396768478337,1.4787380803789334,-1.8547748861799784,-0.27198619003653246,0.0,-0.22528877600450053,-0.3369292376608116,-0.10138189813316302,0.2118708779587947,-2.662797465999015e-17,0.0,-7.142194219373707e-17,0.0,0.0,-0.0027770138933169808,0.4821687555046006,-0.39586860886548714,-0.05832810652091257,4.626396811584536,1.2527324483089537,-4.221544848493454,-7.709956022442187,0.9533846872400094,-0.12017568337878,0.012137573255088229,-0.035186686056372755,-0.25673898239907444,1.1848205557864693,0.2077595960198784,0.4455570167871936,9.105478267448175
245,-0.8972620752599844,-4.150010346715866,4.632579525689911,1.4787380803789334,-1.8547748861799784,-0.27198619003653246,0.0,-0.22528877600450053,-0.3369292376608116,-0.10138189813316302,0.2118708779587947,-2.662797465999015e-17,0.0,-7.142194219373707e-17,0.0,0.0,-0.0027770138933169808,0.4821687555046006,-0.39586860886548714,-0.05832810652091257,4.626396811584536,1.2527324483089537,-4.221544848493454,-7.709956022442187,0.9533846872400094,-0.12017568337878,0.012137573255088229,-0.035186686056372755,-0.25673898239907444,1.1848205557864693,0.2077595960198784,0.4455570167871936,9.105478267448175
246,-2.195122009993995,-4.150010346715866,0.5170998280057542,1.4787380803789334,-1.8547748861799784,-0.27198619003653246,0.0,-0.22528877600450053,-0.3369292376608116,-0.10138189813316302,0.2118708779587947,-2.662797465999015e-17,0.0,-7.142194219373707e-17,0.0,0.0,-0.0027770138933169808,0.4821687555046006,-0.39586860886548714,0.06890715901506037,4.626396811584536,1.2527324483089537,-4.221544848493454,-7.709956022442187,0.9533846872400094,-0.12017568337878,0.012137573255088229,-0.035186686056372755,4.0909005315770415,1.1848205557864693,0.2077595960198784,0.4455570167871936,9.105478267448175
247,-0.8972620752599844,-4.150010346715866,-0.5117700964152849,1.4787380803789334,-1.8547748861799784,-0.27198619003653246,0.0,-0.22528877600450053,-0.3369292376608116,-0.10138189813316302,0.2118708779587947,-2.662797465999015e-17,0.0,-7.142194219373707e-17,0.0,0.0,-0.0027770138933169808,0.4821687555046006,-0.39586860886548714,-0.05832810652091257,4.626396811584536,1.2527324483089537,-4.221544848493454,-7.709956022442187,0.9533846872400094,-0.12017568337878,0.012137573255088229,-0.035186686056372755,-0.25673898239907444,1.1848205557864693,0.2077595960198784,0.4455570167871936,9.105478267448175
248,-0.464642097015314,-4.150010346715866,0.5170998280057542,1.4787380803789334,-1.8547748861799784,-0.27198619003653246,0.0,-0.22528877600450053,-0.3369292376608116,-0.10138189813316302,0.2118708779587947,-2.662797465999015e-17,0.0,-7.142194219373707e-17,0.0,0.0,-0.0027770138933169808,0.4821687555046006,-0.39586860886548714,-0.10922221273530175,4.626396811584536,1.2527324483089537,2.791955939641249,-1.9167343593136246,0.05021616958179668,0.007309129257832431,0.012137573255088229,-0.035186686056372755,0.8301708960949544,1.1848205557864693,0.2077595960198784,0.4455570167871936,9.105478267448175
249,0.40059785947402654,-4.150010346715866,0.5170998280057542,1.4787380803789334,-1.8547748861799784,-0.27198619003653246,0.0,-0.22528877600450053,-0.3369292376608116,-0.10138189813316302,0.2118708779587947,-2.662797465999015e-17,0.0,-7.142194219373707e-17,0.0,0.0,-0.0027770138933169808,0.4821687555046006,-0.39586860886548714,-0.13466926584249633,4.626396811584536,1.2527324483089537,-4.221544848493454,-7.709956022442187,0.9533846872400094,-0.12017568337878,0.012137573255088229,-0.035186686056372755,1.9170807745889835,1.1848205557864693,0.2077595960198784,0.4455570167871936,9.105478267448175
250,0.40059785947402654,-4.150010346715866,-0.5117700964152849,1.4787380803789334,-1.8547748861799784,-0.27198619003653246,0.0,-0.22528877600450053,-0.3369292376608116,-0.10138189813316302,0.2118708779587947,-2.662797465999015e-17,0.0,-7.142194219373707e-17,0.0,0.0,-0.0027770138933169808,0.4821687555046006,-0.39586860886548714,-0.13466926584249633,4.626396811584536,1.2527324483089537,-4.221544848493454,-7.709956022442187,0.9533846872400094,-0.12017568337878,0.012137573255088229,-0.035186686056372755,0.8301708960949544,1.1848205557864693,0.2077595960198784,0.4455570167871936,9.105478267448175
251,-0.464642097015314,-4.150010346715866,0.5170998280057542,1.4787380803789334,-1.8547748861799784,-0.27198619003653246,0.0,-0.22528877600450053,-0.3369292376608116,-0.10138189813316302,0.2118708779587947,-2.662797465999015e-17,0.0,-7.142194219373707e-17,0.0,0.0,-0.0027770138933169808,0.4821687555046006,-0.39586860886548714,-0.08377515962810717,4.626396811584536,1.2527324483089537,-4.221544848493454,-7.709956022442187,0.9533846872400094,-0.12017568337878,0.012137573255088229,-0.035186686056372755,0.8301708960949544,1.1848205557864693,0.2077595960198784,0.4455570167871936,9.105478267448175
252,-0.8972620752599844,-4.150010346715866,-1.5406400208363253,1.4787380803789334,-1.8547748861799784,-0.27198619003653246,0.0,-0.22528877600450053,-0.3369292376608116,-0.10138189813316302,0.2118708779587947,-2.662797465999015e-17,0.0,-7.142194219373707e-17,0.0,0.0,-0.0027770138933169808,0.4821687555046006,-0.39586860886548714,-0.05832810652091257,4.626396811584536,1.2527324483089537,2.791955939641249,3.8764873038149394,0.05021616958179668,0.007309129257832431,0.012137573255088229,-0.035186686056372755,0.8301708960949544,1.1848205557864693,0.2077595960198784,0.4455570167871936,9.105478267448175
253,0.40059785947402654,-4.150010346715866,-0.5117700964152849,1.4787380803789334,-1.8547748861799784,-0.27198619003653246,0.0,-0.22528877600450053,-0.3369292376608116,-0.10138189813316302,0.2118708779587947,-2.662797465999015e-17,0.0,-7.142194219373707e-17,0.0,0.0,-0.0027770138933169808,0.4821687555046006,-0.39586860886548714,-0.13466926584249633,4.626396811584536,1.2527324483089537,-4.221544848493454,-7.709956022442187,0.9533846872400094,-0.12017568337878,0.012137573255088229,-0.035186686056372755,0.8301708960949544,1.1848205557864693,0.2077595960198784,0.4455570167871936,9.105478267448175
254,-1.3298820535046545,-4.150010346715866,0.5170998280057542,1.4787380803789334,-1.8547748861799784,-0.27198619003653246,0.0,-0.22528877600450053,-0.3369292376608116,-0.10138189813316302,0.2118708779587947,-2.662797465999015e-17,0.0,-7.142194219373707e-17,0.0,0.0,-0.0027770138933169808,0.4821687555046006,-0.39586860886548714,-0.032881053413717984,4.626396811584536,1.2527324483089537,2.791955939641249,-1.9167343593136246,0.05021616958179668,0.007309129257832431,0.012137573255088229,-0.035186686056372755,1.9170807745889835,1.1848205557864693,0.2077595960198784,0.4455570167871936,9.105478267448175
255,-2.195122009993995,-4.150010346715866,0.5170998280057542,1.4787380803789334,-1.8547748861799784,-0.27198619003653246,0.0,-0.22528877600450053,-0.3369292376608116,-0.10138189813316302,0.2118708779587947,-2.662797465999015e-17,0.0,-7.142194219373707e-17,0.0,0.0,-0.0027770138933169808,0.4821687555046006,-0.39586860886548714,0.06890715901506037,4.626396811584536,1.2527324483089537,-4.221544848493454,-7.709956022442187,0.9533846872400094,-0.12017568337878,0.012137573255088229,-0.035186686056372755,4.0909005315770415,1.1848205557864693,0.2077595960198784,0.4455570167871936,9.105478267448175
256,-0.464642097015314,-4.150010346715866,0.5170998280057542,1.4787380803789334,-1.8547748861799784,-0.27198619003653246,0.0,-0.22528877600450053,-0.3369292376608116,-0.10138189813316302,0.2118708779587947,-2.662797465999015e-17,0.0,-7.142194219373707e-17,0.0,0.0,-0.0027770138933169808,0.4821687555046006,-0.39586860886548714,-0.13466926584249633,4.626396811584536,1.2527324483089537,2.791955939641249,-1.9167343593136246,0.05021616958179668,0.007309129257832431,0.012137573255088229,-0.035186686056372755,-0.25673898239907444,1.1848205557864693,0.2077595960198784,0.4455570167871936,9.105478267448175
257,-1.762502031749325,-4.150010346715866,-1.5406400208363253,1.4787380803789334,-1.8547748861799784,-0.27198619003653246,0.0,-0.22528877600450053,-0.3369292376608116,-0.10138189813316302,0.2118708779587947,-2.662797465999015e-17,0.0,-7.142194219373707e-17,0.0,0.0,-0.0027770138933169808,0.4821687555046006,-0.39586860886548714,0.11980126522944955,4.626396811584536,1.2527324483089537,-4.221544848493454,-7.709956022442187,0.9533846872400094,-0.12017568337878,0.012137573255088229,-0.035186686056372755,4.0909005315770415,1.1848205557864693,0.2077595960198784,0.4455570167871936,9.105478267448175
258,-1.3298820535046545,-4.150010346715866,1.5459697524267946,1.4787380803789334,-1.8547748861799784,-0.27198619003653246,0.0,-0.22528877600450053,-0.3369292376608116,-0.10138189813316302,0.2118708779587947,-2.662797465999015e-17,0.0,-7.142194219373707e-17,0.0,0.0,-0.0027770138933169808,0.4821687555046006,-0.39586860886548714,-0.032881053413717984,4.626396811584536,1.2527324483089537,-4.221544848493454,-7.709956022442187,0.9533846872400094,-0.12017568337878,0.012137573255088229,-0.035186686056372755,0.8301708960949544,1.1848205557864693,0.2077595960198784,0.4455570167871936,9.105478267448175
259,-0.8972620752599844,-4.150010346715866,-1.5406400208363253,1.4787380803789334,-1.8547748861799784,-0.27198619003653246,0.0,-0.22528877600450053,-0.3369292376608116,-0.10138189813316302,0.2118708779587947,-2.662797465999015e-17,0.0,-7.142194219373707e-17,0.0,0.0,-0.0027770138933169808,0.4821687555046006,-0.39586860886548714,-0.032881053413717984,4.626396811584536,1.2527324483089537,2.791955939641249,3.8764873038149394,0.05021616958179668,0.007309129257832431,0.012137573255088229,-0.035186686056372755,1.9170807745889835,1.1848205557864693,0.2077595960198784,0.4455570167871936,9.105478267448175
260,-1.3298820535046545,-4.150010346715866,0.5170998280057542,1.4787380803789334,-1.8547748861799784,-0.27198619003653246,0.0,-0.22528877600450053,-0.3369292376608116,-0.10138189813316302,0.2118708779587947,-2.662797465999015e-17,0.0,-7.142194219373707e-17,0.0,0.0,-0.0027770138933169808,0.4821687555046006,-0.39586860886548714,-0.007434000306523397,4.626396811584536,1.2527324483089537,-4.221544848493454,-7.709956022442187,0.9533846872400094,-0.12017568337878,0.012137573255088229,-0.035186686056372755,1.9170807745889835,1.1848205557864693,0.2077595960198784,0.4455570167871936,9.105478267448175
261,-0.464642097015314,-4.150010346715866,0.5170998280057542,1.4787380803789334,-1.8547748861799784,-0.27198619003653246,0.0,-0.22528877600450053,-0.3369292376608116,-0.10138189813316302,0.2118708779587947,-2.662797465999015e-17,0.0,-7.142194219373707e-17,0.0,0.0,-0.0027770138933169808,0.4821687555046006,-0.39586860886548714,-0.16011631894969092,4.626396811584536,1.2527324483089537,2.791955939641249,3.8764873038149394,0.05021616958179668,0.007309129257832431,0.012137573255088229,-0.035186686056372755,-1.3436488608931034,1.1848205557864693,0.2077595960198784,0.4455570167871936,9.105478267448175
262,-0.8972620752599844,-4.150010346715866,0.5170998280057542,1.4787380803789334,-1.8547748861799784,-0.27198619003653246,0.0,-0.22528877600450053,-0.3369292376608116,-0.10138189813316302,0.2118708779587947,-2.662797465999015e-17,0.0,-7.142194219373707e-17,0.0,0.0,-0.0027770138933169808,0.4821687555046006,-0.39586860886548714,-0.08377515962810717,4.626396811584536,1.2527324483089537,-4.221544848493454,-7.709956022442187,0.9533846872400094,-0.12017568337878,0.012137573255088229,-0.035186686056372755,1.9170807745889835,1.1848205557864693,0.2077595960198784,0.4455570167871936,9.105478267448175
263,-0.8972620752599844,-4.150010346715866,-1.5406400208363253,1.4787380803789334,-1.8547748861799784,-0.27198619003653246,0.0,-0.22528877600450053,-0.3369292376608116,-0.10138189813316302,0.2118708779587947,-2.662797465999015e-17,0.0,-7.142194219373707e-17,0.0,0.0,-0.0027770138933169808,0.4821687555046006,-0.39586860886548714,-0.05832810652091257,4.626396811584536,1.2527324483089537,-4.221544848493454,-7.709956022442187,0.9533846872400094,-0.12017568337878,0.012137573255088229,-0.035186686056372755,-0.25673898239907444,1.1848205557864693,0.2077595960198784,0.4455570167871936,9.105478267448175
264,0.40059785947402654,-4.150010346715866,-0.5117700964152849,1.4787380803789334,-1.8547748861799784,-0.27198619003653246,0.0,-0.22528877600450053,-0.3369292376608116,-0.10138189813316302,0.2118708779587947,-2.662797465999015e-17,0.0,-7.142194219373707e-17,0.0,0.0,-0.0027770138933169808,0.4821687555046006,-0.39586860886548714,-0.16011631894969092,4.626396811584536,1.2527324483089537,2.791955939641249,3.8764873038149394,0.05021616958179668,0.007309129257832431,0.012137573255088229,-0.035186686056372755,-0.25673898239907444,1.1848205557864693,-1.27468934403512,0.4455570167871936,9.105478267448175
265,-0.464642097015314,-4.150010346715866,0.5170998280057542,1.4787380803789334,-1.8547748861799784,-0.27198619003653246,0.0,-0.22528877600450053,-0.3369292376608116,-0.10138189813316302,0.2118708779587947,-2.662797465999015e-17,0.0,-7.142194219373707e-17,0.0,0.0,-0.0027770138933169808,0.4821687555046006,-0.39586860886548714,-0.007434000306523397,4.626396811584536,1.2527324483089537,2.791955939641249,3.8764873038149394,0.05021616958179668,0.007309129257832431,0.012137573255088229,-0.035186686056372755,1.9170807745889835,1.1848205557864693,0.2077595960198784,0.4455570167871936,9.105478267448175
266,-0.464642097015314,-4.150010346715866,0.5170998280057542,1.4787380803789334,-1.8547748861799784,-0.27198619003653246,0.0,-0.22528877600450053,-0.3369292376608116,-0.10138189813316302,0.2118708779587947,-2.662797465999015e-17,0.0,-7.142194219373707e-17,0.0,0.0,-0.0027770138933169808,0.4821687555046006,-0.39586860886548714,-0.16011631894969092,4.626396811584536,1.2527324483089537,2.791955939641249,3.8764873038149394,0.05021616958179668,0.007309129257832431,0.012137573255088229,-0.035186686056372755,-1.3436488608931034,1.1848205557864693,0.2077595960198784,0.4455570167871936,9.105478267448175
267,-0.8972620752599844,-4.150010346715866,0.5170998280057542,1.4787380803789334,-1.8547748861799784,-0.27198619003653246,0.0,-0.22528877600450053,-0.3369292376608116,-0.10138189813316302,0.2118708779587947,-2.662797465999015e-17,0.0,-7.142194219373707e-17,0.0,0.0,-0.0027770138933169808,0.4821687555046006,-0.39586860886548714,-0.10922221273530175,4.626396811584536,1.2527324483089537,2.791955939641249,-1.9167343593136246,0.05021616958179668,0.007309129257832431,0.012137573255088229,-0.035186686056372755,0.8301708960949544,1.1848205557864693,0.2077595960198784,0.4455570167871936,9.105478267448175
268,-0.8972620752599844,-4.150010346715866,3.6037096012688723,1.4787380803789334,-1.8547748861799784,-0.27198619003653246,0.0,-0.22528877600450053,-0.3369292376608116,-0.10138189813316302,0.2118708779587947,-2.662797465999015e-17,0.0,-7.142194219373707e-17,0.0,0.0,-0.0027770138933169808,0.4821687555046006,-0.39586860886548714,-0.05832810652091257,4.626396811584536,1.2527324483089537,-4.221544848493454,-7.709956022442187,0.9533846872400094,-0.12017568337878,0.012137573255088229,-0.035186686056372755,-0.25673898239907444,1.1848205557864693,0.2077595960198784,0.4455570167871936,9.105478267448175
269,-0.8972620752599844,-4.150010346715866,-0.5117700964152849,1.4787380803789334,-1.8547748861799784,-0.27198619003653246,0.0,-0.22528877600450053,-0.3369292376608116,-0.10138189813316302,0.2118708779587947,-2.662797465999015e-17,0.0,-7.142194219373707e-17,0.0,0.0,-0.0027770138933169808,0.4821687555046006,-0.39586860886548714,-0.08377515962810717,4.626396811584536,1.2527324483089537,2.791955939641249,3.8764873038149394,0.05021616958179668,0.007309129257832431,0.012137573255088229,-0.035186686056372755,1.9170807745889835,1.1848205557864693,0.2077595960198784,0.4455570167871936,9.105478267448175
270,-0.5401789186135897,-4.150010346715866,1.6015843429360395,1.4787380803789334,-1.8547748861799784,-0.27198619003653246,0.0,-0.22528877600450053,-0.3369292376608116,-0.10138189813316302,0.2118708779587947,-2.662797465999015e-17,0.0,-7.142194219373707e-17,0.0,0.0,-0.0027770138933169808,0.4821687555046006,-0.39586860886548714,-0.004380353933660045,4.626396811584536,1.2527324483089537,2.791955939641249,4.033060862277874,0.05021616958179668,0.007309129257832431,0.012137573255088229,-0.035186686056372755,1.482316823191372,1.1848205557864693,-0.08873019199112128,-1.399138185230591,-5.665865387740056
271,-0.6225827239935269,-4.150010346715866,-0.34492632488754893,1.4787380803789334,-1.8547748861799784,-0.27198619003653246,0.0,-0.22528877600450053,-0.3369292376608116,-0.10138189813316302,0.2118708779587947,-2.662797465999015e-17,0.0,-7.142194219373707e-17,0.0,0.0,-0.0027770138933169808,0.4821687555046006,-0.39586860886548714,0.02920975616783681,4.626396811584536,1.2527324483089537,2.791955939641249,4.033060862277874,0.05021616958179668,0.007309129257832431,0.012137573255088229,-0.035186686056372755,1.264934847492566,1.1848205557864693,0.05951470201437856,-1.399138185230591,-5.665865387740056
272,-0.2929675024737781,-4.150010346715866,-0.06685337234132203,1.4787380803789334,-1.8547748861799784,-0.27198619003653246,0.0,-0.22528877600450053,-0.3369292376608116,-0.10138189813316302,0.2118708779587947,-2.662797465999015e-17,0.0,-7.142194219373707e-17,0.0,0.0,-0.0027770138933169808,0.4821687555046006,-0.39586860886548714,-0.021684350046552364,4.626396811584536,1.2527324483089537,2.791955939641249,4.033060862277874,0.05021616958179668,0.007309129257832431,0.012137573255088229,-0.035186686056372755,0.8301708960949544,1.1848205557864693,-0.08873019199112128,-1.399138185230591,-5.665865387740056
273,-0.5401789186135897,-4.150010346715866,1.6015843429360395,1.4787380803789334,-1.8547748861799784,-0.27198619003653246,0.0,-0.22528877600450053,-0.3369292376608116,-0.10138189813316302,0.2118708779587947,-2.662797465999015e-17,0.0,-7.142194219373707e-17,0.0,0.0,-0.0027770138933169808,0.4821687555046006,-0.39586860886548714,-0.004380353933660045,4.626396811584536,1.2527324483089537,2.791955939641249,4.033060862277874,0.05021616958179668,0.007309129257832431,0.012137573255088229,-0.035186686056372755,1.482316823191372,1.1848205557864693,-0.08873019199112128,0.4455570167871936,9.105478267448175
274,-0.6225827239935269,-4.150010346715866,-0.34492632488754893,1.4787380803789334,-1.8547748861799784,-0.27198619003653246,0.0,-0.22528877600450053,-0.3369292376608116,-0.10138189813316302,0.2118708779587947,-2.662797465999015e-17,0.0,-7.142194219373707e-17,0.0,0.0,-0.0027770138933169808,0.4821687555046006,-0.39586860886548714,0.02920975616783681,4.626396811584536,1.2527324483089537,2.791955939641249,4.033060862277874,0.05021616958179668,0.007309129257832431,0.012137573255088229,-0.035186686056372755,1.264934847492566,1.1848205557864693,0.05951470201437856,0.4455570167871936,9.105478267448175
275,-0.2929675024737781,-4.150010346715866,-0.06685337234132203,1.4787380803789334,-1.8547748861799784,-0.27198619003653246,0.0,-0.22528877600450053,-0.3369292376608116,-0.10138189813316302,0.2118708779587947,-2.662797465999015e-17,0.0,-7.142194219373707e-17,0.0,0.0,-0.0027770138933169808,0.4821687555046006,-0.39586860886548714,-0.021684350046552364,4.626396811584536,1.2527324483089537,2.791955939641249,4.033060862277874,0.05021616958179668,0.007309129257832431,0.012137573255088229,-0.035186686056372755,0.8301708960949544,1.1848205557864693,-0.08873019199112128,0.4455570167871936,9.105478267448175
276,0.5695256605028972,4.357291311459363,2.2828630766742948,1.4787380803789334,-1.8547748861799784,-0.27198619003653246,0.0,-0.22528877600450053,-0.3369292376608116,-0.10138189813316302,0.2118708779587947,-2.662797465999015e-17,0.0,-7.142194219373707e-17,0.0,0.0,-0.0027770138933169808,0.4821687555046006,-0.39586860886548714,0.17425795887884593,-7.9290109529235115,0.5226855211312601,2.791955939641249,4.502781537666676,0.14053302134761794,0.04980406680336992,0.012137573255088229,-0.035186686056372755,3.0583361470077137,1.1671546083972855,-0.14802814959332097,-1.399138185230591,-5.243826997591822
277,0.5695256605028972,4.357291311459363,2.2828630766742948,1.4787380803789334,-1.8547748861799784,-0.27198619003653246,0.0,-0.22528877600450053,-0.3369292376608116,-0.10138189813316302,0.2118708779587947,-2.662797465999015e-17,0.0,-7.142194219373707e-17,0.0,0.0,-0.0027770138933169808,0.4821687555046006,-0.39586860886548714,0.17425795887884593,-7.9290109529235115,0.5226855211312601,2.791955939641249,4.502781537666676,-0.13041753394984584,0.04980406680336992,0.012137573255088229,-0.035186686056372755,3.0583361470077137,1.1671546083972855,-0.14802814959332097,-1.399138185230591,-5.243826997591822
278,0.5695256605028972,4.357291311459363,2.2828630766742948,1.4787380803789334,-1.8547748861799784,-0.27198619003653246,0.0,-0.22528877600450053,-0.3369292376608116,-0.10138189813316302,0.2118708779587947,-2.662797465999015e-17,0.0,-7.142194219373707e-17,0.0,0.0,-0.0027770138933169808,0.4821687555046006,-0.39586860886548714,0.17425795887884593,-7.9290109529235115,0.5226855211312601,2.791955939641249,4.502781537666676,-0.4916849410131309,0.04980406680336992,0.012137573255088229,-0.035186686056372755,3.0583361470077137,1.1671546083972855,-0.14802814959332097,-1.399138185230591,-5.243826997591822
279,0.5695256605028972,4.357291311459363,2.2828630766742948,1.4787380803789334,-1.8547748861799784,-0.27198619003653246,0.0,-0.22528877600450053,-0.3369292376608116,-0.10138189813316302,0.2118708779587947,-2.662797465999015e-17,0.0,-7.142194219373707e-17,0.0,0.0,-0.0027770138933169808,0.4821687555046006,-0.39586860886548714,0.17425795887884593,-7.9290109529235115,0.5226855211312601,2.791955939641249,4.502781537666676,-0.7626354963105948,0.04980406680336992,0.012137573255088229,-0.035186686056372755,3.0583361470077137,1.1671546083972855,-0.14802814959332097,-1.399138185230591,-5.243826997591822
280,0.5695256605028972,4.357291311459363,2.2828630766742948,1.4787380803789334,-1.8547748861799784,-0.27198619003653246,0.0,-0.22528877600450053,-0.3369292376608116,-0.10138189813316302,0.2118708779587947,-2.662797465999015e-17,0.0,-7.142194219373707e-17,0.0,0.0,-0.0027770138933169808,0.4821687555046006,-0.39586860886548714,0.17425795887884593,-7.9290109529235115,0.5226855211312601,2.791955939641249,4.502781537666676,-1.0335860516080586,0.04980406680336992,0.012137573255088229,-0.035186686056372755,3.0583361470077137,1.1671546083972855,-0.14802814959332097,-1.399138185230591,-5.243826997591822
281,0.5695256605028972,4.357291311459363,2.2828630766742948,1.4787380803789334,-1.8547748861799784,-0.27198619003653246,0.0,-0.22528877600450053,-0.3369292376608116,-0.10138189813316302,0.2118708779587947,-2.662797465999015e-17,0.0,-7.142194219373707e-17,0.0,0.0,-0.0027770138933169808,0.4821687555046006,-0.39586860886548714,0.17425795887884593,-7.9290109529235115,0.5226855211312601,2.791955939641249,4.502781537666676,0.14053302134761794,0.015808116766939936,0.012137573255088229,-0.035186686056372755,3.0583361470077137,1.1671546083972855,-0.14802814959332097,-1.399138185230591,-5.243826997591822
282,0.5695256605028972,4.357291311459363,2.2828630766742948,1.4787380803789334,-1.8547748861799784,-0.27198619003653246,0.0,-0.22528877600450053,-0.3369292376608116,-0.10138189813316302,0.2118708779587947,-2.662797465999015e-17,0.0,-7.142194219373707e-17,0.0,0.0,-0.0027770138933169808,0.4821687555046006,-0.39586860886548714,0.17425795887884593,-7.9290109529235115,0.5226855211312601,2.791955939641249,4.502781537666676,-0.13041753394984584,0.015808116766939936,0.012137573255088229,-0.035186686056372755,3.0583361470077137,1.1671546083972855,-0.14802814959332097,-1.399138185230591,-5.243826997591822
283,0.5695256605028972,4.357291311459363,2.2828630766742948,1.4787380803789334,-1.8547748861799784,-0.27198619003653246,0.0,-0.22528877600450053,-0.3369292376608116,-0.10138189813316302,0.2118708779587947,-2.662797465999015e-17,0.0,-7.142194219373707e-17,0.0,0.0,-0.0027770138933169808,0.4821687555046006,-0.39586860886548714,0.17425795887884593,-7.9290109529235115,0.5226855211312601,2.791955939641249,4.502781537666676,-0.4916849410131309,0.015808116766939936,0.012137573255088229,-0.035186686056372755,3.0583361470077137,1.1671546083972855,-0.14802814959332097,-1.399138185230591,-5.243826997591822
284,0.5695256605028972,4.357291311459363,2.2828630766742948,1.4787380803789334,-1.8547748861799784,-0.27198619003653246,0.0,-0.22528877600450053,-0.3369292376608116,-0.10138189813316302,0.2118708779587947,-2.662797465999015e-17,0.0,-7.142194219373707e-17,0.0,0.0,-0.0027770138933169808,0.4821687555046006,-0.39586860886548714,0.17425795887884593,-7.9290109529235115,0.5226855211312601,2.791955939641249,4.502781537666676,-0.7626354963105948,0.015808116766939936,0.012137573255088229,-0.035186686056372755,3.0583361470077137,1.1671546083972855,-0.14802814959332097,-1.399138185230591,-5.243826997591822
285,0.5695256605028972,4.357291311459363,2.2828630766742948,1.4787380803789334,-1.8547748861799784,-0.27198619003653246,0.0,-0.22528877600450053,-0.3369292376608116,-0.10138189813316302,0.2118708779587947,-2.662797465999015e-17,0.0,-7.142194219373707e-17,0.0,0.0,-0.0027770138933169808,0.4821687555046006,-0.39586860886548714,0.17425795887884593,-7.9290109529235115,0.5226855211312601,2.791955939641249,4.502781537666676,-1.0335860516080586,0.015808116766939936,0.012137573255088229,-0.035186686056372755,3.0583361470077137,1.1671546083972855,-0.14802814959332097,-1.399138185230591,-5.243826997591822
286,3.538809447693302,-2.440108686569747,-7.7138595673625625,1.4787380803789334,-1.8547748861799784,-0.27198619003653246,0.0,-0.22528877600450053,-0.3369292376608116,-0.10138189813316302,0.2118708779587947,-2.662797465999015e-17,0.0,-7.142194219373707e-17,0.0,0.0,-0.0027770138933169808,0.4821687555046006,-0.39586860886548714,0.00579846730921779,-0.5956413175137116,-4.573603605128407,2.791955939641249,4.502781537666676,-0.22073438571566711,0.04980406680336992,0.012137573255088229,-0.035186686056372755,7.895085106306142,1.1848205557864693,2.090469749889726,-1.399138185230591,-5.665865387740056
287,2.7971751992738674,-2.440108686569747,-5.21120299444652,1.4787380803789334,-1.8547748861799784,-0.27198619003653246,0.0,-0.22528877600450053,-0.3369292376608116,-0.10138189813316302,0.2118708779587947,-2.662797465999015e-17,0.0,-7.142194219373707e-17,0.0,0.0,-0.0027770138933169808,0.4821687555046006,-0.39586860886548714,0.00579846730921779,-0.5956413175137116,-4.573603605128407,2.791955939641249,4.502781537666676,-0.22073438571566711,0.04980406680336992,0.012137573255088229,-0.035186686056372755,4.199591519426445,1.1848205557864693,3.3802003277375747,-1.399138185230591,-5.665865387740056
288,2.055540950854432,-2.440108686569747,-2.7085464215304778,1.4787380803789334,-1.8547748861799784,-0.27198619003653246,0.0,-0.22528877600450053,-0.3369292376608116,-0.10138189813316302,0.2118708779587947,-2.662797465999015e-17,0.0,-7.142194219373707e-17,0.0,0.0,-0.0027770138933169808,0.4821687555046006,-0.39586860886548714,0.00579846730921779,-0.5956413175137116,-4.573603605128407,2.791955939641249,4.502781537666676,-0.22073438571566711,0.04980406680336992,0.012137573255088229,-0.035186686056372755,4.199591519426445,1.1848205557864693,3.3802003277375747,-1.399138185230591,-5.665865387740056
289,1.313906702434997,-2.440108686569747,-0.20588984861443557,1.4787380803789334,-1.8547748861799784,-0.27198619003653246,0.0,-0.22528877600450053,-0.3369292376608116,-0.10138189813316302,0.2118708779587947,-2.662797465999015e-17,0.0,-7.142194219373707e-17,0.0,0.0,-0.0027770138933169808,0.4821687555046006,-0.39586860886548714,0.00579846730921779,-0.5956413175137116,-4.573603605128407,2.791955939641249,4.502781537666676,-0.22073438571566711,0.04980406680336992,0.012137573255088229,-0.035186686056372755,4.199591519426445,1.1848205557864693,3.3802003277375747,-1.399138185230591,-5.665865387740056
290,0.5722724540155625,-2.440108686569747,2.2967667243016066,1.4787380803789334,-1.8547748861799784,-0.27198619003653246,0.0,-0.22528877600450053,-0.3369292376608116,-0.10138189813316302,0.2118708779587947,-2.662797465999015e-17,0.0,-7.142194219373707e-17,0.0,0.0,-0.0027770138933169808,0.4821687555046006,-0.39586860886548714,0.00579846730921779,-0.5956413175137116,-4.573603605128407,2.791955939641249,4.502781537666676,-0.22073438571566711,0.04980406680336992,0.012137573255088229,-0.035186686056372755,5.069119422221667,1.1848205557864693,3.0540615609254753,-1.399138185230591,-5.665865387740056
291,-0.16936179440387233,-2.440108686569747,4.799423297217649,1.4787380803789334,-1.8547748861799784,-0.27198619003653246,0.0,-0.22528877600450053,-0.3369292376608116,-0.10138189813316302,0.2118708779587947,-2.662797465999015e-17,0.0,-7.142194219373707e-17,0.0,0.0,-0.0027770138933169808,0.4821687555046006,-0.39586860886548714,0.00579846730921779,-0.5956413175137116,-4.573603605128407,2.791955939641249,4.502781537666676,-0.22073438571566711,0.04980406680336992,0.012137573255088229,-0.035186686056372755,6.047338312866292,1.1848205557864693,2.7427472835139253,-1.399138185230591,-5.665865387740056
292,1.0419741446812052,-4.150010346715866,4.760493083861178,1.4787380803789334,-1.8547748861799784,-0.27198619003653246,0.0,-0.22528877600450053,-0.3369292376608116,-0.10138189813316302,0.2118708779587947,-2.662797465999015e-17,0.0,-7.142194219373707e-17,0.0,0.0,-0.0027770138933169808,0.4821687555046006,-0.39586860886548714,0.1449633113418436,8.830503888144262,-0.2915975899515517,-4.221544848493454,-7.709956022442187,0.9533846872400094,-0.12017568337878,0.012137573255088229,-0.035186686056372755,3.9282988137543335,-5.102581167051729,1.329973443641512,4.51040970765265,9.105478267448175
293,1.0419741446812052,-4.150010346715866,4.760493083861178,1.4787380803789334,-1.8547748861799784,-0.27198619003653246,0.0,-0.22528877600450053,-0.3369292376608116,-0.10138189813316302,0.2118708779587947,-2.662797465999015e-17,0.0,-7.142194219373707e-17,0.0,0.0,-0.0027770138933169808,0.4821687555046006,-0.39586860886548714,0.1449633113418436,8.830503888144262,-0.2915975899515517,2.791955939641249,-4.656771632414972,-0.22073438571566711,0.13479394189444488,0.012137573255088229,-0.035186686056372755,3.9282988137543335,-5.102581167051729,1.329973443641512,4.51040970765265,9.105478267448175
294,1.0419741446812052,-4.150010346715866,4.760493083861178,1.4787380803789334,-1.8547748861799784,-0.27198619003653246,0.0,-0.22528877600450053,-0.3369292376608116,-0.10138189813316302,0.2118708779587947,-2.662797465999015e-17,0.0,-7.142194219373707e-17,0.0,0.0,-0.0027770138933169808,0.4821687555046006,-0.39586860886548714,0.1449633113418436,8.830503888144262,-0.2915975899515517,2.791955939641249,-1.603587242387756,-0.22073438571566711,0.13479394189444488,0.012137573255088229,-0.035186686056372755,3.9282988137543335,-5.102581167051729,1.329973443641512,4.51040970765265,9.105478267448175
295,1.0419741446812052,-4.150010346715866,4.760493083861178,1.4787380803789334,-1.8547748861799784,-0.27198619003653246,0.0,-0.22528877600450053,-0.3369292376608116,-0.10138189813316302,0.2118708779587947,-2.662797465999015e-17,0.0,-7.142194219373707e-17,0.0,0.0,-0.0027770138933169808,0.4821687555046006,-0.39586860886548714,0.1449633113418436,8.830503888144262,-0.2915975899515517,2.791955939641249,1.4495971476394598,-0.22073438571566711,0.13479394189444488,0.012137573255088229,-0.035186686056372755,3.9282988137543335,-5.102581167051729,1.329973443641512,4.51040970765265,9.105478267448175
296,1.0419741446812052,-4.150010346715866,4.760493083861178,1.4787380803789334,-1.8547748861799784,-0.27198619003653246,0.0,-0.22528877600450053,-0.3369292376608116,-0.10138189813316302,0.2118708779587947,-2.662797465999015e-17,0.0,-7.142194219373707e-17,0.0,0.0,-0.0027770138933169808,0.4821687555046006,-0.39586860886548714,0.1449633113418436,8.830503888144262,-0.2915975899515517,2.791955939641249,4.502781537666676,-0.22073438571566711,0.13479394189444488,0.012137573255088229,-0.035186686056372755,3.9282988137543335,-5.102581167051729,1.329973443641512,4.51040970765265,9.105478267448175
297,1.0419741446812052,-4.150010346715866,4.760493083861178,1.4787380803789334,-1.8547748861799784,-0.27198619003653246,0.0,-0.22528877600450053,-0.3369292376608116,-0.10138189813316302,0.2118708779587947,-2.662797465999015e-17,0.0,-7.142194219373707e-17,0.0,0.0,-0.0027770138933169808,0.4821687555046006,-0.39586860886548714,0.1449633113418436,8.830503888144262,-0.2915975899515517,2.791955939641249,7.555965927693892,-0.22073438571566711,0.13479394189444488,0.012137573255088229,-0.035186686056372755,3.9282988137543335,-5.102581167051729,1.329973443641512,4.51040970765265,9.105478267448175
298,1.0419741446812052,-4.150010346715866,4.760493083861178,1.4787380803789334,-1.8547748861799784,-0.27198619003653246,0.0,-0.22528877600450053,-0.3369292376608116,-0.10138189813316302,0.2118708779587947,-2.662797465999015e-17,0.0,-7.142194219373707e-17,0.0,0.0,-0.0027770138933169808,0.4821687555046006,-0.39586860886548714,0.1449633113418436,8.830503888144262,-0.2915975899515517,2.791955939641249,10.609150317721108,-0.22073438571566711,0.13479394189444488,0.012137573255088229,-0.035186686056372755,3.9282988137543335,-5.102581167051729,1.329973443641512,4.51040970765265,9.105478267448175
299,1.0419741446812052,-4.150010346715866,4.760493083861178,1.4787380803789334,-1.8547748861799784,-0.27198619003653246,0.0,-0.22528877600450053,-0.3369292376608116,-0.10138189813316302,0.2118708779587947,-2.662797465999015e-17,0.0,-7.142194219373707e-17,0.0,0.0,-0.0027770138933169808,0.4821687555046006,-0.39586860886548714,0.1449633113418436,8.830503888144262,-0.2915975899515517,2.791955939641249,-4.656771632414972,-0.22073438571566711,0.04980406680336992,0.012137573255088229,-0.035186686056372755,3.9282988137543335,-5.102581167051729,1.329973443641512,4.51040970765265,9.105478267448175
300,1.0419741446812052,-4.150010346715866,4.760493083861178,1.4787380803789334,-1.8547748861799784,-0.27198619003653246,0.0,-0.22528877600450053,-0.3369292376608116,-0.10138189813316302,0.2118708779587947,-2.662797465999015e-17,0.0,-7.142194219373707e-17,0.0,0.0,-0.0027770138933169808,0.4821687555046006,-0.39586860886548714,0.1449633113418436,8.830503888144262,-0.2915975899515517,2.791955939641249,-1.603587242387756,-0.22073438571566711,0.04980406680336992,0.012137573255088229,-0.035186686056372755,3.9282988137543335,-5.102581167051729,1.329973443641512,4.51040970765265,9.105478267448175
301,1.0419741446812052,-4.150010346715866,4.760493083861178,1.4787380803789334,-1.8547748861799784,-0.27198619003653246,0.0,-0.22528877600450053,-0.3369292376608116,-0.10138189813316302,0.2118708779587947,-2.662797465999015e-17,0.0,-7.142194219373707e-17,0.0,0.0,-0.0027770138933169808,0.4821687555046006,-0.39586860886548714,0.1449633113418436,8.830503888144262,-0.2915975899515517,2.791955939641249,1.4495971476394598,-0.22073438571566711,0.04980406680336992,0.012137573255088229,-0.035186686056372755,3.9282988137543335,-5.102581167051729,1.329973443641512,4.51040970765265,9.105478267448175
302,1.0419741446812052,-4.150010346715866,4.760493083861178,1.4787380803789334,-1.8547748861799784,-0.27198619003653246,0.0,-0.22528877600450053,-0.3369292376608116,-0.10138189813316302,0.2118708779587947,-2.662797465999015e-17,0.0,-7.142194219373707e-17,0.0,0.0,-0.0027770138933169808,0.4821687555046006,-0.39586860886548714,0.1449633113418436,8.830503888144262,-0.2915975899515517,2.791955939641249,4.502781537666676,-0.22073438571566711,0.04980406680336992,0.012137573255088229,-0.035186686056372755,3.9282988137543335,-5.102581167051729,1.329973443641512,4.51040970765265,9.105478267448175
303,1.0419741446812052,-4.150010346715866,4.760493083861178,1.4787380803789334,-1.8547748861799784,-0.27198619003653246,0.0,-0.22528877600450053,-0.3369292376608116,-0.10138189813316302,0.2118708779587947,-2.662797465999015e-17,0.0,-7.142194219373707e-17,0.0,0.0,-0.0027770138933169808,0.4821687555046006,-0.39586860886548714,0.1449633113418436,8.830503888144262,-0.2915975899515517,2.791955939641249,7.555965927693892,-0.22073438571566711,0.04980406680336992,0.012137573255088229,-0.035186686056372755,3.9282988137543335,-5.102581167051729,1.329973443641512,4.51040970765265,9.105478267448175
304,1.0419741446812052,-4.150010346715866,4.760493083861178,1.4787380803789334,-1.8547748861799784,-0.27198619003653246,0.0,-0.22528877600450053,-0.3369292376608116,-0.10138189813316302,0.2118708779587947,-2.662797465999015e-17,0.0,-7.142194219373707e-17,0.0,0.0,-0.0027770138933169808,0.4821687555046006,-0.39586860886548714,0.1449633113418436,8.830503888144262,-0.2915975899515517,2.791955939641249,10.609150317721108,-0.22073438571566711,0.04980406680336992,0.012137573255088229,-0.035186686056372755,3.9282988137543335,-5.102581167051729,1.329973443641512,4.51040970765265,9.105478267448175
305,1.0419741446812052,-4.150010346715866,4.760493083861178,1.4787380803789334,-1.8547748861799784,-0.27198619003653246,0.0,-0.22528877600450053,-0.3369292376608116,-0.10138189813316302,0.2118708779587947,-2.662797465999015e-17,0.0,-7.142194219373707e-17,0.0,0.0,-0.0027770138933169808,0.4821687555046006,-0.39586860886548714,0.1449633113418436,8.830503888144262,-0.2915975899515517,2.791955939641249,-4.656771632414972,-0.8529523480764158,0.04980406680336992,0.012137573255088229,-0.035186686056372755,3.9282988137543335,-5.102581167051729,1.329973443641512,4.51040970765265,9.105478267448175
306,1.0419741446812052,-4.150010346715866,4.760493083861178,1.4787380803789334,-1.8547748861799784,-0.27198619003653246,0.0,-0.22528877600450053,-0.3369292376608116,-0.10138189813316302,0.2118708779587947,-2.662797465999015e-17,0.0,-7.142194219373707e-17,0.0,0.0,-0.0027770138933169808,0.4821687555046006,-0.39586860886548714,0.1449633113418436,8.830503888144262,-0.2915975899515517,2.791955939641249,-1.603587242387756,-0.8529523480764158,0.04980406680336992,0.012137573255088229,-0.035186686056372755,3.9282988137543335,-5.102581167051729,1.329973443641512,4.51040970765265,9.105478267448175
307,1.0419741446812052,-4.150010346715866,4.760493083861178,1.4787380803789334,-1.8547748861799784,-0.27198619003653246,0.0,-0.22528877600450053,-0.3369292376608116,-0.10138189813316302,0.2118708779587947,-2.662797465999015e-17,0.0,-7.142194219373707e-17,0.0,0.0,-0.0027770138933169808,0.4821687555046006,-0.39586860886548714,0.1449633113418436,8.830503888144262,-0.2915975899515517,2.791955939641249,1.4495971476394598,-0.8529523480764158,0.04980406680336992,0.012137573255088229,-0.035186686056372755,3.9282988137543335,-5.102581167051729,1.329973443641512,4.51040970765265,9.105478267448175
308,1.0419741446812052,-4.150010346715866,4.760493083861178,1.4787380803789334,-1.8547748861799784,-0.27198619003653246,0.0,-0.22528877600450053,-0.3369292376608116,-0.10138189813316302,0.2118708779587947,-2.662797465999015e-17,0.0,-7.142194219373707e-17,0.0,0.0,-0.0027770138933169808,0.4821687555046006,-0.39586860886548714,0.1449633113418436,8.830503888144262,-0.2915975899515517,2.791955939641249,4.502781537666676,-0.8529523480764158,0.04980406680336992,0.012137573255088229,-0.035186686056372755,3.9282988137543335,-5.102581167051729,1.329973443641512,4.51040970765265,9.105478267448175
309,1.0419741446812052,-4.150010346715866,4.760493083861178,1.4787380803789334,-1.8547748861799784,-0.27198619003653246,0.0,-0.22528877600450053,-0.3369292376608116,-0.10138189813316302,0.2118708779587947,-2.662797465999015e-17,0.0,-7.142194219373707e-17,0.0,0.0,-0.0027770138933169808,0.4821687555046006,-0.39586860886548714,0.1449633113418436,8.830503888144262,-0.2915975899515517,2.791955939641249,7.555965927693892,-0.8529523480764158,0.04980406680336992,0.012137573255088229,-0.035186686056372755,3.9282988137543335,-5.102581167051729,1.329973443641512,4.51040970765265,9.105478267448175
310,1.0419741446812052,-4.150010346715866,4.760493083861178,1.4787380803789334,-1.8547748861799784,-0.27198619003653246,0.0,-0.22528877600450053,-0.3369292376608116,-0.10138189813316302,0.2118708779587947,-2.662797465999015e-17,0.0,-7.142194219373707e-17,0.0,0.0,-0.0027770138933169808,0.4821687555046006,-0.39586860886548714,0.1449633113418436,8.830503888144262,-0.2915975899515517,2.791955939641249,10.609150317721108,-0.8529523480764158,0.04980406680336992,0.012137573255088229,-0.035186686056372755,3.9282988137543335,-5.102581167051729,1.329973443641512,4.51040970765265,9.105478267448175
