method,model,evaluation_scheme,split,nominal_coverage,row_position,Actual,Predicted,Lower,Upper,Residual,AbsoluteError,SquaredError,IntervalWidth,HalfWidth,UncertaintyScore,Covered,MissDirection,StandardizedError,WinklerScore,policy,evaluation_fold,training_rows,training_publications,calibration_rows,calibration_publications,evaluation_rows,evaluation_publications,semantic_row_id,modeling_row_id,publication_country,publication_source,publication_year,publication_reference_id,publication_group
elastic_net_residual_bootstrap,Elastic Net,shared_publication_held_out,test,0.9,156,250.0,171.86061755598038,140.81305879868407,207.49789088778678,78.13938244401962,78.13938244401962,6105.763088732761,66.68483208910271,33.342416044551356,20.034700056236595,False,above_interval_underprediction,2.343542901618515,916.7270143333672,shared_semantic_recoding_50_percent,shared_publication_test,1451,115,311,25,311,25,1255,1255,,shared_semantic_dataset,,Ref-109-Research,Ref-109-Research
bayesian_ridge_native,Bayesian Ridge,shared_publication_held_out,test,0.9,155,230.0,149.82037918308365,114.14305186327164,185.49770650289565,80.17962081691635,80.17962081691635,6428.771594344486,71.35465463962402,35.67732731981201,21.690274888432125,False,above_interval_underprediction,2.2473550246122764,961.4005245817111,shared_semantic_recoding_50_percent,shared_publication_test,1451,115,311,25,311,25,1254,1254,,shared_semantic_dataset,,Ref-109-Research,Ref-109-Research
elastic_net_residual_bootstrap,Elastic Net,shared_publication_held_out,test,0.9,155,230.0,147.37409241930482,115.05984155542502,188.7134049763035,82.62590758069518,82.62590758069518,6827.040603533582,73.65356342087848,36.82678171043924,22.202397957403367,False,above_interval_underprediction,2.2436363902326364,899.3854638948085,shared_semantic_recoding_50_percent,shared_publication_test,1451,115,311,25,311,25,1254,1254,,shared_semantic_dataset,,Ref-109-Research,Ref-109-Research
bayesian_ridge_native,Bayesian Ridge,shared_publication_held_out,test,0.9,156,250.0,174.59039246563563,138.85937930718953,210.32140562408173,75.40960753436437,75.40960753436437,5686.608908486864,71.4620263168922,35.7310131584461,21.722913560806642,False,above_interval_underprediction,2.1104805284968258,865.0339138352576,shared_semantic_recoding_50_percent,shared_publication_test,1451,115,311,25,311,25,1255,1255,,shared_semantic_dataset,,Ref-109-Research,Ref-109-Research
elastic_net_residual_bootstrap,Elastic Net,shared_publication_held_out,test,0.9,259,229.0,164.91735076463488,135.70898016051942,198.86326833742962,64.08264923536512,64.08264923536512,4106.585933022842,63.1542881769102,31.5771440884551,20.924929116790445,False,above_interval_underprediction,2.029399779025436,665.888921428318,shared_semantic_recoding_50_percent,shared_publication_test,1451,115,311,25,311,25,1831,1831,,shared_semantic_dataset,,Ref-144-Research,Ref-144-Research
bayesian_ridge_native,Bayesian Ridge,shared_publication_held_out,test,0.9,154,105.0,173.69220937424737,137.58287891588185,209.8015398326129,-68.69220937424737,68.69220937424737,4718.619628715438,72.21866091673104,36.10933045836552,21.952914147923064,False,below_interval_overprediction,1.902339603151886,723.8762392343681,shared_semantic_recoding_50_percent,shared_publication_test,1451,115,311,25,311,25,1253,1253,,shared_semantic_dataset,,Ref-108-Research,Ref-108-Research
elastic_net_residual_bootstrap,Elastic Net,shared_publication_held_out,test,0.9,130,281.0,220.35089077233062,180.60582456778036,245.42014273796525,60.649109227669385,60.649109227669385,3678.3144501097718,64.81431817018489,32.407159085092445,20.478711769405336,False,above_interval_underprediction,1.871472567787297,776.4114634108801,shared_semantic_recoding_50_percent,shared_publication_test,1451,115,311,25,311,25,790,790,,shared_semantic_dataset,,Ref-65-Research,Ref-65-Research
elastic_net_residual_bootstrap,Elastic Net,shared_publication_held_out,test,0.9,286,83.0,145.52292398387618,112.78850894902206,181.19183897560322,-62.52292398387618,62.52292398387618,3909.1160234935596,68.40333002658116,34.20166501329058,20.925711276432946,False,below_interval_overprediction,1.8280666733499704,664.1735090070224,shared_semantic_recoding_50_percent,shared_publication_test,1451,115,311,25,311,25,2009,2009,,shared_semantic_dataset,,Ref-161-Research,Ref-161-Research
bayesian_ridge_native,Bayesian Ridge,shared_publication_held_out,test,0.9,259,229.0,164.47361068020524,128.8463834614675,200.10083789894298,64.52638931979476,64.52638931979476,4163.654918649723,71.25445443747549,35.627227218737744,21.65981618970456,False,above_interval_underprediction,1.8111538381481964,649.2376964586159,shared_semantic_recoding_50_percent,shared_publication_test,1451,115,311,25,311,25,1831,1831,,shared_semantic_dataset,,Ref-144-Research,Ref-144-Research
elastic_net_residual_bootstrap,Elastic Net,shared_publication_held_out,test,0.9,56,208.0,141.72206159149815,101.53479419009852,175.10169471756078,66.27793840850185,66.27793840850185,4392.765119681165,73.56690052746225,36.783450263731126,24.406895009327513,False,above_interval_underprediction,1.801841261037239,731.5330061762469,shared_semantic_recoding_50_percent,shared_publication_test,1451,115,311,25,311,25,531,531,,shared_semantic_dataset,,Ref-48-Research,Ref-48-Research
elastic_net_residual_bootstrap,Elastic Net,shared_publication_held_out,test,0.9,269,225.0,165.89532658284153,138.02511074943345,204.3709638304692,59.104673417158466,59.104673417158466,3493.3624197489585,66.34585308103576,33.17292654051788,20.670880377312816,False,above_interval_underprediction,1.781714174206704,478.92657647165163,shared_semantic_recoding_50_percent,shared_publication_test,1451,115,311,25,311,25,1841,1841,,shared_semantic_dataset,,Ref-144-Research,Ref-144-Research
elastic_net_split_conformal,Elastic Net,shared_publication_held_out,test,0.9,155,230.0,147.37409241930482,100.65318776998885,194.09499706862078,82.62590758069518,82.62590758069518,6827.040603533582,93.44180929863194,46.72090464931597,46.72090464931597,False,above_interval_underprediction,1.7684997369139104,811.5418679262164,shared_semantic_recoding_50_percent,shared_publication_test,1451,115,311,25,311,25,1254,1254,,shared_semantic_dataset,,Ref-109-Research,Ref-109-Research
bayesian_ridge_native,Bayesian Ridge,shared_publication_held_out,test,0.9,157,192.0,129.61500625795526,94.24478695602863,164.98522555988188,62.38499374204474,62.38499374204474,3891.8874441949615,70.74043860385325,35.370219301926625,21.50356647082382,False,above_interval_underprediction,1.7637717541278184,611.0359274062157,shared_semantic_recoding_50_percent,shared_publication_test,1451,115,311,25,311,25,1274,1274,,shared_semantic_dataset,,Ref-111-Research,Ref-111-Research
elastic_net_residual_bootstrap,Elastic Net,shared_publication_held_out,test,0.9,157,192.0,128.78414225890876,94.03639858158732,166.05042083699553,63.21585774109124,63.21585774109124,3996.2446699418856,72.01402225540821,36.007011127704104,21.118421420738642,False,above_interval_underprediction,1.755654128494226,591.0056055154978,shared_semantic_recoding_50_percent,shared_publication_test,1451,115,311,25,311,25,1274,1274,,shared_semantic_dataset,,Ref-111-Research,Ref-111-Research
elastic_net_residual_bootstrap,Elastic Net,shared_publication_held_out,test,0.9,76,219.0,156.64893645730328,121.21826639290387,192.30221081496074,62.35106354269672,62.35106354269672,3887.655124905404,71.08394442205687,35.54197221102844,22.613430479795877,False,above_interval_underprediction,1.7542938577659908,605.0397281228421,shared_semantic_recoding_50_percent,shared_publication_test,1451,115,311,25,311,25,551,551,,shared_semantic_dataset,,Ref-48-Research,Ref-48-Research
bayesian_ridge_native,Bayesian Ridge,shared_publication_held_out,test,0.9,19,116.0,178.11407841044752,142.4280227104676,213.80013411042745,-62.11407841044752,62.11407841044752,3858.1587367792226,71.37211139995986,35.68605569997993,21.695581366786744,False,below_interval_overprediction,1.7405700123502987,599.9325656093117,shared_semantic_recoding_50_percent,shared_publication_test,1451,115,311,25,311,25,494,494,,shared_semantic_dataset,,Ref-48-Research,Ref-48-Research
elastic_net_residual_bootstrap,Elastic Net,shared_publication_held_out,test,0.9,129,270.0,216.37242022749888,185.7946404395897,247.73430623338407,53.62757977250112,53.62757977250112,2875.9173122559714,61.939665793794376,30.969832896897188,19.88904003690201,False,above_interval_underprediction,1.7316070109591704,507.25354112611296,shared_semantic_recoding_50_percent,shared_publication_test,1451,115,311,25,311,25,789,789,,shared_semantic_dataset,,Ref-65-Research,Ref-65-Research
elastic_net_residual_bootstrap,Elastic Net,shared_publication_held_out,test,0.9,264,223.0,163.4605766612109,131.15474679735354,200.12272854601682,59.539423338789106,59.539423338789106,3544.942931515545,68.96798174866328,34.48399087433164,22.62738956963278,False,above_interval_underprediction,1.7265815768182338,526.513410828327,shared_semantic_recoding_50_percent,shared_publication_test,1451,115,311,25,311,25,1836,1836,,shared_semantic_dataset,,Ref-144-Research,Ref-144-Research
elastic_net_residual_bootstrap,Elastic Net,shared_publication_held_out,test,0.9,36,189.0,125.68359233505726,92.30522065769111,165.7751338423727,63.316407664942744,63.316407664942744,4008.96747959322,73.46991318468159,36.734956592340794,22.97043704593492,False,above_interval_underprediction,1.723600993124466,537.9672363372277,shared_semantic_recoding_50_percent,shared_publication_test,1451,115,311,25,311,25,511,511,,shared_semantic_dataset,,Ref-48-Research,Ref-48-Research
bayesian_ridge_native,Bayesian Ridge,shared_publication_held_out,test,0.9,286,83.0,143.90600540239745,108.40649774161452,179.4055130631804,-60.906005402397454,60.906005402397454,3709.541494076868,70.99901532156588,35.49950766078294,21.582168211877185,False,below_interval_overprediction,1.7156859183622317,579.1289701538562,shared_semantic_recoding_50_percent,shared_publication_test,1451,115,311,25,311,25,2009,2009,,shared_semantic_dataset,,Ref-161-Research,Ref-161-Research
elastic_net_bootstrap_conformalized,Elastic Net,shared_publication_held_out,test,0.9,156,250.0,171.86061755598038,128.0969113399318,220.21403834653904,78.13938244401962,78.13938244401962,6105.763088732761,92.11712700660723,46.05856350330362,20.034700056236595,False,above_interval_underprediction,1.6965223511240197,687.8363600758265,shared_semantic_recoding_50_percent,shared_publication_test,1451,115,311,25,311,25,1255,1255,,shared_semantic_dataset,,Ref-109-Research,Ref-109-Research
bayesian_ridge_native,Bayesian Ridge,shared_publication_held_out,test,0.9,23,130.0,190.3429543084922,154.4653284713429,226.22058014564152,-60.34295430849221,60.34295430849221,3641.2721346767785,71.75525167429862,35.87762583714931,21.812047740469147,False,below_interval_overprediction,1.6819104637077293,561.0618211011567,shared_semantic_recoding_50_percent,shared_publication_test,1451,115,311,25,311,25,498,498,,shared_semantic_dataset,,Ref-48-Research,Ref-48-Research
bayesian_ridge_native,Bayesian Ridge,shared_publication_held_out,test,0.9,264,223.0,163.27831840718784,127.70790398620704,198.84873282816864,59.72168159281216,59.72168159281216,3566.679252273239,71.14082884196159,35.570414420980796,21.625276461168205,False,above_interval_underprediction,1.6789706435803013,554.166172278589,shared_semantic_recoding_50_percent,shared_publication_test,1451,115,311,25,311,25,1836,1836,,shared_semantic_dataset,,Ref-144-Research,Ref-144-Research
elastic_net_residual_bootstrap,Elastic Net,shared_publication_held_out,test,0.9,154,105.0,162.10037046583037,122.83368902234625,190.9954605483644,-57.100370465830366,57.100370465830366,3260.452307335073,68.16177152601816,34.08088576300908,21.80369323866996,False,below_interval_overprediction,1.6754368082711724,424.8355519729432,shared_semantic_recoding_50_percent,shared_publication_test,1451,115,311,25,311,25,1253,1253,,shared_semantic_dataset,,Ref-108-Research,Ref-108-Research
elastic_net_split_conformal,Elastic Net,shared_publication_held_out,test,0.9,156,250.0,171.86061755598038,125.13971290666441,218.58152220529635,78.13938244401962,78.13938244401962,6105.763088732761,93.44180929863194,46.72090464931597,46.72090464931597,False,above_interval_underprediction,1.6724715206293344,721.811365192705,shared_semantic_recoding_50_percent,shared_publication_test,1451,115,311,25,311,25,1255,1255,,shared_semantic_dataset,,Ref-109-Research,Ref-109-Research
elastic_net_bootstrap_conformalized,Elastic Net,shared_publication_held_out,test,0.9,155,230.0,147.37409241930482,102.34369409667276,201.42955243505577,82.62590758069518,82.62590758069518,6827.040603533582,99.085858338383,49.5429291691915,22.202397957403367,False,above_interval_underprediction,1.6677638760220195,670.4948096372677,shared_semantic_recoding_50_percent,shared_publication_test,1451,115,311,25,311,25,1254,1254,,shared_semantic_dataset,,Ref-109-Research,Ref-109-Research
bayesian_ridge_native,Bayesian Ridge,shared_publication_held_out,test,0.9,269,225.0,165.839751628984,130.21252497411928,201.46697828384873,59.160248371015996,59.160248371015996,3499.934987320301,71.25445330972946,35.62722665486473,21.659815846894116,False,above_interval_underprediction,1.6605347630374128,541.9148876327549,shared_semantic_recoding_50_percent,shared_publication_test,1451,115,311,25,311,25,1841,1841,,shared_semantic_dataset,,Ref-144-Research,Ref-144-Research
bayesian_ridge_conformalized,Bayesian Ridge,shared_publication_held_out,test,0.9,155,230.0,149.82037918308365,101.36449635474216,198.27626201142513,80.17962081691635,80.17962081691635,6428.771594344486,96.91176565668297,48.45588282834149,21.690274888432125,False,above_interval_underprediction,1.6546932206551377,731.3865254281804,shared_semantic_recoding_50_percent,shared_publication_test,1451,115,311,25,311,25,1254,1254,,shared_semantic_dataset,,Ref-109-Research,Ref-109-Research
elastic_net_residual_bootstrap,Elastic Net,shared_publication_held_out,test,0.9,233,211.0,163.4605766612109,136.35843777570142,194.47089458781747,47.539423338789106,47.539423338789106,2259.9967713846063,58.11245681211605,29.056228406058025,20.4038064057191,False,above_interval_underprediction,1.6361181731651537,388.6945650557667,shared_semantic_recoding_50_percent,shared_publication_test,1451,115,311,25,311,25,1805,1805,,shared_semantic_dataset,,Ref-144-Research,Ref-144-Research
elastic_net_residual_bootstrap,Elastic Net,shared_publication_held_out,test,0.9,23,130.0,185.56802686042545,152.26241618463197,220.3607998140149,-55.56802686042545,55.56802686042545,3087.805609160964,68.09838362938294,34.04919181469147,22.159794767114374,False,below_interval_overprediction,1.6319925348844575,513.3467073220224,shared_semantic_recoding_50_percent,shared_publication_test,1451,115,311,25,311,25,498,498,,shared_semantic_dataset,,Ref-48-Research,Ref-48-Research
elastic_net_residual_bootstrap,Elastic Net,shared_publication_held_out,test,0.9,72,234.0,181.96585482453747,146.83450474584197,211.19430236211997,52.03414517546253,52.03414517546253,2707.5522641411103,64.359797616278,32.179898808139,21.436014050426202,False,above_interval_underprediction,1.6169766563188184,520.4737503738786,shared_semantic_recoding_50_percent,shared_publication_test,1451,115,311,25,311,25,547,547,,shared_semantic_dataset,,Ref-48-Research,Ref-48-Research
bayesian_ridge_native,Bayesian Ridge,shared_publication_held_out,test,0.9,15,102.0,158.77357485133402,123.19928937475149,194.34786032791655,-56.77357485133402,56.77357485133402,3223.2388014000267,71.14857095316506,35.57428547658253,21.627629895867983,False,below_interval_overprediction,1.595916097561716,495.13435844819486,shared_semantic_recoding_50_percent,shared_publication_test,1451,115,311,25,311,25,490,490,,shared_semantic_dataset,,Ref-48-Research,Ref-48-Research
elastic_net_residual_bootstrap,Elastic Net,shared_publication_held_out,test,0.9,91,101.0,151.02705798143825,121.08171403315731,184.27832283039578,-50.02705798143825,50.02705798143825,2502.7065302781843,63.19660879723847,31.598304398619234,18.972353142588865,False,below_interval_overprediction,1.5832196990805716,464.83088946038475,shared_semantic_recoding_50_percent,shared_publication_test,1451,115,311,25,311,25,637,637,,shared_semantic_dataset,,Ref-55-Research,Ref-55-Research
elastic_net_residual_bootstrap,Elastic Net,shared_publication_held_out,test,0.9,52,218.0,167.03897995873234,129.83261882232722,194.93127629414968,50.96102004126766,50.96102004126766,2597.025563646484,65.09865747182246,32.54932873591123,22.09100284286674,False,above_interval_underprediction,1.5656550233259667,526.4731315888289,shared_semantic_recoding_50_percent,shared_publication_test,1451,115,311,25,311,25,527,527,,shared_semantic_dataset,,Ref-48-Research,Ref-48-Research
bayesian_ridge_conformalized,Bayesian Ridge,shared_publication_held_out,test,0.9,156,250.0,174.59039246563563,126.06159513102868,223.11918980024257,75.40960753436437,75.40960753436437,5686.608908486864,97.05759466921388,48.52879733460694,21.722913560806642,False,above_interval_underprediction,1.5539146172202405,634.6737986643627,shared_semantic_recoding_50_percent,shared_publication_test,1451,115,311,25,311,25,1255,1255,,shared_semantic_dataset,,Ref-109-Research,Ref-109-Research
elastic_net_residual_bootstrap,Elastic Net,shared_publication_held_out,test,0.9,32,205.0,151.00051070229145,116.52599547343189,188.16911511289325,53.99948929770855,53.99948929770855,2915.9448444133404,71.64311963946136,35.82155981973068,22.800288584164658,False,above_interval_underprediction,1.5074577871387214,408.2608173815964,shared_semantic_recoding_50_percent,shared_publication_test,1451,115,311,25,311,25,507,507,,shared_semantic_dataset,,Ref-48-Research,Ref-48-Research
elastic_net_residual_bootstrap,Elastic Net,shared_publication_held_out,test,0.9,19,116.0,170.64115199462032,142.0481611584126,214.79902178287526,-54.641151994620316,54.641151994620316,2985.6554912991996,72.75086062446266,36.37543031223133,22.27814855779392,False,below_interval_overprediction,1.5021444839443479,593.7140837927147,shared_semantic_recoding_50_percent,shared_publication_test,1451,115,311,25,311,25,494,494,,shared_semantic_dataset,,Ref-48-Research,Ref-48-Research
elastic_net_residual_bootstrap,Elastic Net,shared_publication_held_out,test,0.9,15,102.0,154.60268273817945,124.69992811088964,194.968892217961,-52.60268273817945,52.60268273817945,2767.0422312535625,70.26896410707137,35.134482053535685,21.9265932342842,False,below_interval_overprediction,1.4971811070966363,524.2675263248643,shared_semantic_recoding_50_percent,shared_publication_test,1451,115,311,25,311,25,490,490,,shared_semantic_dataset,,Ref-48-Research,Ref-48-Research
elastic_net_residual_bootstrap,Elastic Net,shared_publication_held_out,test,0.9,224,208.0,160.74924897210371,132.8462499842627,196.3407346432141,47.250751027896285,47.250751027896285,2232.633472700242,63.49448465895139,31.747242329475696,20.30358662113733,False,above_interval_underprediction,1.4883419018736745,296.6797917946696,shared_semantic_recoding_50_percent,shared_publication_test,1451,115,311,25,311,25,1796,1796,,shared_semantic_dataset,,Ref-144-Research,Ref-144-Research
bayesian_ridge_native,Bayesian Ridge,shared_publication_held_out,test,0.9,206,200.0,147.41094549025576,111.91148440558732,182.9104065749242,52.589054509744244,52.589054509744244,2765.6086542288513,70.99892216933688,35.49946108466844,21.582139895610165,False,above_interval_underprediction,1.481404305950337,412.790790670853,shared_semantic_recoding_50_percent,shared_publication_test,1451,115,311,25,311,25,1778,1778,,shared_semantic_dataset,,Ref-144-Research,Ref-144-Research
elastic_net_residual_bootstrap,Elastic Net,shared_publication_held_out,test,0.9,73,232.0,180.1794147134528,144.16209295284457,214.26316336434627,51.820585286547214,51.820585286547214,2685.3730594403137,70.1010704115017,35.05053520575085,22.992336748650672,False,above_interval_underprediction,1.4784534667546205,424.83780312457634,shared_semantic_recoding_50_percent,shared_publication_test,1451,115,311,25,311,25,548,548,,shared_semantic_dataset,,Ref-48-Research,Ref-48-Research
bayesian_ridge_native,Bayesian Ridge,shared_publication_held_out,test,0.9,20,118.0,170.1892295395051,134.50638838240712,205.8720706966031,-52.18922953950511,52.18922953950511,2723.7156799271525,71.36568231419596,35.68284115709798,21.69362706348019,False,below_interval_overprediction,1.4625861575802155,401.4934499623385,shared_semantic_recoding_50_percent,shared_publication_test,1451,115,311,25,311,25,495,495,,shared_semantic_dataset,,Ref-48-Research,Ref-48-Research
elastic_net_residual_bootstrap,Elastic Net,shared_publication_held_out,test,0.9,53,216.0,165.25253984764765,132.8888711206157,202.4637737845169,50.747460152352346,50.747460152352346,2575.304711914589,69.57490266390118,34.78745133195059,21.202161896445055,False,above_interval_underprediction,1.458786378688894,340.29942697356347,shared_semantic_recoding_50_percent,shared_publication_test,1451,115,311,25,311,25,528,528,,shared_semantic_dataset,,Ref-48-Research,Ref-48-Research
elastic_net_residual_bootstrap,Elastic Net,shared_publication_held_out,test,0.9,206,200.0,148.30131190742887,120.86916849627087,192.1916914254748,51.69868809257113,51.69868809257113,2672.7543504929563,71.32252292920393,35.661261464601964,21.40476319952157,False,above_interval_underprediction,1.4497156289293978,227.48869441970794,shared_semantic_recoding_50_percent,shared_publication_test,1451,115,311,25,311,25,1778,1778,,shared_semantic_dataset,,Ref-144-Research,Ref-144-Research
elastic_net_bootstrap_conformalized,Elastic Net,shared_publication_held_out,test,0.9,259,229.0,164.91735076463488,122.99283270176716,211.57941579618188,64.08264923536512,64.08264923536512,4106.585933022842,88.58658309441472,44.29329154720736,20.924929116790445,False,above_interval_underprediction,1.4467800201090601,436.99826717077724,shared_semantic_recoding_50_percent,shared_publication_test,1451,115,311,25,311,25,1831,1831,,shared_semantic_dataset,,Ref-144-Research,Ref-144-Research
elastic_net_residual_bootstrap,Elastic Net,shared_publication_held_out,test,0.9,33,201.0,149.21407059120676,116.31336755266263,188.1585625732936,51.78592940879324,51.78592940879324,2681.7824847325164,71.84519502063098,35.92259751031549,22.320528629192914,False,above_interval_underprediction,1.4415975736142814,328.67394355475886,shared_semantic_recoding_50_percent,shared_publication_test,1451,115,311,25,311,25,508,508,,shared_semantic_dataset,,Ref-48-Research,Ref-48-Research
elastic_net_residual_bootstrap,Elastic Net,shared_publication_held_out,test,0.9,252,210.0,163.80499383303365,134.56519385039408,199.08955801749678,46.19500616696635,46.19500616696635,2133.9785947660594,64.5243641671027,32.26218208355135,22.07956659407644,False,above_interval_underprediction,1.431862421684073,282.733203817167,shared_semantic_recoding_50_percent,shared_publication_test,1451,115,311,25,311,25,1824,1824,,shared_semantic_dataset,,Ref-144-Research,Ref-144-Research
bayesian_ridge_native,Bayesian Ridge,shared_publication_held_out,test,0.9,36,189.0,130.89086604444984,90.2213117006082,171.56042038829148,58.10913395555016,58.10913395555016,3376.671449064073,81.33910868768328,40.66955434384164,24.725333414145496,False,above_interval_underprediction,1.4288116723449984,430.1307009218538,shared_semantic_recoding_50_percent,shared_publication_test,1451,115,311,25,311,25,511,511,,shared_semantic_dataset,,Ref-48-Research,Ref-48-Research
bayesian_ridge_native,Bayesian Ridge,shared_publication_held_out,test,0.9,16,100.0,150.8487259803916,115.25995329645946,186.43749866432375,-50.848725980391606,50.848725980391606,2585.5929338289525,71.1775453678643,35.58877268393215,21.636437492551508,False,below_interval_overprediction,1.4287856013463798,376.3766112970535,shared_semantic_recoding_50_percent,shared_publication_test,1451,115,311,25,311,25,491,491,,shared_semantic_dataset,,Ref-48-Research,Ref-48-Research
bayesian_ridge_native,Bayesian Ridge,shared_publication_held_out,test,0.9,158,201.0,150.7396490015604,115.38404369240297,186.09525431071782,50.260350998439606,50.260350998439606,2526.1028824863492,70.71121061831485,35.355605309157426,21.49468179407828,False,above_interval_underprediction,1.421566695265198,368.8061244039585,shared_semantic_recoding_50_percent,shared_publication_test,1451,115,311,25,311,25,1275,1275,,shared_semantic_dataset,,Ref-111-Research,Ref-111-Research
elastic_net_split_conformal,Elastic Net,shared_publication_held_out,test,0.9,56,208.0,141.72206159149815,95.00115694218218,188.44296624081412,66.27793840850185,66.27793840850185,4392.765119681165,93.44180929863194,46.72090464931597,46.72090464931597,False,above_interval_underprediction,1.4185927885168255,484.5824844823497,shared_semantic_recoding_50_percent,shared_publication_test,1451,115,311,25,311,25,531,531,,shared_semantic_dataset,,Ref-48-Research,Ref-48-Research
bayesian_ridge_native,Bayesian Ridge,shared_publication_held_out,test,0.9,56,208.0,150.23136960356334,109.48282560594787,190.9799136011788,57.76863039643666,57.76863039643666,3337.214657880106,81.49708799523093,40.748543997615464,24.77335571380765,False,above_interval_underprediction,1.417685755835035,421.8988159716551,shared_semantic_recoding_50_percent,shared_publication_test,1451,115,311,25,311,25,531,531,,shared_semantic_dataset,,Ref-48-Research,Ref-48-Research
elastic_net_residual_bootstrap,Elastic Net,shared_publication_held_out,test,0.9,74,227.0,178.39297460236807,140.67615930758814,209.2735758078323,48.60702539763193,48.60702539763193,2362.6429180060354,68.59741650024415,34.298708250122075,20.0673131322932,False,above_interval_underprediction,1.417167814110286,423.12590034359846,shared_semantic_recoding_50_percent,shared_publication_test,1451,115,311,25,311,25,549,549,,shared_semantic_dataset,,Ref-48-Research,Ref-48-Research
elastic_net_residual_bootstrap,Elastic Net,shared_publication_held_out,test,0.9,121,262.0,216.37242022749888,182.52042798272154,246.99993966569747,45.62757977250112,45.62757977250112,2081.8760358959535,64.47951168297593,32.23975584148796,21.872626993151613,False,above_interval_underprediction,1.4152582295237155,364.4807183690266,shared_semantic_recoding_50_percent,shared_publication_test,1451,115,311,25,311,25,781,781,,shared_semantic_dataset,,Ref-65-Research,Ref-65-Research
bayesian_ridge_native,Bayesian Ridge,shared_publication_held_out,test,0.9,87,90.0,139.5275245267701,104.19490391984962,174.86014513369057,-49.527524526770094,49.527524526770094,2452.9756857498132,70.66524121384094,35.33262060692047,21.480708087323865,False,below_interval_overprediction,1.4017506676838263,354.56331961083345,shared_semantic_recoding_50_percent,shared_publication_test,1451,115,311,25,311,25,633,633,,shared_semantic_dataset,,Ref-55-Research,Ref-55-Research
bayesian_ridge_conformalized,Bayesian Ridge,shared_publication_held_out,test,0.9,154,105.0,173.69220937424737,124.64959275624781,222.73482599224693,-68.69220937424737,68.69220937424737,4718.619628715438,98.08523323599911,49.042616617999556,21.952914147923064,False,below_interval_overprediction,1.4006636291309964,491.07708836095543,shared_semantic_recoding_50_percent,shared_publication_test,1451,115,311,25,311,25,1253,1253,,shared_semantic_dataset,,Ref-108-Research,Ref-108-Research
elastic_net_residual_bootstrap,Elastic Net,shared_publication_held_out,test,0.9,134,268.0,218.46232378413663,179.67120464110715,250.93157653012025,49.53767621586337,49.53767621586337,2453.9813648677155,71.2603718890131,35.63018594450655,22.654420267537432,False,above_interval_underprediction,1.3903288715084876,412.6288412866081,shared_semantic_recoding_50_percent,shared_publication_test,1451,115,311,25,311,25,794,794,,shared_semantic_dataset,,Ref-65-Research,Ref-65-Research
bayesian_ridge_native,Bayesian Ridge,shared_publication_held_out,test,0.9,91,101.0,149.85785210786855,114.6300337098574,185.0856705058797,-48.85785210786855,48.85785210786855,2387.0897125943557,70.4556367960223,35.22781839801115,21.416992868418006,False,below_interval_overprediction,1.3869110927012984,343.05631099317037,shared_semantic_recoding_50_percent,shared_publication_test,1451,115,311,25,311,25,637,637,,shared_semantic_dataset,,Ref-55-Research,Ref-55-Research
bayesian_ridge_native,Bayesian Ridge,shared_publication_held_out,test,0.9,76,219.0,162.460245501608,121.61042846678521,203.3100625364308,56.539754498392,56.539754498392,3196.743838738438,81.69963406964558,40.84981703482279,24.8349253486663,False,above_interval_underprediction,1.3840883167284246,395.4983833410298,shared_semantic_recoding_50_percent,shared_publication_test,1451,115,311,25,311,25,551,551,,shared_semantic_dataset,,Ref-48-Research,Ref-48-Research
elastic_net_residual_bootstrap,Elastic Net,shared_publication_held_out,test,0.9,211,194.0,146.8445378040049,117.08908333971927,185.3846418697769,47.15546219599511,47.15546219599511,2223.637614917924,68.29555853005765,34.147779265028824,22.60671125785056,False,above_interval_underprediction,1.380923246282303,240.6027211345194,shared_semantic_recoding_50_percent,shared_publication_test,1451,115,311,25,311,25,1783,1783,,shared_semantic_dataset,,Ref-144-Research,Ref-144-Research
elastic_net_split_conformal,Elastic Net,shared_publication_held_out,test,0.9,259,229.0,164.91735076463488,118.1964461153189,211.63825541395084,64.08264923536512,64.08264923536512,4106.585933022842,93.44180929863194,46.72090464931597,46.72090464931597,False,above_interval_underprediction,1.3716054883004785,440.6767010196151,shared_semantic_recoding_50_percent,shared_publication_test,1451,115,311,25,311,25,1831,1831,,shared_semantic_dataset,,Ref-144-Research,Ref-144-Research
elastic_net_residual_bootstrap,Elastic Net,shared_publication_held_out,test,0.9,87,90.0,142.22194635895522,106.16075814173483,183.21950972060256,-52.22194635895522,52.22194635895522,2727.1316815175965,77.05875157886773,38.529375789433864,22.047267915273782,False,below_interval_overprediction,1.3553800259924365,400.2739144135644,shared_semantic_recoding_50_percent,shared_publication_test,1451,115,311,25,311,25,633,633,,shared_semantic_dataset,,Ref-55-Research,Ref-55-Research
elastic_net_split_conformal,Elastic Net,shared_publication_held_out,test,0.9,36,189.0,125.68359233505726,78.96268768574129,172.40449698437322,63.316407664942744,63.316407664942744,4008.96747959322,93.44180929863194,46.72090464931597,46.72090464931597,False,above_interval_underprediction,1.355205087319938,425.3518696111675,shared_semantic_recoding_50_percent,shared_publication_test,1451,115,311,25,311,25,511,511,,shared_semantic_dataset,,Ref-48-Research,Ref-48-Research
elastic_net_split_conformal,Elastic Net,shared_publication_held_out,test,0.9,157,192.0,128.78414225890876,82.06323760959279,175.50504690822473,63.21585774109124,63.21585774109124,3996.2446699418856,93.44180929863194,46.72090464931597,46.72090464931597,False,above_interval_underprediction,1.3530529474029944,423.34087113413744,shared_semantic_recoding_50_percent,shared_publication_test,1451,115,311,25,311,25,1274,1274,,shared_semantic_dataset,,Ref-111-Research,Ref-111-Research
bayesian_ridge_native,Bayesian Ridge,shared_publication_held_out,test,0.9,211,194.0,146.21565321723835,110.76848382877651,181.6628226057002,47.784346782761645,47.784346782761645,2283.343797455223,70.89433877692369,35.447169388461845,21.55034880164912,False,above_interval_underprediction,1.3480440781913487,317.63788666291975,shared_semantic_recoding_50_percent,shared_publication_test,1451,115,311,25,311,25,1783,1783,,shared_semantic_dataset,,Ref-144-Research,Ref-144-Research
bayesian_ridge_native,Bayesian Ridge,shared_publication_held_out,test,0.9,129,270.0,222.07170889893132,186.5135079702162,257.62990982764643,47.92829110106868,47.92829110106868,2297.1210878687793,71.11640185743022,35.55820092871511,21.61785118510377,False,above_interval_underprediction,1.3478829032197766,318.5182053045017,shared_semantic_recoding_50_percent,shared_publication_test,1451,115,311,25,311,25,789,789,,shared_semantic_dataset,,Ref-65-Research,Ref-65-Research
elastic_net_residual_bootstrap,Elastic Net,shared_publication_held_out,test,0.9,55,210.0,161.67965962547825,120.21714961691849,191.920487803783,48.32034037452175,48.32034037452175,2334.8552939096367,71.70333818686451,35.85166909343226,22.247597397873143,False,above_interval_underprediction,1.3477849594281135,433.2935821112045,shared_semantic_recoding_50_percent,shared_publication_test,1451,115,311,25,311,25,530,530,,shared_semantic_dataset,,Ref-48-Research,Ref-48-Research
elastic_net_bootstrap_conformalized,Elastic Net,shared_publication_held_out,test,0.9,130,281.0,220.35089077233062,167.8896771090281,258.1362901967175,60.649109227669385,60.649109227669385,3678.3144501097718,90.24661308768938,45.12330654384469,20.478711769405336,False,above_interval_underprediction,1.344075021823563,547.5208091533398,shared_semantic_recoding_50_percent,shared_publication_test,1451,115,311,25,311,25,790,790,,shared_semantic_dataset,,Ref-65-Research,Ref-65-Research
bayesian_ridge_native,Bayesian Ridge,shared_publication_held_out,test,0.9,224,208.0,160.1069431279665,124.4642674065629,195.7496188493701,47.8930568720335,47.8930568720335,2293.744896547835,71.28535144280721,35.642675721403606,21.66920821244308,False,above_interval_underprediction,1.3436998177797712,316.2929744554051,shared_semantic_recoding_50_percent,shared_publication_test,1451,115,311,25,311,25,1796,1796,,shared_semantic_dataset,,Ref-144-Research,Ref-144-Research
bayesian_ridge_native,Bayesian Ridge,shared_publication_held_out,test,0.9,233,211.0,163.27831840718784,127.70790398620704,198.84873282816864,47.72168159281216,47.72168159281216,2277.358894045747,71.14082884196159,35.570414420980796,21.625276461168205,False,above_interval_underprediction,1.341611627798862,314.16617227858893,shared_semantic_recoding_50_percent,shared_publication_test,1451,115,311,25,311,25,1805,1805,,shared_semantic_dataset,,Ref-144-Research,Ref-144-Research
elastic_net_bootstrap_conformalized,Elastic Net,shared_publication_held_out,test,0.9,56,208.0,141.72206159149815,88.81864673134626,187.81784217631304,66.27793840850185,66.27793840850185,4392.765119681165,98.99919544496677,49.49959772248339,24.406895009327513,False,above_interval_underprediction,1.3389591321546743,502.64235191870614,shared_semantic_recoding_50_percent,shared_publication_test,1451,115,311,25,311,25,531,531,,shared_semantic_dataset,,Ref-48-Research,Ref-48-Research
elastic_net_split_conformal,Elastic Net,shared_publication_held_out,test,0.9,286,83.0,145.52292398387618,98.80201933456021,192.24382863319215,-62.52292398387618,62.52292398387618,3909.1160234935596,93.44180929863194,46.72090464931597,46.72090464931597,False,below_interval_overprediction,1.3382216045080704,409.48219598983627,shared_semantic_recoding_50_percent,shared_publication_test,1451,115,311,25,311,25,2009,2009,,shared_semantic_dataset,,Ref-161-Research,Ref-161-Research
elastic_net_split_conformal,Elastic Net,shared_publication_held_out,test,0.9,76,219.0,156.64893645730328,109.92803180798731,203.36984110661925,62.35106354269672,62.35106354269672,3887.655124905404,93.44180929863194,46.72090464931597,46.72090464931597,False,above_interval_underprediction,1.3345431560176262,406.04498716624704,shared_semantic_recoding_50_percent,shared_publication_test,1451,115,311,25,311,25,551,551,,shared_semantic_dataset,,Ref-48-Research,Ref-48-Research
bayesian_ridge_conformalized,Bayesian Ridge,shared_publication_held_out,test,0.9,259,229.0,164.47361068020524,116.0857723162257,212.86144904418478,64.52638931979476,64.52638931979476,4163.654918649723,96.77567672795908,48.38783836397954,21.65981618970456,False,above_interval_underprediction,1.3335249414205892,419.5466958442635,shared_semantic_recoding_50_percent,shared_publication_test,1451,115,311,25,311,25,1831,1831,,shared_semantic_dataset,,Ref-144-Research,Ref-144-Research
elastic_net_bootstrap_conformalized,Elastic Net,shared_publication_held_out,test,0.9,286,83.0,145.52292398387618,100.0723614902698,193.90798643435548,-62.52292398387618,62.52292398387618,3909.1160234935596,93.83562494408568,46.91781247204284,20.925711276432946,False,below_interval_overprediction,1.3326052663075894,435.2828547494817,shared_semantic_recoding_50_percent,shared_publication_test,1451,115,311,25,311,25,2009,2009,,shared_semantic_dataset,,Ref-161-Research,Ref-161-Research
elastic_net_residual_bootstrap,Elastic Net,shared_publication_held_out,test,0.9,145,188.0,142.4015189908702,104.76768638786861,173.27248561316102,45.59848100912981,45.59848100912981,2079.2214703399723,68.50479922529242,34.25239961264621,20.844507170703228,False,above_interval_underprediction,1.331249241652972,363.055086962072,shared_semantic_recoding_50_percent,shared_publication_test,1451,115,311,25,311,25,1069,1069,,shared_semantic_dataset,,Ref-89-Research,Ref-89-Research
elastic_net_residual_bootstrap,Elastic Net,shared_publication_held_out,test,0.9,34,196.0,147.42763048012205,110.01874514454325,183.028282537017,48.57236951987795,48.57236951987795,2359.2750807755688,73.00953739247375,36.50476869623687,22.761991950309426,False,above_interval_underprediction,1.330576011152348,332.443886652134,shared_semantic_recoding_50_percent,shared_publication_test,1451,115,311,25,311,25,509,509,,shared_semantic_dataset,,Ref-48-Research,Ref-48-Research
bayesian_ridge_native,Bayesian Ridge,shared_publication_held_out,test,0.9,216,196.0,148.7770864390345,113.27606229375621,184.27811058431277,47.22291356096551,47.22291356096551,2230.00356518642,71.00204829055656,35.50102414527828,21.58309016898662,False,above_interval_underprediction,1.3301845424999175,305.43983660430115,shared_semantic_recoding_50_percent,shared_publication_test,1451,115,311,25,311,25,1788,1788,,shared_semantic_dataset,,Ref-144-Research,Ref-144-Research
elastic_net_residual_bootstrap,Elastic Net,shared_publication_held_out,test,0.9,287,100.0,144.87818329934092,116.06725081211829,183.82569721236675,-44.87818329934092,44.87818329934092,2014.051336249242,67.75844640024846,33.87922320012423,20.6121845413417,False,below_interval_overprediction,1.3246520746430914,389.1034626426143,shared_semantic_recoding_50_percent,shared_publication_test,1451,115,311,25,311,25,2010,2010,,shared_semantic_dataset,,Ref-161-Research,Ref-161-Research
elastic_net_residual_bootstrap,Elastic Net,shared_publication_held_out,test,0.9,158,201.0,149.98311505154817,114.73714634823625,192.0661373818596,51.01688494845183,51.01688494845183,2602.722549843571,77.32899103362334,38.66449551681167,22.20053993339672,False,above_interval_underprediction,1.319476286099976,256.00624339643156,shared_semantic_recoding_50_percent,shared_publication_test,1451,115,311,25,311,25,1275,1275,,shared_semantic_dataset,,Ref-111-Research,Ref-111-Research
bayesian_ridge_native,Bayesian Ridge,shared_publication_held_out,test,0.9,252,210.0,163.002622888258,127.30132417765392,198.70392159886208,46.997377111742,46.997377111742,2208.7534553832907,71.40259742120816,35.70129871060408,21.704848459234597,False,above_interval_underprediction,1.316405251604551,297.32416544396654,shared_semantic_recoding_50_percent,shared_publication_test,1451,115,311,25,311,25,1824,1824,,shared_semantic_dataset,,Ref-144-Research,Ref-144-Research
elastic_net_residual_bootstrap,Elastic Net,shared_publication_held_out,test,0.9,216,196.0,149.27928772563553,121.64662390975758,192.88059171213237,46.72071227436447,46.72071227436447,2182.824955423951,71.23396780237479,35.616983901187396,21.288423566520624,False,above_interval_underprediction,1.3117537521981726,133.6221335597274,shared_semantic_recoding_50_percent,shared_publication_test,1451,115,311,25,311,25,1788,1788,,shared_semantic_dataset,,Ref-144-Research,Ref-144-Research
bayesian_ridge_native,Bayesian Ridge,shared_publication_held_out,test,0.9,98,141.0,187.7074717558539,152.06476396551798,223.35017954618982,-46.7074717558539,46.7074717558539,2181.58791782389,71.28541558067184,35.64270779033592,21.66922770896956,False,below_interval_overprediction,1.3104355603565578,292.5806948910315,shared_semantic_recoding_50_percent,shared_publication_test,1451,115,311,25,311,25,758,758,,shared_semantic_dataset,,Ref-64-Research,Ref-64-Research
elastic_net_residual_bootstrap,Elastic Net,shared_publication_held_out,test,0.9,265,214.0,167.43315764482884,136.02045186711058,207.10534722988848,46.56684235517116,46.56684235517116,2168.470806931363,71.0848953627779,35.54244768138895,21.171688152661403,False,above_interval_underprediction,1.3101754491589195,208.97795076500833,shared_semantic_recoding_50_percent,shared_publication_test,1451,115,311,25,311,25,1837,1837,,shared_semantic_dataset,,Ref-144-Research,Ref-144-Research
elastic_net_residual_bootstrap,Elastic Net,shared_publication_held_out,test,0.9,273,210.0,167.87047880358801,138.749462631176,203.5478558227566,42.129521196411986,42.129521196411986,1774.896556238927,64.7983931915806,32.3991965957903,20.144876401297182,False,above_interval_underprediction,1.3003261075271837,193.84127673644886,shared_semantic_recoding_50_percent,shared_publication_test,1451,115,311,25,311,25,1845,1845,,shared_semantic_dataset,,Ref-144-Research,Ref-144-Research
bayesian_ridge_conformalized,Bayesian Ridge,shared_publication_held_out,test,0.9,157,192.0,129.61500625795526,81.57622838809073,177.6537841278198,62.38499374204474,62.38499374204474,3891.8874441949615,96.07755573972906,48.03877786986453,21.50356647082382,False,above_interval_underprediction,1.29863823578201,383.0018731833333,shared_semantic_recoding_50_percent,shared_publication_test,1451,115,311,25,311,25,1274,1274,,shared_semantic_dataset,,Ref-111-Research,Ref-111-Research
elastic_net_split_conformal,Elastic Net,shared_publication_held_out,test,0.9,130,281.0,220.35089077233062,173.62998612301465,267.0717954216466,60.649109227669385,60.649109227669385,3678.3144501097718,93.44180929863194,46.72090464931597,46.72090464931597,False,above_interval_underprediction,1.298115044708522,372.0059008657003,shared_semantic_recoding_50_percent,shared_publication_test,1451,115,311,25,311,25,790,790,,shared_semantic_dataset,,Ref-65-Research,Ref-65-Research
elastic_net_bootstrap_conformalized,Elastic Net,shared_publication_held_out,test,0.9,157,192.0,128.78414225890876,81.32025112283506,178.7665682957478,63.21585774109124,63.21585774109124,3996.2446699418856,97.44631717291273,48.723158586456364,21.118421420738642,False,above_interval_underprediction,1.2974499103730814,362.11495125795705,shared_semantic_recoding_50_percent,shared_publication_test,1451,115,311,25,311,25,1274,1274,,shared_semantic_dataset,,Ref-111-Research,Ref-111-Research
bayesian_ridge_native,Bayesian Ridge,shared_publication_held_out,test,0.9,265,214.0,168.0516616702771,132.59403151361786,203.50929182693633,45.9483383297229,45.9483383297229,2111.2497952626827,70.91526031331847,35.457630156659235,21.556708497141763,False,above_interval_underprediction,1.2958660273321574,280.72942377459185,shared_semantic_recoding_50_percent,shared_publication_test,1451,115,311,25,311,25,1837,1837,,shared_semantic_dataset,,Ref-144-Research,Ref-144-Research
elastic_net_bootstrap_conformalized,Elastic Net,shared_publication_held_out,test,0.9,76,219.0,156.64893645730328,108.50211893415161,205.018358273713,62.35106354269672,62.35106354269672,3887.655124905404,96.5162393395614,48.2581196697807,22.613430479795877,False,above_interval_underprediction,1.2920325940867738,376.1490738653014,shared_semantic_recoding_50_percent,shared_publication_test,1451,115,311,25,311,25,551,551,,shared_semantic_dataset,,Ref-48-Research,Ref-48-Research
elastic_net_residual_bootstrap,Elastic Net,shared_publication_held_out,test,0.9,51,212.0,168.82542006981706,136.15307329830256,203.1079005259435,43.174579930182944,43.174579930182944,1864.044352147756,66.95482722764095,33.477413613820474,22.087879359593114,False,above_interval_underprediction,1.289662947927351,244.79681670877085,shared_semantic_recoding_50_percent,shared_publication_test,1451,115,311,25,311,25,526,526,,shared_semantic_dataset,,Ref-48-Research,Ref-48-Research
bayesian_ridge_native,Bayesian Ridge,shared_publication_held_out,test,0.9,32,205.0,156.37926789378113,118.64440535864469,194.11413042891758,48.62073210621887,48.62073210621887,2363.9755905447023,75.46972507027289,37.73486253513644,22.94116747948767,False,above_interval_underprediction,1.2884830853947369,293.1871164919214,shared_semantic_recoding_50_percent,shared_publication_test,1451,115,311,25,311,25,507,507,,shared_semantic_dataset,,Ref-48-Research,Ref-48-Research
elastic_net_bootstrap_conformalized,Elastic Net,shared_publication_held_out,test,0.9,269,225.0,165.89532658284153,125.30896329068119,217.08711128922147,59.104673417158466,59.104673417158466,3493.3624197489585,91.77814799854028,45.88907399927014,20.670880377312816,False,above_interval_underprediction,1.2879901088895043,250.03592221411094,shared_semantic_recoding_50_percent,shared_publication_test,1451,115,311,25,311,25,1841,1841,,shared_semantic_dataset,,Ref-144-Research,Ref-144-Research
bayesian_ridge_conformalized,Bayesian Ridge,shared_publication_held_out,test,0.9,19,116.0,178.11407841044752,129.6463409562562,226.58181586463883,-62.11407841044752,62.11407841044752,3858.1587367792226,96.93547490838262,48.46773745419131,21.695581366786744,False,below_interval_overprediction,1.281555147259636,369.8622940335069,shared_semantic_recoding_50_percent,shared_publication_test,1451,115,311,25,311,25,494,494,,shared_semantic_dataset,,Ref-48-Research,Ref-48-Research
elastic_net_bootstrap_conformalized,Elastic Net,shared_publication_held_out,test,0.9,36,189.0,125.68359233505726,79.58907319893885,178.49128130112496,63.316407664942744,63.316407664942744,4008.96747959322,98.90220810218611,49.451104051093054,22.97043704593492,False,above_interval_underprediction,1.2803841062784769,309.076582079687,shared_semantic_recoding_50_percent,shared_publication_test,1451,115,311,25,311,25,511,511,,shared_semantic_dataset,,Ref-48-Research,Ref-48-Research
bayesian_ridge_native,Bayesian Ridge,shared_publication_held_out,test,0.9,109,167.0,212.85211801409642,177.00027235742152,248.70396367077132,-45.85211801409642,45.85211801409642,2102.4167263786253,71.7036913133498,35.8518456566749,21.796374503621806,False,below_interval_overprediction,1.278933264780461,271.7091384617803,shared_semantic_recoding_50_percent,shared_publication_test,1451,115,311,25,311,25,769,769,,shared_semantic_dataset,,Ref-65-Research,Ref-65-Research
elastic_net_split_conformal,Elastic Net,shared_publication_held_out,test,0.9,264,223.0,163.4605766612109,116.73967201189492,210.18148131052686,59.539423338789106,59.539423338789106,3544.942931515545,93.44180929863194,46.72090464931597,46.72090464931597,False,above_interval_underprediction,1.2743636662365185,349.81218308809474,shared_semantic_recoding_50_percent,shared_publication_test,1451,115,311,25,311,25,1836,1836,,shared_semantic_dataset,,Ref-144-Research,Ref-144-Research
elastic_net_residual_bootstrap,Elastic Net,shared_publication_held_out,test,0.9,106,262.0,216.37242022749888,179.13531100527553,250.88088201103926,45.62757977250112,45.62757977250112,2081.8760358959535,71.74557100576374,35.87278550288187,22.450505276313553,False,above_interval_underprediction,1.271927427236884,294.1279307849785,shared_semantic_recoding_50_percent,shared_publication_test,1451,115,311,25,311,25,766,766,,shared_semantic_dataset,,Ref-65-Research,Ref-65-Research
elastic_net_residual_bootstrap,Elastic Net,shared_publication_held_out,test,0.9,16,100.0,145.103834830711,104.68250182177252,175.8931500532524,-45.10383483071101,45.10383483071101,2034.3559164360595,71.2106482314799,35.60532411573995,21.233557671770825,False,below_interval_overprediction,1.2667722019351617,164.8606846669303,shared_semantic_recoding_50_percent,shared_publication_test,1451,115,311,25,311,25,491,491,,shared_semantic_dataset,,Ref-48-Research,Ref-48-Research
elastic_net_split_conformal,Elastic Net,shared_publication_held_out,test,0.9,269,225.0,165.89532658284153,119.17442193352557,212.6162312321575,59.104673417158466,59.104673417158466,3493.3624197489585,93.44180929863194,46.72090464931597,46.72090464931597,False,above_interval_underprediction,1.2650584114497407,341.11718465548194,shared_semantic_recoding_50_percent,shared_publication_test,1451,115,311,25,311,25,1841,1841,,shared_semantic_dataset,,Ref-144-Research,Ref-144-Research
bayesian_ridge_conformalized,Bayesian Ridge,shared_publication_held_out,test,0.9,286,83.0,143.90600540239745,95.6916319361573,192.1203788686376,-60.906005402397454,60.906005402397454,3709.541494076868,96.42874693248031,48.214373466240154,21.582168211877185,False,below_interval_overprediction,1.2632333684693429,350.2613856556262,shared_semantic_recoding_50_percent,shared_publication_test,1451,115,311,25,311,25,2009,2009,,shared_semantic_dataset,,Ref-161-Research,Ref-161-Research
elastic_net_residual_bootstrap,Elastic Net,shared_publication_held_out,test,0.9,146,185.0,140.905435177849,109.78483885638903,179.67909774353615,44.094564822151,44.094564822151,1944.3306468548765,69.89425888714712,34.94712944357356,21.062163350710158,False,above_interval_underprediction,1.2617506938115504,176.3123040164242,shared_semantic_recoding_50_percent,shared_publication_test,1451,115,311,25,311,25,1070,1070,,shared_semantic_dataset,,Ref-89-Research,Ref-89-Research
elastic_net_bootstrap_conformalized,Elastic Net,shared_publication_held_out,test,0.9,264,223.0,163.4605766612109,118.43859933860128,212.83887600476908,59.539423338789106,59.539423338789106,3544.942931515545,94.4002766661678,47.2001383330839,22.62738956963278,False,above_interval_underprediction,1.2614247636019376,297.6227565707863,shared_semantic_recoding_50_percent,shared_publication_test,1451,115,311,25,311,25,1836,1836,,shared_semantic_dataset,,Ref-144-Research,Ref-144-Research
elastic_net_residual_bootstrap,Elastic Net,shared_publication_held_out,test,0.9,291,110.0,153.13256634654357,121.47298523639188,189.91744576532594,-43.13256634654357,43.13256634654357,1860.418279638983,68.44446052893406,34.22223026446703,21.42147558328393,False,below_interval_overprediction,1.2603669022509076,297.90416525677165,shared_semantic_recoding_50_percent,shared_publication_test,1451,115,311,25,311,25,2014,2014,,shared_semantic_dataset,,Ref-161-Research,Ref-161-Research
elastic_net_residual_bootstrap,Elastic Net,shared_publication_held_out,test,0.9,3,187.0,146.4895343755065,120.05485534713596,184.54693470283354,40.51046562449349,40.51046562449349,1641.0978251132688,64.49207935569758,32.24603967784879,20.380903730914714,False,above_interval_underprediction,1.2562927425882284,113.55338529902681,shared_semantic_recoding_50_percent,shared_publication_test,1451,115,311,25,311,25,119,119,,shared_semantic_dataset,,Ref-9-Research,Ref-9-Research
elastic_net_residual_bootstrap,Elastic Net,shared_publication_held_out,test,0.9,274,205.0,165.8060173587927,138.26369051398626,200.86644398299507,39.1939826412073,39.1939826412073,1536.168275279259,62.6027534690088,31.3013767345044,20.483109786659085,False,above_interval_underprediction,1.2521488423224099,145.2738738091075,shared_semantic_recoding_50_percent,shared_publication_test,1451,115,311,25,311,25,1846,1846,,shared_semantic_dataset,,Ref-144-Research,Ref-144-Research
elastic_net_residual_bootstrap,Elastic Net,shared_publication_held_out,test,0.9,31,198.0,152.78695081337617,121.78781140887854,194.18378568140142,45.213049186623834,45.213049186623834,2044.2198167520662,72.39597427252288,36.19798713626144,21.276796966554404,False,above_interval_underprediction,1.2490487113669237,148.72026064449454,shared_semantic_recoding_50_percent,shared_publication_test,1451,115,311,25,311,25,506,506,,shared_semantic_dataset,,Ref-48-Research,Ref-48-Research
bayesian_ridge_conformalized,Bayesian Ridge,shared_publication_held_out,test,0.9,23,130.0,190.3429543084922,141.61503200253554,239.07087661444888,-60.34295430849221,60.34295430849221,3641.2721346767785,97.45584461191334,48.72792230595667,21.812047740469147,False,below_interval_overprediction,1.2383650164602993,329.7564846626242,shared_semantic_recoding_50_percent,shared_publication_test,1451,115,311,25,311,25,498,498,,shared_semantic_dataset,,Ref-48-Research,Ref-48-Research
bayesian_ridge_conformalized,Bayesian Ridge,shared_publication_held_out,test,0.9,264,223.0,163.27831840718784,114.96764149217513,211.58899532220056,59.72168159281216,59.72168159281216,3566.679252273239,96.62135383002543,48.31067691501271,21.625276461168205,False,above_interval_underprediction,1.2362004717481703,324.84144738601424,shared_semantic_recoding_50_percent,shared_publication_test,1451,115,311,25,311,25,1836,1836,,shared_semantic_dataset,,Ref-144-Research,Ref-144-Research
elastic_net_bootstrap_conformalized,Elastic Net,shared_publication_held_out,test,0.9,129,270.0,216.37242022749888,173.07849298083744,260.4504536921363,53.62757977250112,53.62757977250112,2875.9173122559714,87.37196071129887,43.685980355649434,19.88904003690201,False,above_interval_underprediction,1.2275695620406524,278.3628868685728,shared_semantic_recoding_50_percent,shared_publication_test,1451,115,311,25,311,25,789,789,,shared_semantic_dataset,,Ref-65-Research,Ref-65-Research
bayesian_ridge_conformalized,Bayesian Ridge,shared_publication_held_out,test,0.9,269,225.0,165.839751628984,117.45191403083997,214.22758922712802,59.160248371015996,59.160248371015996,3499.934987320301,96.77567519628805,48.387837598144024,21.659815846894116,False,above_interval_underprediction,1.2226264141484422,312.22389065372766,shared_semantic_recoding_50_percent,shared_publication_test,1451,115,311,25,311,25,1841,1841,,shared_semantic_dataset,,Ref-144-Research,Ref-144-Research
elastic_net_split_conformal,Elastic Net,shared_publication_held_out,test,0.9,154,105.0,162.10037046583037,115.3794658165144,208.82127511514634,-57.100370465830366,57.100370465830366,3260.452307335073,93.44180929863194,46.72090464931597,46.72090464931597,False,below_interval_overprediction,1.2221589221018296,301.0311256289199,shared_semantic_recoding_50_percent,shared_publication_test,1451,115,311,25,311,25,1253,1253,,shared_semantic_dataset,,Ref-108-Research,Ref-108-Research
elastic_net_bootstrap_conformalized,Elastic Net,shared_publication_held_out,test,0.9,154,105.0,162.10037046583037,110.11754156359399,203.71160800711667,-57.100370465830366,57.100370465830366,3260.452307335073,93.59406644352268,46.79703322176134,21.80369323866996,False,below_interval_overprediction,1.2201707359362648,195.94489771540248,shared_semantic_recoding_50_percent,shared_publication_test,1451,115,311,25,311,25,1253,1253,,shared_semantic_dataset,,Ref-108-Research,Ref-108-Research
bayesian_ridge_native,Bayesian Ridge,shared_publication_held_out,test,0.9,72,234.0,187.94864735093932,150.02093758496227,225.87635711691638,46.051352649060675,46.051352649060675,2120.7270808081475,75.85541953195411,37.927709765977056,23.058410270992486,False,above_interval_underprediction,1.2141875408035028,238.32827719362652,shared_semantic_recoding_50_percent,shared_publication_test,1451,115,311,25,311,25,547,547,,shared_semantic_dataset,,Ref-48-Research,Ref-48-Research
bayesian_ridge_native,Bayesian Ridge,shared_publication_held_out,test,0.9,287,100.0,143.02455351354052,107.58220561800314,178.4669014090779,-43.024553513540525,43.024553513540525,1851.1122050395122,70.88469579107476,35.44234789553738,21.54741754208567,False,below_interval_overprediction,1.2139306809004557,222.52880815113767,shared_semantic_recoding_50_percent,shared_publication_test,1451,115,311,25,311,25,2010,2010,,shared_semantic_dataset,,Ref-161-Research,Ref-161-Research
elastic_net_residual_bootstrap,Elastic Net,shared_publication_held_out,test,0.9,75,221.0,176.60653449128336,139.54403502375365,213.06937484484143,44.393465508716645,44.393465508716645,1970.7797798736144,73.52533982108778,36.76266991054389,23.53857105429356,False,above_interval_underprediction,1.207569135123784,232.13784292425913,shared_semantic_recoding_50_percent,shared_publication_test,1451,115,311,25,311,25,550,550,,shared_semantic_dataset,,Ref-48-Research,Ref-48-Research
bayesian_ridge_native,Bayesian Ridge,shared_publication_held_out,test,0.9,291,110.0,152.77230191673416,117.3418831857286,188.20272064773974,-42.772301916734165,42.772301916734165,1829.4698112562612,70.86083746201113,35.43041873100557,21.540165125009555,False,below_interval_overprediction,1.2072197690202184,217.69850117658325,shared_semantic_recoding_50_percent,shared_publication_test,1451,115,311,25,311,25,2014,2014,,shared_semantic_dataset,,Ref-161-Research,Ref-161-Research
elastic_net_residual_bootstrap,Elastic Net,shared_publication_held_out,test,0.9,50,209.0,170.61186018090177,137.99260116607195,201.64751225990733,38.38813981909823,38.38813981909823,1473.649278770635,63.65491109383538,31.82745554691769,19.144729102761126,False,above_interval_underprediction,1.206132854777199,210.7046658956888,shared_semantic_recoding_50_percent,shared_publication_test,1451,115,311,25,311,25,525,525,,shared_semantic_dataset,,Ref-48-Research,Ref-48-Research
bayesian_ridge_native,Bayesian Ridge,shared_publication_held_out,test,0.9,33,201.0,155.03055134144225,116.69537442920802,193.36572825367648,45.96944865855775,45.96944865855775,2113.190209971777,76.67035382446846,38.33517691223423,23.306132706339127,False,above_interval_underprediction,1.1991453375525478,229.3557887509389,shared_semantic_recoding_50_percent,shared_publication_test,1451,115,311,25,311,25,508,508,,shared_semantic_dataset,,Ref-48-Research,Ref-48-Research
elastic_net_split_conformal,Elastic Net,shared_publication_held_out,test,0.9,23,130.0,185.56802686042545,138.84712221110948,232.28893150974142,-55.56802686042545,55.56802686042545,3087.805609160964,93.44180929863194,46.72090464931597,46.72090464931597,False,below_interval_overprediction,1.189361106714765,270.3842535208215,shared_semantic_recoding_50_percent,shared_publication_test,1451,115,311,25,311,25,498,498,,shared_semantic_dataset,,Ref-48-Research,Ref-48-Research
elastic_net_residual_bootstrap,Elastic Net,shared_publication_held_out,test,0.9,122,262.0,220.82416443548033,180.8361172474401,250.08815339540158,41.17583556451967,41.17583556451967,1695.4494344363632,69.25203614796149,34.626018073980745,21.013395110580742,False,above_interval_underprediction,1.1891588422481851,307.48896823993,shared_semantic_recoding_50_percent,shared_publication_test,1451,115,311,25,311,25,782,782,,shared_semantic_dataset,,Ref-65-Research,Ref-65-Research
elastic_net_bootstrap_conformalized,Elastic Net,shared_publication_held_out,test,0.9,23,130.0,185.56802686042545,139.5462687258797,233.07694727276717,-55.56802686042545,55.56802686042545,3087.805609160964,93.53067854688746,46.76533927344373,22.159794767114374,False,below_interval_overprediction,1.188231021601514,284.45605306448175,shared_semantic_recoding_50_percent,shared_publication_test,1451,115,311,25,311,25,498,498,,shared_semantic_dataset,,Ref-48-Research,Ref-48-Research
elastic_net_residual_bootstrap,Elastic Net,shared_publication_held_out,test,0.9,35,191.0,145.64119036903736,106.94124703577097,183.57827437034916,45.35880963096264,45.35880963096264,2057.421611137909,76.63702733457819,38.318513667289096,23.394103352559448,False,above_interval_underprediction,1.1837309250771788,225.07153992759496,shared_semantic_recoding_50_percent,shared_publication_test,1451,115,311,25,311,25,510,510,,shared_semantic_dataset,,Ref-48-Research,Ref-48-Research
elastic_net_residual_bootstrap,Elastic Net,shared_publication_held_out,test,0.9,109,167.0,207.73168901424935,171.9803996577592,240.80728259240252,-40.731689014249355,40.731689014249355,1659.0704899535215,68.82688293464332,34.41344146732166,21.072182056407357,False,below_interval_overprediction,1.1835982475896047,168.43487608982718,shared_semantic_recoding_50_percent,shared_publication_test,1451,115,311,25,311,25,769,769,,shared_semantic_dataset,,Ref-65-Research,Ref-65-Research
elastic_net_residual_bootstrap,Elastic Net,shared_publication_held_out,test,0.9,70,225.0,185.53873504670688,149.82546773093046,216.69297151582933,39.461264953293124,39.461264953293124,1557.1914317140001,66.86750378489887,33.433751892449436,21.93932469916043,False,above_interval_underprediction,1.1802822812178888,233.00807346831235,shared_semantic_recoding_50_percent,shared_publication_test,1451,115,311,25,311,25,545,545,,shared_semantic_dataset,,Ref-48-Research,Ref-48-Research
bayesian_ridge_native,Bayesian Ridge,shared_publication_held_out,test,0.9,73,232.0,186.59993079860044,148.08137533548603,225.11848626171485,45.40006920139956,45.40006920139956,2061.166283491869,77.03711092622882,38.51855546311441,23.417618949172805,False,above_interval_underprediction,1.178654512235666,214.66738569193186,shared_semantic_recoding_50_percent,shared_publication_test,1451,115,311,25,311,25,548,548,,shared_semantic_dataset,,Ref-48-Research,Ref-48-Research
bayesian_ridge_conformalized,Bayesian Ridge,shared_publication_held_out,test,0.9,15,102.0,158.77357485133402,110.45764038395541,207.08950931871263,-56.77357485133402,56.77357485133402,3223.2388014000267,96.63186893475722,48.31593446737861,21.627629895867983,False,below_interval_overprediction,1.1750486765327024,265.7846766138654,shared_semantic_recoding_50_percent,shared_publication_test,1451,115,311,25,311,25,490,490,,shared_semantic_dataset,,Ref-48-Research,Ref-48-Research
elastic_net_residual_bootstrap,Elastic Net,shared_publication_held_out,test,0.9,54,212.0,163.46609973656294,120.60862610917097,203.46482233483772,48.53390026343706,48.53390026343706,2355.539474781256,82.85619622566675,41.428098112833375,23.74899229592446,False,above_interval_underprediction,1.1715213218634937,253.5597495289124,shared_semantic_recoding_50_percent,shared_publication_test,1451,115,311,25,311,25,529,529,,shared_semantic_dataset,,Ref-48-Research,Ref-48-Research
elastic_net_split_conformal,Elastic Net,shared_publication_held_out,test,0.9,19,116.0,170.64115199462032,123.92024734530435,217.36205664393628,-54.641151994620316,54.641151994620316,2985.6554912991996,93.44180929863194,46.72090464931597,46.72090464931597,False,below_interval_overprediction,1.1695225596497585,251.8467562047189,shared_semantic_recoding_50_percent,shared_publication_test,1451,115,311,25,311,25,494,494,,shared_semantic_dataset,,Ref-48-Research,Ref-48-Research
elastic_net_residual_bootstrap,Elastic Net,shared_publication_held_out,test,0.9,20,118.0,161.1423040871519,123.07502937456371,197.1187116225884,-43.1423040871519,43.1423040871519,1861.2584019482836,74.04368224802468,37.02184112401234,23.498481266576572,False,below_interval_overprediction,1.1653203292250593,175.54426973929895,shared_semantic_recoding_50_percent,shared_publication_test,1451,115,311,25,311,25,495,495,,shared_semantic_dataset,,Ref-48-Research,Ref-48-Research
bayesian_ridge_native,Bayesian Ridge,shared_publication_held_out,test,0.9,3,187.0,146.01315865472412,110.73034076287476,181.29597654657348,40.98684134527588,40.98684134527588,1679.9211634628161,70.56563578369872,35.28281789184936,21.450430186448635,False,above_interval_underprediction,1.161665756712255,184.64610485222903,shared_semantic_recoding_50_percent,shared_publication_test,1451,115,311,25,311,25,119,119,,shared_semantic_dataset,,Ref-9-Research,Ref-9-Research
bayesian_ridge_native,Bayesian Ridge,shared_publication_held_out,test,0.9,273,210.0,168.9517815468163,133.57355173052662,204.330011363106,41.048218453183694,41.048218453183694,1684.9562381802903,70.75645963257938,35.37822981628969,21.508436517757985,False,above_interval_underprediction,1.1602677314929786,184.15623237045946,shared_semantic_recoding_50_percent,shared_publication_test,1451,115,311,25,311,25,1845,1845,,shared_semantic_dataset,,Ref-144-Research,Ref-144-Research
elastic_net_bootstrap_conformalized,Elastic Net,shared_publication_held_out,test,0.9,72,234.0,181.96585482453747,134.1183572870897,223.91044982087223,52.03414517546253,52.03414517546253,2707.5522641411103,89.79209253378252,44.89604626689126,21.436014050426202,False,above_interval_underprediction,1.1589917042168427,291.58309611633797,shared_semantic_recoding_50_percent,shared_publication_test,1451,115,311,25,311,25,547,547,,shared_semantic_dataset,,Ref-48-Research,Ref-48-Research
elastic_net_split_conformal,Elastic Net,shared_publication_held_out,test,0.9,32,205.0,151.00051070229145,104.27960605297548,197.72141535160742,53.99948929770855,53.99948929770855,2915.9448444133404,93.44180929863194,46.72090464931597,46.72090464931597,False,above_interval_underprediction,1.1557886068993133,239.01350226648358,shared_semantic_recoding_50_percent,shared_publication_test,1451,115,311,25,311,25,507,507,,shared_semantic_dataset,,Ref-48-Research,Ref-48-Research
elastic_net_residual_bootstrap,Elastic Net,shared_publication_held_out,test,0.9,277,115.0,150.69858425691464,123.36614915052176,185.3179677823244,-35.69858425691464,35.69858425691464,1274.388917948034,61.951818631802624,30.975909315901312,19.97270828681502,False,below_interval_overprediction,1.1524628346774302,229.27480164223795,shared_semantic_recoding_50_percent,shared_publication_test,1451,115,311,25,311,25,2000,2000,,shared_semantic_dataset,,Ref-160-Research,Ref-160-Research
bayesian_ridge_native,Bayesian Ridge,shared_publication_held_out,test,0.9,130,281.0,239.94584052526272,204.21185928065734,275.6798217698681,41.054159474737276,41.054159474737276,1685.4440101771604,71.46796248921078,35.73398124460539,21.72471802906487,False,above_interval_underprediction,1.1488828852770234,177.87152709184852,shared_semantic_recoding_50_percent,shared_publication_test,1451,115,311,25,311,25,790,790,,shared_semantic_dataset,,Ref-65-Research,Ref-65-Research
elastic_net_split_conformal,Elastic Net,shared_publication_held_out,test,0.9,129,270.0,216.37242022749888,169.6515155781829,263.09332487681485,53.62757977250112,53.62757977250112,2875.9173122559714,93.44180929863194,46.72090464931597,46.72090464931597,False,above_interval_underprediction,1.1478283688003519,231.57531176233502,shared_semantic_recoding_50_percent,shared_publication_test,1451,115,311,25,311,25,789,789,,shared_semantic_dataset,,Ref-65-Research,Ref-65-Research
bayesian_ridge_native,Bayesian Ridge,shared_publication_held_out,test,0.9,217,201.0,160.24349918645152,124.66875550736793,195.8182428655351,40.756500813548485,40.756500813548485,1661.0923585647784,71.14948735816716,35.57474367908358,21.627908463208893,False,above_interval_underprediction,1.1456583125716673,174.7846300474652,shared_semantic_recoding_50_percent,shared_publication_test,1451,115,311,25,311,25,1789,1789,,shared_semantic_dataset,,Ref-144-Research,Ref-144-Research
bayesian_ridge_native,Bayesian Ridge,shared_publication_held_out,test,0.9,153,122.0,162.73037310170105,127.05703116000147,198.4037150434006,-40.73037310170105,40.73037310170105,1658.9632930037722,71.34668388339914,35.67334194169957,21.68785195058092,False,below_interval_overprediction,1.1417593890773148,172.4873070834286,shared_semantic_recoding_50_percent,shared_publication_test,1451,115,311,25,311,25,1252,1252,,shared_semantic_dataset,,Ref-108-Research,Ref-108-Research
elastic_net_residual_bootstrap,Elastic Net,shared_publication_held_out,test,0.9,116,249.0,213.36570342002616,180.93399001298013,243.42954975934936,35.634296579973835,35.634296579973835,1269.803092749535,62.495559746369224,31.247779873184612,20.260916772580632,False,above_interval_underprediction,1.1403785076761095,173.9045645593821,shared_semantic_recoding_50_percent,shared_publication_test,1451,115,311,25,311,25,776,776,,shared_semantic_dataset,,Ref-65-Research,Ref-65-Research
elastic_net_residual_bootstrap,Elastic Net,shared_publication_held_out,test,0.9,276,112.0,150.9695348122121,121.83105388757392,190.27107512113855,-38.96953481221209,38.96953481221209,1518.62464348021,68.44002123356464,34.22001061678232,22.066972351237336,False,below_interval_overprediction,1.138793767442623,265.061098985043,shared_semantic_recoding_50_percent,shared_publication_test,1451,115,311,25,311,25,1999,1999,,shared_semantic_dataset,,Ref-160-Research,Ref-160-Research
elastic_net_bootstrap_conformalized,Elastic Net,shared_publication_held_out,test,0.9,233,211.0,163.4605766612109,123.64229031694916,207.18704204656973,47.539423338789106,47.539423338789106,2259.9967713846063,83.54475172962057,41.772375864810286,20.4038064057191,False,above_interval_underprediction,1.1380588811285948,159.803910798226,shared_semantic_recoding_50_percent,shared_publication_test,1451,115,311,25,311,25,1805,1805,,shared_semantic_dataset,,Ref-144-Research,Ref-144-Research
elastic_net_residual_bootstrap,Elastic Net,shared_publication_held_out,test,0.9,30,196.0,154.57339092446088,120.87323286563723,193.8379479553019,41.42660907553912,41.42660907553912,1716.16393949754,72.96471508966467,36.48235754483233,22.712676564853044,False,above_interval_underprediction,1.13552445245982,116.20575598362669,shared_semantic_recoding_50_percent,shared_publication_test,1451,115,311,25,311,25,505,505,,shared_semantic_dataset,,Ref-48-Research,Ref-48-Research
elastic_net_residual_bootstrap,Elastic Net,shared_publication_held_out,test,0.9,71,227.0,183.7522949356222,145.88818378205605,222.13444878972066,43.24770506437781,43.24770506437781,1870.3639933354102,76.24626500766462,38.12313250383231,23.064150059207936,False,above_interval_underprediction,1.1344216024228952,173.55728921325135,shared_semantic_recoding_50_percent,shared_publication_test,1451,115,311,25,311,25,546,546,,shared_semantic_dataset,,Ref-48-Research,Ref-48-Research
bayesian_ridge_native,Bayesian Ridge,shared_publication_held_out,test,0.9,146,185.0,144.96084766090013,109.65315713963695,180.2685381821633,40.03915233909987,40.03915233909987,1603.1337200336468,70.61538104252635,35.307690521263176,21.465551671428376,False,above_interval_underprediction,1.1340065506404984,165.24461739926042,shared_semantic_recoding_50_percent,shared_publication_test,1451,115,311,25,311,25,1070,1070,,shared_semantic_dataset,,Ref-89-Research,Ref-89-Research
elastic_net_residual_bootstrap,Elastic Net,shared_publication_held_out,test,0.9,225,104.0,143.86495362074837,112.2342201425505,182.69760013384155,-39.864953620748366,39.864953620748366,1589.2145271844183,70.46337999129105,35.231689995645525,21.50172799324576,False,below_interval_overprediction,1.1315084126159003,235.14778284230104,shared_semantic_recoding_50_percent,shared_publication_test,1451,115,311,25,311,25,1797,1797,,shared_semantic_dataset,,Ref-144-Research,Ref-144-Research
elastic_net_bootstrap_conformalized,Elastic Net,shared_publication_held_out,test,0.9,91,101.0,151.02705798143825,108.36556657440505,196.99447028914804,-50.02705798143825,50.02705798143825,2502.7065302781843,88.62890371474299,44.314451857371495,18.972353142588865,False,below_interval_overprediction,1.128910680029465,235.94023520284404,shared_semantic_recoding_50_percent,shared_publication_test,1451,115,311,25,311,25,637,637,,shared_semantic_dataset,,Ref-55-Research,Ref-55-Research
bayesian_ridge_native,Bayesian Ridge,shared_publication_held_out,test,0.9,145,188.0,146.98668802718404,110.62897346210401,183.3444025922641,41.013311972815956,41.013311972815956,1682.0917589795285,72.71542913016008,36.35771456508004,22.10392096253845,False,above_interval_underprediction,1.1280497815505546,165.8273772848783,shared_semantic_recoding_50_percent,shared_publication_test,1451,115,311,25,311,25,1069,1069,,shared_semantic_dataset,,Ref-89-Research,Ref-89-Research
elastic_net_residual_bootstrap,Elastic Net,shared_publication_held_out,test,0.9,88,106.0,145.74399100794844,115.45880679534234,186.03477334414765,-39.74399100794844,39.74399100794844,1579.5848212398862,70.57596654880531,35.287983274402656,22.504513899069153,False,below_interval_overprediction,1.1262755000447446,259.75210245565216,shared_semantic_recoding_50_percent,shared_publication_test,1451,115,311,25,311,25,634,634,,shared_semantic_dataset,,Ref-55-Research,Ref-55-Research
elastic_net_split_conformal,Elastic Net,shared_publication_held_out,test,0.9,15,102.0,154.60268273817945,107.88177808886348,201.32358738749542,-52.60268273817945,52.60268273817945,2767.0422312535625,93.44180929863194,46.72090464931597,46.72090464931597,False,below_interval_overprediction,1.125891785122992,211.07737107590162,shared_semantic_recoding_50_percent,shared_publication_test,1451,115,311,25,311,25,490,490,,shared_semantic_dataset,,Ref-48-Research,Ref-48-Research
elastic_net_bootstrap_conformalized,Elastic Net,shared_publication_held_out,test,0.9,52,218.0,167.03897995873234,117.11647136357496,207.64742375290194,50.96102004126766,50.96102004126766,2597.025563646484,90.53095238932698,45.26547619466349,22.09100284286674,False,above_interval_underprediction,1.125825338103383,297.58247733128815,shared_semantic_recoding_50_percent,shared_publication_test,1451,115,311,25,311,25,527,527,,shared_semantic_dataset,,Ref-48-Research,Ref-48-Research
bayesian_ridge_native,Bayesian Ridge,shared_publication_held_out,test,0.9,106,262.0,222.07170889893132,186.5135079702162,257.62990982764643,39.92829110106868,39.92829110106868,1594.2684302516805,71.11640185743022,35.55820092871511,21.61785118510377,False,above_interval_underprediction,1.122899642226401,158.51820530450163,shared_semantic_recoding_50_percent,shared_publication_test,1451,115,311,25,311,25,766,766,,shared_semantic_dataset,,Ref-65-Research,Ref-65-Research
bayesian_ridge_native,Bayesian Ridge,shared_publication_held_out,test,0.9,121,262.0,222.07170889893132,186.5135079702162,257.62990982764643,39.92829110106868,39.92829110106868,1594.2684302516805,71.11640185743022,35.55820092871511,21.61785118510377,False,above_interval_underprediction,1.122899642226401,158.51820530450163,shared_semantic_recoding_50_percent,shared_publication_test,1451,115,311,25,311,25,781,781,,shared_semantic_dataset,,Ref-65-Research,Ref-65-Research
bayesian_ridge_native,Bayesian Ridge,shared_publication_held_out,test,0.9,276,112.0,151.7519751521967,116.28146896221133,187.22248134218208,-39.75197515219671,39.75197515219671,1580.2195285008643,70.94101237997074,35.47050618998537,21.564536569570315,False,below_interval_overprediction,1.120705042642446,156.57039162419744,shared_semantic_recoding_50_percent,shared_publication_test,1451,115,311,25,311,25,1999,1999,,shared_semantic_dataset,,Ref-160-Research,Ref-160-Research
bayesian_ridge_native,Bayesian Ridge,shared_publication_held_out,test,0.9,52,218.0,175.71977145289466,137.9054849682255,213.53405793756383,42.28022854710534,42.28022854710534,1787.6177259954611,75.62857296933834,37.81428648466917,22.989453812223502,False,above_interval_underprediction,1.1181019788446034,164.94741421806174,shared_semantic_recoding_50_percent,shared_publication_test,1451,115,311,25,311,25,527,527,,shared_semantic_dataset,,Ref-48-Research,Ref-48-Research
elastic_net_split_conformal,Elastic Net,shared_publication_held_out,test,0.9,87,90.0,142.22194635895522,95.50104170963925,188.9428510082712,-52.22194635895522,52.22194635895522,2727.1316815175965,93.44180929863194,46.72090464931597,46.72090464931597,False,below_interval_overprediction,1.1177426197315679,203.462643491417,shared_semantic_recoding_50_percent,shared_publication_test,1451,115,311,25,311,25,633,633,,shared_semantic_dataset,,Ref-55-Research,Ref-55-Research
elastic_net_split_conformal,Elastic Net,shared_publication_held_out,test,0.9,72,234.0,181.96585482453747,135.2449501752215,228.68675947385344,52.03414517546253,52.03414517546253,2707.5522641411103,93.44180929863194,46.72090464931597,46.72090464931597,False,above_interval_underprediction,1.1137229804522706,199.7066198215631,shared_semantic_recoding_50_percent,shared_publication_test,1451,115,311,25,311,25,547,547,,shared_semantic_dataset,,Ref-48-Research,Ref-48-Research
elastic_net_bootstrap_conformalized,Elastic Net,shared_publication_held_out,test,0.9,19,116.0,170.64115199462032,129.33201369966034,227.51516924162752,-54.641151994620316,54.641151994620316,2985.6554912991996,98.18315554196718,49.09157777098359,22.27814855779392,False,below_interval_overprediction,1.1130453425132507,364.823429535174,shared_semantic_recoding_50_percent,shared_publication_test,1451,115,311,25,311,25,494,494,,shared_semantic_dataset,,Ref-48-Research,Ref-48-Research
elastic_net_residual_bootstrap,Elastic Net,shared_publication_held_out,test,0.9,153,122.0,160.35489685878875,131.4050230823995,200.3245506114015,-38.35489685878875,38.35489685878875,1471.098113048323,68.91952752900198,34.45976376450099,22.02190627401436,False,below_interval_overprediction,1.1130342367088528,257.0199891769922,shared_semantic_recoding_50_percent,shared_publication_test,1451,115,311,25,311,25,1252,1252,,shared_semantic_dataset,,Ref-108-Research,Ref-108-Research
elastic_net_bootstrap_conformalized,Elastic Net,shared_publication_held_out,test,0.9,32,205.0,151.00051070229145,103.80984801467963,200.8852625716455,53.99948929770855,53.99948929770855,2915.9448444133404,97.07541455696588,48.53770727848294,22.800288584164658,False,above_interval_underprediction,1.1125265762531567,179.37016312405564,shared_semantic_recoding_50_percent,shared_publication_test,1451,115,311,25,311,25,507,507,,shared_semantic_dataset,,Ref-48-Research,Ref-48-Research
elastic_net_split_conformal,Elastic Net,shared_publication_held_out,test,0.9,73,232.0,180.1794147134528,133.45851006413682,226.90031936276876,51.820585286547214,51.820585286547214,2685.3730594403137,93.44180929863194,46.72090464931597,46.72090464931597,False,above_interval_underprediction,1.1091520096947847,195.43542204325684,shared_semantic_recoding_50_percent,shared_publication_test,1451,115,311,25,311,25,548,548,,shared_semantic_dataset,,Ref-48-Research,Ref-48-Research
elastic_net_split_conformal,Elastic Net,shared_publication_held_out,test,0.9,33,201.0,149.21407059120676,102.4931659418908,195.93497524052273,51.78592940879324,51.78592940879324,2681.7824847325164,93.44180929863194,46.72090464931597,46.72090464931597,False,above_interval_underprediction,1.1084102458523655,194.7423044881773,shared_semantic_recoding_50_percent,shared_publication_test,1451,115,311,25,311,25,508,508,,shared_semantic_dataset,,Ref-48-Research,Ref-48-Research
elastic_net_split_conformal,Elastic Net,shared_publication_held_out,test,0.9,206,200.0,148.30131190742887,101.5804072581129,195.02221655674484,51.69868809257113,51.69868809257113,2672.7543504929563,93.44180929863194,46.72090464931597,46.72090464931597,False,above_interval_underprediction,1.1065429593159224,192.9974781637352,shared_semantic_recoding_50_percent,shared_publication_test,1451,115,311,25,311,25,1778,1778,,shared_semantic_dataset,,Ref-144-Research,Ref-144-Research
bayesian_ridge_native,Bayesian Ridge,shared_publication_held_out,test,0.9,266,203.0,163.76656768179612,128.1378580503566,199.39527731323562,39.23343231820388,39.23343231820388,1539.2622114670849,71.25741926287901,35.628709631439506,21.6607174326343,False,above_interval_underprediction,1.1011746629067782,143.35187299816653,shared_semantic_recoding_50_percent,shared_publication_test,1451,115,311,25,311,25,1838,1838,,shared_semantic_dataset,,Ref-144-Research,Ref-144-Research
elastic_net_bootstrap_conformalized,Elastic Net,shared_publication_held_out,test,0.9,15,102.0,154.60268273817945,111.98378065213738,207.68503967671327,-52.60268273817945,52.60268273817945,2767.0422312535625,95.70125902457589,47.850629512287945,21.9265932342842,False,below_interval_overprediction,1.0993101506568725,295.3768720673236,shared_semantic_recoding_50_percent,shared_publication_test,1451,115,311,25,311,25,490,490,,shared_semantic_dataset,,Ref-48-Research,Ref-48-Research
bayesian_ridge_native,Bayesian Ridge,shared_publication_held_out,test,0.9,274,205.0,166.1790664170889,130.7887810833649,201.5693517508129,38.820933582911096,38.820933582911096,1507.0648842487944,70.78057066744799,35.390285333723995,21.515765751944393,False,above_interval_underprediction,1.0969375696419712,139.39353565119,shared_semantic_recoding_50_percent,shared_publication_test,1451,115,311,25,311,25,1846,1846,,shared_semantic_dataset,,Ref-144-Research,Ref-144-Research
elastic_net_split_conformal,Elastic Net,shared_publication_held_out,test,0.9,158,201.0,149.98311505154817,103.2622104022322,196.70401970086414,51.01688494845183,51.01688494845183,2602.722549843571,93.44180929863194,46.72090464931597,46.72090464931597,False,above_interval_underprediction,1.0919498526704738,179.3614152813492,shared_semantic_recoding_50_percent,shared_publication_test,1451,115,311,25,311,25,1275,1275,,shared_semantic_dataset,,Ref-111-Research,Ref-111-Research
elastic_net_split_conformal,Elastic Net,shared_publication_held_out,test,0.9,52,218.0,167.03897995873234,120.31807530941637,213.7598846080483,50.96102004126766,50.96102004126766,2597.025563646484,93.44180929863194,46.72090464931597,46.72090464931597,False,above_interval_underprediction,1.0907541372278151,178.24411713766574,shared_semantic_recoding_50_percent,shared_publication_test,1451,115,311,25,311,25,527,527,,shared_semantic_dataset,,Ref-48-Research,Ref-48-Research
bayesian_ridge_conformalized,Bayesian Ridge,shared_publication_held_out,test,0.9,206,200.0,147.41094549025576,99.19663528230642,195.62525569820508,52.589054509744244,52.589054509744244,2765.6086542288513,96.42862041589866,48.21431020794933,21.582139895610165,False,above_interval_underprediction,1.0907353912754647,183.92350645179707,shared_semantic_recoding_50_percent,shared_publication_test,1451,115,311,25,311,25,1778,1778,,shared_semantic_dataset,,Ref-144-Research,Ref-144-Research
elastic_net_split_conformal,Elastic Net,shared_publication_held_out,test,0.9,53,216.0,165.25253984764765,118.53163519833168,211.97344449696362,50.747460152352346,50.747460152352346,2575.304711914589,93.44180929863194,46.72090464931597,46.72090464931597,False,above_interval_underprediction,1.0861831664703292,173.97291935935948,shared_semantic_recoding_50_percent,shared_publication_test,1451,115,311,25,311,25,528,528,,shared_semantic_dataset,,Ref-48-Research,Ref-48-Research
elastic_net_bootstrap_conformalized,Elastic Net,shared_publication_held_out,test,0.9,73,232.0,180.1794147134528,131.4459454940923,226.97931082309853,51.820585286547214,51.820585286547214,2685.3730594403137,95.53336532900622,47.76668266450311,22.992336748650672,False,above_interval_underprediction,1.0848688331680334,195.94714886703565,shared_semantic_recoding_50_percent,shared_publication_test,1451,115,311,25,311,25,548,548,,shared_semantic_dataset,,Ref-48-Research,Ref-48-Research
bayesian_ridge_native,Bayesian Ridge,shared_publication_held_out,test,0.9,34,196.0,153.68183478910336,114.64546722458283,192.7182023536239,42.31816521089664,42.31816521089664,1790.8271068167423,78.07273512904106,39.03636756452053,23.73242635386925,False,above_interval_underprediction,1.0840702619410438,143.70868805656318,shared_semantic_recoding_50_percent,shared_publication_test,1451,115,311,25,311,25,509,509,,shared_semantic_dataset,,Ref-48-Research,Ref-48-Research
bayesian_ridge_native,Bayesian Ridge,shared_publication_held_out,test,0.9,225,104.0,142.8086591580931,107.0031436621091,178.6141746540771,-38.80865915809309,38.80865915809309,1506.1120256490428,71.611030991968,35.805515495984,21.76820776590619,False,below_interval_overprediction,1.0838737725322216,131.67390423414992,shared_semantic_recoding_50_percent,shared_publication_test,1451,115,311,25,311,25,1797,1797,,shared_semantic_dataset,,Ref-144-Research,Ref-144-Research
bayesian_ridge_native,Bayesian Ridge,shared_publication_held_out,test,0.9,53,216.0,174.37105490055575,135.95571084977348,212.78639895133801,41.62894509944425,41.62894509944425,1732.9690700925437,76.83068810156453,38.41534405078227,23.354870865914226,False,above_interval_underprediction,1.0836541004139866,141.10270907480424,shared_semantic_recoding_50_percent,shared_publication_test,1451,115,311,25,311,25,528,528,,shared_semantic_dataset,,Ref-48-Research,Ref-48-Research
bayesian_ridge_native,Bayesian Ridge,shared_publication_held_out,test,0.9,31,198.0,157.72798444612005,120.48768131104349,194.9682875811966,40.27201555387995,40.27201555387995,1621.8352367719488,74.4806062701531,37.24030313507655,22.640496713435077,False,above_interval_underprediction,1.0814094452401983,135.1148546462213,shared_semantic_recoding_50_percent,shared_publication_test,1451,115,311,25,311,25,506,506,,shared_semantic_dataset,,Ref-48-Research,Ref-48-Research
elastic_net_residual_bootstrap,Elastic Net,shared_publication_held_out,test,0.9,110,254.0,212.82092122111547,174.78223709304993,251.11896841052555,41.17907877888453,41.17907877888453,1695.7165290775783,76.33673131747562,38.16836565873781,22.675743408885953,False,above_interval_underprediction,1.0788798018512349,133.95736310696455,shared_semantic_recoding_50_percent,shared_publication_test,1451,115,311,25,311,25,770,770,,shared_semantic_dataset,,Ref-65-Research,Ref-65-Research
bayesian_ridge_conformalized,Bayesian Ridge,shared_publication_held_out,test,0.9,20,118.0,170.1892295395051,121.7258579816669,218.6526010973433,-52.18922953950511,52.18922953950511,2723.7156799271525,96.9267431156764,48.4633715578382,21.69362706348019,False,below_interval_overprediction,1.0768798757061364,171.4439027490145,shared_semantic_recoding_50_percent,shared_publication_test,1451,115,311,25,311,25,495,495,,shared_semantic_dataset,,Ref-48-Research,Ref-48-Research
elastic_net_split_conformal,Elastic Net,shared_publication_held_out,test,0.9,91,101.0,151.02705798143825,104.30615333212228,197.74796263075422,-50.02705798143825,50.02705798143825,2502.7065302781843,93.44180929863194,46.72090464931597,46.72090464931597,False,below_interval_overprediction,1.0707638980224816,159.5648759410775,shared_semantic_recoding_50_percent,shared_publication_test,1451,115,311,25,311,25,637,637,,shared_semantic_dataset,,Ref-55-Research,Ref-55-Research
bayesian_ridge_native,Bayesian Ridge,shared_publication_held_out,test,0.9,113,171.0,209.1783456465957,173.52168310324407,244.8350081899473,-38.17834564659569,38.17834564659569,1457.586076310932,71.31332508670323,35.656662543351615,21.677711596403107,False,below_interval_overprediction,1.0707212319767223,121.74698715158468,shared_semantic_recoding_50_percent,shared_publication_test,1451,115,311,25,311,25,773,773,,shared_semantic_dataset,,Ref-65-Research,Ref-65-Research
bayesian_ridge_native,Bayesian Ridge,shared_publication_held_out,test,0.9,24,144.0,182.4181054375498,146.4994221901643,218.3367886849353,-38.4181054375498,38.4181054375498,1475.9508254106934,71.837366494771,35.9186832473855,21.837008873522837,False,below_interval_overprediction,1.0695855739741302,121.82581029805692,shared_semantic_recoding_50_percent,shared_publication_test,1451,115,311,25,311,25,499,499,,shared_semantic_dataset,,Ref-48-Research,Ref-48-Research
bayesian_ridge_native,Bayesian Ridge,shared_publication_held_out,test,0.9,88,106.0,143.65965555920948,108.41685300629004,178.90245811212893,-37.65965555920948,37.65965555920948,1418.2496568382978,70.48560510583889,35.24280255291944,21.426102587764923,False,below_interval_overprediction,1.0685772081451517,118.82266523163969,shared_semantic_recoding_50_percent,shared_publication_test,1451,115,311,25,311,25,634,634,,shared_semantic_dataset,,Ref-55-Research,Ref-55-Research
elastic_net_bootstrap_conformalized,Elastic Net,shared_publication_held_out,test,0.9,53,216.0,165.25253984764765,120.17272366186344,215.17992124326915,50.747460152352346,50.747460152352346,2575.304711914589,95.0071975814057,47.50359879070285,21.202161896445055,False,above_interval_underprediction,1.0682866444696473,111.40877271602272,shared_semantic_recoding_50_percent,shared_publication_test,1451,115,311,25,311,25,528,528,,shared_semantic_dataset,,Ref-48-Research,Ref-48-Research
bayesian_ridge_native,Bayesian Ridge,shared_publication_held_out,test,0.9,74,227.0,185.25121424626153,146.0410965821783,224.46133191034474,41.748785753738474,41.748785753738474,1742.9611119115566,78.42023532816643,39.210117664083214,23.838058913943733,False,above_interval_underprediction,1.0647452300807734,129.19359712127164,shared_semantic_recoding_50_percent,shared_publication_test,1451,115,311,25,311,25,549,549,,shared_semantic_dataset,,Ref-48-Research,Ref-48-Research
elastic_net_bootstrap_conformalized,Elastic Net,shared_publication_held_out,test,0.9,33,201.0,149.21407059120676,103.59722009391037,200.87471003204587,51.78592940879324,51.78592940879324,2681.7824847325164,97.2774899381355,48.63874496906775,22.320528629192914,False,above_interval_underprediction,1.0647052970163389,99.78328929721813,shared_semantic_recoding_50_percent,shared_publication_test,1451,115,311,25,311,25,508,508,,shared_semantic_dataset,,Ref-48-Research,Ref-48-Research
elastic_net_split_conformal,Elastic Net,shared_publication_held_out,test,0.9,134,268.0,218.46232378413663,171.74141913482066,265.1832284334526,49.53767621586337,49.53767621586337,2453.9813648677155,93.44180929863194,46.72090464931597,46.72090464931597,False,above_interval_underprediction,1.0602893199027268,149.77724062957998,shared_semantic_recoding_50_percent,shared_publication_test,1451,115,311,25,311,25,794,794,,shared_semantic_dataset,,Ref-65-Research,Ref-65-Research
elastic_net_residual_bootstrap,Elastic Net,shared_publication_held_out,test,0.9,29,192.0,156.35983103554557,121.90274839104818,189.23898778088306,35.64016896445443,35.64016896445443,1270.221643814861,67.33623938983489,33.66811969491744,22.474625299408164,False,above_interval_underprediction,1.0585731929019693,122.5564837721736,shared_semantic_recoding_50_percent,shared_publication_test,1451,115,311,25,311,25,504,504,,shared_semantic_dataset,,Ref-48-Research,Ref-48-Research
bayesian_ridge_conformalized,Bayesian Ridge,shared_publication_held_out,test,0.9,36,189.0,130.89086604444984,75.65468923387027,186.1270428550294,58.10913395555016,58.10913395555016,3376.671449064073,110.47235362115913,55.236176810579565,24.725333414145496,False,above_interval_underprediction,1.0520122374657244,167.9314965205711,shared_semantic_recoding_50_percent,shared_publication_test,1451,115,311,25,311,25,511,511,,shared_semantic_dataset,,Ref-48-Research,Ref-48-Research
bayesian_ridge_conformalized,Bayesian Ridge,shared_publication_held_out,test,0.9,16,100.0,150.8487259803916,102.51311541969048,199.18433654109273,-50.848725980391606,50.848725980391606,2585.5929338289525,96.67122112140225,48.33561056070113,21.636437492551508,False,below_interval_overprediction,1.051993041787161,146.93352951521183,shared_semantic_recoding_50_percent,shared_publication_test,1451,115,311,25,311,25,491,491,,shared_semantic_dataset,,Ref-48-Research,Ref-48-Research
elastic_net_residual_bootstrap,Elastic Net,shared_publication_held_out,test,0.9,24,144.0,176.06917895295703,144.98125461860784,206.0561840490149,-32.06917895295703,32.06917895295703,1028.4322387167822,61.07492943040705,30.537464715203527,20.027943641080732,False,below_interval_overprediction,1.0501585266504105,80.70002180256375,shared_semantic_recoding_50_percent,shared_publication_test,1451,115,311,25,311,25,499,499,,shared_semantic_dataset,,Ref-48-Research,Ref-48-Research
bayesian_ridge_conformalized,Bayesian Ridge,shared_publication_held_out,test,0.9,158,201.0,150.7396490015604,102.72071942119722,198.7585785819236,50.260350998439606,50.260350998439606,2526.1028824863492,96.03785916072637,48.018929580363185,21.49468179407828,False,above_interval_underprediction,1.0466778713658171,140.86628752225465,shared_semantic_recoding_50_percent,shared_publication_test,1451,115,311,25,311,25,1275,1275,,shared_semantic_dataset,,Ref-111-Research,Ref-111-Research
bayesian_ridge_conformalized,Bayesian Ridge,shared_publication_held_out,test,0.9,56,208.0,150.23136960356334,94.88791139901593,205.57482780811074,57.76863039643666,57.76863039643666,3337.214657880106,110.6869164090948,55.3434582045474,24.77335571380765,False,above_interval_underprediction,1.0438203948680964,159.19036024688,shared_semantic_recoding_50_percent,shared_publication_test,1451,115,311,25,311,25,531,531,,shared_semantic_dataset,,Ref-48-Research,Ref-48-Research
elastic_net_split_conformal,Elastic Net,shared_publication_held_out,test,0.9,74,227.0,178.39297460236807,131.6720699530521,225.11387925168404,48.60702539763193,48.60702539763193,2362.6429180060354,93.44180929863194,46.72090464931597,46.72090464931597,False,above_interval_underprediction,1.0403699535031066,131.16422426495114,shared_semantic_recoding_50_percent,shared_publication_test,1451,115,311,25,311,25,549,549,,shared_semantic_dataset,,Ref-48-Research,Ref-48-Research
elastic_net_split_conformal,Elastic Net,shared_publication_held_out,test,0.9,34,196.0,147.42763048012205,100.70672583080608,194.14853512943802,48.57236951987795,48.57236951987795,2359.2750807755688,93.44180929863194,46.72090464931597,46.72090464931597,False,above_interval_underprediction,1.0396281896606874,130.4711067098716,shared_semantic_recoding_50_percent,shared_publication_test,1451,115,311,25,311,25,509,509,,shared_semantic_dataset,,Ref-48-Research,Ref-48-Research
elastic_net_residual_bootstrap,Elastic Net,shared_publication_held_out,test,0.9,113,171.0,206.64057663126692,171.9012663264812,240.51477342242063,-35.640576631266924,35.640576631266924,1270.25070260921,68.61350709593944,34.30675354796972,21.622755896603095,False,below_interval_overprediction,1.0388793151596865,86.63883362556328,shared_semantic_recoding_50_percent,shared_publication_test,1451,115,311,25,311,25,773,773,,shared_semantic_dataset,,Ref-65-Research,Ref-65-Research
elastic_net_split_conformal,Elastic Net,shared_publication_held_out,test,0.9,54,212.0,163.46609973656294,116.74519508724697,210.1870043858789,48.53390026343706,48.53390026343706,2355.539474781256,93.44180929863194,46.72090464931597,46.72090464931597,False,above_interval_underprediction,1.038804805423382,129.7017215810538,shared_semantic_recoding_50_percent,shared_publication_test,1451,115,311,25,311,25,529,529,,shared_semantic_dataset,,Ref-48-Research,Ref-48-Research
bayesian_ridge_native,Bayesian Ridge,shared_publication_held_out,test,0.9,118,259.0,222.07170889893132,186.5135079702162,257.62990982764643,36.92829110106868,36.92829110106868,1363.6986836452684,71.11640185743022,35.55820092871511,21.61785118510377,False,above_interval_underprediction,1.0385309193538852,98.51820530450163,shared_semantic_recoding_50_percent,shared_publication_test,1451,115,311,25,311,25,778,778,,shared_semantic_dataset,,Ref-65-Research,Ref-65-Research
elastic_net_residual_bootstrap,Elastic Net,shared_publication_held_out,test,0.9,89,112.0,147.50501333244503,116.43477327407658,185.01624340699058,-35.50501333244503,35.50501333244503,1260.6059717370995,68.581470132914,34.290735066457,21.629429100377727,False,below_interval_overprediction,1.0354112638190667,157.27693561444556,shared_semantic_recoding_50_percent,shared_publication_test,1451,115,311,25,311,25,635,635,,shared_semantic_dataset,,Ref-55-Research,Ref-55-Research
elastic_net_split_conformal,Elastic Net,shared_publication_held_out,test,0.9,55,210.0,161.67965962547825,114.95875497616228,208.40056427479422,48.32034037452175,48.32034037452175,2334.8552939096367,93.44180929863194,46.72090464931597,46.72090464931597,False,above_interval_underprediction,1.0342338346658961,125.43052380274753,shared_semantic_recoding_50_percent,shared_publication_test,1451,115,311,25,311,25,530,530,,shared_semantic_dataset,,Ref-48-Research,Ref-48-Research
elastic_net_bootstrap_conformalized,Elastic Net,shared_publication_held_out,test,0.9,74,227.0,178.39297460236807,127.96001184883588,221.98972326658455,48.60702539763193,48.60702539763193,2362.6429180060354,94.02971141774867,47.014855708874336,20.0673131322932,False,above_interval_underprediction,1.0338652467342797,194.2352460860577,shared_semantic_recoding_50_percent,shared_publication_test,1451,115,311,25,311,25,549,549,,shared_semantic_dataset,,Ref-48-Research,Ref-48-Research
bayesian_ridge_native,Bayesian Ridge,shared_publication_held_out,test,0.9,281,115.0,151.6409963408486,116.17052624079204,187.11146644090516,-36.6409963408486,36.6409963408486,1342.5626128500805,70.94094020011312,35.47047010005656,21.564514628451526,False,below_interval_overprediction,1.0330000205097416,94.35146501595398,shared_semantic_recoding_50_percent,shared_publication_test,1451,115,311,25,311,25,2004,2004,,shared_semantic_dataset,,Ref-160-Research,Ref-160-Research
bayesian_ridge_conformalized,Bayesian Ridge,shared_publication_held_out,test,0.9,87,90.0,139.5275245267701,91.53981208407126,187.51523696946893,-49.527524526770094,49.527524526770094,2452.9756857498132,95.97542488539767,47.987712442698836,21.480708087323865,False,below_interval_overprediction,1.0320876325561448,126.77166656682283,shared_semantic_recoding_50_percent,shared_publication_test,1451,115,311,25,311,25,633,633,,shared_semantic_dataset,,Ref-55-Research,Ref-55-Research
elastic_net_residual_bootstrap,Elastic Net,shared_publication_held_out,test,0.9,131,250.0,215.56321197097617,175.0806272474199,241.920520262532,34.43678802902383,34.43678802902383,1185.892369755919,66.8398930151121,33.41994650755605,21.384199967995748,False,above_interval_underprediction,1.0304261863865605,228.42948776447224,shared_semantic_recoding_50_percent,shared_publication_test,1451,115,311,25,311,25,791,791,,shared_semantic_dataset,,Ref-65-Research,Ref-65-Research
elastic_net_residual_bootstrap,Elastic Net,shared_publication_held_out,test,0.9,111,244.0,209.2694222147321,174.97301224470434,242.48061369006314,34.73057778526791,34.73057778526791,1206.213033298545,67.5076014453588,33.7538007226794,21.47759727417588,False,above_interval_underprediction,1.0289382837391763,97.89532764409606,shared_semantic_recoding_50_percent,shared_publication_test,1451,115,311,25,311,25,771,771,,shared_semantic_dataset,,Ref-65-Research,Ref-65-Research
elastic_net_residual_bootstrap,Elastic Net,shared_publication_held_out,test,0.9,123,253.0,217.7623868198919,175.13080077584627,243.67440682808882,35.2376131801081,35.2376131801081,1241.689382630928,68.54360605224255,34.271803026121276,22.010845278860838,False,above_interval_underprediction,1.0281808970847173,255.05546949046618,shared_semantic_recoding_50_percent,shared_publication_test,1451,115,311,25,311,25,783,783,,shared_semantic_dataset,,Ref-65-Research,Ref-65-Research
bayesian_ridge_native,Bayesian Ridge,shared_publication_held_out,test,0.9,152,138.0,174.4987395516684,138.91953244420415,210.07794665913264,-36.49873955166839,36.49873955166839,1332.1579888605227,71.15841421492848,35.57920710746424,21.63062203498668,False,below_interval_overprediction,1.025844658129305,89.5490630990115,shared_semantic_recoding_50_percent,shared_publication_test,1451,115,311,25,311,25,1251,1251,,shared_semantic_dataset,,Ref-108-Research,Ref-108-Research
elastic_net_bootstrap_conformalized,Elastic Net,shared_publication_held_out,test,0.9,134,268.0,218.46232378413663,166.9550571823549,263.6477239888725,49.53767621586337,49.53767621586337,2453.9813648677155,96.6926668065176,48.3463334032588,22.654420267537432,False,above_interval_underprediction,1.0246418441429164,183.7381870290679,shared_semantic_recoding_50_percent,shared_publication_test,1451,115,311,25,311,25,794,794,,shared_semantic_dataset,,Ref-65-Research,Ref-65-Research
bayesian_ridge_conformalized,Bayesian Ridge,shared_publication_held_out,test,0.9,91,101.0,149.85785210786855,102.01247890234237,197.70322531339474,-48.85785210786855,48.85785210786855,2387.0897125943557,95.69074641105237,47.84537320552619,21.416992868418006,False,below_interval_overprediction,1.021161479877963,115.94032445789969,shared_semantic_recoding_50_percent,shared_publication_test,1451,115,311,25,311,25,637,637,,shared_semantic_dataset,,Ref-55-Research,Ref-55-Research
bayesian_ridge_native,Bayesian Ridge,shared_publication_held_out,test,0.9,110,254.0,217.70496639799993,182.15968283135425,253.2502499646456,36.295033602000075,36.295033602000075,1317.3294641703146,71.09056713329136,35.54528356664568,21.609997986583384,False,above_interval_underprediction,1.0210928134515695,86.08556784037927,shared_semantic_recoding_50_percent,shared_publication_test,1451,115,311,25,311,25,770,770,,shared_semantic_dataset,,Ref-65-Research,Ref-65-Research
bayesian_ridge_native,Bayesian Ridge,shared_publication_held_out,test,0.9,277,115.0,151.1989926574143,115.72495259314624,186.67303272168235,-36.198992657414294,36.198992657414294,1310.367069411534,70.9480801285361,35.47404006426805,21.566685012583584,False,below_interval_overprediction,1.0204361440600747,85.44713199146094,shared_semantic_recoding_50_percent,shared_publication_test,1451,115,311,25,311,25,2000,2000,,shared_semantic_dataset,,Ref-160-Research,Ref-160-Research
bayesian_ridge_conformalized,Bayesian Ridge,shared_publication_held_out,test,0.9,76,219.0,162.460245501608,106.9792412757289,217.9412497274871,56.539754498392,56.539754498392,3196.743838738438,110.96200845175821,55.481004225879104,24.8349253486663,False,above_interval_underprediction,1.0190831129912936,132.13701390201612,shared_semantic_recoding_50_percent,shared_publication_test,1451,115,311,25,311,25,551,551,,shared_semantic_dataset,,Ref-48-Research,Ref-48-Research
elastic_net_bootstrap_conformalized,Elastic Net,shared_publication_held_out,test,0.9,87,90.0,142.22194635895522,93.44461068298257,195.93565717935482,-52.22194635895522,52.22194635895522,2727.1316815175965,102.49104649637225,51.245523248186124,22.047267915273782,False,below_interval_overprediction,1.019053822634227,171.38326015602368,shared_semantic_recoding_50_percent,shared_publication_test,1451,115,311,25,311,25,633,633,,shared_semantic_dataset,,Ref-55-Research,Ref-55-Research
elastic_net_split_conformal,Elastic Net,shared_publication_held_out,test,0.9,233,211.0,163.4605766612109,116.73967201189492,210.18148131052686,47.539423338789106,47.539423338789106,2259.9967713846063,93.44180929863194,46.72090464931597,46.72090464931597,False,above_interval_underprediction,1.0175193244997478,109.81218308809468,shared_semantic_recoding_50_percent,shared_publication_test,1451,115,311,25,311,25,1805,1805,,shared_semantic_dataset,,Ref-144-Research,Ref-144-Research
elastic_net_bootstrap_conformalized,Elastic Net,shared_publication_held_out,test,0.9,121,262.0,216.37242022749888,169.80428052396928,259.7160871244497,45.62757977250112,45.62757977250112,2081.8760358959535,89.91180660048042,44.95590330024021,21.872626993151613,False,above_interval_underprediction,1.0149407847012903,135.5900641114864,shared_semantic_recoding_50_percent,shared_publication_test,1451,115,311,25,311,25,781,781,,shared_semantic_dataset,,Ref-65-Research,Ref-65-Research
bayesian_ridge_native,Bayesian Ridge,shared_publication_held_out,test,0.9,171,179.0,143.04427793801702,107.52774929751209,178.56080657852195,35.95572206198298,35.95572206198298,1292.8139489985697,71.03305728100986,35.51652864050493,21.592516232785,False,above_interval_underprediction,1.0123658881734623,79.8169257105709,shared_semantic_recoding_50_percent,shared_publication_test,1451,115,311,25,311,25,1743,1743,,shared_semantic_dataset,,Ref-144-Research,Ref-144-Research
elastic_net_split_conformal,Elastic Net,shared_publication_held_out,test,0.9,224,208.0,160.74924897210371,114.02834432278775,207.47015362141968,47.250751027896285,47.250751027896285,2232.633472700242,93.44180929863194,46.72090464931597,46.72090464931597,False,above_interval_underprediction,1.0113406703606729,104.03873687023827,shared_semantic_recoding_50_percent,shared_publication_test,1451,115,311,25,311,25,1796,1796,,shared_semantic_dataset,,Ref-144-Research,Ref-144-Research
bayesian_ridge_native,Bayesian Ridge,shared_publication_held_out,test,0.9,180,182.0,146.21565321723835,110.76848382877651,181.6628226057002,35.784346782761645,35.784346782761645,1280.5194746689438,70.89433877692369,35.447169388461845,21.55034880164912,False,above_interval_underprediction,1.0095121105610636,77.6378866629197,shared_semantic_recoding_50_percent,shared_publication_test,1451,115,311,25,311,25,1752,1752,,shared_semantic_dataset,,Ref-144-Research,Ref-144-Research
elastic_net_split_conformal,Elastic Net,shared_publication_held_out,test,0.9,211,194.0,146.8445378040049,100.12363315468892,193.56544245332086,47.15546219599511,47.15546219599511,2223.637614917924,93.44180929863194,46.72090464931597,46.72090464931597,False,above_interval_underprediction,1.0093011372519627,102.13296023221483,shared_semantic_recoding_50_percent,shared_publication_test,1451,115,311,25,311,25,1783,1783,,shared_semantic_dataset,,Ref-144-Research,Ref-144-Research
bayesian_ridge_native,Bayesian Ridge,shared_publication_held_out,test,0.9,71,227.0,189.2973639032782,151.8550150638589,226.73971274269752,37.70263609672179,37.70263609672179,1421.488768641829,74.88469767883862,37.44234883941931,22.763331779748672,False,above_interval_underprediction,1.0069516807938195,80.09044282488821,shared_semantic_recoding_50_percent,shared_publication_test,1451,115,311,25,311,25,546,546,,shared_semantic_dataset,,Ref-48-Research,Ref-48-Research
elastic_net_residual_bootstrap,Elastic Net,shared_publication_held_out,test,0.9,290,116.0,150.70463940881388,117.0746730916762,186.1592126793611,-34.704639408813875,34.704639408813875,1204.411996495797,69.0845395876849,34.54226979384245,20.80355101329575,False,below_interval_overprediction,1.0047006064147055,90.57800142120897,shared_semantic_recoding_50_percent,shared_publication_test,1451,115,311,25,311,25,2013,2013,,shared_semantic_dataset,,Ref-161-Research,Ref-161-Research
bayesian_ridge_native,Bayesian Ridge,shared_publication_held_out,test,0.9,172,90.0,125.74599396814361,90.06645905682754,161.42552887945968,-35.74599396814361,35.74599396814361,1277.7760847705592,71.35906982263214,35.67953491131607,21.69161700876909,False,below_interval_overprediction,1.0018626660070746,72.68825095918294,shared_semantic_recoding_50_percent,shared_publication_test,1451,115,311,25,311,25,1744,1744,,shared_semantic_dataset,,Ref-144-Research,Ref-144-Research
bayesian_ridge_native,Bayesian Ridge,shared_publication_held_out,test,0.9,30,196.0,159.07670099845893,122.22094473118715,195.9324572657307,36.92329900154107,36.92329900154107,1363.3300091572037,73.71151253454356,36.85575626727178,22.406708817962894,False,above_interval_underprediction,1.0018326237502626,75.06236721992947,shared_semantic_recoding_50_percent,shared_publication_test,1451,115,311,25,311,25,505,505,,shared_semantic_dataset,,Ref-48-Research,Ref-48-Research
elastic_net_residual_bootstrap,Elastic Net,shared_publication_held_out,test,0.9,172,90.0,127.24891476354234,98.96406054648244,173.71522663598935,-37.248914763542345,37.248914763542345,1387.4816510616429,74.75116608950691,37.375583044753455,22.618718837773677,False,below_interval_overprediction,0.9966109349770026,254.0323770191558,shared_semantic_recoding_50_percent,shared_publication_test,1451,115,311,25,311,25,1744,1744,,shared_semantic_dataset,,Ref-144-Research,Ref-144-Research
elastic_net_bootstrap_conformalized,Elastic Net,shared_publication_held_out,test,0.9,55,210.0,161.67965962547825,107.50100215816623,204.63663526253526,48.32034037452175,48.32034037452175,2334.8552939096367,97.13563310436903,48.56781655218452,22.247597397873143,False,above_interval_underprediction,0.994904523298945,204.40292785366375,shared_semantic_recoding_50_percent,shared_publication_test,1451,115,311,25,311,25,530,530,,shared_semantic_dataset,,Ref-48-Research,Ref-48-Research
elastic_net_residual_bootstrap,Elastic Net,shared_publication_held_out,test,0.9,117,250.0,214.7712576896521,176.02086168913632,247.2464829048385,35.22874231034791,35.22874231034791,1241.064284768897,71.22562121570218,35.61281060785109,22.351185301734844,False,above_interval_underprediction,0.9892154454830222,126.29596311893215,shared_semantic_recoding_50_percent,shared_publication_test,1451,115,311,25,311,25,777,777,,shared_semantic_dataset,,Ref-65-Research,Ref-65-Research
elastic_net_residual_bootstrap,Elastic Net,shared_publication_held_out,test,0.9,294,139.7,171.28268405827905,139.95835434619912,203.92559214850513,-31.582684058279057,31.582684058279057,997.465932325074,63.967237802306016,31.983618901153008,20.58681330262466,False,below_interval_overprediction,0.9874643690536377,69.13432472628855,shared_semantic_recoding_50_percent,shared_publication_test,1451,115,311,25,311,25,2017,2017,,shared_semantic_dataset,,Ref-162-Research,Ref-162-Research
elastic_net_bootstrap_conformalized,Elastic Net,shared_publication_held_out,test,0.9,34,196.0,147.42763048012205,97.30259768579099,195.74442999576925,48.57236951987795,48.57236951987795,2359.2750807755688,98.44183230997827,49.22091615498913,22.761991950309426,False,above_interval_underprediction,0.9868237593735759,103.55323239459322,shared_semantic_recoding_50_percent,shared_publication_test,1451,115,311,25,311,25,509,509,,shared_semantic_dataset,,Ref-48-Research,Ref-48-Research
elastic_net_residual_bootstrap,Elastic Net,shared_publication_held_out,test,0.9,293,137.4,168.22949966825183,139.00973771498386,201.5739753159538,-30.829499668251827,30.829499668251827,950.4580497947395,62.56423760096993,31.282118800484966,20.01941077855751,False,below_interval_overprediction,0.9855310589695055,94.75899190064695,shared_semantic_recoding_50_percent,shared_publication_test,1451,115,311,25,311,25,2016,2016,,shared_semantic_dataset,,Ref-162-Research,Ref-162-Research
elastic_net_residual_bootstrap,Elastic Net,shared_publication_held_out,test,0.9,90,115.0,149.26603565694163,116.90511306561159,186.9092472690759,-34.266035656941625,34.266035656941625,1174.1611996427948,70.00413420346432,35.00206710173216,21.31093626023184,False,below_interval_overprediction,0.9789717720770237,108.10639551569608,shared_semantic_recoding_50_percent,shared_publication_test,1451,115,311,25,311,25,636,636,,shared_semantic_dataset,,Ref-55-Research,Ref-55-Research
elastic_net_bootstrap_conformalized,Elastic Net,shared_publication_held_out,test,0.9,145,188.0,142.4015189908702,92.05153892911635,185.98863307191328,45.59848100912981,45.59848100912981,2079.2214703399723,93.93709414279694,46.96854707139847,20.844507170703228,False,above_interval_underprediction,0.9708301374495155,134.16443270453127,shared_semantic_recoding_50_percent,shared_publication_test,1451,115,311,25,311,25,1069,1069,,shared_semantic_dataset,,Ref-89-Research,Ref-89-Research
elastic_net_bootstrap_conformalized,Elastic Net,shared_publication_held_out,test,0.9,287,100.0,144.87818329934092,103.35110335336603,196.541844671119,-44.87818329934092,44.87818329934092,2014.051336249242,93.19074131775298,46.59537065887649,20.6121845413417,False,below_interval_overprediction,0.9631468247756402,160.21280838507357,shared_semantic_recoding_50_percent,shared_publication_test,1451,115,311,25,311,25,2010,2010,,shared_semantic_dataset,,Ref-161-Research,Ref-161-Research
elastic_net_residual_bootstrap,Elastic Net,shared_publication_held_out,test,0.9,152,138.0,169.07229188612246,139.0866653881135,203.9046644716983,-31.072291886122457,31.072291886122457,965.4873230563915,64.81799908358482,32.40899954179241,20.786790314713492,False,below_interval_overprediction,0.9587550472224164,86.55130684585458,shared_semantic_recoding_50_percent,shared_publication_test,1451,115,311,25,311,25,1251,1251,,shared_semantic_dataset,,Ref-108-Research,Ref-108-Research
elastic_net_residual_bootstrap,Elastic Net,shared_publication_held_out,test,0.9,210,93.0,128.2777846879634,93.76072898966628,169.242716241216,-35.27778468796339,35.27778468796339,1244.5220924903042,75.48198725154971,37.740993625774856,22.941470059207603,False,below_interval_overprediction,0.9347338609514181,90.69656704487524,shared_semantic_recoding_50_percent,shared_publication_test,1451,115,311,25,311,25,1782,1782,,shared_semantic_dataset,,Ref-144-Research,Ref-144-Research
elastic_net_residual_bootstrap,Elastic Net,shared_publication_held_out,test,0.9,288,114.0,146.63920562383754,115.75365271836148,185.9681664798515,-32.63920562383754,32.63920562383754,1065.317743755148,70.21451376149002,35.10725688074501,21.339988312641324,False,below_interval_overprediction,0.9296996838775774,105.28756812871961,shared_semantic_recoding_50_percent,shared_publication_test,1451,115,311,25,311,25,2011,2011,,shared_semantic_dataset,,Ref-161-Research,Ref-161-Research
elastic_net_residual_bootstrap,Elastic Net,shared_publication_held_out,test,0.9,281,115.0,150.93553886217566,117.4986122495706,196.624277748805,-35.93553886217566,35.93553886217566,1291.3629533149372,79.12566549923442,39.56283274961721,23.952342639535917,False,below_interval_overprediction,0.9083156175798195,129.0979104906464,shared_semantic_recoding_50_percent,shared_publication_test,1451,115,311,25,311,25,2004,2004,,shared_semantic_dataset,,Ref-160-Research,Ref-160-Research
